Below are the simulation results for the test trials
WORLD	TASK	SUCCESS	STEPS	LOWEST_CLEARANCE
0	6	1	56	0.122	
0	6	1	90	0.115	
0	6	1	144	0.094	
0	6	1	65	0.108	
0	6	1	150	0.103	
1	6	1	121	0.060	
1	6	1	131	0.086	
1	6	1	134	0.064	
1	6	1	122	0.092	
1	6	1	134	0.110	
2	6	1	169	0.063	
2	6	1	60	0.078	
2	6	1	55	0.088	
2	6	1	100	0.084	
2	6	1	129	0.076	
3	6	1	80	0.241	
3	6	1	80	0.219	
3	6	1	78	0.200	
3	6	1	80	0.249	
3	6	1	80	0.219	
4	6	1	250	0.061	
4	6	1	211	0.056	
4	6	1	250	0.074	
4	6	1	78	0.078	
4	6	1	250	0.099	
5	6	1	78	0.195	
5	6	1	77	0.230	
5	6	1	77	0.242	
5	6	1	78	0.197	
5	6	1	78	0.221	
6	6	1	118	0.107	
6	6	1	120	0.106	
6	6	1	130	0.121	
6	6	1	138	0.120	
6	6	1	147	0.114	
7	6	1	123	0.121	
7	6	1	116	0.111	
7	6	1	161	0.095	
7	6	1	123	0.097	
7	6	1	131	0.108	
8	6	1	94	0.129	
8	6	1	99	0.151	
8	6	1	89	0.144	
8	6	1	110	0.133	
8	6	1	84	0.175	
9	6	1	77	0.184	
9	6	1	78	0.138	
9	6	1	75	0.177	
9	6	1	79	0.139	
9	6	1	77	0.156	
10	6	1	120	0.077	
10	6	1	119	0.090	
10	6	1	123	0.096	
10	6	1	126	0.090	
10	6	1	114	0.098	
11	6	1	90	0.161	
11	6	1	84	0.289	
11	6	1	79	0.299	
11	6	1	83	0.289	
11	6	1	79	0.299	
12	6	1	156	0.112	
12	6	1	152	0.110	
12	6	1	161	0.064	
12	6	1	152	0.098	
12	6	1	152	0.108	
13	6	1	91	0.103	
13	6	1	88	0.114	
13	6	1	93	0.075	
13	6	1	90	0.099	
13	6	1	88	0.121	
14	6	1	96	0.219	
14	6	1	81	0.301	
14	6	1	78	0.267	
14	6	1	96	0.214	
14	6	1	96	0.156	
15	6	1	94	0.174	
15	6	1	92	0.233	
15	6	1	95	0.214	
15	6	1	112	0.163	
15	6	1	95	0.163	
16	6	1	123	0.078	
16	6	1	115	0.091	
16	6	1	250	0.339	
16	6	1	74	0.085	
16	6	1	123	0.080	
17	6	1	250	0.201	
17	6	1	122	0.216	
17	6	1	113	0.136	
17	6	1	119	0.249	
17	6	1	103	0.262	
18	6	1	80	0.267	
18	6	1	91	0.172	
18	6	1	87	0.237	
18	6	1	90	0.289	
18	6	1	89	0.127	
19	6	1	88	0.096	
19	6	1	155	0.096	
19	6	1	176	0.088	
19	6	1	136	0.100	
19	6	1	105	0.099	
20	6	1	83	0.283	
20	6	1	84	0.304	
20	6	1	79	0.300	
20	6	1	78	0.301	
20	6	1	79	0.301	
21	6	1	92	0.266	
21	6	1	88	0.276	
21	6	1	96	0.227	
21	6	1	101	0.276	
21	6	1	102	0.109	
22	6	1	138	0.081	
22	6	1	180	0.056	
22	6	1	146	0.060	
22	6	1	250	0.058	
22	6	1	123	0.041	
23	6	1	122	0.090	
23	6	1	113	0.101	
23	6	1	111	0.101	
23	6	1	135	0.096	
23	6	1	113	0.088	
24	6	1	152	0.098	
24	6	1	250	0.163	
24	6	1	194	0.060	
24	6	1	160	0.075	
24	6	1	153	0.075	
25	6	1	79	0.259	
25	6	1	79	0.305	
25	6	1	79	0.331	
25	6	1	81	0.283	
25	6	1	79	0.274	
26	6	1	155	0.040	
26	6	1	140	0.086	
26	6	1	115	0.104	
26	6	1	250	0.091	
26	6	1	118	0.122	
27	6	1	92	0.126	
27	6	1	93	0.182	
27	6	1	96	0.121	
27	6	1	94	0.120	
27	6	1	89	0.151	
28	6	1	85	0.363	
28	6	1	85	0.274	
28	6	1	91	0.322	
28	6	1	93	0.267	
28	6	1	85	0.257	
29	6	1	90	0.208	
29	6	1	100	0.172	
29	6	1	103	0.255	
29	6	1	95	0.173	
29	6	1	95	0.173	
30	6	1	140	0.095	
30	6	1	134	0.117	
30	6	1	130	0.112	
30	6	1	151	0.097	
30	6	1	130	0.073	
31	6	1	100	0.221	
31	6	1	96	0.211	
31	6	1	90	0.281	
31	6	1	96	0.275	
31	6	1	250	0.271	
32	6	1	75	0.139	
32	6	1	76	0.137	
32	6	1	78	0.134	
32	6	1	75	0.128	
32	6	1	77	0.134	
33	6	1	159	0.073	
33	6	1	141	0.078	
33	6	1	167	0.083	
33	6	1	152	0.089	
33	6	1	250	0.081	
34	6	1	81	0.194	
34	6	1	93	0.184	
34	6	1	86	0.207	
34	6	1	86	0.234	
34	6	1	86	0.210	
35	6	1	97	0.114	
35	6	1	250	0.089	
35	6	1	93	0.113	
35	6	1	106	0.085	
35	6	1	116	0.100	
36	6	1	86	0.170	
36	6	1	80	0.200	
36	6	1	78	0.228	
36	6	1	82	0.202	
36	6	1	83	0.164	
37	6	1	71	0.131	
37	6	1	158	0.083	
37	6	1	250	0.080	
37	6	1	250	0.092	
37	6	1	250	0.090	
38	6	1	250	0.077	
38	6	1	175	0.081	
38	6	1	250	0.076	
38	6	1	250	0.075	
38	6	1	250	0.072	
39	6	1	105	0.117	
39	6	1	102	0.096	
39	6	1	103	0.105	
39	6	1	117	0.095	
39	6	1	83	0.157	
40	6	1	75	0.345	
40	6	1	76	0.341	
40	6	1	75	0.344	
40	6	1	75	0.344	
40	6	1	75	0.341	
41	6	1	79	0.211	
41	6	1	80	0.221	
41	6	1	81	0.247	
41	6	1	80	0.221	
41	6	1	80	0.230	
42	6	1	75	0.646	
42	6	1	75	0.638	
42	6	1	75	0.638	
42	6	1	76	0.637	
42	6	1	75	0.638	
43	6	1	55	0.124	
43	6	1	54	0.120	
43	6	1	101	0.064	
43	6	1	250	0.108	
43	6	1	97	0.065	
44	6	1	158	0.072	
44	6	1	119	0.079	
44	6	1	131	0.075	
44	6	1	130	0.077	
44	6	1	135	0.077	
45	6	1	111	0.086	
45	6	1	105	0.100	
45	6	1	109	0.110	
45	6	1	106	0.092	
45	6	1	118	0.109	
46	6	1	169	0.081	
46	6	1	168	0.085	
46	6	1	114	0.070	
46	6	1	177	0.071	
46	6	1	250	0.071	
47	6	1	110	0.039	
47	6	1	142	0.086	
47	6	1	120	0.060	
47	6	1	149	0.045	
47	6	1	145	0.052	
48	6	1	91	0.100	
48	6	1	90	0.129	
48	6	1	91	0.119	
48	6	1	92	0.138	
48	6	1	94	0.097	
49	6	1	149	0.053	
49	6	1	250	0.060	
49	6	1	172	0.059	
49	6	1	150	0.066	
49	6	1	160	0.076	
50	6	1	93	0.224	
50	6	1	113	0.149	
50	6	1	96	0.141	
50	6	1	96	0.184	
50	6	1	110	0.133	
51	6	1	89	0.153	
51	6	1	103	0.124	
51	6	1	96	0.132	
51	6	1	250	0.110	
51	6	1	89	0.241	
52	6	1	104	0.182	
52	6	1	102	0.172	
52	6	1	110	0.160	
52	6	1	103	0.159	
52	6	1	109	0.181	
53	6	1	113	0.114	
53	6	1	112	0.096	
53	6	1	104	0.134	
53	6	1	98	0.126	
53	6	1	96	0.125	
54	6	1	89	0.169	
54	6	1	99	0.168	
54	6	1	97	0.181	
54	6	1	91	0.199	
54	6	1	88	0.198	
55	6	1	135	0.100	
55	6	1	155	0.025	
55	6	1	250	0.103	
55	6	1	161	0.052	
55	6	1	132	0.076	
56	6	1	100	0.184	
56	6	1	104	0.152	
56	6	1	94	0.184	
56	6	1	250	0.258	
56	6	1	90	0.197	
57	6	1	114	0.117	
57	6	1	250	0.100	
57	6	1	138	0.106	
57	6	1	146	0.128	
57	6	1	138	0.098	
58	6	1	250	0.072	
58	6	1	181	0.091	
58	6	1	204	0.082	
58	6	1	191	0.089	
58	6	1	250	0.078	
59	6	1	250	0.058	
59	6	1	153	0.109	
59	6	1	250	0.060	
59	6	1	156	0.054	
59	6	1	250	0.050	
60	6	1	90	0.056	
60	6	1	81	0.092	
60	6	1	56	0.093	
60	6	1	61	0.096	
60	6	1	61	0.093	
61	6	1	75	0.398	
61	6	1	76	0.385	
61	6	1	75	0.400	
61	6	1	76	0.386	
61	6	1	75	0.399	
62	6	1	201	0.055	
62	6	1	155	0.051	
62	6	1	194	0.044	
62	6	1	180	0.043	
62	6	1	176	0.043	
63	6	1	117	0.128	
63	6	1	107	0.149	
63	6	1	106	0.135	
63	6	1	250	0.127	
63	6	1	103	0.141	
64	6	1	124	0.141	
64	6	1	114	0.143	
64	6	1	118	0.153	
64	6	1	111	0.153	
64	6	1	250	0.112	
65	6	1	94	0.093	
65	6	1	90	0.162	
65	6	1	103	0.084	
65	6	1	97	0.091	
65	6	1	101	0.079	
66	6	1	103	0.162	
66	6	1	110	0.110	
66	6	1	115	0.108	
66	6	1	109	0.186	
66	6	1	105	0.144	
67	6	1	75	0.342	
67	6	1	75	0.342	
67	6	1	75	0.348	
67	6	1	75	0.343	
67	6	1	75	0.350	
68	6	1	100	0.223	
68	6	1	104	0.195	
68	6	1	100	0.224	
68	6	1	99	0.165	
68	6	1	107	0.150	
69	6	1	212	0.097	
69	6	1	250	0.101	
69	6	1	187	0.070	
69	6	1	250	0.076	
69	6	1	166	0.099	
70	6	1	99	0.127	
70	6	1	103	0.104	
70	6	1	81	0.164	
70	6	1	90	0.159	
70	6	1	94	0.130	
71	6	1	80	0.140	
71	6	1	100	0.097	
71	6	1	95	0.124	
71	6	1	100	0.123	
71	6	1	100	0.120	
72	6	1	76	0.260	
72	6	1	79	0.234	
72	6	1	77	0.272	
72	6	1	78	0.234	
72	6	1	78	0.231	
73	6	1	123	0.123	
73	6	1	115	0.143	
73	6	1	120	0.096	
73	6	1	110	0.102	
73	6	1	109	0.105	
74	6	1	113	0.101	
74	6	1	109	0.093	
74	6	1	120	0.091	
74	6	1	103	0.138	
74	6	1	106	0.140	
75	6	1	75	0.349	
75	6	1	75	0.346	
75	6	1	75	0.346	
75	6	1	75	0.349	
75	6	1	75	0.351	
76	6	1	132	0.113	
76	6	1	102	0.176	
76	6	1	136	0.094	
76	6	1	110	0.135	
76	6	1	134	0.101	
77	6	1	93	0.164	
77	6	1	91	0.125	
77	6	1	96	0.116	
77	6	1	88	0.153	
77	6	1	89	0.223	
78	6	1	133	0.068	
78	6	1	250	0.059	
78	6	1	250	0.070	
78	6	1	140	0.056	
78	6	1	154	0.075	
79	6	1	98	0.100	
79	6	1	109	0.102	
79	6	1	103	0.118	
79	6	1	108	0.088	
79	6	1	95	0.163	
80	6	1	119	0.109	
80	6	1	131	0.092	
80	6	1	124	0.107	
80	6	1	119	0.082	
80	6	1	250	0.139	
81	6	1	116	0.147	
81	6	1	131	0.148	
81	6	1	104	0.148	
81	6	1	125	0.124	
81	6	1	125	0.106	
82	6	1	250	0.031	
82	6	1	140	0.081	
82	6	1	83	0.092	
82	6	1	131	0.071	
82	6	1	61	0.094	
83	6	1	90	0.225	
83	6	1	90	0.225	
83	6	1	90	0.225	
83	6	1	90	0.225	
83	6	1	90	0.225	
84	6	1	250	0.067	
84	6	1	98	0.086	
84	6	1	92	0.182	
84	6	1	102	0.076	
84	6	1	100	0.085	
85	6	1	132	0.122	
85	6	1	126	0.132	
85	6	1	152	0.092	
85	6	1	250	0.156	
85	6	1	139	0.140	
86	6	1	157	0.060	
86	6	1	168	0.070	
86	6	1	204	0.066	
86	6	1	70	0.103	
86	6	1	131	0.089	
87	6	1	82	0.244	
87	6	1	83	0.261	
87	6	1	81	0.253	
87	6	1	81	0.239	
87	6	1	82	0.248	
88	6	1	190	0.066	
88	6	1	96	0.115	
88	6	1	250	0.072	
88	6	1	250	0.083	
88	6	1	106	0.099	
89	6	1	91	0.107	
89	6	1	111	0.079	
89	6	1	232	0.068	
89	6	1	103	0.102	
89	6	1	100	0.117	
90	6	1	89	0.229	
90	6	1	90	0.194	
90	6	1	88	0.282	
90	6	1	81	0.281	
90	6	1	89	0.221	
91	6	1	87	0.226	
91	6	1	91	0.199	
91	6	1	101	0.120	
91	6	1	91	0.205	
91	6	1	99	0.128	
92	6	1	110	0.131	
92	6	1	120	0.107	
92	6	1	126	0.119	
92	6	1	114	0.144	
92	6	1	136	0.112	
93	6	1	75	0.795	
93	6	1	75	0.795	
93	6	1	75	0.795	
93	6	1	75	0.795	
93	6	1	75	0.795	
94	6	1	75	0.394	
94	6	1	75	0.393	
94	6	1	75	0.393	
94	6	1	75	0.392	
94	6	1	75	0.393	
95	6	1	92	0.107	
95	6	1	250	0.138	
95	6	1	250	0.080	
95	6	1	92	0.168	
95	6	1	109	0.108	
96	6	1	123	0.088	
96	6	1	134	0.039	
96	6	1	250	0.055	
96	6	1	124	0.101	
96	6	1	170	0.079	
97	6	1	113	0.098	
97	6	1	107	0.115	
97	6	1	136	0.087	
97	6	1	250	0.084	
97	6	1	149	0.099	
98	6	1	119	0.092	
98	6	1	121	0.110	
98	6	1	143	0.115	
98	6	1	111	0.120	
98	6	1	126	0.106	
99	6	1	127	0.099	
99	6	1	128	0.109	
99	6	1	114	0.093	
99	6	1	127	0.060	
99	6	1	133	0.126	
100	6	1	94	0.176	
100	6	1	97	0.121	
100	6	1	92	0.198	
100	6	1	250	0.114	
100	6	1	97	0.136	
101	6	1	102	0.222	
101	6	1	101	0.220	
101	6	1	101	0.222	
101	6	1	100	0.287	
101	6	1	91	0.308	
102	6	1	113	0.097	
102	6	1	250	0.078	
102	6	1	114	0.082	
102	6	1	98	0.109	
102	6	1	118	0.088	
103	6	1	151	0.095	
103	6	1	250	0.113	
103	6	1	236	0.079	
103	6	1	197	0.125	
103	6	1	137	0.089	
104	6	1	167	0.086	
104	6	1	134	0.116	
104	6	1	150	0.111	
104	6	1	250	0.119	
104	6	1	148	0.092	
105	6	1	142	0.086	
105	6	1	135	0.075	
105	6	1	208	0.086	
105	6	1	145	0.094	
105	6	1	140	0.115	
106	6	1	208	0.054	
106	6	1	250	0.082	
106	6	1	120	0.156	
106	6	1	136	0.096	
106	6	1	134	0.103	
107	6	1	125	0.096	
107	6	1	142	0.067	
107	6	1	118	0.121	
107	6	1	124	0.106	
107	6	1	250	0.290	
108	6	1	85	0.222	
108	6	1	83	0.251	
108	6	1	87	0.207	
108	6	1	89	0.228	
108	6	1	81	0.251	
109	6	1	250	0.227	
109	6	1	115	0.073	
109	6	1	152	0.082	
109	6	1	250	0.165	
109	6	1	140	0.078	
110	6	1	119	0.130	
110	6	1	105	0.145	
110	6	1	196	0.077	
110	6	1	101	0.109	
110	6	1	87	0.167	
111	6	1	250	0.079	
111	6	1	246	0.078	
111	6	1	250	0.068	
111	6	1	175	0.089	
111	6	1	250	0.073	
112	6	1	106	0.066	
112	6	1	250	0.098	
112	6	1	100	0.076	
112	6	1	140	0.074	
112	6	1	250	0.111	
113	6	1	184	0.080	
113	6	0	70	0.030	
113	6	1	94	0.082	
113	6	1	250	0.097	
113	6	1	151	0.061	
114	6	1	185	0.080	
114	6	1	152	0.079	
114	6	1	151	0.069	
114	6	1	153	0.080	
114	6	1	172	0.093	
115	6	1	142	0.076	
115	6	1	121	0.088	
115	6	1	155	0.074	
115	6	1	151	0.069	
115	6	1	159	0.072	
116	6	1	250	0.314	
116	6	1	101	0.179	
116	6	1	103	0.172	
116	6	1	105	0.140	
116	6	1	115	0.131	
117	6	1	250	0.085	
117	6	1	218	0.036	
117	6	1	178	0.076	
117	6	1	70	0.111	
117	6	1	201	0.073	
118	6	1	250	0.061	
118	6	1	218	0.073	
118	6	1	153	0.086	
118	6	1	181	0.072	
118	6	1	169	0.072	
119	6	1	123	0.130	
119	6	1	169	0.070	
119	6	1	162	0.109	
119	6	1	191	0.100	
119	6	0	83	0.000	
120	6	1	153	0.084	
120	6	1	250	0.083	
120	6	1	169	0.060	
120	6	1	143	0.096	
120	6	1	250	0.074	
121	6	1	118	0.102	
121	6	1	109	0.103	
121	6	1	135	0.075	
121	6	1	132	0.096	
121	6	1	140	0.102	
122	6	1	250	0.056	
122	6	1	250	0.124	
122	6	1	125	0.094	
122	6	1	108	0.157	
122	6	1	120	0.089	
123	6	1	163	0.067	
123	6	1	195	0.032	
123	6	1	250	0.079	
123	6	1	250	0.072	
123	6	1	250	0.085	
124	6	0	50	0.000	
124	6	1	207	0.083	
124	6	1	146	0.119	
124	6	1	152	0.103	
124	6	1	168	0.100	
125	6	1	144	0.067	
125	6	1	139	0.073	
125	6	1	150	0.072	
125	6	1	250	0.057	
125	6	1	128	0.061	
126	6	1	123	0.103	
126	6	1	145	0.093	
126	6	1	154	0.089	
126	6	1	250	0.114	
126	6	1	250	0.171	
127	6	1	154	0.103	
127	6	1	250	0.131	
127	6	1	250	0.087	
127	6	1	69	0.077	
127	6	1	250	0.074	
128	6	1	81	0.205	
128	6	1	81	0.205	
128	6	1	80	0.286	
128	6	1	81	0.288	
128	6	1	85	0.204	
129	6	1	127	0.092	
129	6	1	57	0.094	
129	6	0	67	0.016	
129	6	1	56	0.090	
129	6	1	56	0.098	
130	6	1	113	0.086	
130	6	1	136	0.081	
130	6	1	110	0.094	
130	6	1	106	0.086	
130	6	1	111	0.099	
131	6	1	144	0.077	
131	6	1	250	0.057	
131	6	1	132	0.062	
131	6	1	134	0.072	
131	6	1	134	0.064	
132	6	1	126	0.064	
132	6	1	127	0.114	
132	6	1	134	0.100	
132	6	1	130	0.100	
132	6	1	101	0.113	
133	6	1	136	0.061	
133	6	1	130	0.092	
133	6	1	135	0.068	
133	6	1	250	0.057	
133	6	1	144	0.061	
134	6	1	155	0.088	
134	6	1	250	0.132	
134	6	1	126	0.112	
134	6	1	146	0.127	
134	6	1	149	0.104	
135	6	1	87	0.302	
135	6	1	89	0.317	
135	6	1	93	0.188	
135	6	1	85	0.309	
135	6	1	86	0.267	
136	6	1	250	0.040	
136	6	1	158	0.056	
136	6	1	147	0.089	
136	6	0	105	0.000	
136	6	1	157	0.052	
137	6	1	62	0.140	
137	6	1	250	0.095	
137	6	1	201	0.049	
137	6	1	148	0.067	
137	6	1	132	0.064	
138	6	1	250	0.070	
138	6	1	250	0.062	
138	6	1	250	0.074	
138	6	1	174	0.075	
138	6	1	172	0.078	
139	6	1	95	0.113	
139	6	1	89	0.138	
139	6	1	86	0.131	
139	6	1	96	0.087	
139	6	1	107	0.092	
140	6	1	250	0.109	
140	6	1	250	0.098	
140	6	1	233	0.091	
140	6	1	193	0.089	
140	6	1	152	0.095	
141	6	1	118	0.091	
141	6	1	250	0.073	
141	6	1	112	0.134	
141	6	1	112	0.058	
141	6	1	122	0.074	
142	6	1	96	0.086	
142	6	1	101	0.086	
142	6	1	92	0.102	
142	6	1	89	0.110	
142	6	1	103	0.111	
143	6	1	143	0.095	
143	6	1	193	0.092	
143	6	1	250	0.091	
143	6	1	173	0.094	
143	6	1	188	0.091	
144	6	1	132	0.078	
144	6	1	146	0.079	
144	6	1	130	0.083	
144	6	1	250	0.087	
144	6	1	133	0.092	
145	6	1	137	0.129	
145	6	1	122	0.148	
145	6	1	127	0.110	
145	6	1	134	0.107	
145	6	1	132	0.100	
146	6	1	98	0.139	
146	6	1	90	0.146	
146	6	1	100	0.128	
146	6	1	91	0.187	
146	6	1	92	0.149	
147	6	1	89	0.135	
147	6	1	97	0.120	
147	6	1	101	0.124	
147	6	1	96	0.135	
147	6	1	98	0.117	
148	6	1	162	0.101	
148	6	1	179	0.100	
148	6	1	132	0.102	
148	6	1	156	0.051	
148	6	1	128	0.101	
149	6	1	113	0.105	
149	6	1	107	0.102	
149	6	1	98	0.117	
149	6	1	119	0.087	
149	6	1	250	0.128	
150	6	1	187	0.078	
150	6	1	120	0.058	
150	6	1	138	0.076	
150	6	1	250	0.124	
150	6	1	149	0.069	
151	6	1	115	0.127	
151	6	1	130	0.080	
151	6	1	126	0.081	
151	6	1	142	0.102	
151	6	1	160	0.078	
152	6	1	97	0.102	
152	6	1	102	0.089	
152	6	1	114	0.072	
152	6	1	98	0.120	
152	6	1	250	0.082	
153	6	1	119	0.085	
153	6	1	138	0.084	
153	6	1	151	0.078	
153	6	1	142	0.079	
153	6	1	250	0.108	
154	6	1	105	0.090	
154	6	1	250	0.103	
154	6	1	250	0.125	
154	6	1	152	0.099	
154	6	1	150	0.098	
155	6	1	129	0.124	
155	6	1	120	0.135	
155	6	1	93	0.169	
155	6	1	124	0.135	
155	6	1	110	0.153	
156	6	1	80	0.287	
156	6	1	96	0.150	
156	6	1	88	0.230	
156	6	1	84	0.345	
156	6	1	81	0.296	
157	6	1	250	0.085	
157	6	1	79	0.071	
157	6	1	181	0.061	
157	6	1	217	0.069	
157	6	1	155	0.078	
158	6	1	250	0.078	
158	6	1	179	0.046	
158	6	1	250	0.219	
158	6	1	204	0.071	
158	6	1	144	0.062	
159	6	1	90	0.274	
159	6	1	101	0.139	
159	6	1	107	0.262	
159	6	1	123	0.103	
159	6	1	106	0.117	
160	6	1	113	0.071	
160	6	1	150	0.070	
160	6	1	123	0.077	
160	6	1	126	0.062	
160	6	1	123	0.089	
161	6	1	76	0.285	
161	6	1	77	0.276	
161	6	1	77	0.255	
161	6	1	77	0.255	
161	6	1	78	0.249	
162	6	1	162	0.111	
162	6	1	162	0.098	
162	6	1	159	0.115	
162	6	1	196	0.013	
162	6	1	140	0.132	
163	6	1	148	0.122	
163	6	1	173	0.095	
163	6	1	250	0.074	
163	6	1	156	0.112	
163	6	1	170	0.078	
164	6	1	124	0.079	
164	6	1	123	0.089	
164	6	1	136	0.089	
164	6	1	124	0.118	
164	6	1	133	0.077	
165	6	1	160	0.080	
165	6	1	250	0.076	
165	6	1	250	0.073	
165	6	1	250	0.075	
165	6	1	137	0.090	
166	6	1	155	0.117	
166	6	1	149	0.092	
166	6	1	129	0.098	
166	6	1	120	0.127	
166	6	1	250	0.088	
167	6	1	102	0.101	
167	6	1	115	0.097	
167	6	1	101	0.101	
167	6	1	109	0.093	
167	6	1	113	0.101	
168	6	1	157	0.090	
168	6	1	138	0.082	
168	6	1	175	0.070	
168	6	1	164	0.084	
168	6	1	215	0.062	
169	6	1	207	0.079	
169	6	1	161	0.087	
169	6	1	119	0.107	
169	6	1	134	0.093	
169	6	1	185	0.051	
170	6	1	145	0.053	
170	6	1	159	0.057	
170	6	1	160	0.055	
170	6	1	116	0.084	
170	6	1	148	0.054	
171	6	1	171	0.085	
171	6	1	222	0.095	
171	6	1	157	0.101	
171	6	1	250	0.077	
171	6	1	140	0.111	
172	6	1	120	0.085	
172	6	1	145	0.083	
172	6	1	148	0.070	
172	6	1	121	0.081	
172	6	1	124	0.090	
173	6	1	231	0.078	
173	6	1	218	0.089	
173	6	1	133	0.083	
173	6	1	171	0.081	
173	6	1	159	0.086	
174	6	1	129	0.106	
174	6	1	122	0.157	
174	6	1	146	0.133	
174	6	1	250	0.108	
174	6	1	114	0.134	
175	6	1	250	0.029	
175	6	1	65	0.081	
175	6	1	147	0.071	
175	6	1	250	0.049	
175	6	1	173	0.049	
176	6	1	142	0.075	
176	6	1	142	0.084	
176	6	1	134	0.099	
176	6	1	157	0.021	
176	6	1	140	0.091	
177	6	1	176	0.069	
177	6	1	250	0.076	
177	6	1	250	0.150	
177	6	1	144	0.075	
177	6	1	184	0.074	
178	6	1	250	0.108	
178	6	1	154	0.072	
178	6	1	177	0.088	
178	6	1	129	0.088	
178	6	1	119	0.112	
179	6	1	189	0.059	
179	6	1	179	0.082	
179	6	1	250	0.068	
179	6	1	179	0.060	
179	6	1	250	0.054	
180	6	1	82	0.099	
180	6	1	65	0.087	
180	6	1	193	0.073	
180	6	1	250	0.063	
180	6	1	175	0.095	
181	6	1	141	0.060	
181	6	1	174	0.080	
181	6	1	250	0.065	
181	6	1	164	0.057	
181	6	1	250	0.067	
182	6	1	145	0.087	
182	6	1	162	0.100	
182	6	0	142	0.002	
182	6	1	171	0.084	
182	6	1	250	0.054	
183	6	1	158	0.067	
183	6	1	146	0.065	
183	6	1	147	0.071	
183	6	1	143	0.092	
183	6	1	157	0.063	
184	6	1	250	0.103	
184	6	1	135	0.076	
184	6	1	250	0.109	
184	6	1	133	0.091	
184	6	1	160	0.059	
185	6	1	122	0.120	
185	6	1	99	0.136	
185	6	1	120	0.109	
185	6	1	113	0.128	
185	6	1	108	0.144	
186	6	1	150	0.084	
186	6	1	97	0.064	
186	6	1	162	0.085	
186	6	1	92	0.066	
186	6	1	93	0.076	
187	6	1	151	0.105	
187	6	1	250	0.093	
187	6	1	165	0.082	
187	6	1	177	0.095	
187	6	1	180	0.086	
188	6	1	141	0.059	
188	6	1	124	0.122	
188	6	1	132	0.121	
188	6	1	250	0.081	
188	6	1	138	0.071	
189	6	1	127	0.081	
189	6	1	140	0.099	
189	6	1	127	0.073	
189	6	1	137	0.060	
189	6	1	100	0.096	
190	6	1	159	0.086	
190	6	1	155	0.074	
190	6	1	167	0.083	
190	6	1	148	0.078	
190	6	1	163	0.079	
191	6	1	250	0.078	
191	6	1	208	0.089	
191	6	1	250	0.038	
191	6	1	174	0.045	
191	6	1	250	0.046	
192	6	1	250	0.067	
192	6	1	144	0.067	
192	6	1	153	0.067	
192	6	1	151	0.066	
192	6	1	170	0.035	
193	6	1	121	0.072	
193	6	1	169	0.075	
193	6	1	122	0.102	
193	6	0	91	0.000	
193	6	1	147	0.111	
194	6	1	250	0.080	
194	6	1	250	0.092	
194	6	1	250	0.071	
194	6	1	192	0.076	
194	6	1	177	0.081	
195	6	1	140	0.092	
195	6	1	138	0.094	
195	6	1	148	0.078	
195	6	1	116	0.086	
195	6	1	112	0.101	
196	6	1	152	0.094	
196	6	1	152	0.083	
196	6	1	126	0.086	
196	6	1	112	0.077	
196	6	1	250	0.096	
197	6	1	250	0.068	
197	6	1	136	0.054	
197	6	1	127	0.071	
197	6	1	145	0.059	
197	6	1	250	0.052	
198	6	1	250	0.058	
198	6	1	250	0.127	
198	6	1	141	0.068	
198	6	1	110	0.103	
198	6	1	124	0.121	
199	6	1	64	0.074	
199	6	1	197	0.049	
199	6	1	164	0.090	
199	6	1	197	0.058	
199	6	1	250	0.078	
200	6	1	103	0.077	
200	6	1	111	0.053	
200	6	1	250	0.059	
200	6	1	145	0.061	
200	6	1	127	0.058	
201	6	1	120	0.070	
201	6	1	121	0.057	
201	6	1	250	0.092	
201	6	1	100	0.098	
201	6	1	139	0.066	
202	6	1	135	0.077	
202	6	1	110	0.095	
202	6	1	105	0.178	
202	6	1	119	0.108	
202	6	1	250	0.172	
203	6	1	73	0.078	
203	6	1	100	0.103	
203	6	1	74	0.070	
203	6	1	250	0.068	
203	6	1	77	0.100	
204	6	1	154	0.068	
204	6	1	139	0.092	
204	6	1	250	0.092	
204	6	1	167	0.095	
204	6	1	134	0.104	
205	6	1	195	0.014	
205	6	0	79	0.017	
205	6	0	140	0.000	
205	6	1	178	0.066	
205	6	1	168	0.068	
206	6	1	159	0.078	
206	6	1	250	0.085	
206	6	1	117	0.053	
206	6	1	130	0.099	
206	6	1	148	0.074	
207	6	1	162	0.079	
207	6	1	250	0.067	
207	6	1	60	0.103	
207	6	1	151	0.074	
207	6	1	158	0.075	
208	6	1	127	0.086	
208	6	1	250	0.138	
208	6	1	100	0.092	
208	6	1	146	0.090	
208	6	1	148	0.104	
209	6	1	250	0.107	
209	6	1	96	0.138	
209	6	1	115	0.130	
209	6	1	106	0.124	
209	6	1	114	0.130	
210	6	1	202	0.069	
210	6	1	136	0.058	
210	6	1	133	0.056	
210	6	1	142	0.060	
210	6	1	149	0.045	
211	6	1	126	0.097	
211	6	1	140	0.090	
211	6	1	161	0.085	
211	6	1	153	0.042	
211	6	1	135	0.076	
212	6	1	98	0.104	
212	6	1	104	0.108	
212	6	1	97	0.120	
212	6	1	114	0.069	
212	6	1	109	0.071	
213	6	1	136	0.078	
213	6	1	138	0.121	
213	6	1	129	0.115	
213	6	0	100	0.016	
213	6	1	132	0.093	
214	6	1	168	0.064	
214	6	1	163	0.060	
214	6	1	157	0.070	
214	6	1	250	0.064	
214	6	1	160	0.074	
215	6	1	146	0.097	
215	6	1	139	0.091	
215	6	1	154	0.105	
215	6	1	250	0.044	
215	6	1	195	0.099	
216	6	1	144	0.104	
216	6	1	250	0.120	
216	6	1	127	0.103	
216	6	1	136	0.105	
216	6	1	150	0.105	
217	6	1	157	0.075	
217	6	1	250	0.093	
217	6	1	144	0.073	
217	6	1	185	0.077	
217	6	1	67	0.039	
218	6	1	87	0.075	
218	6	0	79	0.018	
218	6	1	139	0.089	
218	6	1	250	0.097	
218	6	1	250	0.050	
219	6	1	211	0.105	
219	6	1	124	0.103	
219	6	1	153	0.086	
219	6	1	148	0.082	
219	6	1	141	0.084	
220	6	1	142	0.053	
220	6	1	135	0.088	
220	6	1	118	0.110	
220	6	1	130	0.108	
220	6	1	132	0.113	
221	6	1	250	0.110	
221	6	1	163	0.050	
221	6	1	183	0.066	
221	6	1	182	0.066	
221	6	1	182	0.043	
222	6	1	162	0.070	
222	6	1	167	0.084	
222	6	1	155	0.039	
222	6	1	125	0.058	
222	6	1	141	0.069	
223	6	1	175	0.087	
223	6	1	143	0.106	
223	6	1	250	0.092	
223	6	1	153	0.101	
223	6	0	122	0.005	
224	6	1	131	0.063	
224	6	1	133	0.062	
224	6	1	136	0.090	
224	6	1	129	0.111	
224	6	1	112	0.075	
225	6	1	178	0.084	
225	6	1	148	0.030	
225	6	1	160	0.096	
225	6	1	250	0.062	
225	6	1	239	0.069	
226	6	1	125	0.123	
226	6	1	111	0.089	
226	6	1	250	0.120	
226	6	1	101	0.109	
226	6	1	250	0.121	
227	6	1	138	0.114	
227	6	1	165	0.085	
227	6	1	250	0.127	
227	6	1	203	0.091	
227	6	1	177	0.085	
228	6	1	250	0.084	
228	6	1	193	0.075	
228	6	1	160	0.078	
228	6	1	172	0.087	
228	6	1	174	0.075	
229	6	1	250	0.063	
229	6	1	250	0.077	
229	6	1	250	0.068	
229	6	1	250	0.064	
229	6	1	178	0.070	
230	6	1	185	0.072	
230	6	1	190	0.081	
230	6	1	191	0.073	
230	6	1	201	0.057	
230	6	1	206	0.088	
231	6	1	250	0.178	
231	6	1	250	0.133	
231	6	1	131	0.147	
231	6	1	250	0.125	
231	6	1	147	0.152	
232	6	1	113	0.095	
232	6	1	138	0.054	
232	6	1	109	0.099	
232	6	1	155	0.056	
232	6	1	250	0.042	
233	6	1	79	0.223	
233	6	1	95	0.150	
233	6	1	80	0.362	
233	6	1	82	0.290	
233	6	1	97	0.153	
234	6	1	136	0.110	
234	6	1	130	0.096	
234	6	1	139	0.111	
234	6	1	141	0.107	
234	6	1	250	0.151	
235	6	1	208	0.067	
235	6	0	111	0.000	
235	6	1	165	0.049	
235	6	1	250	0.116	
235	6	1	217	0.072	
236	6	1	91	0.177	
236	6	1	94	0.197	
236	6	1	93	0.189	
236	6	1	99	0.131	
236	6	1	250	0.154	
237	6	1	55	0.100	
237	6	1	65	0.081	
237	6	1	54	0.093	
237	6	1	76	0.090	
237	6	1	65	0.095	
238	6	0	151	0.000	
238	6	1	185	0.061	
238	6	1	247	0.047	
238	6	1	250	0.055	
238	6	1	107	0.054	
239	6	1	109	0.073	
239	6	1	143	0.089	
239	6	1	127	0.081	
239	6	1	123	0.097	
239	6	1	157	0.078	
240	6	1	124	0.154	
240	6	1	117	0.102	
240	6	1	123	0.118	
240	6	1	120	0.106	
240	6	1	127	0.104	
241	6	1	131	0.131	
241	6	1	144	0.067	
241	6	1	169	0.066	
241	6	1	156	0.066	
241	6	0	56	0.010	
242	6	1	155	0.060	
242	6	1	212	0.052	
242	6	1	179	0.049	
242	6	1	153	0.080	
242	6	1	173	0.064	
243	6	1	72	0.095	
243	6	1	56	0.047	
243	6	1	70	0.101	
243	6	1	157	0.116	
243	6	1	57	0.112	
244	6	1	250	0.086	
244	6	1	203	0.065	
244	6	1	213	0.056	
244	6	1	229	0.066	
244	6	1	250	0.119	
245	6	1	250	0.028	
245	6	0	106	0.000	
245	6	1	205	0.057	
245	6	1	188	0.069	
245	6	1	250	0.096	
246	6	0	175	0.022	
246	6	1	181	0.035	
246	6	1	250	0.072	
246	6	1	250	0.103	
246	6	1	228	0.024	
247	6	1	98	0.106	
247	6	1	107	0.093	
247	6	1	103	0.108	
247	6	1	108	0.081	
247	6	1	100	0.206	
248	6	1	167	0.081	
248	6	1	132	0.088	
248	6	1	250	0.079	
248	6	1	145	0.086	
248	6	1	128	0.095	
249	6	1	159	0.078	
249	6	1	250	0.070	
249	6	1	126	0.081	
249	6	1	166	0.070	
249	6	1	196	0.083	
250	6	1	250	0.049	
250	6	1	184	0.065	
250	6	1	165	0.048	
250	6	1	250	0.041	
250	6	1	168	0.051	
251	6	1	177	0.097	
251	6	1	105	0.101	
251	6	1	107	0.090	
251	6	1	250	0.093	
251	6	1	119	0.089	
252	6	1	113	0.093	
252	6	1	146	0.101	
252	6	1	107	0.102	
252	6	1	250	0.100	
252	6	1	103	0.106	
253	6	1	163	0.085	
253	6	1	151	0.101	
253	6	1	158	0.102	
253	6	1	155	0.079	
253	6	1	166	0.101	
254	6	1	176	0.083	
254	6	1	250	0.202	
254	6	1	250	0.176	
254	6	1	137	0.100	
254	6	1	158	0.078	
255	6	1	250	0.042	
255	6	1	187	0.045	
255	6	1	250	0.058	
255	6	0	107	0.000	
255	6	1	206	0.063	
256	6	1	191	0.094	
256	6	1	184	0.067	
256	6	1	154	0.098	
256	6	1	148	0.098	
256	6	1	128	0.100	
257	6	1	103	0.150	
257	6	1	100	0.146	
257	6	1	97	0.206	
257	6	1	107	0.151	
257	6	1	118	0.139	
258	6	1	167	0.093	
258	6	1	85	0.094	
258	6	1	70	0.090	
258	6	1	77	0.090	
258	6	1	60	0.095	
259	6	1	109	0.124	
259	6	1	110	0.150	
259	6	1	117	0.099	
259	6	1	250	0.123	
259	6	1	111	0.141	
260	6	1	250	0.138	
260	6	1	183	0.053	
260	6	1	177	0.094	
260	6	1	250	0.093	
260	6	1	175	0.085	
261	6	1	141	0.086	
261	6	1	137	0.084	
261	6	1	127	0.090	
261	6	1	124	0.083	
261	6	1	118	0.093	
262	6	1	168	0.095	
262	6	1	177	0.088	
262	6	1	68	0.139	
262	6	1	162	0.087	
262	6	1	64	0.088	
263	6	1	131	0.076	
263	6	1	135	0.090	
263	6	1	127	0.073	
263	6	1	138	0.070	
263	6	1	130	0.078	
264	6	1	140	0.093	
264	6	1	120	0.106	
264	6	1	143	0.079	
264	6	1	129	0.065	
264	6	1	156	0.056	
265	6	1	187	0.073	
265	6	1	165	0.091	
265	6	1	181	0.090	
265	6	1	228	0.064	
265	6	0	71	0.000	
266	6	1	169	0.040	
266	6	1	250	0.037	
266	6	1	250	0.040	
266	6	1	250	0.043	
266	6	1	210	0.060	
267	6	1	181	0.075	
267	6	1	153	0.068	
267	6	1	135	0.093	
267	6	1	161	0.061	
267	6	1	250	0.111	
268	6	1	193	0.065	
268	6	1	126	0.066	
268	6	1	143	0.054	
268	6	1	250	0.073	
268	6	1	208	0.063	
269	6	1	114	0.066	
269	6	1	128	0.103	
269	6	1	109	0.079	
269	6	1	131	0.090	
269	6	1	127	0.108	
270	6	1	99	0.142	
270	6	1	93	0.118	
270	6	1	104	0.118	
270	6	1	88	0.212	
270	6	1	83	0.046	
271	6	1	156	0.074	
271	6	1	250	0.063	
271	6	1	216	0.085	
271	6	1	250	0.062	
271	6	1	250	0.065	
272	6	1	182	0.080	
272	6	1	192	0.070	
272	6	1	157	0.078	
272	6	1	250	0.066	
272	6	1	208	0.079	
273	6	1	219	0.081	
273	6	1	190	0.079	
273	6	1	201	0.089	
273	6	1	250	0.075	
273	6	1	250	0.092	
274	6	1	102	0.171	
274	6	1	99	0.165	
274	6	1	107	0.134	
274	6	1	96	0.172	
274	6	1	250	0.229	
275	6	1	205	0.072	
275	6	1	250	0.062	
275	6	1	170	0.007	
275	6	1	200	0.060	
275	6	1	209	0.057	
276	6	1	250	0.096	
276	6	1	158	0.106	
276	6	1	250	0.102	
276	6	1	250	0.097	
276	6	1	235	0.080	
277	6	1	125	0.086	
277	6	1	146	0.084	
277	6	0	108	0.000	
277	6	1	250	0.073	
277	6	1	250	0.073	
278	6	1	250	0.081	
278	6	1	250	0.084	
278	6	1	165	0.083	
278	6	1	250	0.087	
278	6	1	174	0.100	
279	6	1	250	0.070	
279	6	1	209	0.081	
279	6	1	180	0.069	
279	6	1	205	0.067	
279	6	1	198	0.080	
280	6	1	123	0.118	
280	6	1	153	0.082	
280	6	1	126	0.092	
280	6	1	152	0.086	
280	6	1	153	0.087	
281	6	1	250	0.057	
281	6	1	250	0.084	
281	6	1	250	0.079	
281	6	1	145	0.043	
281	6	1	207	0.052	
282	6	1	196	0.056	
282	6	1	183	0.050	
282	6	1	226	0.078	
282	6	1	195	0.069	
282	6	1	250	0.055	
283	6	1	250	0.050	
283	6	1	214	0.059	
283	6	1	250	0.058	
283	6	1	250	0.061	
283	6	1	250	0.058	
284	6	1	250	0.131	
284	6	1	130	0.090	
284	6	1	250	0.107	
284	6	1	119	0.117	
284	6	1	105	0.090	
285	6	1	229	0.043	
285	6	1	209	0.068	
285	6	1	178	0.057	
285	6	1	250	0.062	
285	6	1	184	0.053	
286	6	1	166	0.088	
286	6	0	114	0.005	
286	6	1	168	0.060	
286	6	1	181	0.097	
286	6	1	244	0.067	
287	6	1	188	0.044	
287	6	1	174	0.050	
287	6	1	183	0.046	
287	6	1	250	0.047	
287	6	1	170	0.059	
288	6	1	250	0.029	
288	6	1	202	0.031	
288	6	0	199	0.030	
288	6	1	250	0.069	
288	6	1	159	0.029	
289	6	1	197	0.063	
289	6	1	140	0.066	
289	6	1	150	0.067	
289	6	1	250	0.068	
289	6	1	182	0.028	
290	6	1	185	0.082	
290	6	1	153	0.099	
290	6	1	250	0.088	
290	6	1	219	0.059	
290	6	1	250	0.085	
291	6	1	95	0.143	
291	6	1	84	0.173	
291	6	1	94	0.152	
291	6	1	96	0.142	
291	6	1	95	0.150	
292	6	0	73	0.000	
292	6	1	172	0.108	
292	6	1	185	0.077	
292	6	1	170	0.068	
292	6	1	188	0.076	
293	6	1	242	0.055	
293	6	1	250	0.051	
293	6	1	168	0.068	
293	6	1	250	0.067	
293	6	1	250	0.065	
294	6	1	175	0.086	
294	6	1	178	0.050	
294	6	1	173	0.077	
294	6	1	250	0.060	
294	6	1	110	0.076	
295	6	1	250	0.090	
295	6	1	250	0.084	
295	6	1	130	0.101	
295	6	1	183	0.073	
295	6	1	90	0.082	
296	6	1	148	0.103	
296	6	1	60	0.074	
296	6	1	128	0.074	
296	6	1	118	0.113	
296	6	1	59	0.090	
297	6	1	180	0.071	
297	6	1	60	0.091	
297	6	1	250	0.081	
297	6	1	250	0.102	
297	6	1	165	0.091	
298	6	1	181	0.054	
298	6	1	202	0.056	
298	6	1	250	0.049	
298	6	1	170	0.059	
298	6	1	197	0.065	
299	6	1	152	0.074	
299	6	1	250	0.064	
299	6	1	180	0.061	
299	6	1	182	0.057	
299	6	1	250	0.064	
0	7	1	72	0.156	
0	7	1	75	0.121	
0	7	1	93	0.109	
0	7	1	67	0.075	
0	7	1	78	0.070	
1	7	1	69	0.241	
1	7	1	79	0.133	
1	7	1	59	0.123	
1	7	1	60	0.232	
1	7	1	66	0.131	
2	7	1	60	0.150	
2	7	1	59	0.092	
2	7	1	57	0.110	
2	7	1	34	0.110	
2	7	1	68	0.067	
3	7	1	45	0.238	
3	7	1	44	0.196	
3	7	1	45	0.204	
3	7	1	47	0.230	
3	7	1	45	0.212	
4	7	1	102	0.056	
4	7	1	35	0.109	
4	7	1	97	0.100	
4	7	1	119	0.068	
4	7	1	72	0.116	
5	7	1	45	0.329	
5	7	1	45	0.285	
5	7	1	45	0.352	
5	7	1	45	0.303	
5	7	1	45	0.377	
6	7	1	64	0.153	
6	7	1	65	0.209	
6	7	1	66	0.164	
6	7	1	74	0.147	
6	7	1	80	0.141	
7	7	1	60	0.127	
7	7	1	49	0.094	
7	7	1	69	0.134	
7	7	1	64	0.101	
7	7	1	64	0.133	
8	7	1	62	0.171	
8	7	1	60	0.160	
8	7	1	60	0.165	
8	7	1	56	0.171	
8	7	1	64	0.170	
9	7	1	42	0.346	
9	7	1	44	0.381	
9	7	1	42	0.250	
9	7	1	46	0.238	
9	7	1	44	0.384	
10	7	1	54	0.275	
10	7	1	60	0.202	
10	7	1	55	0.264	
10	7	1	55	0.204	
10	7	1	60	0.202	
11	7	1	48	0.379	
11	7	1	48	0.350	
11	7	1	47	0.413	
11	7	1	48	0.373	
11	7	1	47	0.403	
12	7	1	58	0.199	
12	7	1	86	0.146	
12	7	1	61	0.159	
12	7	1	62	0.192	
12	7	1	71	0.120	
13	7	1	55	0.101	
13	7	1	51	0.138	
13	7	1	57	0.115	
13	7	1	56	0.107	
13	7	1	50	0.091	
14	7	1	50	0.300	
14	7	1	50	0.300	
14	7	1	50	0.300	
14	7	1	47	0.356	
14	7	1	50	0.300	
15	7	1	51	0.317	
15	7	1	50	0.318	
15	7	1	57	0.329	
15	7	1	56	0.296	
15	7	1	51	0.249	
16	7	1	64	0.134	
16	7	1	63	0.207	
16	7	1	55	0.218	
16	7	1	59	0.176	
16	7	1	59	0.189	
17	7	1	60	0.265	
17	7	1	55	0.414	
17	7	1	52	0.439	
17	7	1	60	0.245	
17	7	1	66	0.180	
18	7	1	47	0.382	
18	7	1	47	0.411	
18	7	1	45	0.398	
18	7	1	46	0.411	
18	7	1	46	0.389	
19	7	1	67	0.103	
19	7	1	65	0.129	
19	7	1	66	0.131	
19	7	1	68	0.123	
19	7	1	41	0.158	
20	7	1	51	0.368	
20	7	1	52	0.356	
20	7	1	51	0.323	
20	7	1	52	0.369	
20	7	1	51	0.319	
21	7	1	52	0.324	
21	7	1	51	0.383	
21	7	1	56	0.333	
21	7	1	53	0.296	
21	7	1	54	0.321	
22	7	1	56	0.175	
22	7	1	57	0.075	
22	7	1	52	0.161	
22	7	1	77	0.096	
22	7	1	53	0.126	
23	7	1	40	0.105	
23	7	1	61	0.138	
23	7	1	67	0.130	
23	7	1	62	0.098	
23	7	1	65	0.136	
24	7	1	64	0.152	
24	7	1	69	0.153	
24	7	1	57	0.103	
24	7	1	60	0.094	
24	7	1	69	0.204	
25	7	1	51	0.335	
25	7	1	49	0.376	
25	7	1	48	0.397	
25	7	1	48	0.294	
25	7	1	48	0.353	
26	7	1	68	0.126	
26	7	1	55	0.193	
26	7	1	51	0.268	
26	7	1	250	0.073	
26	7	1	64	0.136	
27	7	1	49	0.158	
27	7	1	46	0.154	
27	7	1	49	0.200	
27	7	1	50	0.202	
27	7	1	48	0.150	
28	7	1	50	0.274	
28	7	1	44	0.391	
28	7	1	50	0.285	
28	7	1	45	0.391	
28	7	1	48	0.366	
29	7	1	57	0.289	
29	7	1	58	0.336	
29	7	1	48	0.345	
29	7	1	58	0.289	
29	7	1	48	0.345	
30	7	1	70	0.153	
30	7	1	77	0.106	
30	7	1	69	0.170	
30	7	1	72	0.149	
30	7	1	70	0.182	
31	7	1	49	0.366	
31	7	1	52	0.377	
31	7	1	48	0.332	
31	7	1	50	0.377	
31	7	1	63	0.212	
32	7	1	44	0.292	
32	7	1	43	0.323	
32	7	1	43	0.258	
32	7	1	45	0.261	
32	7	1	48	0.224	
33	7	1	78	0.166	
33	7	1	73	0.154	
33	7	1	100	0.146	
33	7	1	91	0.112	
33	7	1	77	0.075	
34	7	1	45	0.361	
34	7	1	45	0.390	
34	7	1	46	0.403	
34	7	1	46	0.431	
34	7	1	45	0.377	
35	7	1	59	0.077	
35	7	1	58	0.120	
35	7	1	61	0.106	
35	7	1	59	0.104	
35	7	1	61	0.107	
36	7	1	47	0.316	
36	7	1	46	0.273	
36	7	1	44	0.324	
36	7	1	45	0.345	
36	7	1	44	0.347	
37	7	1	83	0.097	
37	7	1	80	0.113	
37	7	1	74	0.126	
37	7	1	70	0.153	
37	7	1	91	0.084	
38	7	1	83	0.100	
38	7	1	92	0.091	
38	7	1	76	0.093	
38	7	1	77	0.086	
38	7	1	71	0.055	
39	7	1	55	0.160	
39	7	1	48	0.082	
39	7	1	55	0.080	
39	7	1	49	0.197	
39	7	1	54	0.172	
40	7	1	44	0.333	
40	7	1	44	0.317	
40	7	1	44	0.337	
40	7	1	44	0.333	
40	7	1	44	0.325	
41	7	1	44	0.370	
41	7	1	44	0.357	
41	7	1	44	0.374	
41	7	1	44	0.366	
41	7	1	44	0.356	
42	7	1	44	0.649	
42	7	1	44	0.635	
42	7	1	44	0.630	
42	7	1	44	0.631	
42	7	1	44	0.631	
43	7	0	59	0.008	
43	7	1	80	0.131	
43	7	1	85	0.108	
43	7	1	71	0.099	
43	7	1	67	0.143	
44	7	0	28	0.000	
44	7	1	63	0.093	
44	7	0	27	0.000	
44	7	0	27	0.000	
44	7	1	68	0.069	
45	7	1	71	0.118	
45	7	1	76	0.082	
45	7	1	71	0.105	
45	7	1	67	0.149	
45	7	1	75	0.124	
46	7	1	67	0.111	
46	7	1	69	0.104	
46	7	0	33	0.000	
46	7	1	72	0.080	
46	7	0	33	0.000	
47	7	1	64	0.083	
47	7	1	200	0.050	
47	7	1	45	0.027	
47	7	1	73	0.076	
47	7	1	68	0.062	
48	7	1	50	0.136	
48	7	1	48	0.183	
48	7	1	51	0.029	
48	7	1	55	0.165	
48	7	1	49	0.057	
49	7	1	82	0.085	
49	7	1	77	0.157	
49	7	1	80	0.080	
49	7	1	74	0.136	
49	7	1	49	0.081	
50	7	1	47	0.395	
50	7	1	47	0.395	
50	7	1	47	0.387	
50	7	1	47	0.395	
50	7	1	47	0.395	
51	7	1	61	0.250	
51	7	1	58	0.189	
51	7	1	56	0.256	
51	7	1	57	0.221	
51	7	1	56	0.317	
52	7	1	51	0.316	
52	7	1	51	0.374	
52	7	1	51	0.386	
52	7	1	54	0.252	
52	7	1	51	0.270	
53	7	1	56	0.088	
53	7	1	53	0.145	
53	7	1	51	0.154	
53	7	1	57	0.116	
53	7	1	53	0.152	
54	7	1	47	0.351	
54	7	1	45	0.318	
54	7	1	46	0.398	
54	7	1	46	0.356	
54	7	1	47	0.348	
55	7	1	63	0.046	
55	7	1	69	0.066	
55	7	0	38	0.020	
55	7	1	63	0.100	
55	7	1	77	0.046	
56	7	1	50	0.340	
56	7	1	52	0.351	
56	7	1	49	0.359	
56	7	1	49	0.358	
56	7	1	49	0.319	
57	7	1	92	0.129	
57	7	1	91	0.096	
57	7	1	89	0.095	
57	7	1	93	0.075	
57	7	1	66	0.098	
58	7	1	250	0.135	
58	7	1	84	0.056	
58	7	1	95	0.099	
58	7	1	110	0.067	
58	7	1	97	0.092	
59	7	1	75	0.090	
59	7	1	89	0.057	
59	7	1	45	0.049	
59	7	1	87	0.065	
59	7	1	74	0.079	
60	7	1	68	0.085	
60	7	1	68	0.087	
60	7	1	35	0.107	
60	7	1	74	0.071	
60	7	1	64	0.086	
61	7	1	44	0.406	
61	7	1	44	0.395	
61	7	1	44	0.388	
61	7	1	44	0.396	
61	7	1	44	0.389	
62	7	1	115	0.088	
62	7	1	98	0.059	
62	7	1	118	0.104	
62	7	1	52	0.103	
62	7	1	101	0.067	
63	7	1	65	0.131	
63	7	1	67	0.140	
63	7	1	28	0.044	
63	7	1	61	0.062	
63	7	1	66	0.096	
64	7	1	57	0.141	
64	7	1	62	0.172	
64	7	1	68	0.097	
64	7	1	67	0.189	
64	7	1	63	0.105	
65	7	1	48	0.378	
65	7	1	49	0.303	
65	7	1	47	0.391	
65	7	1	52	0.319	
65	7	1	48	0.319	
66	7	1	64	0.094	
66	7	1	56	0.134	
66	7	1	60	0.158	
66	7	1	58	0.171	
66	7	1	57	0.127	
67	7	1	44	0.346	
67	7	1	44	0.346	
67	7	1	44	0.346	
67	7	1	44	0.346	
67	7	1	44	0.346	
68	7	1	63	0.262	
68	7	1	61	0.247	
68	7	1	70	0.181	
68	7	1	61	0.334	
68	7	1	59	0.200	
69	7	1	84	0.088	
69	7	1	38	0.012	
69	7	1	81	0.091	
69	7	1	81	0.131	
69	7	1	75	0.151	
70	7	1	53	0.287	
70	7	1	54	0.288	
70	7	1	52	0.287	
70	7	1	57	0.202	
70	7	1	53	0.265	
71	7	1	46	0.262	
71	7	1	47	0.184	
71	7	1	47	0.217	
71	7	1	53	0.158	
71	7	1	47	0.204	
72	7	1	44	0.228	
72	7	1	44	0.272	
72	7	1	46	0.218	
72	7	1	45	0.244	
72	7	1	44	0.169	
73	7	1	77	0.149	
73	7	1	77	0.166	
73	7	1	59	0.178	
73	7	1	75	0.164	
73	7	1	78	0.149	
74	7	1	65	0.123	
74	7	1	58	0.133	
74	7	1	59	0.152	
74	7	1	55	0.133	
74	7	1	64	0.152	
75	7	1	44	0.331	
75	7	1	44	0.338	
75	7	1	44	0.338	
75	7	1	44	0.338	
75	7	1	44	0.352	
76	7	1	70	0.184	
76	7	1	33	0.077	
76	7	1	43	0.120	
76	7	1	42	0.101	
76	7	1	34	0.100	
77	7	1	46	0.405	
77	7	1	47	0.405	
77	7	1	46	0.405	
77	7	1	47	0.405	
77	7	1	47	0.405	
78	7	1	71	0.094	
78	7	1	66	0.061	
78	7	0	34	0.008	
78	7	1	73	0.105	
78	7	1	77	0.087	
79	7	1	52	0.334	
79	7	1	59	0.136	
79	7	1	59	0.208	
79	7	1	51	0.343	
79	7	1	52	0.311	
80	7	1	79	0.182	
80	7	1	69	0.141	
80	7	1	70	0.159	
80	7	1	70	0.193	
80	7	1	81	0.219	
81	7	1	56	0.164	
81	7	1	53	0.164	
81	7	1	57	0.164	
81	7	1	52	0.164	
81	7	1	56	0.164	
82	7	1	72	0.094	
82	7	1	73	0.082	
82	7	1	75	0.079	
82	7	1	35	0.022	
82	7	1	65	0.080	
83	7	1	53	0.239	
83	7	1	53	0.239	
83	7	1	53	0.240	
83	7	1	53	0.239	
83	7	1	53	0.239	
84	7	1	51	0.135	
84	7	1	49	0.141	
84	7	1	59	0.097	
84	7	1	50	0.212	
84	7	1	51	0.207	
85	7	1	94	0.142	
85	7	1	74	0.127	
85	7	1	72	0.139	
85	7	1	80	0.010	
85	7	1	55	0.119	
86	7	1	104	0.048	
86	7	1	72	0.112	
86	7	1	86	0.099	
86	7	1	83	0.115	
86	7	1	79	0.078	
87	7	1	47	0.302	
87	7	1	49	0.288	
87	7	1	49	0.292	
87	7	1	50	0.277	
87	7	1	49	0.322	
88	7	1	53	0.218	
88	7	1	50	0.311	
88	7	1	57	0.140	
88	7	1	51	0.297	
88	7	1	53	0.224	
89	7	1	90	0.095	
89	7	1	57	0.155	
89	7	1	77	0.087	
89	7	1	65	0.094	
89	7	1	66	0.083	
90	7	1	48	0.332	
90	7	1	48	0.359	
90	7	1	48	0.363	
90	7	1	47	0.375	
90	7	1	48	0.367	
91	7	1	48	0.294	
91	7	1	46	0.276	
91	7	1	48	0.306	
91	7	1	59	0.173	
91	7	1	47	0.315	
92	7	1	63	0.116	
92	7	1	50	0.098	
92	7	1	58	0.069	
92	7	1	52	0.122	
92	7	1	64	0.054	
93	7	1	44	0.808	
93	7	1	44	0.808	
93	7	1	44	0.808	
93	7	1	44	0.808	
93	7	1	44	0.811	
94	7	1	44	0.407	
94	7	1	44	0.394	
94	7	1	44	0.406	
94	7	1	44	0.404	
94	7	1	44	0.419	
95	7	1	61	0.120	
95	7	1	54	0.073	
95	7	1	50	0.171	
95	7	1	54	0.060	
95	7	1	61	0.071	
96	7	1	75	0.070	
96	7	1	66	0.185	
96	7	1	64	0.228	
96	7	1	65	0.188	
96	7	1	66	0.178	
97	7	1	64	0.120	
97	7	1	88	0.095	
97	7	1	66	0.113	
97	7	1	63	0.097	
97	7	1	62	0.130	
98	7	1	76	0.119	
98	7	1	79	0.134	
98	7	1	68	0.174	
98	7	1	78	0.119	
98	7	1	66	0.165	
99	7	1	69	0.177	
99	7	1	75	0.112	
99	7	1	44	0.055	
99	7	1	44	0.079	
99	7	1	71	0.127	
100	7	1	50	0.195	
100	7	1	50	0.215	
100	7	1	56	0.223	
100	7	1	53	0.184	
100	7	1	50	0.221	
101	7	1	50	0.379	
101	7	1	51	0.358	
101	7	1	50	0.382	
101	7	1	52	0.373	
101	7	1	48	0.423	
102	7	1	57	0.130	
102	7	1	58	0.178	
102	7	1	62	0.141	
102	7	1	72	0.153	
102	7	1	61	0.125	
103	7	1	73	0.142	
103	7	1	90	0.079	
103	7	1	175	0.071	
103	7	1	83	0.113	
103	7	1	87	0.098	
104	7	1	63	0.093	
104	7	1	91	0.125	
104	7	1	78	0.084	
104	7	1	92	0.125	
104	7	1	83	0.082	
105	7	1	61	0.143	
105	7	1	67	0.043	
105	7	1	69	0.105	
105	7	1	59	0.145	
105	7	1	69	0.156	
106	7	1	63	0.139	
106	7	1	52	0.152	
106	7	1	69	0.106	
106	7	1	61	0.060	
106	7	1	71	0.119	
107	7	1	65	0.169	
107	7	1	67	0.269	
107	7	1	70	0.259	
107	7	1	75	0.259	
107	7	1	71	0.316	
108	7	1	47	0.324	
108	7	1	46	0.422	
108	7	1	46	0.390	
108	7	1	46	0.422	
108	7	1	46	0.390	
109	7	1	61	0.183	
109	7	1	55	0.173	
109	7	1	55	0.190	
109	7	1	54	0.240	
109	7	1	250	0.119	
110	7	1	62	0.153	
110	7	1	61	0.125	
110	7	1	67	0.122	
110	7	1	67	0.148	
110	7	1	66	0.185	
111	7	1	110	0.090	
111	7	1	103	0.095	
111	7	1	123	0.079	
111	7	1	112	0.141	
111	7	1	116	0.105	
112	7	1	37	0.100	
112	7	1	70	0.100	
112	7	0	32	0.022	
112	7	1	83	0.013	
112	7	1	62	0.102	
113	7	1	83	0.021	
113	7	1	57	0.107	
113	7	1	82	0.044	
113	7	1	84	0.090	
113	7	1	85	0.053	
114	7	1	85	0.059	
114	7	1	70	0.075	
114	7	1	83	0.074	
114	7	1	90	0.078	
114	7	0	30	0.006	
115	7	1	55	0.131	
115	7	1	67	0.106	
115	7	0	26	0.000	
115	7	1	76	0.066	
115	7	1	77	0.089	
116	7	1	75	0.140	
116	7	1	66	0.232	
116	7	1	76	0.265	
116	7	1	71	0.281	
116	7	1	250	0.070	
117	7	1	74	0.089	
117	7	1	85	0.053	
117	7	1	39	0.090	
117	7	0	28	0.000	
117	7	1	40	0.120	
118	7	1	86	0.124	
118	7	1	34	0.003	
118	7	1	37	0.078	
118	7	1	95	0.149	
118	7	1	74	0.021	
119	7	1	50	0.065	
119	7	1	67	0.087	
119	7	1	83	0.072	
119	7	1	67	0.091	
119	7	1	84	0.123	
120	7	0	28	0.000	
120	7	1	83	0.133	
120	7	1	78	0.117	
120	7	1	72	0.125	
120	7	1	65	0.116	
121	7	1	60	0.158	
121	7	1	78	0.095	
121	7	1	61	0.083	
121	7	1	36	0.023	
121	7	1	68	0.119	
122	7	1	64	0.207	
122	7	1	62	0.155	
122	7	1	63	0.209	
122	7	1	65	0.119	
122	7	1	67	0.086	
123	7	1	82	0.107	
123	7	1	79	0.146	
123	7	1	84	0.129	
123	7	1	250	0.076	
123	7	1	98	0.123	
124	7	0	202	0.000	
124	7	1	83	0.080	
124	7	1	82	0.091	
124	7	1	80	0.127	
124	7	1	89	0.140	
125	7	1	74	0.151	
125	7	1	69	0.131	
125	7	1	67	0.058	
125	7	1	69	0.108	
125	7	1	65	0.127	
126	7	1	156	0.083	
126	7	1	52	0.080	
126	7	1	71	0.125	
126	7	1	70	0.129	
126	7	1	40	0.169	
127	7	1	68	0.143	
127	7	1	65	0.125	
127	7	1	77	0.040	
127	7	1	228	0.094	
127	7	1	82	0.138	
128	7	1	47	0.228	
128	7	1	46	0.202	
128	7	1	46	0.258	
128	7	1	47	0.183	
128	7	1	47	0.223	
129	7	1	67	0.090	
129	7	1	93	0.113	
129	7	1	70	0.146	
129	7	1	68	0.149	
129	7	1	79	0.115	
130	7	1	61	0.220	
130	7	1	55	0.266	
130	7	1	63	0.206	
130	7	1	63	0.138	
130	7	1	59	0.263	
131	7	1	69	0.191	
131	7	1	66	0.169	
131	7	1	81	0.066	
131	7	1	84	0.130	
131	7	1	82	0.052	
132	7	1	74	0.092	
132	7	1	77	0.084	
132	7	1	66	0.168	
132	7	1	70	0.151	
132	7	1	71	0.083	
133	7	1	65	0.105	
133	7	1	76	0.012	
133	7	1	67	0.110	
133	7	1	60	0.099	
133	7	1	72	0.035	
134	7	1	76	0.109	
134	7	1	88	0.127	
134	7	1	77	0.140	
134	7	1	64	0.142	
134	7	1	76	0.052	
135	7	1	58	0.193	
135	7	1	52	0.212	
135	7	1	53	0.269	
135	7	1	58	0.193	
135	7	1	55	0.306	
136	7	1	66	0.103	
136	7	1	99	0.065	
136	7	1	77	0.020	
136	7	1	76	0.105	
136	7	1	82	0.111	
137	7	1	89	0.042	
137	7	1	83	0.088	
137	7	1	87	0.067	
137	7	1	96	0.071	
137	7	1	86	0.080	
138	7	1	61	0.081	
138	7	1	102	0.123	
138	7	1	101	0.050	
138	7	1	155	0.097	
138	7	1	113	0.155	
139	7	1	52	0.183	
139	7	1	48	0.097	
139	7	1	47	0.171	
139	7	1	47	0.077	
139	7	1	54	0.148	
140	7	1	85	0.117	
140	7	1	86	0.108	
140	7	1	97	0.100	
140	7	1	75	0.081	
140	7	1	111	0.113	
141	7	1	73	0.072	
141	7	1	70	0.093	
141	7	1	64	0.128	
141	7	1	67	0.143	
141	7	1	61	0.132	
142	7	1	52	0.112	
142	7	1	52	0.113	
142	7	1	50	0.113	
142	7	1	53	0.112	
142	7	1	53	0.092	
143	7	1	79	0.167	
143	7	1	69	0.131	
143	7	1	60	0.129	
143	7	1	66	0.161	
143	7	1	209	0.098	
144	7	1	63	0.094	
144	7	1	64	0.090	
144	7	1	67	0.088	
144	7	1	68	0.087	
144	7	1	63	0.114	
145	7	1	66	0.200	
145	7	1	63	0.146	
145	7	1	70	0.120	
145	7	1	61	0.257	
145	7	1	81	0.150	
146	7	1	52	0.295	
146	7	1	54	0.344	
146	7	1	50	0.286	
146	7	1	52	0.261	
146	7	1	53	0.281	
147	7	1	61	0.102	
147	7	1	57	0.128	
147	7	1	57	0.118	
147	7	1	60	0.102	
147	7	1	54	0.100	
148	7	1	40	0.099	
148	7	1	76	0.101	
148	7	1	43	0.103	
148	7	1	137	0.065	
148	7	1	95	0.082	
149	7	1	59	0.111	
149	7	1	58	0.177	
149	7	1	56	0.093	
149	7	1	50	0.145	
149	7	1	53	0.108	
150	7	1	38	0.097	
150	7	1	77	0.083	
150	7	1	83	0.053	
150	7	1	70	0.105	
150	7	1	85	0.117	
151	7	1	62	0.081	
151	7	1	198	0.092	
151	7	1	57	0.143	
151	7	1	71	0.113	
151	7	1	64	0.097	
152	7	1	51	0.222	
152	7	1	66	0.115	
152	7	1	51	0.230	
152	7	1	48	0.231	
152	7	1	54	0.200	
153	7	1	70	0.145	
153	7	1	65	0.145	
153	7	1	57	0.152	
153	7	1	60	0.057	
153	7	1	66	0.184	
154	7	1	73	0.116	
154	7	1	61	0.185	
154	7	1	67	0.104	
154	7	1	74	0.111	
154	7	1	64	0.090	
155	7	1	62	0.084	
155	7	1	60	0.123	
155	7	1	64	0.105	
155	7	1	64	0.117	
155	7	1	81	0.110	
156	7	1	46	0.392	
156	7	1	46	0.392	
156	7	1	46	0.392	
156	7	1	46	0.392	
156	7	1	46	0.392	
157	7	1	43	0.024	
157	7	1	78	0.082	
157	7	1	100	0.066	
157	7	1	40	0.110	
157	7	1	45	0.099	
158	7	1	69	0.087	
158	7	1	60	0.084	
158	7	1	58	0.115	
158	7	1	115	0.069	
158	7	1	69	0.114	
159	7	1	48	0.400	
159	7	1	47	0.347	
159	7	1	50	0.375	
159	7	1	47	0.379	
159	7	1	47	0.335	
160	7	1	67	0.112	
160	7	1	76	0.050	
160	7	1	64	0.024	
160	7	1	78	0.103	
160	7	1	70	0.083	
161	7	1	54	0.294	
161	7	1	49	0.337	
161	7	1	50	0.361	
161	7	1	50	0.356	
161	7	1	55	0.267	
162	7	1	102	0.114	
162	7	1	104	0.095	
162	7	1	32	0.095	
162	7	1	81	0.075	
162	7	1	88	0.121	
163	7	1	98	0.127	
163	7	1	108	0.121	
163	7	1	78	0.112	
163	7	1	72	0.126	
163	7	1	89	0.109	
164	7	1	62	0.186	
164	7	1	64	0.163	
164	7	1	70	0.149	
164	7	1	82	0.106	
164	7	1	70	0.146	
165	7	1	77	0.085	
165	7	0	53	0.008	
165	7	1	75	0.079	
165	7	1	74	0.054	
165	7	1	75	0.068	
166	7	1	60	0.091	
166	7	1	67	0.118	
166	7	1	72	0.104	
166	7	1	61	0.092	
166	7	1	75	0.081	
167	7	1	67	0.108	
167	7	1	61	0.129	
167	7	1	66	0.091	
167	7	1	78	0.083	
167	7	1	63	0.125	
168	7	1	69	0.100	
168	7	1	75	0.065	
168	7	1	61	0.151	
168	7	1	87	0.094	
168	7	1	69	0.174	
169	7	1	94	0.088	
169	7	0	29	0.000	
169	7	1	88	0.071	
169	7	1	75	0.113	
169	7	1	86	0.072	
170	7	1	62	0.076	
170	7	1	56	0.128	
170	7	1	65	0.148	
170	7	1	63	0.162	
170	7	1	68	0.109	
171	7	0	57	0.011	
171	7	1	49	0.063	
171	7	1	53	0.050	
171	7	1	208	0.092	
171	7	1	46	0.051	
172	7	1	36	0.014	
172	7	1	74	0.079	
172	7	0	30	0.000	
172	7	1	77	0.099	
172	7	1	87	0.096	
173	7	1	85	0.110	
173	7	1	80	0.052	
173	7	1	74	0.119	
173	7	1	88	0.100	
173	7	1	73	0.173	
174	7	1	74	0.168	
174	7	1	74	0.134	
174	7	1	67	0.152	
174	7	1	71	0.142	
174	7	1	70	0.116	
175	7	1	82	0.103	
175	7	1	76	0.063	
175	7	1	96	0.004	
175	7	1	87	0.044	
175	7	1	95	0.093	
176	7	1	66	0.174	
176	7	1	74	0.141	
176	7	1	80	0.134	
176	7	1	76	0.123	
176	7	1	61	0.051	
177	7	1	81	0.084	
177	7	1	91	0.008	
177	7	1	87	0.088	
177	7	1	89	0.089	
177	7	1	88	0.104	
178	7	1	65	0.108	
178	7	1	57	0.167	
178	7	1	59	0.132	
178	7	1	65	0.154	
178	7	1	65	0.161	
179	7	1	70	0.100	
179	7	1	58	0.140	
179	7	1	80	0.044	
179	7	1	65	0.106	
179	7	1	60	0.047	
180	7	1	90	0.062	
180	7	0	113	0.023	
180	7	1	101	0.078	
180	7	1	80	0.077	
180	7	1	238	0.068	
181	7	1	73	0.074	
181	7	1	72	0.068	
181	7	1	87	0.085	
181	7	1	83	0.098	
181	7	1	67	0.113	
182	7	1	47	0.071	
182	7	1	76	0.051	
182	7	1	98	0.086	
182	7	1	81	0.081	
182	7	1	82	0.056	
183	7	1	101	0.068	
183	7	1	67	0.105	
183	7	1	68	0.171	
183	7	1	83	0.124	
183	7	1	75	0.126	
184	7	1	82	0.139	
184	7	1	82	0.128	
184	7	1	81	0.112	
184	7	1	78	0.076	
184	7	1	76	0.149	
185	7	1	66	0.073	
185	7	1	68	0.111	
185	7	1	69	0.115	
185	7	1	63	0.155	
185	7	1	66	0.165	
186	7	1	50	0.044	
186	7	1	79	0.099	
186	7	1	71	0.121	
186	7	1	72	0.135	
186	7	1	50	0.095	
187	7	1	67	0.134	
187	7	1	82	0.090	
187	7	1	250	0.088	
187	7	1	170	0.080	
187	7	1	77	0.089	
188	7	1	63	0.110	
188	7	1	76	0.118	
188	7	1	75	0.104	
188	7	1	79	0.104	
188	7	1	99	0.107	
189	7	1	63	0.105	
189	7	1	69	0.103	
189	7	1	250	0.063	
189	7	1	64	0.084	
189	7	1	68	0.080	
190	7	1	39	0.068	
190	7	1	76	0.088	
190	7	1	71	0.036	
190	7	1	90	0.068	
190	7	1	98	0.096	
191	7	1	113	0.062	
191	7	1	89	0.086	
191	7	1	106	0.035	
191	7	1	55	0.088	
191	7	1	118	0.078	
192	7	1	59	0.085	
192	7	1	77	0.044	
192	7	1	89	0.069	
192	7	1	72	0.046	
192	7	1	77	0.109	
193	7	1	90	0.107	
193	7	1	86	0.103	
193	7	1	68	0.041	
193	7	1	86	0.104	
193	7	1	66	0.099	
194	7	1	93	0.051	
194	7	1	90	0.085	
194	7	1	100	0.103	
194	7	1	97	0.055	
194	7	1	72	0.108	
195	7	1	108	0.084	
195	7	1	81	0.081	
195	7	1	67	0.100	
195	7	1	73	0.093	
195	7	1	80	0.097	
196	7	1	66	0.022	
196	7	1	57	0.113	
196	7	1	68	0.110	
196	7	1	250	0.074	
196	7	1	74	0.098	
197	7	1	73	0.111	
197	7	1	82	0.091	
197	7	1	77	0.078	
197	7	1	76	0.106	
197	7	1	68	0.045	
198	7	1	72	0.078	
198	7	1	66	0.074	
198	7	1	70	0.129	
198	7	1	71	0.058	
198	7	1	57	0.095	
199	7	1	76	0.095	
199	7	1	87	0.102	
199	7	1	74	0.092	
199	7	1	126	0.086	
199	7	1	250	0.093	
200	7	1	85	0.091	
200	7	1	66	0.132	
200	7	1	73	0.104	
200	7	1	71	0.121	
200	7	1	61	0.082	
201	7	1	75	0.090	
201	7	1	59	0.102	
201	7	1	66	0.088	
201	7	1	73	0.093	
201	7	1	70	0.099	
202	7	1	66	0.194	
202	7	1	69	0.090	
202	7	1	58	0.143	
202	7	1	66	0.152	
202	7	1	60	0.169	
203	7	1	43	0.024	
203	7	1	70	0.114	
203	7	1	42	0.099	
203	7	1	68	0.042	
203	7	1	75	0.133	
204	7	1	73	0.097	
204	7	1	91	0.077	
204	7	1	84	0.070	
204	7	1	103	0.129	
204	7	1	79	0.095	
205	7	1	33	0.101	
205	7	1	105	0.075	
205	7	1	90	0.060	
205	7	1	95	0.098	
205	7	1	89	0.076	
206	7	1	71	0.102	
206	7	1	74	0.084	
206	7	1	71	0.092	
206	7	1	63	0.101	
206	7	1	93	0.084	
207	7	1	91	0.091	
207	7	1	79	0.079	
207	7	1	95	0.080	
207	7	1	81	0.093	
207	7	1	96	0.097	
208	7	1	73	0.072	
208	7	1	85	0.096	
208	7	1	93	0.101	
208	7	1	117	0.079	
208	7	1	77	0.090	
209	7	1	58	0.124	
209	7	1	66	0.121	
209	7	1	56	0.203	
209	7	1	55	0.159	
209	7	1	60	0.124	
210	7	1	77	0.074	
210	7	1	82	0.080	
210	7	1	80	0.089	
210	7	1	80	0.075	
210	7	1	76	0.059	
211	7	1	87	0.057	
211	7	1	70	0.107	
211	7	1	88	0.122	
211	7	1	82	0.060	
211	7	0	55	0.018	
212	7	1	55	0.136	
212	7	1	56	0.150	
212	7	1	56	0.147	
212	7	1	59	0.124	
212	7	1	59	0.126	
213	7	1	78	0.118	
213	7	1	90	0.083	
213	7	1	94	0.056	
213	7	0	67	0.000	
213	7	1	72	0.053	
214	7	1	85	0.108	
214	7	1	94	0.087	
214	7	1	80	0.068	
214	7	1	82	0.084	
214	7	1	82	0.082	
215	7	1	67	0.109	
215	7	1	62	0.028	
215	7	1	85	0.084	
215	7	1	126	0.110	
215	7	1	81	0.125	
216	7	1	70	0.103	
216	7	1	83	0.142	
216	7	1	151	0.057	
216	7	1	70	0.120	
216	7	1	78	0.135	
217	7	1	85	0.096	
217	7	1	75	0.116	
217	7	1	38	0.132	
217	7	1	84	0.075	
217	7	1	74	0.116	
218	7	1	65	0.096	
218	7	1	66	0.048	
218	7	1	66	0.091	
218	7	1	77	0.127	
218	7	1	63	0.059	
219	7	1	86	0.107	
219	7	1	94	0.044	
219	7	1	89	0.087	
219	7	1	75	0.116	
219	7	1	92	0.153	
220	7	1	54	0.057	
220	7	1	194	0.094	
220	7	1	72	0.090	
220	7	1	64	0.108	
220	7	1	215	0.086	
221	7	0	109	0.016	
221	7	1	74	0.031	
221	7	1	70	0.061	
221	7	1	79	0.072	
221	7	1	91	0.065	
222	7	1	86	0.141	
222	7	1	72	0.146	
222	7	1	87	0.105	
222	7	1	83	0.105	
222	7	1	82	0.102	
223	7	0	43	0.019	
223	7	1	250	0.062	
223	7	1	81	0.084	
223	7	1	85	0.075	
223	7	1	86	0.101	
224	7	0	37	0.017	
224	7	1	78	0.062	
224	7	1	250	0.076	
224	7	1	64	0.078	
224	7	1	77	0.103	
225	7	1	69	0.091	
225	7	1	89	0.054	
225	7	1	62	0.094	
225	7	1	65	0.106	
225	7	1	118	0.059	
226	7	1	55	0.109	
226	7	1	55	0.109	
226	7	1	57	0.089	
226	7	1	55	0.109	
226	7	1	54	0.112	
227	7	1	189	0.023	
227	7	1	88	0.080	
227	7	1	84	0.048	
227	7	0	21	0.000	
227	7	1	80	0.136	
228	7	1	105	0.087	
228	7	1	54	0.079	
228	7	1	92	0.109	
228	7	1	88	0.082	
228	7	1	63	0.069	
229	7	1	75	0.083	
229	7	1	72	0.100	
229	7	1	87	0.041	
229	7	1	74	0.100	
229	7	1	73	0.054	
230	7	1	77	0.034	
230	7	1	89	0.054	
230	7	1	77	0.068	
230	7	1	114	0.077	
230	7	1	77	0.083	
231	7	1	81	0.116	
231	7	1	71	0.150	
231	7	1	61	0.152	
231	7	1	75	0.108	
231	7	1	75	0.057	
232	7	1	79	0.099	
232	7	1	173	0.036	
232	7	1	91	0.062	
232	7	1	77	0.115	
232	7	1	188	0.106	
233	7	1	48	0.344	
233	7	1	47	0.290	
233	7	1	50	0.314	
233	7	1	51	0.360	
233	7	1	50	0.355	
234	7	1	69	0.117	
234	7	1	35	0.122	
234	7	1	74	0.100	
234	7	1	72	0.110	
234	7	1	32	0.095	
235	7	1	79	0.064	
235	7	1	85	0.111	
235	7	1	54	0.095	
235	7	1	76	0.036	
235	7	1	85	0.071	
236	7	1	52	0.216	
236	7	1	54	0.146	
236	7	1	60	0.136	
236	7	1	52	0.133	
236	7	1	54	0.162	
237	7	1	43	0.080	
237	7	1	44	0.067	
237	7	1	57	0.081	
237	7	1	41	0.091	
237	7	1	40	0.106	
238	7	1	80	0.089	
238	7	1	76	0.037	
238	7	1	77	0.089	
238	7	1	75	0.069	
238	7	1	78	0.096	
239	7	1	62	0.272	
239	7	1	69	0.215	
239	7	1	65	0.256	
239	7	1	66	0.208	
239	7	1	70	0.236	
240	7	1	66	0.145	
240	7	1	71	0.192	
240	7	1	72	0.169	
240	7	1	67	0.156	
240	7	1	64	0.142	
241	7	1	85	0.132	
241	7	1	77	0.083	
241	7	1	109	0.066	
241	7	0	40	0.019	
241	7	1	103	0.037	
242	7	1	84	0.022	
242	7	1	80	0.076	
242	7	1	66	0.096	
242	7	1	65	0.018	
242	7	1	81	0.086	
243	7	1	75	0.054	
243	7	1	62	0.070	
243	7	1	40	0.087	
243	7	1	41	0.108	
243	7	1	43	0.066	
244	7	1	78	0.067	
244	7	1	72	0.028	
244	7	1	83	0.094	
244	7	0	50	0.000	
244	7	1	84	0.058	
245	7	0	55	0.000	
245	7	1	81	0.071	
245	7	1	146	0.069	
245	7	0	56	0.005	
245	7	0	52	0.015	
246	7	0	62	0.000	
246	7	1	45	0.117	
246	7	1	105	0.030	
246	7	1	118	0.050	
246	7	1	65	0.075	
247	7	1	58	0.232	
247	7	1	50	0.238	
247	7	1	63	0.119	
247	7	1	50	0.193	
247	7	1	50	0.261	
248	7	1	68	0.146	
248	7	1	63	0.136	
248	7	1	83	0.151	
248	7	1	86	0.126	
248	7	0	37	0.000	
249	7	1	74	0.086	
249	7	1	75	0.099	
249	7	1	83	0.084	
249	7	1	75	0.143	
249	7	1	75	0.107	
250	7	1	104	0.062	
250	7	1	92	0.004	
250	7	1	104	0.065	
250	7	0	47	0.000	
250	7	1	92	0.037	
251	7	1	58	0.069	
251	7	0	42	0.000	
251	7	1	60	0.051	
251	7	1	61	0.029	
251	7	1	60	0.092	
252	7	1	61	0.099	
252	7	1	61	0.100	
252	7	0	51	0.022	
252	7	1	60	0.056	
252	7	1	53	0.054	
253	7	1	54	0.096	
253	7	1	91	0.078	
253	7	1	91	0.078	
253	7	1	87	0.051	
253	7	1	54	0.097	
254	7	1	77	0.110	
254	7	1	84	0.100	
254	7	1	80	0.132	
254	7	1	87	0.079	
254	7	1	81	0.142	
255	7	1	91	0.081	
255	7	1	92	0.070	
255	7	1	111	0.021	
255	7	1	93	0.061	
255	7	1	88	0.056	
256	7	1	92	0.085	
256	7	1	83	0.046	
256	7	1	40	0.102	
256	7	1	79	0.090	
256	7	1	79	0.099	
257	7	1	58	0.260	
257	7	1	55	0.258	
257	7	1	61	0.125	
257	7	1	58	0.235	
257	7	1	67	0.183	
258	7	1	29	0.080	
258	7	1	177	0.061	
258	7	1	99	0.064	
258	7	1	31	0.063	
258	7	1	65	0.096	
259	7	1	58	0.200	
259	7	1	55	0.103	
259	7	1	56	0.205	
259	7	1	56	0.168	
259	7	1	53	0.181	
260	7	1	61	0.116	
260	7	1	54	0.097	
260	7	1	99	0.107	
260	7	1	88	0.108	
260	7	1	102	0.102	
261	7	1	79	0.096	
261	7	1	82	0.097	
261	7	1	72	0.129	
261	7	1	75	0.087	
261	7	1	77	0.068	
262	7	1	99	0.087	
262	7	1	92	0.093	
262	7	1	98	0.049	
262	7	1	31	0.061	
262	7	1	85	0.075	
263	7	1	73	0.107	
263	7	1	71	0.058	
263	7	1	67	0.058	
263	7	1	76	0.058	
263	7	1	75	0.107	
264	7	1	87	0.070	
264	7	1	82	0.037	
264	7	1	72	0.046	
264	7	1	67	0.067	
264	7	1	75	0.083	
265	7	1	54	0.114	
265	7	1	43	0.100	
265	7	1	92	0.064	
265	7	1	54	0.100	
265	7	1	91	0.022	
266	7	1	57	0.160	
266	7	1	73	0.127	
266	7	1	69	0.090	
266	7	0	38	0.017	
266	7	1	69	0.036	
267	7	1	39	0.152	
267	7	1	77	0.061	
267	7	1	73	0.108	
267	7	1	93	0.086	
267	7	1	81	0.076	
268	7	1	100	0.049	
268	7	1	88	0.080	
268	7	1	117	0.046	
268	7	1	73	0.061	
268	7	1	90	0.085	
269	7	1	77	0.068	
269	7	1	73	0.078	
269	7	1	69	0.105	
269	7	1	76	0.077	
269	7	1	74	0.059	
270	7	1	54	0.097	
270	7	1	59	0.163	
270	7	1	49	0.069	
270	7	1	53	0.212	
270	7	1	54	0.188	
271	7	0	43	0.030	
271	7	1	64	0.082	
271	7	1	39	0.088	
271	7	1	45	0.066	
271	7	1	50	0.086	
272	7	1	92	0.096	
272	7	1	95	0.065	
272	7	1	88	0.060	
272	7	1	90	0.106	
272	7	1	89	0.102	
273	7	1	51	0.079	
273	7	1	103	0.107	
273	7	1	127	0.060	
273	7	1	93	0.110	
273	7	1	93	0.075	
274	7	1	53	0.146	
274	7	1	52	0.219	
274	7	1	52	0.219	
274	7	1	51	0.117	
274	7	1	54	0.134	
275	7	1	184	0.018	
275	7	1	110	0.089	
275	7	1	79	0.105	
275	7	1	163	0.087	
275	7	1	138	0.039	
276	7	1	250	0.073	
276	7	1	124	0.090	
276	7	1	97	0.079	
276	7	1	140	0.082	
276	7	1	106	0.058	
277	7	1	82	0.081	
277	7	1	85	0.114	
277	7	1	87	0.096	
277	7	1	92	0.088	
277	7	0	41	0.000	
278	7	1	79	0.122	
278	7	1	95	0.106	
278	7	1	78	0.100	
278	7	1	79	0.078	
278	7	1	83	0.054	
279	7	1	69	0.085	
279	7	1	97	0.049	
279	7	1	91	0.073	
279	7	1	59	0.056	
279	7	1	98	0.039	
280	7	1	73	0.108	
280	7	1	73	0.127	
280	7	1	108	0.052	
280	7	1	72	0.074	
280	7	1	81	0.061	
281	7	1	59	0.064	
281	7	1	131	0.069	
281	7	1	82	0.047	
281	7	1	53	0.069	
281	7	1	109	0.092	
282	7	1	118	0.115	
282	7	1	125	0.084	
282	7	1	99	0.084	
282	7	1	105	0.067	
282	7	1	170	0.052	
283	7	1	78	0.078	
283	7	1	70	0.100	
283	7	1	105	0.088	
283	7	1	65	0.050	
283	7	0	63	0.025	
284	7	1	73	0.097	
284	7	1	69	0.085	
284	7	1	71	0.077	
284	7	1	74	0.079	
284	7	1	72	0.083	
285	7	1	102	0.055	
285	7	1	88	0.001	
285	7	1	108	0.066	
285	7	0	156	0.000	
285	7	1	97	0.043	
286	7	0	62	0.005	
286	7	1	67	0.073	
286	7	1	75	0.084	
286	7	1	76	0.088	
286	7	1	138	0.083	
287	7	1	199	0.022	
287	7	1	208	0.052	
287	7	1	90	0.053	
287	7	1	250	0.051	
287	7	1	106	0.053	
288	7	1	81	0.067	
288	7	1	80	0.025	
288	7	1	148	0.025	
288	7	1	250	0.011	
288	7	1	70	0.067	
289	7	1	71	0.136	
289	7	1	67	0.136	
289	7	1	99	0.106	
289	7	1	69	0.176	
289	7	1	76	0.079	
290	7	1	91	0.164	
290	7	0	33	0.013	
290	7	1	77	0.106	
290	7	1	90	0.079	
290	7	1	101	0.137	
291	7	1	55	0.216	
291	7	1	55	0.226	
291	7	1	51	0.248	
291	7	1	56	0.206	
291	7	1	55	0.226	
292	7	1	76	0.074	
292	7	1	38	0.039	
292	7	1	97	0.104	
292	7	1	97	0.058	
292	7	1	105	0.089	
293	7	1	104	0.075	
293	7	1	86	0.120	
293	7	1	96	0.053	
293	7	1	82	0.047	
293	7	1	90	0.053	
294	7	1	78	0.064	
294	7	1	72	0.052	
294	7	1	93	0.073	
294	7	1	92	0.100	
294	7	1	172	0.105	
295	7	1	104	0.092	
295	7	1	92	0.078	
295	7	1	77	0.054	
295	7	1	95	0.056	
295	7	1	83	0.097	
296	7	1	71	0.127	
296	7	1	77	0.066	
296	7	1	92	0.044	
296	7	1	59	0.076	
296	7	1	73	0.123	
297	7	1	85	0.110	
297	7	1	45	0.078	
297	7	1	95	0.106	
297	7	1	91	0.106	
297	7	1	94	0.072	
298	7	1	74	0.116	
298	7	1	86	0.088	
298	7	0	43	0.005	
298	7	1	74	0.096	
298	7	1	76	0.095	
299	7	1	81	0.050	
299	7	1	120	0.039	
299	7	1	212	0.068	
299	7	1	96	0.069	
299	7	1	96	0.067	
0	8	1	88	0.137	
0	8	1	104	0.141	
0	8	1	96	0.138	
0	8	1	88	0.177	
0	8	1	97	0.139	
1	8	1	82	0.165	
1	8	1	89	0.131	
1	8	1	82	0.172	
1	8	1	77	0.083	
1	8	1	94	0.120	
2	8	1	80	0.115	
2	8	1	82	0.107	
2	8	1	78	0.117	
2	8	1	79	0.114	
2	8	1	90	0.112	
3	8	1	73	0.225	
3	8	1	73	0.190	
3	8	1	73	0.192	
3	8	1	72	0.204	
3	8	1	73	0.192	
4	8	1	124	0.105	
4	8	1	60	0.108	
4	8	1	59	0.099	
4	8	1	119	0.067	
4	8	1	110	0.112	
5	8	1	59	0.355	
5	8	1	59	0.340	
5	8	1	59	0.340	
5	8	1	59	0.340	
5	8	1	59	0.335	
6	8	1	88	0.184	
6	8	1	83	0.184	
6	8	1	92	0.178	
6	8	1	104	0.142	
6	8	1	108	0.153	
7	8	1	90	0.116	
7	8	1	76	0.135	
7	8	1	77	0.120	
7	8	1	74	0.123	
7	8	1	77	0.126	
8	8	1	69	0.166	
8	8	1	71	0.144	
8	8	1	68	0.171	
8	8	1	70	0.157	
8	8	1	72	0.151	
9	8	1	64	0.310	
9	8	1	64	0.332	
9	8	1	64	0.356	
9	8	1	64	0.325	
9	8	1	64	0.349	
10	8	1	66	0.158	
10	8	1	71	0.167	
10	8	1	70	0.210	
10	8	1	71	0.167	
10	8	1	65	0.158	
11	8	1	61	0.374	
11	8	1	62	0.370	
11	8	1	61	0.378	
11	8	1	61	0.372	
11	8	1	61	0.357	
12	8	1	93	0.138	
12	8	1	91	0.180	
12	8	1	97	0.161	
12	8	1	101	0.149	
12	8	1	91	0.119	
13	8	1	88	0.098	
13	8	1	94	0.088	
13	8	1	75	0.085	
13	8	1	250	0.124	
13	8	1	88	0.092	
14	8	1	62	0.308	
14	8	1	62	0.308	
14	8	1	62	0.308	
14	8	1	62	0.308	
14	8	1	62	0.308	
15	8	1	67	0.256	
15	8	1	66	0.280	
15	8	1	67	0.297	
15	8	1	65	0.302	
15	8	1	77	0.302	
16	8	1	99	0.152	
16	8	1	88	0.218	
16	8	1	84	0.157	
16	8	1	101	0.167	
16	8	1	81	0.169	
17	8	1	71	0.324	
17	8	1	79	0.292	
17	8	1	76	0.326	
17	8	1	76	0.326	
17	8	1	69	0.273	
18	8	1	72	0.289	
18	8	1	63	0.315	
18	8	1	63	0.301	
18	8	1	69	0.345	
18	8	1	63	0.279	
19	8	1	126	0.122	
19	8	1	96	0.099	
19	8	1	91	0.123	
19	8	1	120	0.101	
19	8	1	91	0.122	
20	8	1	62	0.347	
20	8	1	61	0.348	
20	8	1	60	0.353	
20	8	1	61	0.354	
20	8	1	60	0.350	
21	8	1	65	0.219	
21	8	1	66	0.354	
21	8	1	67	0.220	
21	8	1	64	0.289	
21	8	1	66	0.240	
22	8	1	70	0.154	
22	8	1	82	0.166	
22	8	1	103	0.061	
22	8	1	72	0.186	
22	8	1	80	0.159	
23	8	1	89	0.133	
23	8	1	85	0.100	
23	8	1	89	0.165	
23	8	1	85	0.119	
23	8	1	83	0.136	
24	8	1	84	0.160	
24	8	1	102	0.133	
24	8	1	90	0.173	
24	8	1	89	0.161	
24	8	1	80	0.194	
25	8	1	59	0.345	
25	8	1	59	0.345	
25	8	1	59	0.345	
25	8	1	59	0.345	
25	8	1	59	0.345	
26	8	1	68	0.192	
26	8	1	64	0.237	
26	8	1	74	0.228	
26	8	1	67	0.224	
26	8	1	81	0.143	
27	8	1	65	0.210	
27	8	1	64	0.236	
27	8	1	65	0.222	
27	8	1	65	0.225	
27	8	1	65	0.236	
28	8	1	60	0.359	
28	8	1	61	0.376	
28	8	1	60	0.352	
28	8	1	67	0.360	
28	8	1	61	0.360	
29	8	1	72	0.268	
29	8	1	65	0.289	
29	8	1	67	0.242	
29	8	1	65	0.289	
29	8	1	67	0.242	
30	8	1	92	0.238	
30	8	1	95	0.154	
30	8	1	96	0.195	
30	8	1	82	0.235	
30	8	1	84	0.224	
31	8	1	62	0.363	
31	8	1	63	0.355	
31	8	1	62	0.372	
31	8	1	62	0.372	
31	8	1	64	0.347	
32	8	1	62	0.266	
32	8	1	62	0.262	
32	8	1	62	0.264	
32	8	1	62	0.231	
32	8	1	62	0.261	
33	8	1	97	0.133	
33	8	1	103	0.175	
33	8	1	114	0.142	
33	8	1	86	0.194	
33	8	1	104	0.122	
34	8	1	63	0.245	
34	8	1	64	0.259	
34	8	1	63	0.249	
34	8	1	63	0.242	
34	8	1	70	0.248	
35	8	1	68	0.100	
35	8	1	84	0.074	
35	8	1	84	0.068	
35	8	1	71	0.111	
35	8	1	85	0.080	
36	8	1	60	0.377	
36	8	1	60	0.351	
36	8	1	60	0.351	
36	8	1	60	0.377	
36	8	1	60	0.377	
37	8	1	99	0.154	
37	8	1	95	0.164	
37	8	1	92	0.136	
37	8	1	93	0.139	
37	8	1	97	0.124	
38	8	1	108	0.097	
38	8	1	83	0.116	
38	8	1	92	0.092	
38	8	1	94	0.081	
38	8	1	83	0.111	
39	8	1	72	0.150	
39	8	1	71	0.211	
39	8	1	71	0.164	
39	8	1	67	0.129	
39	8	1	67	0.148	
40	8	1	59	0.337	
40	8	1	59	0.340	
40	8	1	59	0.337	
40	8	1	59	0.340	
40	8	1	59	0.337	
41	8	1	59	0.333	
41	8	1	59	0.371	
41	8	1	59	0.325	
41	8	1	59	0.325	
41	8	1	59	0.333	
42	8	1	59	0.639	
42	8	1	59	0.639	
42	8	1	59	0.639	
42	8	1	59	0.639	
42	8	1	59	0.639	
43	8	1	129	0.130	
43	8	1	112	0.127	
43	8	1	111	0.155	
43	8	1	94	0.174	
43	8	1	96	0.190	
44	8	1	94	0.128	
44	8	1	112	0.109	
44	8	1	96	0.139	
44	8	1	106	0.075	
44	8	1	104	0.073	
45	8	1	79	0.120	
45	8	1	80	0.127	
45	8	1	77	0.129	
45	8	1	81	0.120	
45	8	1	92	0.083	
46	8	1	98	0.102	
46	8	1	96	0.124	
46	8	1	122	0.110	
46	8	1	105	0.120	
46	8	1	106	0.095	
47	8	1	250	0.068	
47	8	1	98	0.085	
47	8	1	86	0.090	
47	8	1	91	0.088	
47	8	1	107	0.085	
48	8	1	73	0.195	
48	8	1	71	0.184	
48	8	1	70	0.171	
48	8	1	72	0.184	
48	8	1	71	0.173	
49	8	1	97	0.131	
49	8	1	96	0.152	
49	8	1	102	0.175	
49	8	1	97	0.127	
49	8	1	96	0.159	
50	8	1	67	0.330	
50	8	1	66	0.283	
50	8	1	62	0.361	
50	8	1	66	0.282	
50	8	1	64	0.327	
51	8	1	72	0.327	
51	8	1	71	0.341	
51	8	1	72	0.251	
51	8	1	71	0.348	
51	8	1	71	0.339	
52	8	1	62	0.286	
52	8	1	62	0.308	
52	8	1	62	0.308	
52	8	1	63	0.337	
52	8	1	63	0.330	
53	8	1	78	0.085	
53	8	1	77	0.098	
53	8	1	81	0.138	
53	8	1	75	0.082	
53	8	1	79	0.119	
54	8	1	62	0.359	
54	8	1	61	0.349	
54	8	1	60	0.371	
54	8	1	70	0.299	
54	8	1	62	0.347	
55	8	1	81	0.088	
55	8	1	84	0.094	
55	8	1	106	0.074	
55	8	1	81	0.111	
55	8	1	86	0.104	
56	8	1	66	0.294	
56	8	1	64	0.322	
56	8	1	64	0.325	
56	8	1	62	0.320	
56	8	1	63	0.336	
57	8	1	102	0.124	
57	8	1	104	0.113	
57	8	1	97	0.104	
57	8	1	126	0.106	
57	8	1	104	0.098	
58	8	1	127	0.104	
58	8	1	126	0.128	
58	8	1	134	0.113	
58	8	1	121	0.118	
58	8	1	117	0.096	
59	8	1	107	0.087	
59	8	1	106	0.068	
59	8	1	107	0.108	
59	8	1	79	0.042	
59	8	1	96	0.090	
60	8	1	96	0.100	
60	8	1	83	0.092	
60	8	1	93	0.098	
60	8	1	84	0.107	
60	8	1	88	0.100	
61	8	1	59	0.388	
61	8	1	59	0.391	
61	8	1	59	0.391	
61	8	1	59	0.388	
61	8	1	59	0.388	
62	8	1	137	0.048	
62	8	1	124	0.084	
62	8	1	138	0.087	
62	8	1	140	0.085	
62	8	1	130	0.088	
63	8	1	89	0.083	
63	8	1	86	0.107	
63	8	1	85	0.101	
63	8	1	93	0.110	
63	8	1	87	0.123	
64	8	1	74	0.162	
64	8	1	78	0.187	
64	8	1	100	0.170	
64	8	1	73	0.141	
64	8	1	75	0.181	
65	8	1	61	0.240	
65	8	1	64	0.299	
65	8	1	60	0.323	
65	8	1	63	0.333	
65	8	1	62	0.257	
66	8	1	75	0.132	
66	8	1	78	0.143	
66	8	1	82	0.163	
66	8	1	84	0.103	
66	8	1	85	0.060	
67	8	1	59	0.337	
67	8	1	59	0.337	
67	8	1	59	0.337	
67	8	1	59	0.337	
67	8	1	59	0.337	
68	8	1	74	0.198	
68	8	1	71	0.168	
68	8	1	71	0.168	
68	8	1	71	0.168	
68	8	1	71	0.195	
69	8	1	86	0.140	
69	8	1	106	0.112	
69	8	1	104	0.143	
69	8	1	98	0.124	
69	8	1	100	0.112	
70	8	1	70	0.216	
70	8	1	66	0.257	
70	8	1	81	0.256	
70	8	1	79	0.167	
70	8	1	80	0.204	
71	8	1	62	0.228	
71	8	1	66	0.174	
71	8	1	64	0.255	
71	8	1	81	0.160	
71	8	1	62	0.246	
72	8	1	65	0.242	
72	8	1	60	0.240	
72	8	1	62	0.214	
72	8	1	81	0.087	
72	8	1	61	0.180	
73	8	1	75	0.196	
73	8	1	74	0.177	
73	8	1	75	0.172	
73	8	1	78	0.143	
73	8	1	74	0.212	
74	8	1	66	0.191	
74	8	1	76	0.180	
74	8	1	77	0.097	
74	8	1	78	0.169	
74	8	1	77	0.097	
75	8	1	59	0.356	
75	8	1	59	0.357	
75	8	1	59	0.350	
75	8	1	59	0.356	
75	8	1	59	0.350	
76	8	1	92	0.140	
76	8	1	85	0.124	
76	8	1	95	0.145	
76	8	1	87	0.142	
76	8	1	82	0.121	
77	8	1	64	0.250	
77	8	1	63	0.257	
77	8	1	64	0.250	
77	8	1	63	0.245	
77	8	1	61	0.278	
78	8	1	114	0.084	
78	8	1	95	0.112	
78	8	1	90	0.140	
78	8	1	98	0.068	
78	8	1	98	0.135	
79	8	1	62	0.276	
79	8	1	61	0.267	
79	8	1	62	0.289	
79	8	1	61	0.276	
79	8	1	62	0.282	
80	8	1	83	0.177	
80	8	1	83	0.165	
80	8	1	94	0.194	
80	8	1	95	0.159	
80	8	1	83	0.178	
81	8	1	73	0.159	
81	8	1	74	0.144	
81	8	1	74	0.158	
81	8	1	77	0.140	
81	8	1	76	0.136	
82	8	1	45	0.079	
82	8	1	55	0.083	
82	8	1	84	0.100	
82	8	1	80	0.101	
82	8	1	86	0.079	
83	8	1	66	0.249	
83	8	1	67	0.256	
83	8	1	63	0.278	
83	8	1	65	0.285	
83	8	1	66	0.249	
84	8	1	62	0.187	
84	8	1	76	0.094	
84	8	1	61	0.229	
84	8	1	78	0.078	
84	8	1	62	0.212	
85	8	1	103	0.117	
85	8	1	102	0.167	
85	8	1	106	0.103	
85	8	1	84	0.175	
85	8	1	90	0.165	
86	8	1	105	0.112	
86	8	1	107	0.132	
86	8	1	133	0.080	
86	8	1	115	0.081	
86	8	1	116	0.112	
87	8	1	61	0.352	
87	8	1	63	0.337	
87	8	1	63	0.289	
87	8	1	64	0.317	
87	8	1	63	0.300	
88	8	1	60	0.256	
88	8	1	60	0.256	
88	8	1	60	0.271	
88	8	1	60	0.256	
88	8	1	71	0.290	
89	8	1	74	0.139	
89	8	1	73	0.136	
89	8	1	74	0.144	
89	8	1	85	0.111	
89	8	1	73	0.125	
90	8	1	60	0.350	
90	8	1	60	0.348	
90	8	1	60	0.345	
90	8	1	60	0.344	
90	8	1	60	0.347	
91	8	1	63	0.253	
91	8	1	63	0.284	
91	8	1	63	0.284	
91	8	1	71	0.289	
91	8	1	64	0.301	
92	8	1	79	0.070	
92	8	1	85	0.070	
92	8	1	78	0.080	
92	8	1	83	0.081	
92	8	1	74	0.098	
93	8	1	59	0.791	
93	8	1	59	0.791	
93	8	1	59	0.791	
93	8	1	59	0.791	
93	8	1	59	0.791	
94	8	1	59	0.389	
94	8	1	59	0.389	
94	8	1	59	0.386	
94	8	1	59	0.389	
94	8	1	59	0.386	
95	8	1	77	0.093	
95	8	1	79	0.092	
95	8	1	73	0.092	
95	8	1	77	0.093	
95	8	1	78	0.092	
96	8	1	80	0.131	
96	8	1	94	0.175	
96	8	1	87	0.131	
96	8	1	84	0.131	
96	8	1	85	0.141	
97	8	1	80	0.129	
97	8	1	76	0.162	
97	8	1	74	0.119	
97	8	1	88	0.166	
97	8	1	79	0.135	
98	8	1	86	0.182	
98	8	1	92	0.145	
98	8	1	82	0.161	
98	8	1	112	0.155	
98	8	1	98	0.115	
99	8	1	98	0.102	
99	8	1	107	0.148	
99	8	1	124	0.066	
99	8	1	118	0.075	
99	8	1	105	0.134	
100	8	1	69	0.251	
100	8	1	75	0.234	
100	8	1	79	0.252	
100	8	1	70	0.237	
100	8	1	90	0.229	
101	8	1	61	0.387	
101	8	1	61	0.392	
101	8	1	61	0.392	
101	8	1	72	0.315	
101	8	1	65	0.281	
102	8	1	80	0.157	
102	8	1	72	0.176	
102	8	1	44	0.305	
102	8	1	95	0.128	
102	8	1	74	0.175	
103	8	1	101	0.103	
103	8	1	98	0.117	
103	8	1	93	0.139	
103	8	1	103	0.122	
103	8	1	100	0.131	
104	8	1	99	0.073	
104	8	1	95	0.106	
104	8	1	120	0.088	
104	8	1	250	0.088	
104	8	1	99	0.093	
105	8	1	94	0.145	
105	8	1	93	0.145	
105	8	1	99	0.135	
105	8	1	108	0.119	
105	8	1	85	0.164	
106	8	1	81	0.157	
106	8	1	80	0.166	
106	8	1	90	0.147	
106	8	1	91	0.140	
106	8	1	96	0.125	
107	8	1	78	0.277	
107	8	1	74	0.309	
107	8	1	71	0.264	
107	8	1	88	0.234	
107	8	1	71	0.299	
108	8	1	60	0.345	
108	8	1	62	0.289	
108	8	1	63	0.284	
108	8	1	62	0.349	
108	8	1	60	0.345	
109	8	1	77	0.212	
109	8	1	89	0.175	
109	8	1	87	0.144	
109	8	1	84	0.231	
109	8	1	86	0.168	
110	8	1	85	0.164	
110	8	1	85	0.146	
110	8	1	80	0.180	
110	8	1	73	0.154	
110	8	1	76	0.195	
111	8	1	143	0.116	
111	8	1	132	0.079	
111	8	1	143	0.091	
111	8	1	129	0.091	
111	8	1	146	0.111	
112	8	1	85	0.076	
112	8	1	93	0.100	
112	8	1	88	0.089	
112	8	1	76	0.088	
112	8	1	80	0.118	
113	8	1	187	0.099	
113	8	1	118	0.070	
113	8	1	105	0.125	
113	8	1	113	0.112	
113	8	1	103	0.116	
114	8	1	103	0.070	
114	8	1	95	0.101	
114	8	1	104	0.114	
114	8	1	113	0.120	
114	8	1	99	0.136	
115	8	1	86	0.122	
115	8	1	89	0.109	
115	8	1	90	0.107	
115	8	1	109	0.088	
115	8	1	86	0.132	
116	8	1	75	0.259	
116	8	1	79	0.309	
116	8	1	80	0.340	
116	8	1	75	0.253	
116	8	1	79	0.313	
117	8	1	89	0.112	
117	8	1	138	0.120	
117	8	1	49	0.137	
117	8	1	79	0.146	
117	8	1	109	0.126	
118	8	1	121	0.096	
118	8	1	124	0.109	
118	8	1	102	0.121	
118	8	1	101	0.105	
118	8	1	120	0.095	
119	8	1	114	0.121	
119	8	1	250	0.071	
119	8	0	28	0.000	
119	8	1	100	0.113	
119	8	1	116	0.118	
120	8	1	105	0.161	
120	8	1	106	0.163	
120	8	1	93	0.151	
120	8	1	102	0.129	
120	8	1	100	0.149	
121	8	1	84	0.148	
121	8	1	99	0.115	
121	8	1	102	0.107	
121	8	1	89	0.124	
121	8	1	104	0.122	
122	8	1	79	0.204	
122	8	1	75	0.176	
122	8	1	73	0.202	
122	8	1	79	0.160	
122	8	1	75	0.188	
123	8	1	101	0.157	
123	8	1	117	0.129	
123	8	1	124	0.160	
123	8	1	103	0.131	
123	8	1	114	0.154	
124	8	1	100	0.169	
124	8	1	107	0.116	
124	8	1	102	0.119	
124	8	1	103	0.101	
124	8	1	108	0.104	
125	8	1	86	0.147	
125	8	1	86	0.165	
125	8	1	88	0.143	
125	8	1	91	0.131	
125	8	1	82	0.167	
126	8	1	103	0.094	
126	8	1	83	0.127	
126	8	1	91	0.087	
126	8	1	87	0.117	
126	8	1	92	0.108	
127	8	1	92	0.098	
127	8	1	101	0.108	
127	8	1	85	0.134	
127	8	1	88	0.142	
127	8	1	84	0.117	
128	8	1	60	0.243	
128	8	1	60	0.220	
128	8	1	67	0.156	
128	8	1	60	0.272	
128	8	1	60	0.281	
129	8	1	91	0.169	
129	8	1	107	0.176	
129	8	1	100	0.158	
129	8	1	109	0.147	
129	8	1	97	0.136	
130	8	1	75	0.205	
130	8	1	79	0.160	
130	8	1	75	0.203	
130	8	1	74	0.219	
130	8	1	69	0.122	
131	8	1	91	0.143	
131	8	1	98	0.115	
131	8	1	91	0.099	
131	8	1	95	0.130	
131	8	1	98	0.142	
132	8	1	75	0.160	
132	8	1	86	0.122	
132	8	1	85	0.130	
132	8	1	27	0.361	
132	8	1	87	0.059	
133	8	1	107	0.082	
133	8	1	96	0.092	
133	8	1	92	0.107	
133	8	1	92	0.159	
133	8	1	100	0.133	
134	8	1	89	0.096	
134	8	1	89	0.096	
134	8	1	95	0.108	
134	8	1	94	0.107	
134	8	1	97	0.090	
135	8	1	73	0.358	
135	8	1	63	0.300	
135	8	1	63	0.308	
135	8	1	64	0.324	
135	8	1	63	0.326	
136	8	1	107	0.107	
136	8	1	98	0.128	
136	8	1	118	0.108	
136	8	1	121	0.085	
136	8	1	89	0.119	
137	8	1	95	0.101	
137	8	1	102	0.098	
137	8	1	113	0.102	
137	8	1	126	0.064	
137	8	1	120	0.071	
138	8	1	136	0.098	
138	8	1	149	0.106	
138	8	1	130	0.107	
138	8	1	112	0.100	
138	8	1	114	0.097	
139	8	1	80	0.097	
139	8	1	70	0.129	
139	8	1	78	0.099	
139	8	1	69	0.150	
139	8	1	85	0.087	
140	8	1	124	0.099	
140	8	1	102	0.113	
140	8	1	95	0.114	
140	8	1	112	0.097	
140	8	1	138	0.100	
141	8	1	89	0.146	
141	8	1	75	0.150	
141	8	1	81	0.133	
141	8	1	82	0.122	
141	8	1	79	0.126	
142	8	1	74	0.127	
142	8	1	72	0.126	
142	8	1	70	0.125	
142	8	1	72	0.115	
142	8	1	70	0.125	
143	8	1	93	0.158	
143	8	1	88	0.178	
143	8	1	83	0.171	
143	8	1	86	0.155	
143	8	1	90	0.143	
144	8	1	78	0.117	
144	8	1	79	0.107	
144	8	1	82	0.112	
144	8	1	81	0.116	
144	8	1	77	0.123	
145	8	1	73	0.109	
145	8	1	75	0.181	
145	8	1	76	0.146	
145	8	1	75	0.206	
145	8	1	75	0.150	
146	8	1	67	0.279	
146	8	1	67	0.287	
146	8	1	66	0.286	
146	8	1	67	0.279	
146	8	1	67	0.279	
147	8	1	77	0.090	
147	8	1	84	0.095	
147	8	1	71	0.094	
147	8	1	67	0.147	
147	8	1	83	0.091	
148	8	1	50	0.094	
148	8	1	50	0.087	
148	8	1	87	0.095	
148	8	1	88	0.092	
148	8	1	93	0.096	
149	8	1	70	0.155	
149	8	1	74	0.129	
149	8	1	75	0.126	
149	8	1	68	0.188	
149	8	1	91	0.061	
150	8	1	104	0.080	
150	8	1	94	0.122	
150	8	1	97	0.120	
150	8	1	88	0.099	
150	8	1	177	0.098	
151	8	1	84	0.123	
151	8	1	87	0.119	
151	8	1	90	0.096	
151	8	1	91	0.095	
151	8	1	87	0.134	
152	8	1	77	0.182	
152	8	1	71	0.217	
152	8	1	71	0.224	
152	8	1	80	0.155	
152	8	1	73	0.192	
153	8	1	113	0.105	
153	8	1	88	0.193	
153	8	1	102	0.207	
153	8	1	115	0.114	
153	8	1	109	0.125	
154	8	1	89	0.190	
154	8	1	91	0.141	
154	8	1	88	0.156	
154	8	1	102	0.125	
154	8	1	104	0.123	
155	8	1	72	0.155	
155	8	1	93	0.102	
155	8	1	79	0.142	
155	8	1	79	0.180	
155	8	1	81	0.105	
156	8	1	62	0.330	
156	8	1	62	0.340	
156	8	1	62	0.333	
156	8	1	62	0.338	
156	8	1	62	0.330	
157	8	1	110	0.104	
157	8	1	52	0.099	
157	8	1	95	0.104	
157	8	1	99	0.100	
157	8	1	100	0.095	
158	8	1	70	0.108	
158	8	1	119	0.092	
158	8	1	113	0.095	
158	8	1	125	0.108	
158	8	1	99	0.109	
159	8	1	61	0.348	
159	8	1	60	0.349	
159	8	1	60	0.349	
159	8	1	60	0.349	
159	8	1	60	0.349	
160	8	1	85	0.094	
160	8	1	83	0.110	
160	8	1	82	0.112	
160	8	1	87	0.097	
160	8	1	79	0.090	
161	8	1	61	0.283	
161	8	1	62	0.305	
161	8	1	62	0.303	
161	8	1	61	0.297	
161	8	1	61	0.318	
162	8	1	115	0.145	
162	8	1	116	0.094	
162	8	1	110	0.129	
162	8	1	110	0.133	
162	8	1	102	0.150	
163	8	1	114	0.120	
163	8	1	96	0.137	
163	8	1	114	0.124	
163	8	1	116	0.112	
163	8	1	117	0.129	
164	8	1	89	0.140	
164	8	1	82	0.166	
164	8	1	88	0.153	
164	8	1	89	0.159	
164	8	1	94	0.125	
165	8	1	95	0.092	
165	8	1	98	0.103	
165	8	1	98	0.110	
165	8	1	105	0.080	
165	8	1	102	0.097	
166	8	1	83	0.123	
166	8	1	84	0.127	
166	8	1	92	0.103	
166	8	1	82	0.129	
166	8	1	85	0.118	
167	8	1	81	0.090	
167	8	1	78	0.109	
167	8	1	104	0.108	
167	8	1	113	0.083	
167	8	1	84	0.122	
168	8	1	113	0.098	
168	8	1	102	0.123	
168	8	1	102	0.143	
168	8	1	101	0.129	
168	8	1	111	0.129	
169	8	1	96	0.082	
169	8	1	83	0.092	
169	8	1	85	0.111	
169	8	1	100	0.087	
169	8	1	101	0.109	
170	8	1	84	0.132	
170	8	1	75	0.093	
170	8	1	100	0.111	
170	8	1	88	0.123	
170	8	1	77	0.159	
171	8	1	113	0.095	
171	8	1	70	0.078	
171	8	1	104	0.106	
171	8	1	117	0.104	
171	8	1	62	0.067	
172	8	1	83	0.099	
172	8	1	89	0.102	
172	8	1	86	0.096	
172	8	1	95	0.089	
172	8	1	103	0.077	
173	8	1	108	0.078	
173	8	1	50	0.118	
173	8	1	70	0.102	
173	8	1	103	0.097	
173	8	1	113	0.086	
174	8	1	97	0.140	
174	8	1	81	0.154	
174	8	1	77	0.124	
174	8	1	85	0.105	
174	8	1	101	0.106	
175	8	1	120	0.072	
175	8	1	112	0.083	
175	8	1	118	0.119	
175	8	1	114	0.111	
175	8	1	118	0.107	
176	8	1	107	0.116	
176	8	1	91	0.102	
176	8	1	107	0.169	
176	8	1	92	0.146	
176	8	1	94	0.176	
177	8	1	115	0.144	
177	8	1	116	0.148	
177	8	1	129	0.155	
177	8	1	109	0.114	
177	8	1	128	0.128	
178	8	1	90	0.154	
178	8	1	96	0.134	
178	8	1	80	0.167	
178	8	1	84	0.154	
178	8	1	84	0.148	
179	8	1	112	0.106	
179	8	1	91	0.145	
179	8	1	99	0.138	
179	8	1	106	0.094	
179	8	1	120	0.103	
180	8	1	111	0.100	
180	8	1	107	0.101	
180	8	1	112	0.099	
180	8	1	113	0.101	
180	8	1	54	0.092	
181	8	1	250	0.094	
181	8	1	100	0.126	
181	8	1	105	0.093	
181	8	1	105	0.100	
181	8	1	126	0.081	
182	8	1	115	0.098	
182	8	1	138	0.096	
182	8	1	105	0.089	
182	8	1	127	0.081	
182	8	1	123	0.094	
183	8	1	105	0.159	
183	8	1	90	0.152	
183	8	1	94	0.166	
183	8	1	84	0.133	
183	8	1	88	0.147	
184	8	1	121	0.067	
184	8	1	98	0.158	
184	8	1	102	0.110	
184	8	1	103	0.157	
184	8	1	103	0.148	
185	8	1	79	0.087	
185	8	1	77	0.124	
185	8	1	77	0.146	
185	8	1	82	0.154	
185	8	1	81	0.154	
186	8	1	89	0.133	
186	8	1	98	0.123	
186	8	1	95	0.132	
186	8	1	110	0.125	
186	8	1	88	0.134	
187	8	1	81	0.129	
187	8	1	117	0.130	
187	8	1	110	0.120	
187	8	1	87	0.153	
187	8	1	88	0.151	
188	8	1	94	0.101	
188	8	1	82	0.090	
188	8	1	87	0.112	
188	8	1	84	0.080	
188	8	1	107	0.091	
189	8	1	91	0.089	
189	8	1	103	0.096	
189	8	1	91	0.063	
189	8	1	96	0.086	
189	8	1	92	0.063	
190	8	1	98	0.114	
190	8	1	100	0.134	
190	8	1	97	0.147	
190	8	1	103	0.122	
190	8	1	93	0.107	
191	8	1	114	0.082	
191	8	1	130	0.021	
191	8	1	132	0.073	
191	8	1	129	0.093	
191	8	1	139	0.083	
192	8	1	47	0.082	
192	8	1	106	0.099	
192	8	1	118	0.061	
192	8	1	115	0.078	
192	8	1	105	0.070	
193	8	1	115	0.089	
193	8	1	109	0.111	
193	8	1	98	0.115	
193	8	1	115	0.092	
193	8	1	119	0.084	
194	8	1	92	0.140	
194	8	1	117	0.096	
194	8	1	112	0.115	
194	8	1	102	0.111	
194	8	1	97	0.153	
195	8	1	103	0.093	
195	8	1	80	0.102	
195	8	1	88	0.101	
195	8	1	98	0.098	
195	8	1	105	0.086	
196	8	1	94	0.117	
196	8	1	92	0.116	
196	8	1	85	0.081	
196	8	1	102	0.114	
196	8	1	85	0.103	
197	8	1	99	0.086	
197	8	1	94	0.155	
197	8	1	110	0.076	
197	8	1	93	0.079	
197	8	1	95	0.103	
198	8	1	83	0.107	
198	8	1	83	0.121	
198	8	1	82	0.111	
198	8	1	88	0.128	
198	8	1	90	0.130	
199	8	1	110	0.075	
199	8	1	115	0.101	
199	8	1	119	0.079	
199	8	1	146	0.082	
199	8	1	92	0.080	
200	8	1	80	0.111	
200	8	1	82	0.119	
200	8	1	81	0.126	
200	8	1	77	0.148	
200	8	1	98	0.088	
201	8	1	81	0.092	
201	8	1	79	0.091	
201	8	1	83	0.101	
201	8	1	80	0.100	
201	8	1	81	0.105	
202	8	1	79	0.142	
202	8	1	82	0.144	
202	8	1	88	0.176	
202	8	1	80	0.122	
202	8	1	106	0.106	
203	8	1	85	0.126	
203	8	1	85	0.101	
203	8	1	102	0.078	
203	8	1	85	0.078	
203	8	1	85	0.124	
204	8	1	136	0.057	
204	8	1	120	0.094	
204	8	1	105	0.125	
204	8	1	121	0.115	
204	8	1	119	0.069	
205	8	1	41	0.097	
205	8	1	103	0.105	
205	8	1	132	0.117	
205	8	1	113	0.099	
205	8	1	127	0.115	
206	8	1	103	0.097	
206	8	1	102	0.094	
206	8	1	96	0.093	
206	8	1	92	0.101	
206	8	1	193	0.083	
207	8	1	101	0.103	
207	8	1	126	0.085	
207	8	1	98	0.092	
207	8	1	250	0.053	
207	8	1	100	0.117	
208	8	1	65	0.100	
208	8	1	101	0.093	
208	8	1	103	0.082	
208	8	1	93	0.081	
208	8	1	65	0.080	
209	8	1	82	0.124	
209	8	1	94	0.149	
209	8	1	82	0.165	
209	8	1	91	0.173	
209	8	1	89	0.150	
210	8	1	96	0.102	
210	8	1	95	0.114	
210	8	1	104	0.106	
210	8	1	107	0.103	
210	8	1	105	0.060	
211	8	1	250	0.062	
211	8	1	99	0.094	
211	8	1	108	0.098	
211	8	1	122	0.087	
211	8	1	101	0.095	
212	8	1	69	0.146	
212	8	1	70	0.133	
212	8	1	68	0.146	
212	8	1	71	0.134	
212	8	1	78	0.129	
213	8	1	103	0.051	
213	8	1	112	0.094	
213	8	1	107	0.082	
213	8	1	103	0.097	
213	8	1	115	0.083	
214	8	1	122	0.100	
214	8	1	125	0.085	
214	8	1	125	0.091	
214	8	1	115	0.105	
214	8	1	114	0.057	
215	8	1	98	0.136	
215	8	1	104	0.154	
215	8	1	87	0.136	
215	8	1	93	0.142	
215	8	1	89	0.144	
216	8	1	100	0.122	
216	8	1	101	0.109	
216	8	1	99	0.137	
216	8	1	95	0.141	
216	8	1	99	0.126	
217	8	1	104	0.091	
217	8	1	105	0.084	
217	8	1	100	0.099	
217	8	1	109	0.110	
217	8	1	110	0.094	
218	8	1	98	0.093	
218	8	1	60	0.098	
218	8	1	54	0.092	
218	8	1	77	0.084	
218	8	1	98	0.082	
219	8	1	89	0.121	
219	8	1	108	0.088	
219	8	1	122	0.113	
219	8	1	102	0.112	
219	8	1	93	0.125	
220	8	1	80	0.126	
220	8	1	96	0.123	
220	8	1	90	0.111	
220	8	1	83	0.046	
220	8	1	77	0.118	
221	8	1	112	0.057	
221	8	1	128	0.081	
221	8	1	163	0.071	
221	8	1	125	0.097	
221	8	1	83	0.064	
222	8	1	100	0.135	
222	8	1	95	0.103	
222	8	1	99	0.135	
222	8	1	96	0.111	
222	8	1	88	0.141	
223	8	1	50	0.146	
223	8	1	96	0.118	
223	8	1	110	0.122	
223	8	1	57	0.104	
223	8	1	96	0.121	
224	8	1	103	0.100	
224	8	1	107	0.039	
224	8	1	109	0.079	
224	8	1	87	0.099	
224	8	1	103	0.100	
225	8	1	49	0.112	
225	8	1	88	0.110	
225	8	1	111	0.102	
225	8	0	36	0.015	
225	8	1	111	0.081	
226	8	1	75	0.115	
226	8	1	74	0.113	
226	8	1	73	0.136	
226	8	1	82	0.119	
226	8	1	76	0.099	
227	8	1	117	0.096	
227	8	1	122	0.138	
227	8	1	111	0.128	
227	8	1	153	0.089	
227	8	1	108	0.128	
228	8	1	128	0.116	
228	8	1	134	0.084	
228	8	1	133	0.085	
228	8	1	123	0.085	
228	8	1	110	0.109	
229	8	1	88	0.099	
229	8	1	93	0.072	
229	8	1	96	0.077	
229	8	1	92	0.081	
229	8	1	94	0.085	
230	8	1	115	0.091	
230	8	1	103	0.102	
230	8	1	117	0.074	
230	8	1	114	0.096	
230	8	1	117	0.067	
231	8	1	93	0.186	
231	8	1	103	0.168	
231	8	1	104	0.171	
231	8	1	100	0.147	
231	8	1	94	0.173	
232	8	1	83	0.126	
232	8	1	82	0.141	
232	8	1	83	0.100	
232	8	1	82	0.130	
232	8	1	91	0.141	
233	8	1	60	0.339	
233	8	1	63	0.315	
233	8	1	62	0.309	
233	8	1	61	0.359	
233	8	1	62	0.312	
234	8	1	92	0.111	
234	8	1	89	0.130	
234	8	1	102	0.130	
234	8	1	94	0.121	
234	8	1	95	0.095	
235	8	1	100	0.101	
235	8	1	105	0.090	
235	8	1	59	0.117	
235	8	1	99	0.077	
235	8	1	110	0.083	
236	8	1	83	0.203	
236	8	1	86	0.167	
236	8	1	82	0.113	
236	8	1	78	0.114	
236	8	1	69	0.172	
237	8	1	53	0.102	
237	8	1	55	0.108	
237	8	1	49	0.105	
237	8	1	50	0.086	
237	8	1	53	0.114	
238	8	1	112	0.079	
238	8	1	107	0.082	
238	8	1	88	0.065	
238	8	1	119	0.082	
238	8	1	112	0.076	
239	8	1	74	0.213	
239	8	1	96	0.248	
239	8	1	110	0.188	
239	8	1	85	0.236	
239	8	1	90	0.224	
240	8	1	86	0.230	
240	8	1	92	0.201	
240	8	1	89	0.189	
240	8	1	86	0.138	
240	8	1	92	0.219	
241	8	1	106	0.100	
241	8	1	127	0.115	
241	8	1	112	0.072	
241	8	1	125	0.090	
241	8	1	106	0.083	
242	8	1	91	0.087	
242	8	1	112	0.090	
242	8	1	64	0.119	
242	8	1	97	0.089	
242	8	1	64	0.117	
243	8	1	48	0.094	
243	8	1	50	0.083	
243	8	1	56	0.086	
243	8	1	57	0.104	
243	8	1	60	0.099	
244	8	1	126	0.085	
244	8	1	105	0.098	
244	8	1	99	0.074	
244	8	1	79	0.101	
244	8	1	119	0.099	
245	8	1	108	0.056	
245	8	1	110	0.046	
245	8	1	105	0.083	
245	8	1	116	0.088	
245	8	1	95	0.075	
246	8	1	119	0.082	
246	8	1	250	0.090	
246	8	1	141	0.089	
246	8	1	128	0.096	
246	8	1	129	0.084	
247	8	1	85	0.113	
247	8	1	69	0.203	
247	8	1	73	0.198	
247	8	1	73	0.204	
247	8	1	75	0.187	
248	8	1	107	0.123	
248	8	1	96	0.140	
248	8	1	106	0.117	
248	8	1	103	0.123	
248	8	1	107	0.122	
249	8	1	98	0.065	
249	8	1	115	0.133	
249	8	1	100	0.125	
249	8	1	96	0.097	
249	8	1	100	0.129	
250	8	1	135	0.085	
250	8	1	86	0.079	
250	8	1	125	0.068	
250	8	1	124	0.070	
250	8	1	134	0.078	
251	8	1	79	0.094	
251	8	1	94	0.075	
251	8	1	94	0.069	
251	8	1	89	0.132	
251	8	1	93	0.065	
252	8	1	68	0.088	
252	8	1	71	0.106	
252	8	1	78	0.101	
252	8	1	75	0.108	
252	8	1	84	0.103	
253	8	1	62	0.071	
253	8	1	111	0.070	
253	8	1	60	0.082	
253	8	1	130	0.096	
253	8	1	108	0.102	
254	8	1	96	0.154	
254	8	1	88	0.123	
254	8	1	101	0.142	
254	8	1	96	0.151	
254	8	1	91	0.138	
255	8	1	111	0.067	
255	8	1	100	0.060	
255	8	1	124	0.063	
255	8	1	112	0.099	
255	8	1	106	0.076	
256	8	1	106	0.094	
256	8	1	108	0.101	
256	8	1	92	0.101	
256	8	1	104	0.095	
256	8	1	102	0.099	
257	8	1	70	0.205	
257	8	1	71	0.163	
257	8	1	70	0.220	
257	8	1	71	0.232	
257	8	1	72	0.251	
258	8	1	94	0.110	
258	8	1	95	0.134	
258	8	1	93	0.143	
258	8	1	100	0.123	
258	8	1	103	0.107	
259	8	1	80	0.089	
259	8	1	83	0.200	
259	8	1	81	0.201	
259	8	1	74	0.178	
259	8	1	82	0.170	
260	8	1	71	0.182	
260	8	1	131	0.098	
260	8	1	126	0.100	
260	8	1	130	0.100	
260	8	1	124	0.098	
261	8	1	91	0.092	
261	8	1	102	0.110	
261	8	1	85	0.097	
261	8	1	92	0.105	
261	8	1	95	0.091	
262	8	1	109	0.116	
262	8	1	137	0.084	
262	8	1	112	0.100	
262	8	1	120	0.084	
262	8	1	110	0.066	
263	8	1	97	0.105	
263	8	1	100	0.098	
263	8	1	93	0.110	
263	8	1	93	0.109	
263	8	1	94	0.112	
264	8	1	110	0.095	
264	8	1	105	0.070	
264	8	1	250	0.062	
264	8	1	94	0.066	
264	8	1	101	0.107	
265	8	1	122	0.096	
265	8	1	162	0.075	
265	8	1	150	0.079	
265	8	1	139	0.120	
265	8	1	121	0.111	
266	8	1	98	0.148	
266	8	1	116	0.140	
266	8	1	107	0.125	
266	8	1	111	0.114	
266	8	1	112	0.121	
267	8	1	250	0.039	
267	8	1	107	0.085	
267	8	1	89	0.106	
267	8	1	89	0.103	
267	8	1	128	0.090	
268	8	1	107	0.085	
268	8	1	81	0.076	
268	8	1	103	0.079	
268	8	1	140	0.064	
268	8	1	107	0.079	
269	8	1	96	0.065	
269	8	1	91	0.090	
269	8	1	84	0.099	
269	8	1	84	0.092	
269	8	1	96	0.098	
270	8	1	69	0.182	
270	8	1	82	0.170	
270	8	1	68	0.220	
270	8	1	67	0.192	
270	8	1	68	0.220	
271	8	1	133	0.089	
271	8	1	131	0.080	
271	8	1	109	0.085	
271	8	1	131	0.081	
271	8	1	138	0.076	
272	8	1	147	0.080	
272	8	1	125	0.105	
272	8	1	122	0.088	
272	8	1	118	0.094	
272	8	1	125	0.090	
273	8	1	59	0.133	
273	8	1	64	0.096	
273	8	1	155	0.065	
273	8	1	65	0.116	
273	8	1	44	0.079	
274	8	1	80	0.120	
274	8	1	77	0.196	
274	8	1	78	0.196	
274	8	1	95	0.114	
274	8	1	91	0.098	
275	8	1	150	0.099	
275	8	1	158	0.104	
275	8	1	147	0.102	
275	8	1	153	0.075	
275	8	1	148	0.098	
276	8	1	123	0.093	
276	8	1	117	0.090	
276	8	1	124	0.109	
276	8	1	140	0.103	
276	8	1	142	0.097	
277	8	1	102	0.105	
277	8	1	116	0.096	
277	8	1	117	0.126	
277	8	1	87	0.084	
277	8	1	115	0.115	
278	8	1	139	0.080	
278	8	1	110	0.113	
278	8	1	110	0.125	
278	8	1	121	0.097	
278	8	1	109	0.119	
279	8	1	134	0.094	
279	8	1	144	0.099	
279	8	1	158	0.085	
279	8	1	130	0.095	
279	8	1	146	0.077	
280	8	1	123	0.065	
280	8	1	113	0.088	
280	8	1	124	0.072	
280	8	1	250	0.051	
280	8	1	110	0.082	
281	8	1	134	0.092	
281	8	1	132	0.089	
281	8	1	128	0.098	
281	8	1	135	0.114	
281	8	1	112	0.108	
282	8	1	59	0.144	
282	8	1	152	0.098	
282	8	1	162	0.092	
282	8	1	156	0.105	
282	8	1	140	0.112	
283	8	1	131	0.078	
283	8	1	151	0.088	
283	8	1	140	0.089	
283	8	1	86	0.087	
283	8	1	156	0.085	
284	8	1	94	0.128	
284	8	1	89	0.126	
284	8	1	97	0.104	
284	8	1	109	0.099	
284	8	1	125	0.093	
285	8	1	117	0.074	
285	8	1	136	0.068	
285	8	1	136	0.084	
285	8	1	59	0.096	
285	8	1	127	0.080	
286	8	1	104	0.081	
286	8	1	119	0.106	
286	8	1	98	0.087	
286	8	1	101	0.102	
286	8	1	110	0.093	
287	8	1	129	0.092	
287	8	1	69	0.098	
287	8	1	141	0.112	
287	8	1	74	0.099	
287	8	1	114	0.078	
288	8	1	121	0.038	
288	8	1	141	0.032	
288	8	1	117	0.049	
288	8	1	118	0.061	
288	8	1	137	0.052	
289	8	1	110	0.126	
289	8	1	95	0.108	
289	8	1	137	0.086	
289	8	1	114	0.091	
289	8	1	65	0.108	
290	8	1	109	0.092	
290	8	1	108	0.099	
290	8	1	110	0.112	
290	8	1	111	0.126	
290	8	1	118	0.134	
291	8	1	65	0.235	
291	8	1	65	0.235	
291	8	1	65	0.235	
291	8	1	65	0.235	
291	8	1	65	0.235	
292	8	1	120	0.123	
292	8	1	105	0.115	
292	8	1	123	0.078	
292	8	1	111	0.135	
292	8	1	120	0.089	
293	8	1	115	0.093	
293	8	1	106	0.093	
293	8	1	134	0.105	
293	8	1	133	0.129	
293	8	1	135	0.090	
294	8	1	125	0.053	
294	8	1	111	0.107	
294	8	1	110	0.111	
294	8	1	117	0.090	
294	8	1	128	0.115	
295	8	1	103	0.100	
295	8	1	65	0.097	
295	8	1	110	0.103	
295	8	1	106	0.098	
295	8	1	126	0.101	
296	8	1	88	0.166	
296	8	1	92	0.099	
296	8	1	87	0.123	
296	8	1	85	0.138	
296	8	1	83	0.159	
297	8	1	125	0.091	
297	8	1	140	0.097	
297	8	1	120	0.108	
297	8	1	114	0.099	
297	8	1	50	0.101	
298	8	1	129	0.115	
298	8	1	107	0.128	
298	8	1	112	0.120	
298	8	1	120	0.076	
298	8	1	98	0.103	
299	8	1	118	0.064	
299	8	1	119	0.087	
299	8	1	113	0.091	
299	8	1	119	0.074	
299	8	1	131	0.079	
0	9	1	92	0.153	
0	9	1	96	0.119	
0	9	1	96	0.149	
0	9	1	117	0.148	
0	9	1	97	0.139	
1	9	1	80	0.210	
1	9	1	85	0.223	
1	9	1	83	0.224	
1	9	1	92	0.241	
1	9	1	81	0.194	
2	9	1	85	0.112	
2	9	1	92	0.122	
2	9	1	81	0.135	
2	9	1	89	0.134	
2	9	1	87	0.120	
3	9	1	71	0.161	
3	9	1	69	0.247	
3	9	1	71	0.225	
3	9	1	71	0.165	
3	9	1	71	0.169	
4	9	1	142	0.083	
4	9	1	117	0.107	
4	9	1	54	0.125	
4	9	1	113	0.104	
4	9	1	132	0.058	
5	9	1	68	0.362	
5	9	1	68	0.365	
5	9	1	68	0.346	
5	9	1	68	0.365	
5	9	1	68	0.346	
6	9	1	97	0.168	
6	9	1	106	0.160	
6	9	1	98	0.195	
6	9	1	99	0.180	
6	9	1	91	0.189	
7	9	1	97	0.122	
7	9	1	82	0.132	
7	9	1	82	0.119	
7	9	1	88	0.130	
7	9	1	89	0.139	
8	9	1	77	0.111	
8	9	1	77	0.111	
8	9	1	98	0.102	
8	9	1	85	0.119	
8	9	1	74	0.189	
9	9	1	72	0.316	
9	9	1	72	0.313	
9	9	1	72	0.347	
9	9	1	72	0.302	
9	9	1	72	0.312	
10	9	1	74	0.194	
10	9	1	77	0.162	
10	9	1	77	0.184	
10	9	1	81	0.132	
10	9	1	74	0.200	
11	9	1	68	0.291	
11	9	1	69	0.310	
11	9	1	68	0.292	
11	9	1	69	0.315	
11	9	1	68	0.292	
12	9	1	89	0.161	
12	9	1	101	0.138	
12	9	1	100	0.167	
12	9	1	103	0.175	
12	9	1	99	0.181	
13	9	1	83	0.103	
13	9	1	86	0.116	
13	9	1	81	0.118	
13	9	1	85	0.107	
13	9	1	88	0.114	
14	9	1	70	0.323	
14	9	1	70	0.329	
14	9	1	70	0.323	
14	9	1	70	0.323	
14	9	1	70	0.329	
15	9	1	73	0.279	
15	9	1	72	0.295	
15	9	1	74	0.216	
15	9	1	72	0.322	
15	9	1	72	0.310	
16	9	1	86	0.231	
16	9	1	102	0.193	
16	9	1	95	0.232	
16	9	1	104	0.168	
16	9	1	98	0.132	
17	9	1	76	0.288	
17	9	1	76	0.296	
17	9	1	78	0.342	
17	9	1	72	0.275	
17	9	1	74	0.304	
18	9	1	69	0.331	
18	9	1	69	0.331	
18	9	1	69	0.331	
18	9	1	69	0.342	
18	9	1	71	0.344	
19	9	1	107	0.096	
19	9	1	118	0.108	
19	9	1	93	0.123	
19	9	1	120	0.111	
19	9	1	97	0.114	
20	9	1	68	0.333	
20	9	1	68	0.336	
20	9	1	70	0.303	
20	9	1	69	0.298	
20	9	1	68	0.335	
21	9	1	72	0.288	
21	9	1	72	0.280	
21	9	1	72	0.308	
21	9	1	72	0.275	
21	9	1	72	0.284	
22	9	1	81	0.183	
22	9	1	79	0.156	
22	9	1	99	0.192	
22	9	1	83	0.160	
22	9	1	84	0.126	
23	9	1	82	0.136	
23	9	1	93	0.128	
23	9	1	87	0.136	
23	9	1	82	0.163	
23	9	1	89	0.137	
24	9	1	104	0.136	
24	9	1	106	0.112	
24	9	1	93	0.200	
24	9	1	93	0.171	
24	9	1	117	0.124	
25	9	1	68	0.378	
25	9	1	68	0.378	
25	9	1	68	0.378	
25	9	1	68	0.378	
25	9	1	68	0.371	
26	9	1	86	0.137	
26	9	1	84	0.226	
26	9	1	85	0.230	
26	9	1	80	0.116	
26	9	1	75	0.206	
27	9	1	73	0.234	
27	9	1	71	0.200	
27	9	1	71	0.228	
27	9	1	71	0.200	
27	9	1	71	0.200	
28	9	1	70	0.315	
28	9	1	69	0.346	
28	9	1	70	0.313	
28	9	1	70	0.302	
28	9	1	70	0.342	
29	9	1	74	0.199	
29	9	1	75	0.233	
29	9	1	74	0.205	
29	9	1	73	0.231	
29	9	1	74	0.228	
30	9	1	102	0.131	
30	9	1	102	0.130	
30	9	1	100	0.207	
30	9	1	122	0.158	
30	9	1	100	0.175	
31	9	1	70	0.306	
31	9	1	72	0.284	
31	9	1	73	0.278	
31	9	1	71	0.263	
31	9	1	73	0.292	
32	9	1	70	0.297	
32	9	1	70	0.268	
32	9	1	70	0.285	
32	9	1	70	0.297	
32	9	1	70	0.280	
33	9	1	100	0.198	
33	9	1	117	0.113	
33	9	1	99	0.198	
33	9	1	125	0.122	
33	9	1	101	0.169	
34	9	1	72	0.283	
34	9	1	72	0.290	
34	9	1	71	0.259	
34	9	1	72	0.285	
34	9	1	71	0.281	
35	9	1	89	0.098	
35	9	1	86	0.100	
35	9	1	85	0.110	
35	9	1	94	0.087	
35	9	1	84	0.114	
36	9	1	68	0.304	
36	9	1	68	0.270	
36	9	1	68	0.252	
36	9	1	68	0.270	
36	9	1	68	0.304	
37	9	1	101	0.066	
37	9	1	85	0.127	
37	9	1	105	0.143	
37	9	1	92	0.143	
37	9	1	90	0.118	
38	9	1	99	0.085	
38	9	1	90	0.125	
38	9	1	98	0.076	
38	9	1	97	0.117	
38	9	1	97	0.085	
39	9	1	74	0.164	
39	9	1	80	0.065	
39	9	1	112	0.057	
39	9	1	83	0.065	
39	9	1	74	0.164	
40	9	1	68	0.336	
40	9	1	68	0.338	
40	9	1	68	0.337	
40	9	1	68	0.338	
40	9	1	68	0.338	
41	9	1	68	0.351	
41	9	1	68	0.351	
41	9	1	68	0.359	
41	9	1	68	0.351	
41	9	1	68	0.383	
42	9	1	68	0.638	
42	9	1	68	0.638	
42	9	1	68	0.638	
42	9	1	68	0.638	
42	9	1	68	0.638	
43	9	1	114	0.168	
43	9	1	123	0.133	
43	9	1	58	0.161	
43	9	1	108	0.164	
43	9	1	107	0.158	
44	9	1	112	0.109	
44	9	1	92	0.133	
44	9	1	109	0.110	
44	9	1	91	0.129	
44	9	1	85	0.145	
45	9	1	84	0.133	
45	9	1	79	0.106	
45	9	1	79	0.131	
45	9	1	97	0.114	
45	9	1	82	0.133	
46	9	1	99	0.086	
46	9	1	103	0.106	
46	9	1	91	0.116	
46	9	1	94	0.099	
46	9	1	93	0.105	
47	9	1	101	0.082	
47	9	1	106	0.079	
47	9	1	107	0.073	
47	9	1	102	0.082	
47	9	1	98	0.083	
48	9	1	77	0.184	
48	9	1	80	0.161	
48	9	1	78	0.171	
48	9	1	77	0.132	
48	9	1	81	0.164	
49	9	1	89	0.150	
49	9	1	106	0.168	
49	9	1	101	0.137	
49	9	1	70	0.143	
49	9	1	94	0.170	
50	9	1	71	0.357	
50	9	1	73	0.310	
50	9	1	70	0.320	
50	9	1	71	0.315	
50	9	1	71	0.380	
51	9	1	74	0.279	
51	9	1	81	0.287	
51	9	1	73	0.318	
51	9	1	75	0.284	
51	9	1	79	0.282	
52	9	1	71	0.329	
52	9	1	78	0.262	
52	9	1	81	0.312	
52	9	1	77	0.314	
52	9	1	78	0.306	
53	9	1	87	0.111	
53	9	1	85	0.097	
53	9	1	78	0.156	
53	9	1	82	0.130	
53	9	1	73	0.155	
54	9	1	71	0.304	
54	9	1	70	0.335	
54	9	1	71	0.328	
54	9	1	71	0.325	
54	9	1	70	0.342	
55	9	1	89	0.090	
55	9	1	94	0.068	
55	9	1	124	0.067	
55	9	1	89	0.077	
55	9	1	83	0.120	
56	9	1	72	0.280	
56	9	1	72	0.281	
56	9	1	78	0.305	
56	9	1	72	0.276	
56	9	1	74	0.238	
57	9	1	86	0.139	
57	9	1	95	0.107	
57	9	1	107	0.118	
57	9	1	126	0.097	
57	9	1	113	0.112	
58	9	1	122	0.145	
58	9	1	126	0.106	
58	9	1	135	0.112	
58	9	1	123	0.127	
58	9	1	128	0.135	
59	9	1	117	0.088	
59	9	1	128	0.065	
59	9	1	111	0.107	
59	9	1	103	0.101	
59	9	1	138	0.103	
60	9	1	95	0.109	
60	9	1	96	0.112	
60	9	1	109	0.106	
60	9	1	97	0.099	
60	9	1	95	0.105	
61	9	1	68	0.387	
61	9	1	68	0.387	
61	9	1	68	0.388	
61	9	1	68	0.387	
61	9	1	68	0.387	
62	9	1	140	0.087	
62	9	1	132	0.088	
62	9	1	128	0.057	
62	9	1	143	0.080	
62	9	1	139	0.087	
63	9	1	92	0.109	
63	9	1	87	0.176	
63	9	1	89	0.117	
63	9	1	92	0.100	
63	9	1	98	0.126	
64	9	1	82	0.152	
64	9	1	81	0.148	
64	9	1	79	0.111	
64	9	1	90	0.159	
64	9	1	80	0.184	
65	9	1	70	0.218	
65	9	1	75	0.295	
65	9	1	70	0.277	
65	9	1	71	0.307	
65	9	1	70	0.210	
66	9	1	77	0.155	
66	9	1	129	0.052	
66	9	1	90	0.132	
66	9	1	74	0.100	
66	9	1	98	0.073	
67	9	1	68	0.344	
67	9	1	68	0.344	
67	9	1	68	0.344	
67	9	1	68	0.349	
67	9	1	68	0.344	
68	9	1	78	0.159	
68	9	1	80	0.195	
68	9	1	80	0.159	
68	9	1	80	0.159	
68	9	1	78	0.221	
69	9	1	108	0.120	
69	9	1	100	0.109	
69	9	1	104	0.137	
69	9	1	91	0.127	
69	9	1	101	0.110	
70	9	1	72	0.291	
70	9	1	77	0.227	
70	9	1	72	0.283	
70	9	1	73	0.273	
70	9	1	72	0.260	
71	9	1	72	0.177	
71	9	1	73	0.217	
71	9	1	80	0.133	
71	9	1	74	0.169	
71	9	1	72	0.236	
72	9	1	68	0.211	
72	9	1	68	0.220	
72	9	1	68	0.220	
72	9	1	68	0.211	
72	9	1	68	0.187	
73	9	1	82	0.219	
73	9	1	91	0.188	
73	9	1	90	0.204	
73	9	1	85	0.174	
73	9	1	80	0.203	
74	9	1	84	0.166	
74	9	1	75	0.146	
74	9	1	77	0.157	
74	9	1	75	0.146	
74	9	1	77	0.199	
75	9	1	68	0.339	
75	9	1	68	0.338	
75	9	1	68	0.339	
75	9	1	68	0.338	
75	9	1	68	0.339	
76	9	1	102	0.133	
76	9	1	65	0.101	
76	9	1	85	0.163	
76	9	1	86	0.170	
76	9	1	88	0.172	
77	9	1	70	0.281	
77	9	1	71	0.285	
77	9	1	71	0.294	
77	9	1	70	0.263	
77	9	1	71	0.271	
78	9	1	96	0.150	
78	9	1	91	0.096	
78	9	1	99	0.123	
78	9	1	96	0.135	
78	9	1	108	0.076	
79	9	1	72	0.290	
79	9	1	73	0.282	
79	9	1	73	0.292	
79	9	1	73	0.292	
79	9	1	75	0.261	
80	9	1	86	0.195	
80	9	1	110	0.116	
80	9	1	87	0.191	
80	9	1	87	0.189	
80	9	1	85	0.166	
81	9	1	104	0.134	
81	9	1	83	0.128	
81	9	1	76	0.173	
81	9	1	82	0.130	
81	9	1	86	0.107	
82	9	1	96	0.058	
82	9	1	105	0.097	
82	9	1	101	0.099	
82	9	1	111	0.072	
82	9	1	101	0.103	
83	9	1	75	0.249	
83	9	1	75	0.249	
83	9	1	75	0.249	
83	9	1	75	0.249	
83	9	1	76	0.231	
84	9	1	74	0.135	
84	9	1	71	0.169	
84	9	1	75	0.134	
84	9	1	76	0.123	
84	9	1	91	0.063	
85	9	1	89	0.148	
85	9	1	93	0.170	
85	9	1	90	0.162	
85	9	1	89	0.153	
85	9	1	91	0.181	
86	9	1	121	0.130	
86	9	1	102	0.148	
86	9	1	115	0.135	
86	9	1	109	0.122	
86	9	1	93	0.170	
87	9	1	70	0.272	
87	9	1	70	0.295	
87	9	1	70	0.275	
87	9	1	70	0.315	
87	9	1	70	0.303	
88	9	1	76	0.278	
88	9	1	80	0.268	
88	9	1	76	0.271	
88	9	1	80	0.231	
88	9	1	74	0.293	
89	9	1	84	0.121	
89	9	1	78	0.148	
89	9	1	82	0.120	
89	9	1	99	0.145	
89	9	1	78	0.167	
90	9	1	69	0.296	
90	9	1	69	0.286	
90	9	1	70	0.271	
90	9	1	70	0.272	
90	9	1	70	0.283	
91	9	1	74	0.240	
91	9	1	73	0.253	
91	9	1	73	0.253	
91	9	1	72	0.285	
91	9	1	73	0.253	
92	9	1	84	0.068	
92	9	1	77	0.081	
92	9	1	78	0.082	
92	9	1	88	0.065	
92	9	1	97	0.064	
93	9	1	68	0.796	
93	9	1	68	0.796	
93	9	1	68	0.796	
93	9	1	68	0.796	
93	9	1	68	0.796	
94	9	1	68	0.393	
94	9	1	68	0.393	
94	9	1	68	0.398	
94	9	1	68	0.393	
94	9	1	68	0.393	
95	9	1	87	0.090	
95	9	1	88	0.095	
95	9	1	89	0.100	
95	9	1	92	0.101	
95	9	1	92	0.100	
96	9	1	102	0.154	
96	9	1	92	0.110	
96	9	1	96	0.176	
96	9	1	92	0.127	
96	9	1	97	0.194	
97	9	1	93	0.141	
97	9	1	85	0.136	
97	9	1	104	0.159	
97	9	1	108	0.178	
97	9	1	101	0.128	
98	9	1	98	0.122	
98	9	1	110	0.077	
98	9	1	104	0.123	
98	9	1	96	0.130	
98	9	1	94	0.173	
99	9	1	99	0.136	
99	9	1	120	0.105	
99	9	1	49	0.118	
99	9	1	100	0.106	
99	9	1	95	0.150	
100	9	1	86	0.074	
100	9	1	101	0.094	
100	9	1	81	0.141	
100	9	1	77	0.213	
100	9	1	89	0.079	
101	9	1	70	0.325	
101	9	1	71	0.326	
101	9	1	68	0.374	
101	9	1	68	0.378	
101	9	1	82	0.306	
102	9	1	89	0.145	
102	9	1	79	0.157	
102	9	1	98	0.139	
102	9	1	81	0.169	
102	9	1	82	0.130	
103	9	1	99	0.121	
103	9	1	110	0.150	
103	9	1	108	0.132	
103	9	1	98	0.129	
103	9	1	111	0.131	
104	9	1	101	0.093	
104	9	1	110	0.094	
104	9	1	96	0.082	
104	9	1	92	0.111	
104	9	1	103	0.112	
105	9	1	88	0.112	
105	9	1	99	0.111	
105	9	1	92	0.124	
105	9	1	101	0.171	
105	9	1	100	0.130	
106	9	1	80	0.135	
106	9	1	79	0.119	
106	9	1	79	0.144	
106	9	1	90	0.137	
106	9	1	85	0.137	
107	9	1	84	0.226	
107	9	1	79	0.236	
107	9	1	81	0.237	
107	9	1	78	0.221	
107	9	1	85	0.284	
108	9	1	69	0.328	
108	9	1	70	0.310	
108	9	1	70	0.304	
108	9	1	70	0.297	
108	9	1	70	0.297	
109	9	1	71	0.100	
109	9	1	79	0.230	
109	9	1	82	0.209	
109	9	1	91	0.246	
109	9	1	81	0.216	
110	9	1	85	0.158	
110	9	1	90	0.199	
110	9	1	94	0.189	
110	9	1	89	0.175	
110	9	1	95	0.162	
111	9	1	159	0.082	
111	9	1	152	0.090	
111	9	1	135	0.060	
111	9	1	137	0.068	
111	9	1	133	0.123	
112	9	1	86	0.091	
112	9	1	89	0.088	
112	9	1	95	0.080	
112	9	1	80	0.074	
112	9	1	97	0.078	
113	9	1	114	0.049	
113	9	1	107	0.115	
113	9	1	115	0.122	
113	9	1	135	0.120	
113	9	1	145	0.134	
114	9	1	115	0.084	
114	9	1	104	0.132	
114	9	1	115	0.107	
114	9	1	99	0.126	
114	9	1	106	0.120	
115	9	1	83	0.122	
115	9	1	93	0.094	
115	9	1	78	0.133	
115	9	1	83	0.090	
115	9	1	88	0.106	
116	9	1	82	0.268	
116	9	1	87	0.198	
116	9	1	82	0.276	
116	9	1	82	0.283	
116	9	1	83	0.336	
117	9	1	126	0.127	
117	9	1	122	0.126	
117	9	1	79	0.117	
117	9	1	113	0.112	
117	9	1	126	0.123	
118	9	1	104	0.100	
118	9	1	105	0.093	
118	9	1	110	0.127	
118	9	1	121	0.102	
118	9	1	138	0.121	
119	9	1	109	0.129	
119	9	1	97	0.109	
119	9	1	111	0.120	
119	9	1	115	0.118	
119	9	1	104	0.130	
120	9	1	123	0.091	
120	9	1	109	0.141	
120	9	1	102	0.158	
120	9	1	98	0.160	
120	9	1	103	0.166	
121	9	1	110	0.118	
121	9	1	100	0.116	
121	9	1	95	0.125	
121	9	1	107	0.103	
121	9	1	116	0.109	
122	9	1	79	0.231	
122	9	1	79	0.229	
122	9	1	81	0.176	
122	9	1	81	0.192	
122	9	1	83	0.181	
123	9	1	111	0.141	
123	9	1	109	0.125	
123	9	1	108	0.159	
123	9	1	104	0.104	
123	9	1	112	0.134	
124	9	1	112	0.086	
124	9	1	102	0.081	
124	9	1	114	0.095	
124	9	1	116	0.117	
124	9	1	107	0.106	
125	9	1	89	0.117	
125	9	1	94	0.119	
125	9	1	94	0.151	
125	9	1	93	0.155	
125	9	1	104	0.078	
126	9	1	85	0.126	
126	9	1	96	0.101	
126	9	1	91	0.094	
126	9	1	89	0.117	
126	9	1	83	0.123	
127	9	1	94	0.120	
127	9	1	95	0.095	
127	9	1	84	0.138	
127	9	1	93	0.126	
127	9	1	96	0.123	
128	9	1	68	0.284	
128	9	1	68	0.296	
128	9	1	68	0.281	
128	9	1	70	0.250	
128	9	1	68	0.267	
129	9	1	86	0.145	
129	9	1	86	0.137	
129	9	1	98	0.156	
129	9	1	97	0.135	
129	9	1	102	0.170	
130	9	1	86	0.205	
130	9	1	73	0.188	
130	9	1	72	0.226	
130	9	1	73	0.214	
130	9	1	78	0.224	
131	9	1	93	0.125	
131	9	1	95	0.131	
131	9	1	96	0.118	
131	9	1	91	0.124	
131	9	1	97	0.170	
132	9	1	81	0.089	
132	9	1	116	0.069	
132	9	1	86	0.083	
132	9	1	105	0.066	
132	9	1	89	0.158	
133	9	1	103	0.079	
133	9	1	107	0.092	
133	9	1	110	0.093	
133	9	1	107	0.084	
133	9	1	100	0.164	
134	9	1	98	0.164	
134	9	1	93	0.120	
134	9	1	95	0.110	
134	9	1	88	0.100	
134	9	1	89	0.117	
135	9	1	70	0.259	
135	9	1	72	0.282	
135	9	1	80	0.298	
135	9	1	70	0.296	
135	9	1	72	0.341	
136	9	1	123	0.139	
136	9	1	106	0.128	
136	9	1	110	0.137	
136	9	1	112	0.114	
136	9	1	109	0.110	
137	9	1	104	0.110	
137	9	1	104	0.085	
137	9	1	125	0.067	
137	9	1	118	0.074	
137	9	1	114	0.078	
138	9	1	133	0.101	
138	9	1	128	0.111	
138	9	1	140	0.078	
138	9	1	133	0.087	
138	9	1	137	0.112	
139	9	1	77	0.119	
139	9	1	75	0.137	
139	9	1	75	0.142	
139	9	1	76	0.139	
139	9	1	71	0.145	
140	9	1	124	0.097	
140	9	1	102	0.090	
140	9	1	105	0.111	
140	9	1	127	0.100	
140	9	1	141	0.089	
141	9	1	82	0.139	
141	9	1	83	0.080	
141	9	1	83	0.121	
141	9	1	80	0.110	
141	9	1	88	0.086	
142	9	1	78	0.123	
142	9	1	71	0.118	
142	9	1	78	0.123	
142	9	1	78	0.122	
142	9	1	78	0.121	
143	9	1	90	0.177	
143	9	1	119	0.132	
143	9	1	93	0.150	
143	9	1	97	0.121	
143	9	1	90	0.178	
144	9	1	86	0.111	
144	9	1	91	0.097	
144	9	1	89	0.116	
144	9	1	89	0.122	
144	9	1	89	0.132	
145	9	1	80	0.232	
145	9	1	84	0.163	
145	9	1	80	0.204	
145	9	1	81	0.245	
145	9	1	81	0.206	
146	9	1	71	0.299	
146	9	1	73	0.327	
146	9	1	71	0.271	
146	9	1	73	0.327	
146	9	1	73	0.327	
147	9	1	79	0.136	
147	9	1	75	0.098	
147	9	1	79	0.147	
147	9	1	78	0.145	
147	9	1	74	0.123	
148	9	1	95	0.076	
148	9	1	96	0.102	
148	9	1	92	0.093	
148	9	1	93	0.082	
148	9	1	92	0.078	
149	9	1	250	0.095	
149	9	1	84	0.166	
149	9	1	92	0.096	
149	9	1	92	0.079	
149	9	1	83	0.190	
150	9	1	109	0.121	
150	9	1	106	0.087	
150	9	1	105	0.122	
150	9	1	118	0.124	
150	9	1	94	0.111	
151	9	1	96	0.121	
151	9	1	92	0.110	
151	9	1	92	0.103	
151	9	1	100	0.081	
151	9	1	92	0.123	
152	9	1	82	0.212	
152	9	1	77	0.205	
152	9	1	76	0.235	
152	9	1	77	0.201	
152	9	1	72	0.235	
153	9	1	92	0.178	
153	9	1	105	0.148	
153	9	1	105	0.204	
153	9	1	111	0.142	
153	9	1	108	0.132	
154	9	1	102	0.159	
154	9	1	94	0.129	
154	9	1	114	0.142	
154	9	1	109	0.085	
154	9	1	83	0.095	
155	9	1	84	0.158	
155	9	1	85	0.161	
155	9	1	88	0.149	
155	9	1	85	0.132	
155	9	1	79	0.172	
156	9	1	71	0.323	
156	9	1	71	0.323	
156	9	1	71	0.323	
156	9	1	71	0.332	
156	9	1	71	0.323	
157	9	1	114	0.086	
157	9	1	113	0.107	
157	9	1	110	0.094	
157	9	1	129	0.095	
157	9	1	109	0.098	
158	9	1	120	0.118	
158	9	1	127	0.098	
158	9	1	120	0.047	
158	9	1	122	0.097	
158	9	1	102	0.094	
159	9	1	78	0.290	
159	9	1	73	0.321	
159	9	1	70	0.328	
159	9	1	78	0.226	
159	9	1	80	0.168	
160	9	1	93	0.117	
160	9	1	85	0.094	
160	9	1	93	0.085	
160	9	1	97	0.083	
160	9	1	80	0.109	
161	9	1	69	0.285	
161	9	1	69	0.320	
161	9	1	69	0.319	
161	9	1	69	0.319	
161	9	1	71	0.313	
162	9	1	109	0.146	
162	9	1	122	0.149	
162	9	1	116	0.138	
162	9	1	116	0.106	
162	9	1	118	0.127	
163	9	1	120	0.126	
163	9	1	126	0.103	
163	9	1	127	0.120	
163	9	1	130	0.121	
163	9	1	138	0.101	
164	9	1	93	0.141	
164	9	1	117	0.088	
164	9	1	77	0.166	
164	9	1	93	0.183	
164	9	1	87	0.192	
165	9	1	116	0.101	
165	9	1	99	0.110	
165	9	1	96	0.108	
165	9	1	117	0.097	
165	9	1	100	0.102	
166	9	1	93	0.107	
166	9	1	92	0.127	
166	9	1	101	0.097	
166	9	1	90	0.116	
166	9	1	83	0.129	
167	9	1	122	0.115	
167	9	1	97	0.097	
167	9	1	109	0.097	
167	9	1	113	0.124	
167	9	1	126	0.118	
168	9	1	114	0.146	
168	9	1	106	0.107	
168	9	1	126	0.130	
168	9	1	101	0.142	
168	9	1	103	0.138	
169	9	1	100	0.097	
169	9	1	105	0.089	
169	9	1	95	0.111	
169	9	1	120	0.102	
169	9	1	95	0.096	
170	9	1	104	0.072	
170	9	1	81	0.179	
170	9	1	90	0.165	
170	9	1	59	0.140	
170	9	1	86	0.138	
171	9	1	115	0.094	
171	9	1	157	0.093	
171	9	1	141	0.066	
171	9	1	127	0.102	
171	9	1	124	0.121	
172	9	1	99	0.109	
172	9	1	98	0.103	
172	9	1	45	0.083	
172	9	1	104	0.070	
172	9	1	104	0.095	
173	9	1	97	0.137	
173	9	1	105	0.130	
173	9	1	119	0.090	
173	9	1	126	0.095	
173	9	1	113	0.129	
174	9	1	81	0.143	
174	9	1	84	0.156	
174	9	1	116	0.072	
174	9	1	83	0.172	
174	9	1	84	0.140	
175	9	1	126	0.057	
175	9	1	114	0.116	
175	9	1	55	0.121	
175	9	1	116	0.107	
175	9	1	101	0.017	
176	9	1	100	0.164	
176	9	1	108	0.145	
176	9	1	115	0.153	
176	9	1	112	0.081	
176	9	1	115	0.086	
177	9	1	102	0.116	
177	9	1	101	0.197	
177	9	1	124	0.152	
177	9	1	124	0.136	
177	9	1	117	0.181	
178	9	1	97	0.095	
178	9	1	87	0.146	
178	9	1	92	0.126	
178	9	1	89	0.139	
178	9	1	88	0.149	
179	9	1	77	0.135	
179	9	1	128	0.140	
179	9	1	125	0.061	
179	9	1	103	0.104	
179	9	1	73	0.167	
180	9	1	80	0.067	
180	9	1	121	0.086	
180	9	1	130	0.094	
180	9	1	55	0.096	
180	9	1	131	0.096	
181	9	1	126	0.104	
181	9	1	140	0.084	
181	9	1	129	0.102	
181	9	1	129	0.086	
181	9	1	103	0.082	
182	9	1	138	0.086	
182	9	1	105	0.100	
182	9	1	134	0.093	
182	9	1	130	0.095	
182	9	1	113	0.095	
183	9	1	95	0.127	
183	9	1	89	0.162	
183	9	1	88	0.140	
183	9	1	90	0.168	
183	9	1	100	0.123	
184	9	1	91	0.144	
184	9	1	100	0.162	
184	9	1	113	0.087	
184	9	1	104	0.122	
184	9	1	109	0.128	
185	9	1	84	0.156	
185	9	1	85	0.089	
185	9	1	86	0.116	
185	9	1	93	0.125	
185	9	1	84	0.140	
186	9	1	124	0.148	
186	9	1	112	0.129	
186	9	1	121	0.128	
186	9	1	125	0.138	
186	9	1	116	0.139	
187	9	1	134	0.146	
187	9	1	108	0.124	
187	9	1	133	0.067	
187	9	1	104	0.129	
187	9	1	112	0.115	
188	9	1	99	0.082	
188	9	1	98	0.094	
188	9	1	106	0.086	
188	9	1	91	0.079	
188	9	1	104	0.126	
189	9	1	101	0.072	
189	9	1	81	0.098	
189	9	1	88	0.084	
189	9	1	89	0.087	
189	9	1	80	0.088	
190	9	1	110	0.133	
190	9	1	106	0.099	
190	9	1	101	0.130	
190	9	1	101	0.132	
190	9	1	121	0.126	
191	9	1	137	0.075	
191	9	1	131	0.075	
191	9	1	84	0.052	
191	9	1	116	0.078	
191	9	1	124	0.091	
192	9	1	111	0.092	
192	9	1	110	0.099	
192	9	1	122	0.087	
192	9	1	116	0.101	
192	9	1	119	0.104	
193	9	1	105	0.095	
193	9	1	104	0.123	
193	9	1	108	0.073	
193	9	1	109	0.117	
193	9	1	98	0.117	
194	9	1	108	0.101	
194	9	1	107	0.098	
194	9	1	114	0.072	
194	9	1	119	0.125	
194	9	1	126	0.088	
195	9	1	105	0.075	
195	9	1	100	0.098	
195	9	1	98	0.071	
195	9	1	98	0.100	
195	9	1	100	0.092	
196	9	1	93	0.122	
196	9	1	91	0.078	
196	9	1	85	0.093	
196	9	1	101	0.085	
196	9	1	105	0.084	
197	9	1	96	0.131	
197	9	1	94	0.095	
197	9	1	89	0.142	
197	9	1	91	0.147	
197	9	1	111	0.145	
198	9	1	88	0.142	
198	9	1	91	0.128	
198	9	1	93	0.112	
198	9	1	90	0.135	
198	9	1	97	0.129	
199	9	1	116	0.079	
199	9	1	116	0.071	
199	9	1	107	0.065	
199	9	1	112	0.076	
199	9	1	108	0.080	
200	9	1	106	0.089	
200	9	1	83	0.144	
200	9	1	102	0.089	
200	9	1	86	0.136	
200	9	1	116	0.089	
201	9	1	114	0.090	
201	9	1	105	0.089	
201	9	1	107	0.088	
201	9	1	107	0.091	
201	9	1	111	0.093	
202	9	1	93	0.105	
202	9	1	94	0.142	
202	9	1	87	0.156	
202	9	1	91	0.148	
202	9	1	89	0.156	
203	9	1	95	0.124	
203	9	1	94	0.106	
203	9	1	100	0.114	
203	9	1	108	0.089	
203	9	1	94	0.100	
204	9	1	102	0.059	
204	9	1	110	0.126	
204	9	1	99	0.125	
204	9	1	118	0.068	
204	9	1	117	0.089	
205	9	1	120	0.108	
205	9	1	117	0.108	
205	9	1	126	0.088	
205	9	1	112	0.097	
205	9	1	124	0.109	
206	9	1	104	0.098	
206	9	1	104	0.102	
206	9	1	109	0.095	
206	9	1	110	0.091	
206	9	1	105	0.094	
207	9	1	119	0.096	
207	9	1	108	0.091	
207	9	1	105	0.085	
207	9	1	115	0.091	
207	9	1	115	0.098	
208	9	1	96	0.088	
208	9	1	129	0.055	
208	9	1	80	0.097	
208	9	1	96	0.085	
208	9	1	115	0.076	
209	9	1	89	0.160	
209	9	1	79	0.130	
209	9	1	95	0.179	
209	9	1	85	0.144	
209	9	1	91	0.139	
210	9	1	115	0.082	
210	9	1	105	0.139	
210	9	1	105	0.098	
210	9	1	112	0.079	
210	9	1	112	0.086	
211	9	1	107	0.095	
211	9	1	108	0.119	
211	9	1	107	0.108	
211	9	1	102	0.133	
211	9	1	110	0.092	
212	9	1	75	0.147	
212	9	1	80	0.139	
212	9	1	75	0.147	
212	9	1	77	0.125	
212	9	1	75	0.147	
213	9	1	131	0.094	
213	9	1	132	0.076	
213	9	1	250	0.035	
213	9	1	115	0.110	
213	9	1	105	0.113	
214	9	1	139	0.094	
214	9	1	136	0.077	
214	9	1	130	0.108	
214	9	1	118	0.113	
214	9	1	127	0.112	
215	9	1	115	0.145	
215	9	1	91	0.154	
215	9	1	99	0.149	
215	9	1	104	0.138	
215	9	1	95	0.153	
216	9	1	99	0.110	
216	9	1	91	0.131	
216	9	1	96	0.126	
216	9	1	97	0.099	
216	9	1	101	0.102	
217	9	1	109	0.115	
217	9	1	116	0.112	
217	9	1	116	0.106	
217	9	1	98	0.103	
217	9	1	100	0.108	
218	9	1	101	0.098	
218	9	1	96	0.109	
218	9	1	64	0.100	
218	9	1	69	0.102	
218	9	1	103	0.103	
219	9	1	106	0.136	
219	9	1	115	0.125	
219	9	1	97	0.100	
219	9	1	146	0.092	
219	9	1	95	0.128	
220	9	1	106	0.098	
220	9	1	106	0.103	
220	9	1	84	0.126	
220	9	1	92	0.120	
220	9	1	98	0.092	
221	9	1	148	0.098	
221	9	1	150	0.079	
221	9	1	147	0.098	
221	9	1	148	0.076	
221	9	1	160	0.093	
222	9	1	96	0.114	
222	9	1	104	0.138	
222	9	1	91	0.139	
222	9	1	92	0.133	
222	9	1	94	0.103	
223	9	1	109	0.114	
223	9	1	107	0.114	
223	9	1	106	0.123	
223	9	1	109	0.091	
223	9	1	110	0.092	
224	9	1	118	0.066	
224	9	1	104	0.112	
224	9	1	105	0.068	
224	9	1	94	0.090	
224	9	1	109	0.074	
225	9	1	124	0.116	
225	9	1	104	0.101	
225	9	1	250	0.054	
225	9	1	102	0.077	
225	9	1	104	0.094	
226	9	1	80	0.116	
226	9	1	78	0.135	
226	9	1	82	0.121	
226	9	1	82	0.120	
226	9	1	82	0.124	
227	9	1	118	0.092	
227	9	1	116	0.100	
227	9	1	122	0.109	
227	9	1	121	0.125	
227	9	1	116	0.138	
228	9	1	134	0.118	
228	9	1	137	0.110	
228	9	1	145	0.115	
228	9	1	131	0.110	
228	9	1	85	0.085	
229	9	1	103	0.092	
229	9	1	117	0.082	
229	9	1	103	0.077	
229	9	1	119	0.069	
229	9	1	100	0.086	
230	9	1	66	0.081	
230	9	1	110	0.079	
230	9	1	108	0.075	
230	9	1	110	0.092	
230	9	1	104	0.089	
231	9	1	106	0.151	
231	9	1	94	0.158	
231	9	1	98	0.157	
231	9	1	94	0.129	
231	9	1	96	0.182	
232	9	1	105	0.090	
232	9	1	105	0.106	
232	9	1	99	0.114	
232	9	1	91	0.135	
232	9	1	94	0.133	
233	9	1	69	0.287	
233	9	1	69	0.293	
233	9	1	69	0.290	
233	9	1	70	0.263	
233	9	1	70	0.262	
234	9	1	96	0.119	
234	9	1	88	0.126	
234	9	1	99	0.106	
234	9	1	99	0.126	
234	9	1	97	0.120	
235	9	1	112	0.100	
235	9	1	116	0.119	
235	9	1	65	0.095	
235	9	1	111	0.085	
235	9	1	121	0.090	
236	9	1	85	0.168	
236	9	1	77	0.130	
236	9	1	90	0.199	
236	9	1	91	0.158	
236	9	1	87	0.158	
237	9	1	45	0.107	
237	9	1	49	0.113	
237	9	1	55	0.114	
237	9	1	58	0.106	
237	9	1	48	0.102	
238	9	1	104	0.104	
238	9	1	106	0.068	
238	9	1	104	0.108	
238	9	1	137	0.087	
238	9	1	128	0.089	
239	9	1	95	0.201	
239	9	1	84	0.208	
239	9	1	99	0.274	
239	9	1	96	0.247	
239	9	1	88	0.140	
240	9	1	82	0.148	
240	9	1	87	0.124	
240	9	1	86	0.172	
240	9	1	90	0.195	
240	9	1	85	0.148	
241	9	1	136	0.099	
241	9	1	156	0.073	
241	9	1	109	0.137	
241	9	1	127	0.107	
241	9	1	120	0.095	
242	9	1	106	0.095	
242	9	1	98	0.107	
242	9	1	111	0.081	
242	9	1	126	0.102	
242	9	1	250	0.059	
243	9	1	50	0.079	
243	9	1	69	0.074	
243	9	1	54	0.088	
243	9	1	60	0.113	
243	9	1	68	0.085	
244	9	1	124	0.101	
244	9	1	126	0.101	
244	9	1	131	0.101	
244	9	0	72	0.021	
244	9	1	142	0.101	
245	9	1	117	0.067	
245	9	1	118	0.093	
245	9	1	250	0.097	
245	9	1	147	0.055	
245	9	1	113	0.020	
246	9	1	149	0.097	
246	9	1	54	0.116	
246	9	1	130	0.088	
246	9	1	146	0.061	
246	9	1	136	0.100	
247	9	1	77	0.188	
247	9	1	82	0.174	
247	9	1	92	0.097	
247	9	1	85	0.220	
247	9	1	75	0.230	
248	9	1	114	0.120	
248	9	1	114	0.140	
248	9	1	119	0.117	
248	9	1	105	0.119	
248	9	1	117	0.139	
249	9	1	99	0.133	
249	9	1	108	0.134	
249	9	1	94	0.123	
249	9	1	123	0.102	
249	9	1	116	0.140	
250	9	1	158	0.071	
250	9	1	132	0.071	
250	9	1	80	0.059	
250	9	1	120	0.054	
250	9	1	143	0.037	
251	9	1	96	0.070	
251	9	1	81	0.101	
251	9	1	83	0.139	
251	9	1	98	0.067	
251	9	1	83	0.100	
252	9	1	74	0.089	
252	9	1	76	0.087	
252	9	1	102	0.101	
252	9	1	97	0.101	
252	9	1	77	0.114	
253	9	1	107	0.097	
253	9	1	60	0.094	
253	9	1	103	0.092	
253	9	1	111	0.082	
253	9	1	70	0.074	
254	9	1	94	0.146	
254	9	1	105	0.127	
254	9	1	96	0.149	
254	9	1	115	0.102	
254	9	1	99	0.146	
255	9	1	114	0.090	
255	9	1	119	0.085	
255	9	1	119	0.071	
255	9	1	126	0.061	
255	9	1	128	0.098	
256	9	1	109	0.100	
256	9	1	115	0.099	
256	9	1	115	0.086	
256	9	1	111	0.101	
256	9	1	115	0.100	
257	9	1	77	0.271	
257	9	1	80	0.269	
257	9	1	76	0.263	
257	9	1	75	0.269	
257	9	1	75	0.268	
258	9	1	102	0.129	
258	9	1	109	0.089	
258	9	1	102	0.106	
258	9	1	109	0.101	
258	9	1	93	0.141	
259	9	1	83	0.174	
259	9	1	79	0.180	
259	9	1	88	0.191	
259	9	1	81	0.153	
259	9	1	82	0.176	
260	9	1	127	0.103	
260	9	1	137	0.103	
260	9	1	138	0.101	
260	9	1	141	0.101	
260	9	1	147	0.101	
261	9	1	90	0.108	
261	9	1	118	0.076	
261	9	1	94	0.099	
261	9	1	95	0.126	
261	9	1	99	0.090	
262	9	1	130	0.095	
262	9	1	108	0.102	
262	9	1	124	0.098	
262	9	1	215	0.095	
262	9	1	123	0.087	
263	9	1	123	0.084	
263	9	1	91	0.128	
263	9	1	107	0.118	
263	9	1	116	0.099	
263	9	1	94	0.109	
264	9	1	98	0.136	
264	9	1	106	0.100	
264	9	1	105	0.119	
264	9	1	250	0.057	
264	9	1	105	0.079	
265	9	1	65	0.122	
265	9	1	143	0.126	
265	9	1	119	0.108	
265	9	1	165	0.077	
265	9	1	124	0.122	
266	9	1	137	0.108	
266	9	1	115	0.109	
266	9	1	118	0.105	
266	9	1	121	0.140	
266	9	1	111	0.135	
267	9	1	131	0.094	
267	9	1	109	0.096	
267	9	1	107	0.090	
267	9	1	132	0.076	
267	9	1	133	0.092	
268	9	1	110	0.089	
268	9	1	113	0.093	
268	9	1	110	0.089	
268	9	1	112	0.102	
268	9	1	123	0.052	
269	9	1	92	0.107	
269	9	1	90	0.102	
269	9	1	93	0.091	
269	9	1	92	0.082	
269	9	1	92	0.105	
270	9	1	77	0.220	
270	9	1	76	0.203	
270	9	1	78	0.091	
270	9	1	80	0.138	
270	9	1	95	0.090	
271	9	1	139	0.098	
271	9	1	125	0.080	
271	9	1	123	0.093	
271	9	1	133	0.066	
271	9	1	127	0.090	
272	9	1	123	0.070	
272	9	1	134	0.075	
272	9	1	119	0.088	
272	9	1	129	0.076	
272	9	1	107	0.112	
273	9	1	153	0.100	
273	9	1	135	0.121	
273	9	1	162	0.083	
273	9	1	139	0.116	
273	9	1	80	0.116	
274	9	1	77	0.207	
274	9	1	76	0.230	
274	9	1	77	0.208	
274	9	1	74	0.197	
274	9	1	77	0.206	
275	9	1	158	0.111	
275	9	1	187	0.118	
275	9	1	142	0.106	
275	9	1	80	0.124	
275	9	1	159	0.127	
276	9	1	117	0.098	
276	9	1	126	0.103	
276	9	1	144	0.088	
276	9	1	144	0.093	
276	9	1	148	0.102	
277	9	1	119	0.050	
277	9	1	97	0.107	
277	9	1	126	0.083	
277	9	1	92	0.121	
277	9	1	116	0.095	
278	9	1	123	0.125	
278	9	1	129	0.103	
278	9	1	114	0.125	
278	9	1	122	0.089	
278	9	1	123	0.093	
279	9	1	54	0.098	
279	9	1	65	0.102	
279	9	1	157	0.100	
279	9	1	55	0.089	
279	9	1	64	0.107	
280	9	1	115	0.100	
280	9	1	118	0.093	
280	9	1	100	0.105	
280	9	1	123	0.081	
280	9	1	104	0.075	
281	9	1	150	0.087	
281	9	1	157	0.073	
281	9	1	99	0.110	
281	9	1	151	0.094	
281	9	1	147	0.104	
282	9	1	133	0.105	
282	9	1	147	0.098	
282	9	1	59	0.133	
282	9	1	144	0.110	
282	9	1	134	0.090	
283	9	1	173	0.083	
283	9	1	141	0.097	
283	9	1	158	0.094	
283	9	1	55	0.116	
283	9	1	158	0.089	
284	9	1	90	0.100	
284	9	1	92	0.112	
284	9	1	99	0.082	
284	9	1	106	0.091	
284	9	1	98	0.122	
285	9	1	139	0.070	
285	9	1	132	0.072	
285	9	1	131	0.071	
285	9	1	150	0.066	
285	9	1	61	0.081	
286	9	1	119	0.103	
286	9	1	112	0.099	
286	9	1	117	0.100	
286	9	1	124	0.099	
286	9	1	119	0.093	
287	9	1	140	0.088	
287	9	1	82	0.084	
287	9	1	137	0.100	
287	9	1	156	0.067	
287	9	1	168	0.087	
288	9	1	69	0.089	
288	9	1	140	0.082	
288	9	1	140	0.069	
288	9	1	136	0.066	
288	9	1	138	0.086	
289	9	1	129	0.147	
289	9	1	126	0.130	
289	9	1	105	0.141	
289	9	1	108	0.120	
289	9	1	103	0.155	
290	9	1	119	0.102	
290	9	1	117	0.153	
290	9	1	107	0.105	
290	9	1	115	0.113	
290	9	1	112	0.089	
291	9	1	74	0.270	
291	9	1	79	0.246	
291	9	1	73	0.257	
291	9	1	81	0.231	
291	9	1	72	0.170	
292	9	1	115	0.107	
292	9	1	118	0.144	
292	9	1	119	0.114	
292	9	1	122	0.128	
292	9	1	125	0.118	
293	9	1	123	0.100	
293	9	1	154	0.096	
293	9	1	131	0.107	
293	9	1	109	0.122	
293	9	1	123	0.102	
294	9	1	128	0.104	
294	9	1	143	0.066	
294	9	1	123	0.114	
294	9	1	125	0.091	
294	9	1	144	0.095	
295	9	1	124	0.103	
295	9	1	124	0.089	
295	9	1	59	0.062	
295	9	1	116	0.100	
295	9	1	131	0.094	
296	9	1	86	0.169	
296	9	1	87	0.160	
296	9	1	91	0.112	
296	9	1	86	0.158	
296	9	1	98	0.150	
297	9	1	114	0.111	
297	9	1	124	0.105	
297	9	1	119	0.113	
297	9	1	111	0.100	
297	9	1	131	0.090	
298	9	1	123	0.110	
298	9	1	115	0.117	
298	9	1	122	0.093	
298	9	1	121	0.092	
298	9	1	118	0.117	
299	9	1	116	0.094	
299	9	1	139	0.070	
299	9	1	126	0.089	
299	9	1	119	0.057	
299	9	1	129	0.077	
