Below are the simulation results for the test trials
WORLD	TASK	SUCCESS	STEPS	LOWEST_CLEARANCE
0	6	1	92	0.084	
0	6	1	122	0.071	
0	6	1	92	0.089	
0	6	1	88	0.079	
0	6	1	102	0.079	
1	6	1	87	0.120	
1	6	1	84	0.125	
1	6	1	101	0.133	
1	6	1	87	0.101	
1	6	1	85	0.160	
2	6	1	83	0.092	
2	6	1	141	0.049	
2	6	1	86	0.092	
2	6	1	93	0.094	
2	6	1	84	0.080	
3	6	1	79	0.173	
3	6	1	77	0.166	
3	6	1	76	0.180	
3	6	1	76	0.179	
3	6	1	79	0.173	
4	6	1	70	0.057	
4	6	1	120	0.064	
4	6	1	100	0.069	
4	6	1	129	0.068	
4	6	1	146	0.064	
5	6	1	75	0.208	
5	6	1	75	0.170	
5	6	1	75	0.170	
5	6	1	76	0.207	
5	6	1	75	0.208	
6	6	1	97	0.104	
6	6	1	93	0.098	
6	6	1	105	0.063	
6	6	1	107	0.089	
6	6	1	92	0.101	
7	6	1	91	0.096	
7	6	1	89	0.119	
7	6	1	115	0.088	
7	6	1	98	0.135	
7	6	1	90	0.100	
8	6	1	78	0.128	
8	6	1	79	0.133	
8	6	1	82	0.143	
8	6	1	81	0.135	
8	6	1	80	0.144	
9	6	1	75	0.112	
9	6	1	76	0.206	
9	6	1	77	0.133	
9	6	1	74	0.101	
9	6	1	74	0.116	
10	6	1	88	0.129	
10	6	1	80	0.140	
10	6	1	84	0.110	
10	6	1	80	0.103	
10	6	1	90	0.123	
11	6	1	88	0.104	
11	6	1	81	0.161	
11	6	1	81	0.175	
11	6	1	81	0.175	
11	6	1	81	0.161	
12	6	1	86	0.121	
12	6	1	101	0.080	
12	6	1	108	0.066	
12	6	1	90	0.109	
12	6	1	100	0.113	
13	6	1	88	0.123	
13	6	1	77	0.135	
13	6	1	77	0.107	
13	6	1	80	0.089	
13	6	1	83	0.125	
14	6	1	86	0.093	
14	6	1	89	0.080	
14	6	1	88	0.094	
14	6	1	80	0.164	
14	6	1	82	0.110	
15	6	1	80	0.225	
15	6	1	81	0.179	
15	6	1	84	0.133	
15	6	1	80	0.210	
15	6	1	79	0.192	
16	6	1	88	0.115	
16	6	1	87	0.123	
16	6	1	89	0.096	
16	6	1	88	0.093	
16	6	1	87	0.119	
17	6	1	86	0.125	
17	6	1	85	0.117	
17	6	1	85	0.162	
17	6	1	83	0.138	
17	6	1	84	0.174	
18	6	1	75	0.207	
18	6	1	75	0.214	
18	6	1	75	0.174	
18	6	1	75	0.182	
18	6	1	75	0.174	
19	6	1	63	0.119	
19	6	1	97	0.093	
19	6	1	93	0.092	
19	6	1	112	0.056	
19	6	1	105	0.074	
20	6	1	77	0.204	
20	6	1	76	0.158	
20	6	1	77	0.212	
20	6	1	77	0.218	
20	6	1	77	0.212	
21	6	1	86	0.147	
21	6	1	80	0.126	
21	6	1	81	0.175	
21	6	1	81	0.117	
21	6	1	73	0.209	
22	6	1	85	0.096	
22	6	1	84	0.083	
22	6	1	79	0.071	
22	6	1	86	0.100	
22	6	1	79	0.099	
23	6	1	42	0.094	
23	6	1	89	0.117	
23	6	1	39	0.084	
23	6	1	100	0.106	
23	6	1	119	0.078	
24	6	1	86	0.133	
24	6	1	105	0.050	
24	6	1	87	0.144	
24	6	1	108	0.113	
24	6	1	94	0.107	
25	6	1	75	0.209	
25	6	1	79	0.140	
25	6	1	75	0.210	
25	6	1	75	0.199	
25	6	1	75	0.215	
26	6	1	85	0.130	
26	6	1	82	0.152	
26	6	1	84	0.120	
26	6	1	78	0.151	
26	6	1	77	0.156	
27	6	1	77	0.185	
27	6	1	77	0.192	
27	6	1	81	0.121	
27	6	1	76	0.187	
27	6	1	78	0.122	
28	6	1	75	0.207	
28	6	1	74	0.154	
28	6	1	75	0.191	
28	6	1	75	0.173	
28	6	1	75	0.207	
29	6	1	65	0.056	
29	6	1	58	0.062	
29	6	1	57	0.049	
29	6	0	53	0.046	
29	6	1	52	0.066	
30	6	1	93	0.101	
30	6	1	101	0.127	
30	6	1	111	0.111	
30	6	1	90	0.111	
30	6	1	108	0.116	
31	6	1	83	0.115	
31	6	1	78	0.226	
31	6	1	81	0.156	
31	6	1	86	0.125	
31	6	1	75	0.146	
32	6	1	80	0.101	
32	6	1	80	0.101	
32	6	1	79	0.099	
32	6	1	75	0.156	
32	6	1	79	0.108	
33	6	1	49	0.071	
33	6	1	55	0.088	
33	6	1	45	0.088	
33	6	1	54	0.039	
33	6	1	52	0.080	
34	6	1	72	0.103	
34	6	1	72	0.154	
34	6	1	72	0.133	
34	6	1	72	0.130	
34	6	1	72	0.107	
35	6	1	81	0.120	
35	6	1	77	0.113	
35	6	1	78	0.110	
35	6	1	82	0.120	
35	6	1	80	0.110	
36	6	1	76	0.192	
36	6	1	75	0.185	
36	6	1	75	0.192	
36	6	1	75	0.187	
36	6	1	75	0.192	
37	6	1	96	0.092	
37	6	1	90	0.111	
37	6	1	86	0.100	
37	6	1	94	0.084	
37	6	1	83	0.112	
38	6	1	89	0.087	
38	6	1	91	0.041	
38	6	1	81	0.075	
38	6	1	86	0.076	
38	6	1	96	0.115	
39	6	1	77	0.148	
39	6	1	80	0.109	
39	6	1	75	0.145	
39	6	1	76	0.147	
39	6	1	80	0.150	
40	6	1	75	0.343	
40	6	1	75	0.339	
40	6	1	75	0.341	
40	6	1	75	0.343	
40	6	1	75	0.339	
41	6	1	75	0.212	
41	6	1	75	0.218	
41	6	1	75	0.216	
41	6	1	76	0.254	
41	6	1	75	0.229	
42	6	1	75	0.643	
42	6	1	75	0.647	
42	6	1	75	0.643	
42	6	1	75	0.647	
42	6	1	75	0.643	
43	6	1	90	0.073	
43	6	1	111	0.077	
43	6	1	94	0.128	
43	6	1	98	0.077	
43	6	1	91	0.061	
44	6	1	110	0.064	
44	6	1	88	0.126	
44	6	1	94	0.101	
44	6	1	90	0.076	
44	6	1	95	0.067	
45	6	1	84	0.079	
45	6	1	40	0.118	
45	6	1	38	0.146	
45	6	1	87	0.112	
45	6	1	83	0.109	
46	6	1	107	0.055	
46	6	1	84	0.100	
46	6	1	89	0.100	
46	6	1	95	0.120	
46	6	1	95	0.094	
47	6	1	104	0.071	
47	6	1	91	0.065	
47	6	1	89	0.072	
47	6	1	82	0.046	
47	6	1	110	0.075	
48	6	1	85	0.149	
48	6	1	95	0.136	
48	6	1	80	0.132	
48	6	1	85	0.137	
48	6	1	86	0.126	
49	6	1	103	0.095	
49	6	1	130	0.091	
49	6	1	110	0.077	
49	6	1	95	0.146	
49	6	1	97	0.156	
50	6	1	81	0.121	
50	6	1	79	0.130	
50	6	1	77	0.198	
50	6	1	77	0.189	
50	6	1	80	0.186	
51	6	1	76	0.164	
51	6	1	75	0.208	
51	6	1	77	0.169	
51	6	1	77	0.174	
51	6	1	77	0.191	
52	6	1	79	0.195	
52	6	1	86	0.123	
52	6	1	80	0.185	
52	6	1	84	0.187	
52	6	1	80	0.175	
53	6	1	78	0.125	
53	6	1	75	0.133	
53	6	1	79	0.139	
53	6	1	76	0.134	
53	6	1	78	0.138	
54	6	1	77	0.207	
54	6	1	78	0.161	
54	6	1	76	0.185	
54	6	1	76	0.215	
54	6	1	76	0.171	
55	6	1	86	0.080	
55	6	1	79	0.109	
55	6	1	96	0.071	
55	6	1	93	0.094	
55	6	1	107	0.082	
56	6	1	96	0.168	
56	6	1	91	0.144	
56	6	1	82	0.124	
56	6	1	113	0.132	
56	6	1	81	0.134	
57	6	1	98	0.081	
57	6	1	116	0.131	
57	6	1	97	0.078	
57	6	1	99	0.069	
57	6	1	101	0.076	
58	6	1	121	0.063	
58	6	1	105	0.070	
58	6	1	118	0.060	
58	6	1	119	0.071	
58	6	1	127	0.050	
59	6	1	88	0.067	
59	6	1	97	0.061	
59	6	1	55	0.072	
59	6	1	98	0.038	
59	6	1	103	0.075	
60	6	1	85	0.071	
60	6	1	83	0.096	
60	6	1	89	0.067	
60	6	1	134	0.050	
60	6	1	89	0.067	
61	6	1	75	0.393	
61	6	1	75	0.393	
61	6	1	75	0.396	
61	6	1	75	0.393	
61	6	1	75	0.393	
62	6	1	113	0.046	
62	6	1	117	0.066	
62	6	1	122	0.035	
62	6	1	116	0.046	
62	6	1	121	0.059	
63	6	1	85	0.154	
63	6	1	84	0.128	
63	6	1	90	0.106	
63	6	1	89	0.091	
63	6	1	83	0.132	
64	6	1	81	0.127	
64	6	1	99	0.099	
64	6	1	87	0.150	
64	6	1	76	0.136	
64	6	1	76	0.121	
65	6	1	78	0.103	
65	6	1	80	0.080	
65	6	1	79	0.109	
65	6	1	83	0.096	
65	6	1	81	0.109	
66	6	1	90	0.101	
66	6	1	89	0.104	
66	6	1	90	0.114	
66	6	1	93	0.109	
66	6	1	94	0.109	
67	6	1	75	0.342	
67	6	1	75	0.344	
67	6	1	75	0.344	
67	6	1	75	0.342	
67	6	1	75	0.335	
68	6	1	80	0.187	
68	6	1	80	0.197	
68	6	1	78	0.184	
68	6	1	78	0.096	
68	6	1	79	0.178	
69	6	1	95	0.118	
69	6	1	105	0.050	
69	6	1	87	0.088	
69	6	1	95	0.054	
69	6	1	91	0.058	
70	6	1	88	0.130	
70	6	1	85	0.105	
70	6	1	91	0.154	
70	6	1	85	0.152	
70	6	1	84	0.131	
71	6	1	76	0.123	
71	6	1	75	0.122	
71	6	1	76	0.123	
71	6	1	75	0.121	
71	6	1	75	0.121	
72	6	1	75	0.222	
72	6	1	75	0.209	
72	6	1	75	0.218	
72	6	1	75	0.220	
72	6	1	75	0.213	
73	6	1	92	0.107	
73	6	1	82	0.109	
73	6	1	87	0.097	
73	6	1	90	0.116	
73	6	1	86	0.085	
74	6	1	78	0.175	
74	6	1	81	0.196	
74	6	1	80	0.170	
74	6	1	76	0.157	
74	6	1	77	0.193	
75	6	1	75	0.338	
75	6	1	75	0.344	
75	6	1	75	0.342	
75	6	1	75	0.342	
75	6	1	75	0.342	
76	6	1	78	0.173	
76	6	1	81	0.178	
76	6	1	93	0.093	
76	6	1	79	0.158	
76	6	1	76	0.131	
77	6	1	79	0.216	
77	6	1	79	0.216	
77	6	1	79	0.160	
77	6	1	79	0.182	
77	6	1	78	0.202	
78	6	1	94	0.101	
78	6	1	80	0.098	
78	6	1	127	0.090	
78	6	1	101	0.094	
78	6	1	109	0.078	
79	6	1	79	0.191	
79	6	1	75	0.150	
79	6	1	76	0.124	
79	6	1	76	0.139	
79	6	1	76	0.141	
80	6	1	93	0.111	
80	6	1	44	0.122	
80	6	1	88	0.110	
80	6	1	44	0.136	
80	6	1	50	0.080	
81	6	1	79	0.146	
81	6	1	80	0.158	
81	6	1	81	0.159	
81	6	1	77	0.182	
81	6	1	77	0.139	
82	6	1	94	0.062	
82	6	1	86	0.079	
82	6	1	92	0.096	
82	6	1	89	0.092	
82	6	1	87	0.079	
83	6	1	78	0.153	
83	6	1	80	0.100	
83	6	1	80	0.151	
83	6	1	80	0.151	
83	6	1	76	0.188	
84	6	1	78	0.067	
84	6	1	81	0.091	
84	6	1	77	0.079	
84	6	1	75	0.111	
84	6	1	78	0.106	
85	6	1	82	0.151	
85	6	1	83	0.125	
85	6	1	83	0.118	
85	6	1	85	0.123	
85	6	1	81	0.126	
86	6	1	99	0.064	
86	6	1	99	0.071	
86	6	1	96	0.057	
86	6	1	94	0.102	
86	6	1	100	0.082	
87	6	1	79	0.118	
87	6	1	76	0.090	
87	6	1	76	0.130	
87	6	1	76	0.092	
87	6	1	77	0.127	
88	6	1	81	0.090	
88	6	1	81	0.090	
88	6	1	80	0.099	
88	6	1	78	0.142	
88	6	1	80	0.142	
89	6	1	80	0.092	
89	6	1	95	0.076	
89	6	1	82	0.086	
89	6	1	86	0.073	
89	6	1	85	0.092	
90	6	1	76	0.103	
90	6	1	77	0.104	
90	6	1	79	0.134	
90	6	1	76	0.120	
90	6	1	78	0.116	
91	6	1	91	0.091	
91	6	1	87	0.090	
91	6	1	94	0.087	
91	6	1	92	0.091	
91	6	1	93	0.087	
92	6	1	81	0.120	
92	6	1	82	0.096	
92	6	1	77	0.142	
92	6	1	81	0.128	
92	6	1	75	0.163	
93	6	1	75	0.792	
93	6	1	75	0.792	
93	6	1	75	0.792	
93	6	1	75	0.792	
93	6	1	75	0.792	
94	6	1	75	0.388	
94	6	1	75	0.388	
94	6	1	75	0.388	
94	6	1	75	0.388	
94	6	1	75	0.388	
95	6	1	74	0.130	
95	6	1	77	0.132	
95	6	1	79	0.162	
95	6	1	77	0.175	
95	6	1	78	0.109	
96	6	1	90	0.122	
96	6	1	91	0.049	
96	6	1	93	0.075	
96	6	1	95	0.051	
96	6	1	91	0.061	
97	6	1	99	0.091	
97	6	1	87	0.098	
97	6	1	82	0.107	
97	6	1	86	0.104	
97	6	1	80	0.099	
98	6	1	87	0.116	
98	6	1	77	0.142	
98	6	1	83	0.152	
98	6	1	78	0.127	
98	6	1	91	0.099	
99	6	1	95	0.090	
99	6	1	95	0.135	
99	6	1	91	0.112	
99	6	1	91	0.093	
99	6	1	100	0.113	
100	6	1	86	0.135	
100	6	1	75	0.127	
100	6	1	77	0.144	
100	6	1	77	0.144	
100	6	1	78	0.171	
101	6	1	86	0.157	
101	6	1	78	0.242	
101	6	1	85	0.158	
101	6	1	82	0.166	
101	6	1	77	0.240	
102	6	1	83	0.134	
102	6	1	79	0.124	
102	6	1	80	0.161	
102	6	1	76	0.154	
102	6	1	77	0.162	
103	6	1	99	0.083	
103	6	1	105	0.103	
103	6	1	101	0.067	
103	6	1	100	0.109	
103	6	1	94	0.161	
104	6	1	80	0.127	
104	6	1	99	0.114	
104	6	1	92	0.092	
104	6	1	82	0.081	
104	6	1	85	0.109	
105	6	1	97	0.100	
105	6	1	92	0.102	
105	6	1	91	0.099	
105	6	1	98	0.063	
105	6	1	46	0.134	
106	6	1	78	0.123	
106	6	1	93	0.098	
106	6	1	80	0.132	
106	6	1	87	0.135	
106	6	1	80	0.143	
107	6	1	78	0.134	
107	6	1	84	0.131	
107	6	1	86	0.109	
107	6	1	81	0.105	
107	6	1	84	0.126	
108	6	1	75	0.157	
108	6	1	75	0.187	
108	6	1	75	0.144	
108	6	1	75	0.162	
108	6	1	75	0.179	
109	6	1	84	0.103	
109	6	1	80	0.135	
109	6	1	90	0.101	
109	6	1	84	0.092	
109	6	1	92	0.108	
110	6	1	85	0.147	
110	6	1	85	0.162	
110	6	1	84	0.147	
110	6	1	87	0.161	
110	6	1	81	0.171	
111	6	1	130	0.105	
111	6	1	199	0.074	
111	6	1	139	0.076	
111	6	1	143	0.070	
111	6	1	157	0.052	
112	6	1	117	0.060	
112	6	1	57	0.033	
112	6	1	105	0.071	
112	6	1	172	0.047	
112	6	1	112	0.074	
113	6	1	101	0.057	
113	6	1	100	0.077	
113	6	1	112	0.075	
113	6	1	123	0.040	
113	6	1	105	0.081	
114	6	1	99	0.111	
114	6	1	99	0.116	
114	6	1	68	0.008	
114	6	1	109	0.084	
114	6	1	89	0.083	
115	6	1	102	0.089	
115	6	1	47	0.083	
115	6	1	82	0.089	
115	6	1	103	0.048	
115	6	1	100	0.082	
116	6	1	89	0.158	
116	6	1	76	0.149	
116	6	1	89	0.163	
116	6	1	83	0.151	
116	6	1	87	0.112	
117	6	1	123	0.059	
117	6	1	146	0.043	
117	6	1	122	0.047	
117	6	1	132	0.072	
117	6	1	116	0.047	
118	6	1	112	0.097	
118	6	1	104	0.095	
118	6	1	106	0.086	
118	6	1	113	0.066	
118	6	1	115	0.088	
119	6	1	106	0.089	
119	6	1	101	0.074	
119	6	1	103	0.053	
119	6	1	96	0.074	
119	6	1	118	0.076	
120	6	1	99	0.098	
120	6	1	107	0.112	
120	6	1	101	0.102	
120	6	1	96	0.106	
120	6	1	101	0.083	
121	6	1	96	0.120	
121	6	1	61	0.117	
121	6	1	91	0.118	
121	6	1	94	0.092	
121	6	1	101	0.084	
122	6	1	84	0.152	
122	6	1	82	0.148	
122	6	1	87	0.135	
122	6	1	84	0.116	
122	6	1	79	0.142	
123	6	1	112	0.067	
123	6	1	108	0.073	
123	6	1	129	0.045	
123	6	1	116	0.053	
123	6	1	115	0.086	
124	6	1	93	0.113	
124	6	1	101	0.118	
124	6	1	92	0.135	
124	6	1	91	0.138	
124	6	1	92	0.119	
125	6	1	90	0.090	
125	6	1	88	0.093	
125	6	1	88	0.078	
125	6	1	92	0.106	
125	6	1	91	0.071	
126	6	1	89	0.116	
126	6	1	84	0.089	
126	6	1	96	0.079	
126	6	1	98	0.077	
126	6	1	93	0.090	
127	6	1	102	0.092	
127	6	1	100	0.093	
127	6	1	108	0.095	
127	6	1	93	0.090	
127	6	1	101	0.066	
128	6	1	79	0.165	
128	6	1	80	0.103	
128	6	1	77	0.139	
128	6	1	78	0.154	
128	6	1	77	0.154	
129	6	1	43	0.097	
129	6	1	95	0.087	
129	6	1	101	0.113	
129	6	1	83	0.083	
129	6	1	100	0.097	
130	6	1	83	0.131	
130	6	1	80	0.133	
130	6	1	79	0.110	
130	6	1	80	0.120	
130	6	1	80	0.125	
131	6	1	81	0.094	
131	6	1	80	0.115	
131	6	1	86	0.110	
131	6	1	88	0.081	
131	6	1	82	0.071	
132	6	1	91	0.107	
132	6	1	79	0.156	
132	6	1	88	0.091	
132	6	1	90	0.110	
132	6	1	86	0.103	
133	6	1	90	0.121	
133	6	1	100	0.081	
133	6	1	101	0.114	
133	6	1	97	0.118	
133	6	1	88	0.109	
134	6	1	85	0.101	
134	6	1	167	0.089	
134	6	1	88	0.098	
134	6	1	90	0.089	
134	6	1	87	0.116	
135	6	1	78	0.162	
135	6	1	77	0.117	
135	6	1	84	0.148	
135	6	1	78	0.168	
135	6	1	82	0.158	
136	6	1	117	0.053	
136	6	1	100	0.048	
136	6	1	100	0.086	
136	6	1	108	0.070	
136	6	1	106	0.066	
137	6	1	110	0.065	
137	6	1	92	0.107	
137	6	1	103	0.047	
137	6	1	106	0.059	
137	6	1	108	0.079	
138	6	1	121	0.104	
138	6	1	114	0.074	
138	6	0	72	0.000	
138	6	1	125	0.086	
138	6	1	98	0.095	
139	6	1	76	0.153	
139	6	1	74	0.138	
139	6	1	80	0.114	
139	6	1	76	0.126	
139	6	1	76	0.143	
140	6	1	109	0.055	
140	6	1	91	0.082	
140	6	1	98	0.112	
140	6	1	86	0.110	
140	6	1	96	0.082	
141	6	1	81	0.110	
141	6	1	88	0.109	
141	6	1	78	0.082	
141	6	1	91	0.090	
141	6	1	82	0.138	
142	6	1	78	0.099	
142	6	1	77	0.123	
142	6	1	79	0.088	
142	6	1	75	0.128	
142	6	1	79	0.060	
143	6	1	96	0.084	
143	6	1	102	0.077	
143	6	1	98	0.098	
143	6	1	96	0.095	
143	6	1	98	0.116	
144	6	1	89	0.101	
144	6	1	87	0.103	
144	6	1	91	0.107	
144	6	1	96	0.111	
144	6	1	88	0.123	
145	6	1	84	0.133	
145	6	1	82	0.060	
145	6	1	83	0.088	
145	6	1	82	0.108	
145	6	1	91	0.088	
146	6	1	79	0.151	
146	6	1	76	0.139	
146	6	1	79	0.134	
146	6	1	79	0.117	
146	6	1	79	0.145	
147	6	1	81	0.125	
147	6	1	82	0.095	
147	6	1	78	0.134	
147	6	1	77	0.127	
147	6	1	74	0.131	
148	6	1	97	0.074	
148	6	1	89	0.092	
148	6	1	95	0.085	
148	6	1	98	0.068	
148	6	1	91	0.103	
149	6	1	79	0.091	
149	6	1	82	0.107	
149	6	1	79	0.098	
149	6	1	79	0.143	
149	6	1	80	0.112	
150	6	1	93	0.103	
150	6	1	88	0.098	
150	6	1	89	0.088	
150	6	1	100	0.083	
150	6	1	87	0.077	
151	6	1	94	0.089	
151	6	1	88	0.105	
151	6	1	91	0.092	
151	6	1	86	0.101	
151	6	1	93	0.093	
152	6	1	78	0.232	
152	6	1	77	0.128	
152	6	1	82	0.158	
152	6	1	77	0.148	
152	6	1	79	0.122	
153	6	1	79	0.059	
153	6	0	87	0.018	
153	6	1	105	0.064	
153	6	1	95	0.061	
153	6	1	77	0.051	
154	6	1	89	0.078	
154	6	1	110	0.066	
154	6	1	84	0.088	
154	6	1	92	0.083	
154	6	1	90	0.116	
155	6	1	77	0.154	
155	6	1	77	0.131	
155	6	1	80	0.122	
155	6	1	77	0.149	
155	6	1	76	0.135	
156	6	1	82	0.170	
156	6	1	85	0.144	
156	6	1	81	0.164	
156	6	1	90	0.145	
156	6	1	88	0.174	
157	6	1	108	0.069	
157	6	1	115	0.078	
157	6	1	114	0.074	
157	6	1	108	0.061	
157	6	1	104	0.065	
158	6	1	113	0.033	
158	6	1	110	0.080	
158	6	1	102	0.070	
158	6	1	106	0.072	
158	6	1	100	0.056	
159	6	1	76	0.235	
159	6	1	85	0.109	
159	6	1	78	0.171	
159	6	1	82	0.110	
159	6	1	80	0.103	
160	6	1	81	0.094	
160	6	1	81	0.088	
160	6	1	84	0.076	
160	6	1	83	0.080	
160	6	1	82	0.013	
161	6	1	77	0.163	
161	6	1	81	0.146	
161	6	1	76	0.192	
161	6	1	78	0.154	
161	6	1	81	0.146	
162	6	1	96	0.094	
162	6	1	98	0.074	
162	6	1	83	0.069	
162	6	1	85	0.082	
162	6	1	81	0.049	
163	6	1	103	0.061	
163	6	1	98	0.106	
163	6	1	101	0.092	
163	6	1	110	0.065	
163	6	1	45	0.078	
164	6	1	80	0.101	
164	6	1	86	0.108	
164	6	1	83	0.106	
164	6	1	78	0.106	
164	6	1	84	0.132	
165	6	1	93	0.090	
165	6	1	94	0.077	
165	6	1	90	0.083	
165	6	1	100	0.067	
165	6	1	90	0.082	
166	6	1	87	0.135	
166	6	1	80	0.113	
166	6	1	78	0.096	
166	6	1	81	0.120	
166	6	1	79	0.126	
167	6	1	43	0.067	
167	6	1	43	0.046	
167	6	0	41	0.011	
167	6	1	49	0.072	
167	6	1	42	0.070	
168	6	1	103	0.072	
168	6	1	96	0.059	
168	6	1	101	0.070	
168	6	1	90	0.070	
168	6	1	100	0.052	
169	6	1	168	0.043	
169	6	0	105	0.014	
169	6	1	107	0.039	
169	6	1	93	0.046	
169	6	1	109	0.058	
170	6	1	85	0.046	
170	6	1	84	0.092	
170	6	1	88	0.096	
170	6	1	88	0.083	
170	6	1	82	0.088	
171	6	1	95	0.069	
171	6	1	124	0.060	
171	6	1	68	0.028	
171	6	1	106	0.073	
171	6	1	110	0.054	
172	6	1	83	0.099	
172	6	1	87	0.089	
172	6	1	101	0.076	
172	6	1	96	0.088	
172	6	0	45	0.000	
173	6	1	89	0.108	
173	6	1	97	0.122	
173	6	1	101	0.113	
173	6	1	99	0.137	
173	6	1	85	0.104	
174	6	1	79	0.127	
174	6	1	79	0.108	
174	6	1	109	0.123	
174	6	1	87	0.137	
174	6	1	80	0.137	
175	6	1	156	0.080	
175	6	1	101	0.089	
175	6	1	122	0.073	
175	6	1	155	0.060	
175	6	1	103	0.065	
176	6	1	92	0.082	
176	6	1	93	0.083	
176	6	1	96	0.121	
176	6	1	100	0.138	
176	6	1	97	0.123	
177	6	1	91	0.073	
177	6	1	124	0.034	
177	6	1	89	0.103	
177	6	1	95	0.103	
177	6	1	99	0.096	
178	6	1	89	0.084	
178	6	1	91	0.077	
178	6	1	89	0.080	
178	6	1	87	0.082	
178	6	1	97	0.101	
179	6	1	111	0.076	
179	6	1	99	0.066	
179	6	1	92	0.076	
179	6	1	97	0.074	
179	6	1	105	0.087	
180	6	1	105	0.093	
180	6	1	113	0.086	
180	6	1	114	0.075	
180	6	1	140	0.054	
180	6	1	100	0.095	
181	6	1	109	0.085	
181	6	1	60	0.096	
181	6	1	106	0.077	
181	6	1	101	0.094	
181	6	1	92	0.066	
182	6	1	99	0.075	
182	6	1	109	0.067	
182	6	1	107	0.061	
182	6	1	110	0.071	
182	6	1	96	0.076	
183	6	1	70	0.124	
183	6	1	96	0.083	
183	6	1	94	0.070	
183	6	1	89	0.084	
183	6	1	108	0.100	
184	6	1	99	0.109	
184	6	1	96	0.077	
184	6	1	87	0.137	
184	6	1	100	0.096	
184	6	1	94	0.138	
185	6	1	86	0.134	
185	6	1	94	0.118	
185	6	1	92	0.083	
185	6	1	83	0.126	
185	6	1	84	0.078	
186	6	1	104	0.070	
186	6	1	93	0.075	
186	6	0	76	0.003	
186	6	1	80	0.076	
186	6	1	105	0.080	
187	6	1	114	0.033	
187	6	1	95	0.091	
187	6	1	86	0.035	
187	6	1	103	0.089	
187	6	1	90	0.093	
188	6	1	91	0.116	
188	6	1	99	0.079	
188	6	1	86	0.117	
188	6	1	91	0.124	
188	6	1	84	0.118	
189	6	1	102	0.074	
189	6	1	67	0.081	
189	6	1	85	0.089	
189	6	1	90	0.059	
189	6	1	80	0.085	
190	6	1	94	0.075	
190	6	1	97	0.143	
190	6	1	93	0.093	
190	6	1	90	0.060	
190	6	1	109	0.082	
191	6	1	103	0.091	
191	6	1	104	0.085	
191	6	1	96	0.064	
191	6	1	166	0.045	
191	6	1	104	0.088	
192	6	0	54	0.000	
192	6	0	83	0.003	
192	6	1	125	0.054	
192	6	1	103	0.075	
192	6	1	113	0.086	
193	6	1	93	0.064	
193	6	1	95	0.085	
193	6	1	110	0.065	
193	6	1	101	0.071	
193	6	1	101	0.091	
194	6	1	124	0.084	
194	6	1	97	0.073	
194	6	0	42	0.021	
194	6	1	106	0.069	
194	6	1	107	0.050	
195	6	1	82	0.087	
195	6	1	112	0.074	
195	6	1	101	0.087	
195	6	1	87	0.100	
195	6	1	99	0.085	
196	6	1	90	0.112	
196	6	1	82	0.102	
196	6	1	82	0.096	
196	6	1	84	0.074	
196	6	1	78	0.094	
197	6	1	102	0.109	
197	6	1	101	0.096	
197	6	1	91	0.103	
197	6	1	93	0.084	
197	6	1	98	0.094	
198	6	1	83	0.121	
198	6	1	84	0.119	
198	6	1	89	0.084	
198	6	1	82	0.104	
198	6	1	79	0.079	
199	6	1	110	0.053	
199	6	1	93	0.076	
199	6	1	107	0.050	
199	6	1	123	0.068	
199	6	1	90	0.093	
200	6	1	80	0.148	
200	6	1	84	0.136	
200	6	1	83	0.126	
200	6	1	88	0.129	
200	6	1	84	0.119	
201	6	1	83	0.090	
201	6	1	87	0.085	
201	6	1	79	0.087	
201	6	1	89	0.100	
201	6	1	90	0.083	
202	6	1	82	0.152	
202	6	1	89	0.095	
202	6	1	79	0.148	
202	6	1	84	0.107	
202	6	1	86	0.133	
203	6	1	89	0.009	
203	6	1	116	0.087	
203	6	1	96	0.071	
203	6	1	78	0.050	
203	6	1	120	0.073	
204	6	1	92	0.094	
204	6	1	101	0.086	
204	6	1	132	0.056	
204	6	1	103	0.108	
204	6	1	126	0.094	
205	6	1	108	0.083	
205	6	1	114	0.039	
205	6	1	122	0.077	
205	6	0	53	0.003	
205	6	1	111	0.057	
206	6	1	86	0.080	
206	6	1	93	0.078	
206	6	1	82	0.080	
206	6	1	100	0.089	
206	6	1	93	0.069	
207	6	1	91	0.075	
207	6	1	100	0.024	
207	6	1	100	0.109	
207	6	1	96	0.081	
207	6	1	97	0.046	
208	6	1	102	0.071	
208	6	1	95	0.101	
208	6	1	98	0.064	
208	6	1	100	0.053	
208	6	1	98	0.073	
209	6	1	83	0.155	
209	6	1	83	0.155	
209	6	1	84	0.172	
209	6	1	83	0.145	
209	6	1	83	0.145	
210	6	1	83	0.088	
210	6	1	92	0.063	
210	6	1	89	0.067	
210	6	1	105	0.059	
210	6	1	87	0.056	
211	6	1	84	0.084	
211	6	1	106	0.063	
211	6	1	93	0.075	
211	6	1	87	0.039	
211	6	1	84	0.051	
212	6	1	77	0.080	
212	6	1	83	0.091	
212	6	1	79	0.113	
212	6	1	79	0.124	
212	6	1	78	0.107	
213	6	1	89	0.123	
213	6	1	88	0.093	
213	6	1	97	0.091	
213	6	1	100	0.103	
213	6	1	97	0.106	
214	6	1	103	0.076	
214	6	1	104	0.090	
214	6	1	100	0.084	
214	6	1	103	0.078	
214	6	1	109	0.061	
215	6	1	96	0.104	
215	6	1	90	0.121	
215	6	1	99	0.070	
215	6	1	93	0.088	
215	6	1	104	0.117	
216	6	1	90	0.151	
216	6	1	87	0.105	
216	6	1	90	0.091	
216	6	1	93	0.107	
216	6	1	93	0.099	
217	6	1	96	0.080	
217	6	1	92	0.101	
217	6	1	99	0.085	
217	6	1	88	0.102	
217	6	1	102	0.100	
218	6	1	93	0.080	
218	6	1	89	0.082	
218	6	1	85	0.057	
218	6	1	85	0.080	
218	6	1	86	0.061	
219	6	1	84	0.094	
219	6	1	102	0.085	
219	6	1	89	0.082	
219	6	1	87	0.073	
219	6	1	82	0.088	
220	6	1	68	0.063	
220	6	1	58	0.058	
220	6	1	56	0.080	
220	6	1	177	0.064	
220	6	1	64	0.076	
221	6	1	112	0.049	
221	6	1	123	0.072	
221	6	1	105	0.066	
221	6	1	97	0.056	
221	6	1	91	0.053	
222	6	1	89	0.094	
222	6	1	42	0.108	
222	6	1	93	0.056	
222	6	1	40	0.104	
222	6	1	102	0.093	
223	6	1	92	0.099	
223	6	1	91	0.083	
223	6	1	88	0.087	
223	6	1	92	0.088	
223	6	1	96	0.085	
224	6	1	85	0.093	
224	6	1	84	0.102	
224	6	1	85	0.112	
224	6	1	91	0.057	
224	6	1	87	0.090	
225	6	1	94	0.113	
225	6	1	102	0.053	
225	6	1	114	0.048	
225	6	1	98	0.112	
225	6	1	88	0.069	
226	6	1	77	0.123	
226	6	1	80	0.142	
226	6	1	75	0.143	
226	6	1	81	0.103	
226	6	1	82	0.126	
227	6	1	92	0.060	
227	6	1	98	0.099	
227	6	1	99	0.044	
227	6	1	99	0.047	
227	6	1	105	0.102	
228	6	1	121	0.059	
228	6	1	123	0.062	
228	6	1	81	0.056	
228	6	1	139	0.066	
228	6	1	129	0.060	
229	6	1	83	0.082	
229	6	1	93	0.067	
229	6	1	91	0.063	
229	6	1	88	0.075	
229	6	1	91	0.061	
230	6	1	101	0.079	
230	6	1	103	0.086	
230	6	1	103	0.050	
230	6	1	96	0.069	
230	6	1	111	0.062	
231	6	1	92	0.138	
231	6	1	94	0.147	
231	6	1	90	0.146	
231	6	1	92	0.158	
231	6	1	89	0.112	
232	6	1	83	0.094	
232	6	1	86	0.130	
232	6	1	82	0.098	
232	6	1	85	0.116	
232	6	1	89	0.121	
233	6	1	76	0.165	
233	6	1	76	0.200	
233	6	1	76	0.220	
233	6	1	76	0.200	
233	6	1	76	0.229	
234	6	1	80	0.122	
234	6	1	82	0.125	
234	6	1	43	0.109	
234	6	1	80	0.102	
234	6	1	87	0.086	
235	6	1	113	0.060	
235	6	1	105	0.098	
235	6	1	113	0.070	
235	6	1	101	0.109	
235	6	1	120	0.089	
236	6	1	79	0.107	
236	6	1	79	0.112	
236	6	1	79	0.144	
236	6	1	81	0.136	
236	6	1	79	0.112	
237	6	1	92	0.069	
237	6	1	88	0.071	
237	6	1	89	0.074	
237	6	1	39	0.061	
237	6	1	87	0.063	
238	6	1	104	0.058	
238	6	1	90	0.106	
238	6	1	101	0.100	
238	6	1	96	0.103	
238	6	1	114	0.070	
239	6	1	103	0.008	
239	6	1	95	0.081	
239	6	1	100	0.100	
239	6	1	94	0.106	
239	6	1	92	0.107	
240	6	1	87	0.142	
240	6	1	87	0.112	
240	6	1	89	0.107	
240	6	1	89	0.116	
240	6	1	87	0.112	
241	6	1	65	0.054	
241	6	1	96	0.085	
241	6	1	93	0.100	
241	6	1	100	0.092	
241	6	1	100	0.059	
242	6	1	93	0.081	
242	6	1	118	0.091	
242	6	1	112	0.074	
242	6	1	115	0.070	
242	6	1	96	0.074	
243	6	1	111	0.063	
243	6	1	115	0.062	
243	6	1	118	0.069	
243	6	1	104	0.064	
243	6	1	100	0.062	
244	6	1	88	0.058	
244	6	0	64	0.000	
244	6	1	105	0.085	
244	6	1	104	0.057	
244	6	1	90	0.041	
245	6	1	94	0.050	
245	6	1	102	0.048	
245	6	1	90	0.078	
245	6	1	106	0.050	
245	6	1	113	0.044	
246	6	1	96	0.074	
246	6	1	108	0.069	
246	6	1	104	0.064	
246	6	1	117	0.072	
246	6	1	99	0.061	
247	6	1	75	0.173	
247	6	1	77	0.171	
247	6	1	76	0.164	
247	6	1	76	0.198	
247	6	1	77	0.207	
248	6	1	95	0.091	
248	6	1	101	0.089	
248	6	1	118	0.074	
248	6	1	101	0.111	
248	6	1	95	0.091	
249	6	1	105	0.038	
249	6	1	100	0.095	
249	6	1	101	0.037	
249	6	1	100	0.043	
249	6	1	95	0.041	
250	6	1	130	0.030	
250	6	1	100	0.049	
250	6	1	136	0.024	
250	6	1	113	0.048	
250	6	1	100	0.060	
251	6	1	75	0.112	
251	6	1	76	0.097	
251	6	1	79	0.080	
251	6	1	76	0.095	
251	6	1	75	0.093	
252	6	1	78	0.109	
252	6	1	76	0.103	
252	6	1	76	0.120	
252	6	1	78	0.111	
252	6	1	77	0.083	
253	6	1	113	0.076	
253	6	1	98	0.083	
253	6	1	41	0.159	
253	6	1	105	0.081	
253	6	1	38	0.190	
254	6	1	104	0.076	
254	6	1	96	0.068	
254	6	1	106	0.072	
254	6	1	100	0.081	
254	6	1	106	0.082	
255	6	0	64	0.003	
255	6	1	106	0.028	
255	6	1	69	0.096	
255	6	1	127	0.083	
255	6	1	112	0.066	
256	6	1	97	0.070	
256	6	1	103	0.048	
256	6	1	104	0.041	
256	6	1	87	0.072	
256	6	1	103	0.078	
257	6	1	76	0.134	
257	6	1	83	0.160	
257	6	1	77	0.169	
257	6	1	77	0.146	
257	6	1	77	0.149	
258	6	1	103	0.062	
258	6	1	131	0.055	
258	6	1	101	0.067	
258	6	1	121	0.061	
258	6	1	102	0.053	
259	6	1	85	0.124	
259	6	1	88	0.151	
259	6	1	86	0.166	
259	6	1	87	0.201	
259	6	1	86	0.173	
260	6	1	124	0.080	
260	6	1	122	0.100	
260	6	1	108	0.037	
260	6	1	119	0.096	
260	6	0	47	0.011	
261	6	1	96	0.086	
261	6	1	82	0.087	
261	6	1	89	0.114	
261	6	1	84	0.076	
261	6	1	82	0.107	
262	6	1	65	0.106	
262	6	1	103	0.090	
262	6	1	115	0.085	
262	6	1	98	0.076	
262	6	1	91	0.097	
263	6	1	83	0.129	
263	6	1	85	0.119	
263	6	1	80	0.110	
263	6	1	85	0.113	
263	6	1	89	0.091	
264	6	1	84	0.113	
264	6	1	86	0.084	
264	6	1	87	0.080	
264	6	1	87	0.071	
264	6	1	85	0.082	
265	6	1	124	0.069	
265	6	1	107	0.050	
265	6	1	140	0.089	
265	6	1	114	0.104	
265	6	1	128	0.054	
266	6	1	111	0.083	
266	6	1	130	0.092	
266	6	1	117	0.070	
266	6	1	121	0.081	
266	6	1	120	0.032	
267	6	1	96	0.053	
267	6	1	101	0.070	
267	6	1	84	0.121	
267	6	1	92	0.101	
267	6	1	80	0.088	
268	6	1	118	0.074	
268	6	1	85	0.108	
268	6	1	97	0.077	
268	6	1	112	0.065	
268	6	1	107	0.053	
269	6	1	87	0.093	
269	6	1	84	0.118	
269	6	1	97	0.110	
269	6	1	94	0.119	
269	6	1	92	0.120	
270	6	1	80	0.132	
270	6	1	79	0.123	
270	6	1	77	0.130	
270	6	1	78	0.080	
270	6	1	76	0.138	
271	6	1	108	0.079	
271	6	1	56	0.101	
271	6	1	60	0.090	
271	6	1	81	0.082	
271	6	1	85	0.047	
272	6	1	132	0.062	
272	6	1	102	0.053	
272	6	1	78	0.079	
272	6	1	126	0.057	
272	6	1	76	0.083	
273	6	1	42	0.104	
273	6	1	151	0.099	
273	6	1	105	0.099	
273	6	1	103	0.098	
273	6	1	43	0.113	
274	6	1	79	0.134	
274	6	1	79	0.137	
274	6	1	81	0.163	
274	6	1	81	0.149	
274	6	1	79	0.149	
275	6	1	94	0.063	
275	6	1	116	0.069	
275	6	1	99	0.062	
275	6	1	138	0.058	
275	6	1	92	0.035	
276	6	1	118	0.082	
276	6	1	111	0.094	
276	6	1	106	0.052	
276	6	1	111	0.060	
276	6	1	124	0.077	
277	6	1	95	0.120	
277	6	1	107	0.073	
277	6	1	108	0.076	
277	6	1	116	0.067	
277	6	1	95	0.083	
278	6	1	96	0.086	
278	6	1	87	0.082	
278	6	1	101	0.106	
278	6	1	99	0.080	
278	6	1	98	0.081	
279	6	1	122	0.066	
279	6	1	128	0.084	
279	6	1	115	0.056	
279	6	1	118	0.069	
279	6	1	128	0.047	
280	6	1	87	0.127	
280	6	1	95	0.119	
280	6	1	92	0.107	
280	6	1	87	0.102	
280	6	1	88	0.113	
281	6	1	125	0.048	
281	6	1	133	0.054	
281	6	1	140	0.049	
281	6	1	149	0.083	
281	6	1	129	0.039	
282	6	1	124	0.060	
282	6	1	128	0.053	
282	6	1	135	0.078	
282	6	1	116	0.076	
282	6	1	138	0.076	
283	6	1	54	0.073	
283	6	1	60	0.092	
283	6	1	54	0.062	
283	6	1	50	0.067	
283	6	1	49	0.064	
284	6	1	88	0.093	
284	6	1	97	0.067	
284	6	1	101	0.082	
284	6	1	82	0.134	
284	6	1	90	0.072	
285	6	1	122	0.077	
285	6	1	121	0.061	
285	6	1	50	0.115	
285	6	1	109	0.073	
285	6	1	130	0.058	
286	6	1	104	0.060	
286	6	1	112	0.088	
286	6	1	132	0.104	
286	6	1	94	0.083	
286	6	1	117	0.103	
287	6	1	102	0.075	
287	6	1	110	0.083	
287	6	1	146	0.066	
287	6	1	117	0.054	
287	6	1	123	0.077	
288	6	1	64	0.049	
288	6	1	105	0.079	
288	6	1	102	0.078	
288	6	1	106	0.101	
288	6	1	117	0.063	
289	6	1	90	0.075	
289	6	1	93	0.090	
289	6	1	85	0.082	
289	6	1	88	0.079	
289	6	1	108	0.095	
290	6	1	107	0.103	
290	6	1	118	0.076	
290	6	1	129	0.066	
290	6	1	113	0.116	
290	6	1	112	0.079	
291	6	1	83	0.158	
291	6	1	84	0.102	
291	6	1	77	0.141	
291	6	1	77	0.135	
291	6	1	80	0.109	
292	6	1	111	0.081	
292	6	1	103	0.080	
292	6	1	96	0.085	
292	6	1	83	0.002	
292	6	1	108	0.083	
293	6	1	98	0.052	
293	6	1	108	0.047	
293	6	1	128	0.049	
293	6	1	108	0.046	
293	6	1	106	0.041	
294	6	1	114	0.077	
294	6	1	135	0.080	
294	6	1	115	0.104	
294	6	1	118	0.077	
294	6	1	120	0.087	
295	6	1	106	0.083	
295	6	1	102	0.057	
295	6	1	130	0.059	
295	6	1	88	0.055	
295	6	1	127	0.061	
296	6	1	98	0.124	
296	6	1	88	0.168	
296	6	1	83	0.119	
296	6	1	86	0.114	
296	6	1	93	0.129	
297	6	1	131	0.062	
297	6	1	123	0.066	
297	6	1	250	0.125	
297	6	1	110	0.059	
297	6	1	140	0.064	
298	6	1	75	0.071	
298	6	1	115	0.058	
298	6	1	110	0.026	
298	6	1	109	0.076	
298	6	1	114	0.070	
299	6	1	100	0.107	
299	6	1	105	0.082	
299	6	1	113	0.076	
299	6	1	104	0.103	
299	6	1	103	0.085	
0	7	1	56	0.106	
0	7	1	54	0.122	
0	7	1	56	0.123	
0	7	1	57	0.139	
0	7	1	51	0.209	
1	7	1	58	0.160	
1	7	1	60	0.100	
1	7	1	58	0.224	
1	7	1	62	0.117	
1	7	1	56	0.217	
2	7	1	53	0.084	
2	7	1	52	0.113	
2	7	1	52	0.121	
2	7	1	52	0.118	
2	7	1	52	0.118	
3	7	1	47	0.140	
3	7	1	47	0.150	
3	7	1	46	0.147	
3	7	1	46	0.218	
3	7	1	46	0.213	
4	7	1	44	0.055	
4	7	1	65	0.062	
4	7	1	39	0.132	
4	7	1	71	0.116	
4	7	1	72	0.015	
5	7	1	44	0.178	
5	7	1	44	0.207	
5	7	1	44	0.207	
5	7	1	44	0.178	
5	7	1	44	0.194	
6	7	1	60	0.114	
6	7	1	68	0.121	
6	7	1	29	0.150	
6	7	1	57	0.067	
6	7	1	59	0.118	
7	7	1	65	0.137	
7	7	1	63	0.103	
7	7	1	59	0.145	
7	7	1	54	0.074	
7	7	1	61	0.033	
8	7	1	50	0.137	
8	7	1	50	0.162	
8	7	1	49	0.176	
8	7	1	49	0.148	
8	7	1	50	0.167	
9	7	1	41	0.184	
9	7	1	42	0.154	
9	7	1	42	0.213	
9	7	1	45	0.240	
9	7	1	45	0.187	
10	7	1	48	0.178	
10	7	1	46	0.108	
10	7	1	45	0.228	
10	7	1	47	0.179	
10	7	1	45	0.224	
11	7	1	48	0.225	
11	7	1	48	0.225	
11	7	1	48	0.225	
11	7	1	47	0.240	
11	7	1	48	0.225	
12	7	1	49	0.097	
12	7	1	50	0.097	
12	7	1	52	0.097	
12	7	1	54	0.097	
12	7	1	53	0.097	
13	7	1	43	0.073	
13	7	1	45	0.103	
13	7	1	47	0.100	
13	7	1	44	0.125	
13	7	1	46	0.152	
14	7	1	50	0.141	
14	7	1	49	0.179	
14	7	1	49	0.231	
14	7	1	48	0.183	
14	7	1	49	0.143	
15	7	1	47	0.215	
15	7	1	47	0.175	
15	7	1	47	0.237	
15	7	1	46	0.230	
15	7	1	48	0.243	
16	7	1	57	0.095	
16	7	1	57	0.092	
16	7	1	63	0.085	
16	7	1	58	0.108	
16	7	1	57	0.093	
17	7	1	48	0.189	
17	7	1	47	0.203	
17	7	1	46	0.233	
17	7	1	46	0.229	
17	7	1	48	0.211	
18	7	1	45	0.219	
18	7	1	45	0.219	
18	7	1	47	0.251	
18	7	1	46	0.168	
18	7	1	47	0.265	
19	7	1	66	0.062	
19	7	1	61	0.124	
19	7	1	58	0.079	
19	7	0	43	0.000	
19	7	1	62	0.090	
20	7	1	48	0.151	
20	7	1	48	0.204	
20	7	1	48	0.202	
20	7	1	48	0.260	
20	7	1	48	0.145	
21	7	1	45	0.208	
21	7	1	45	0.186	
21	7	1	43	0.208	
21	7	1	51	0.146	
21	7	1	45	0.159	
22	7	1	52	0.109	
22	7	1	51	0.130	
22	7	1	51	0.125	
22	7	1	51	0.117	
22	7	1	93	0.079	
23	7	1	49	0.165	
23	7	1	24	0.149	
23	7	1	49	0.114	
23	7	1	24	0.148	
23	7	1	24	0.149	
24	7	1	57	0.156	
24	7	1	59	0.121	
24	7	1	60	0.100	
24	7	1	57	0.155	
24	7	1	54	0.130	
25	7	1	47	0.294	
25	7	1	47	0.292	
25	7	1	47	0.270	
25	7	1	47	0.121	
25	7	1	47	0.212	
26	7	1	49	0.143	
26	7	1	48	0.152	
26	7	1	50	0.215	
26	7	1	48	0.142	
26	7	1	48	0.218	
27	7	1	46	0.154	
27	7	1	45	0.153	
27	7	1	45	0.164	
27	7	1	45	0.150	
27	7	1	45	0.152	
28	7	1	44	0.329	
28	7	1	44	0.273	
28	7	1	45	0.288	
28	7	1	44	0.254	
28	7	1	45	0.211	
29	7	1	31	0.021	
29	7	1	30	0.072	
29	7	1	30	0.072	
29	7	1	31	0.022	
29	7	1	32	0.090	
30	7	1	62	0.093	
30	7	1	67	0.096	
30	7	1	60	0.054	
30	7	1	75	0.076	
30	7	1	64	0.106	
31	7	1	46	0.147	
31	7	1	47	0.222	
31	7	1	47	0.224	
31	7	1	46	0.192	
31	7	1	46	0.167	
32	7	1	47	0.105	
32	7	1	47	0.160	
32	7	1	47	0.160	
32	7	1	47	0.160	
32	7	1	47	0.160	
33	7	1	34	0.068	
33	7	1	33	0.062	
33	7	1	35	0.066	
33	7	1	32	0.054	
33	7	1	35	0.058	
34	7	1	42	0.201	
34	7	1	42	0.191	
34	7	1	42	0.188	
34	7	1	42	0.201	
34	7	1	43	0.177	
35	7	1	47	0.084	
35	7	1	47	0.125	
35	7	1	47	0.125	
35	7	1	47	0.125	
35	7	1	47	0.086	
36	7	1	44	0.193	
36	7	1	44	0.207	
36	7	1	44	0.232	
36	7	1	44	0.207	
36	7	1	44	0.237	
37	7	1	55	0.093	
37	7	1	57	0.091	
37	7	1	56	0.082	
37	7	1	55	0.086	
37	7	1	57	0.096	
38	7	1	55	0.159	
38	7	1	54	0.074	
38	7	1	57	0.098	
38	7	1	53	0.102	
38	7	1	56	0.096	
39	7	1	46	0.166	
39	7	1	45	0.109	
39	7	1	45	0.127	
39	7	1	45	0.155	
39	7	1	46	0.155	
40	7	1	44	0.332	
40	7	1	44	0.332	
40	7	1	44	0.332	
40	7	1	44	0.332	
40	7	1	44	0.332	
41	7	1	44	0.250	
41	7	1	44	0.230	
41	7	1	44	0.246	
41	7	1	44	0.250	
41	7	1	44	0.250	
42	7	1	44	0.636	
42	7	1	44	0.633	
42	7	1	44	0.636	
42	7	1	44	0.636	
42	7	1	44	0.636	
43	7	1	70	0.071	
43	7	1	64	0.094	
43	7	1	58	0.079	
43	7	1	67	0.116	
43	7	1	70	0.092	
44	7	1	56	0.104	
44	7	1	58	0.042	
44	7	1	56	0.126	
44	7	1	61	0.041	
44	7	1	60	0.115	
45	7	1	51	0.128	
45	7	1	58	0.070	
45	7	1	49	0.105	
45	7	1	25	0.198	
45	7	1	47	0.088	
46	7	1	57	0.104	
46	7	1	73	0.078	
46	7	1	57	0.116	
46	7	1	52	0.018	
46	7	1	57	0.085	
47	7	1	57	0.076	
47	7	1	55	0.044	
47	7	1	66	0.064	
47	7	1	61	0.065	
47	7	1	54	0.083	
48	7	1	45	0.156	
48	7	1	44	0.143	
48	7	1	45	0.124	
48	7	1	44	0.185	
48	7	1	45	0.153	
49	7	1	62	0.123	
49	7	1	68	0.085	
49	7	1	59	0.097	
49	7	1	59	0.079	
49	7	1	60	0.092	
50	7	1	46	0.279	
50	7	1	46	0.279	
50	7	1	46	0.279	
50	7	1	46	0.279	
50	7	1	46	0.279	
51	7	1	46	0.194	
51	7	1	47	0.111	
51	7	1	47	0.190	
51	7	1	49	0.244	
51	7	1	47	0.260	
52	7	1	46	0.194	
52	7	1	48	0.226	
52	7	1	52	0.198	
52	7	1	48	0.226	
52	7	1	49	0.187	
53	7	1	49	0.133	
53	7	1	46	0.150	
53	7	1	49	0.132	
53	7	1	46	0.191	
53	7	1	49	0.133	
54	7	1	47	0.243	
54	7	1	47	0.249	
54	7	1	47	0.222	
54	7	1	49	0.414	
54	7	1	47	0.265	
55	7	1	50	0.075	
55	7	1	52	0.114	
55	7	1	51	0.037	
55	7	1	58	0.113	
55	7	1	50	0.050	
56	7	1	45	0.139	
56	7	1	44	0.257	
56	7	1	45	0.196	
56	7	1	44	0.267	
56	7	1	45	0.138	
57	7	1	45	0.119	
57	7	1	62	0.104	
57	7	1	65	0.123	
57	7	1	59	0.114	
57	7	1	64	0.097	
58	7	1	71	0.084	
58	7	1	31	0.156	
58	7	1	73	0.082	
58	7	1	75	0.085	
58	7	1	80	0.062	
59	7	1	55	0.063	
59	7	1	64	0.033	
59	7	1	70	0.053	
59	7	1	55	0.085	
59	7	1	72	0.055	
60	7	1	52	0.080	
60	7	1	58	0.083	
60	7	1	53	0.082	
60	7	1	53	0.082	
60	7	1	53	0.083	
61	7	1	44	0.385	
61	7	1	44	0.397	
61	7	1	44	0.397	
61	7	1	44	0.397	
61	7	1	44	0.397	
62	7	1	79	0.054	
62	7	1	75	0.068	
62	7	1	80	0.036	
62	7	1	66	0.088	
62	7	1	75	0.065	
63	7	1	60	0.182	
63	7	1	56	0.081	
63	7	1	58	0.134	
63	7	1	50	0.055	
63	7	1	55	0.160	
64	7	1	49	0.132	
64	7	1	44	0.121	
64	7	1	34	0.198	
64	7	1	46	0.158	
64	7	1	49	0.128	
65	7	1	45	0.152	
65	7	1	46	0.269	
65	7	1	45	0.148	
65	7	1	46	0.269	
65	7	1	46	0.270	
66	7	1	45	0.143	
66	7	1	43	0.143	
66	7	1	43	0.143	
66	7	1	45	0.096	
66	7	1	45	0.121	
67	7	1	44	0.352	
67	7	1	44	0.352	
67	7	1	44	0.352	
67	7	1	44	0.352	
67	7	1	44	0.352	
68	7	1	47	0.213	
68	7	1	48	0.229	
68	7	1	49	0.246	
68	7	1	50	0.228	
68	7	1	45	0.134	
69	7	1	53	0.097	
69	7	1	60	0.055	
69	7	1	59	0.117	
69	7	1	57	0.154	
69	7	1	59	0.140	
70	7	1	49	0.170	
70	7	1	48	0.125	
70	7	1	49	0.144	
70	7	1	49	0.159	
70	7	1	49	0.138	
71	7	1	48	0.197	
71	7	1	46	0.160	
71	7	1	48	0.197	
71	7	1	46	0.183	
71	7	1	47	0.197	
72	7	1	44	0.236	
72	7	1	44	0.194	
72	7	1	44	0.222	
72	7	1	44	0.222	
72	7	1	44	0.220	
73	7	1	53	0.126	
73	7	1	48	0.197	
73	7	1	52	0.140	
73	7	1	51	0.172	
73	7	1	55	0.102	
74	7	1	45	0.196	
74	7	1	47	0.106	
74	7	1	46	0.103	
74	7	1	52	0.048	
74	7	1	47	0.089	
75	7	1	44	0.367	
75	7	1	44	0.326	
75	7	1	44	0.367	
75	7	1	44	0.367	
75	7	1	44	0.367	
76	7	1	49	0.208	
76	7	1	46	0.196	
76	7	1	50	0.143	
76	7	1	46	0.156	
76	7	1	52	0.170	
77	7	1	45	0.247	
77	7	1	45	0.244	
77	7	1	45	0.244	
77	7	1	45	0.244	
77	7	1	45	0.236	
78	7	1	56	0.116	
78	7	1	52	0.142	
78	7	1	58	0.139	
78	7	1	54	0.087	
78	7	1	56	0.102	
79	7	1	49	0.199	
79	7	1	45	0.215	
79	7	1	45	0.219	
79	7	1	46	0.197	
79	7	1	46	0.225	
80	7	1	61	0.126	
80	7	1	56	0.133	
80	7	1	27	0.144	
80	7	1	55	0.112	
80	7	1	27	0.135	
81	7	1	45	0.137	
81	7	1	47	0.162	
81	7	1	45	0.174	
81	7	1	47	0.180	
81	7	1	45	0.132	
82	7	1	57	0.106	
82	7	1	59	0.066	
82	7	1	53	0.067	
82	7	1	56	0.083	
82	7	1	59	0.066	
83	7	1	52	0.132	
83	7	1	46	0.212	
83	7	1	47	0.187	
83	7	1	48	0.179	
83	7	1	47	0.148	
84	7	1	46	0.164	
84	7	1	48	0.131	
84	7	1	47	0.157	
84	7	1	46	0.229	
84	7	1	47	0.087	
85	7	1	53	0.116	
85	7	1	54	0.111	
85	7	1	29	0.197	
85	7	1	52	0.185	
85	7	1	52	0.120	
86	7	1	63	0.088	
86	7	1	64	0.079	
86	7	1	58	0.067	
86	7	1	54	0.122	
86	7	1	58	0.093	
87	7	1	46	0.139	
87	7	1	46	0.136	
87	7	1	46	0.141	
87	7	1	46	0.154	
87	7	1	46	0.192	
88	7	1	49	0.141	
88	7	1	47	0.241	
88	7	1	49	0.200	
88	7	1	48	0.162	
88	7	1	48	0.213	
89	7	1	53	0.170	
89	7	1	54	0.091	
89	7	1	52	0.138	
89	7	1	53	0.137	
89	7	1	52	0.096	
90	7	1	47	0.220	
90	7	1	47	0.194	
90	7	1	47	0.194	
90	7	1	47	0.180	
90	7	1	46	0.239	
91	7	1	46	0.179	
91	7	1	46	0.169	
91	7	1	53	0.151	
91	7	1	50	0.151	
91	7	1	51	0.151	
92	7	1	48	0.194	
92	7	1	48	0.142	
92	7	1	51	0.132	
92	7	1	49	0.155	
92	7	1	50	0.167	
93	7	1	44	0.808	
93	7	1	44	0.808	
93	7	1	44	0.808	
93	7	1	44	0.808	
93	7	1	44	0.808	
94	7	1	44	0.415	
94	7	1	44	0.415	
94	7	1	44	0.415	
94	7	1	44	0.415	
94	7	1	44	0.415	
95	7	1	45	0.169	
95	7	1	48	0.143	
95	7	1	45	0.168	
95	7	1	45	0.168	
95	7	1	47	0.130	
96	7	1	51	0.183	
96	7	1	53	0.139	
96	7	1	54	0.162	
96	7	1	56	0.051	
96	7	1	56	0.197	
97	7	1	52	0.137	
97	7	1	55	0.107	
97	7	1	54	0.094	
97	7	1	51	0.117	
97	7	1	52	0.121	
98	7	1	65	0.121	
98	7	1	51	0.111	
98	7	1	52	0.186	
98	7	1	50	0.143	
98	7	1	55	0.092	
99	7	1	57	0.142	
99	7	1	57	0.058	
99	7	1	57	0.138	
99	7	1	57	0.128	
99	7	1	57	0.108	
100	7	1	51	0.127	
100	7	1	49	0.098	
100	7	1	49	0.188	
100	7	1	46	0.157	
100	7	1	48	0.175	
101	7	1	47	0.232	
101	7	1	46	0.239	
101	7	1	47	0.232	
101	7	1	46	0.260	
101	7	1	46	0.239	
102	7	1	47	0.156	
102	7	1	51	0.166	
102	7	1	48	0.144	
102	7	1	50	0.184	
102	7	1	49	0.150	
103	7	1	57	0.082	
103	7	1	60	0.137	
103	7	1	65	0.163	
103	7	1	65	0.098	
103	7	1	65	0.101	
104	7	1	50	0.125	
104	7	1	50	0.088	
104	7	1	48	0.102	
104	7	1	50	0.132	
104	7	1	49	0.098	
105	7	1	56	0.130	
105	7	1	55	0.155	
105	7	1	29	0.166	
105	7	1	56	0.126	
105	7	1	55	0.123	
106	7	1	52	0.110	
106	7	1	52	0.171	
106	7	1	51	0.160	
106	7	1	50	0.164	
106	7	1	52	0.108	
107	7	1	56	0.105	
107	7	1	56	0.125	
107	7	1	58	0.202	
107	7	1	57	0.207	
107	7	1	54	0.098	
108	7	1	48	0.227	
108	7	1	48	0.267	
108	7	1	45	0.219	
108	7	1	46	0.199	
108	7	1	46	0.257	
109	7	1	49	0.250	
109	7	1	46	0.159	
109	7	1	47	0.143	
109	7	1	47	0.150	
109	7	1	45	0.176	
110	7	1	55	0.161	
110	7	1	53	0.133	
110	7	1	53	0.166	
110	7	1	54	0.139	
110	7	1	56	0.106	
111	7	1	55	0.108	
111	7	1	57	0.128	
111	7	1	53	0.110	
111	7	1	84	0.086	
111	7	1	83	0.091	
112	7	1	61	0.068	
112	7	1	31	0.061	
112	7	1	63	0.023	
112	7	1	35	0.057	
112	7	1	67	0.077	
113	7	0	39	0.014	
113	7	1	68	0.074	
113	7	1	49	0.083	
113	7	1	65	0.095	
113	7	1	37	0.137	
114	7	1	63	0.076	
114	7	1	60	0.077	
114	7	1	56	0.092	
114	7	1	56	0.100	
114	7	1	58	0.081	
115	7	1	53	0.078	
115	7	1	53	0.103	
115	7	1	50	0.087	
115	7	1	28	0.048	
115	7	1	47	0.122	
116	7	1	47	0.250	
116	7	1	53	0.173	
116	7	1	52	0.209	
116	7	1	47	0.241	
116	7	1	47	0.272	
117	7	1	66	0.057	
117	7	1	68	0.069	
117	7	1	71	0.117	
117	7	1	65	0.049	
117	7	1	63	0.048	
118	7	1	64	0.084	
118	7	1	68	0.112	
118	7	1	60	0.105	
118	7	1	66	0.114	
118	7	1	69	0.068	
119	7	1	73	0.087	
119	7	1	66	0.112	
119	7	0	37	0.001	
119	7	1	64	0.082	
119	7	1	62	0.108	
120	7	1	61	0.103	
120	7	1	59	0.127	
120	7	1	57	0.135	
120	7	1	67	0.140	
120	7	1	61	0.099	
121	7	1	54	0.121	
121	7	1	61	0.119	
121	7	1	60	0.159	
121	7	1	61	0.092	
121	7	1	55	0.125	
122	7	1	51	0.203	
122	7	1	53	0.131	
122	7	1	53	0.106	
122	7	1	52	0.150	
122	7	1	49	0.114	
123	7	1	75	0.077	
123	7	1	63	0.108	
123	7	1	66	0.076	
123	7	1	64	0.064	
123	7	1	72	0.080	
124	7	1	77	0.057	
124	7	1	65	0.100	
124	7	1	63	0.131	
124	7	1	70	0.101	
124	7	1	58	0.088	
125	7	1	51	0.161	
125	7	1	52	0.130	
125	7	1	52	0.103	
125	7	1	47	0.132	
125	7	1	51	0.108	
126	7	1	52	0.114	
126	7	1	48	0.122	
126	7	1	55	0.111	
126	7	1	53	0.104	
126	7	1	59	0.109	
127	7	1	38	0.059	
127	7	1	58	0.145	
127	7	1	59	0.116	
127	7	1	58	0.119	
127	7	1	59	0.060	
128	7	1	47	0.219	
128	7	1	46	0.225	
128	7	1	45	0.225	
128	7	1	46	0.225	
128	7	1	46	0.212	
129	7	1	55	0.106	
129	7	1	55	0.130	
129	7	1	54	0.165	
129	7	1	62	0.089	
129	7	1	59	0.097	
130	7	1	51	0.212	
130	7	1	51	0.174	
130	7	1	51	0.214	
130	7	1	49	0.162	
130	7	1	52	0.196	
131	7	1	59	0.105	
131	7	1	56	0.137	
131	7	1	57	0.100	
131	7	1	63	0.134	
131	7	1	57	0.050	
132	7	1	50	0.171	
132	7	1	47	0.112	
132	7	1	50	0.170	
132	7	1	48	0.150	
132	7	1	50	0.155	
133	7	1	53	0.107	
133	7	1	60	0.124	
133	7	1	54	0.119	
133	7	1	52	0.179	
133	7	1	59	0.130	
134	7	1	51	0.137	
134	7	1	49	0.156	
134	7	1	49	0.157	
134	7	1	49	0.129	
134	7	1	56	0.125	
135	7	1	48	0.255	
135	7	1	47	0.199	
135	7	1	47	0.190	
135	7	1	48	0.243	
135	7	1	47	0.154	
136	7	1	60	0.080	
136	7	1	58	0.098	
136	7	1	58	0.105	
136	7	1	61	0.010	
136	7	1	61	0.099	
137	7	1	66	0.098	
137	7	1	61	0.108	
137	7	1	65	0.101	
137	7	1	65	0.088	
137	7	1	66	0.081	
138	7	1	78	0.041	
138	7	1	78	0.048	
138	7	1	73	0.102	
138	7	1	74	0.112	
138	7	1	89	0.094	
139	7	1	46	0.168	
139	7	1	44	0.168	
139	7	1	51	0.106	
139	7	1	49	0.110	
139	7	1	44	0.159	
140	7	1	55	0.120	
140	7	1	65	0.082	
140	7	1	66	0.093	
140	7	1	69	0.110	
140	7	1	58	0.107	
141	7	1	55	0.081	
141	7	1	48	0.128	
141	7	1	49	0.158	
141	7	1	55	0.081	
141	7	1	50	0.108	
142	7	1	46	0.124	
142	7	1	45	0.127	
142	7	1	47	0.146	
142	7	1	47	0.125	
142	7	1	46	0.109	
143	7	1	53	0.109	
143	7	1	56	0.130	
143	7	1	49	0.097	
143	7	1	52	0.131	
143	7	1	60	0.112	
144	7	1	54	0.084	
144	7	1	54	0.131	
144	7	1	47	0.070	
144	7	1	54	0.084	
144	7	1	58	0.075	
145	7	1	49	0.171	
145	7	1	47	0.199	
145	7	1	48	0.226	
145	7	1	46	0.180	
145	7	1	47	0.215	
146	7	1	48	0.186	
146	7	1	49	0.185	
146	7	1	47	0.234	
146	7	1	49	0.136	
146	7	1	48	0.205	
147	7	1	46	0.148	
147	7	1	44	0.115	
147	7	1	45	0.149	
147	7	1	45	0.084	
147	7	1	44	0.090	
148	7	1	54	0.060	
148	7	1	58	0.078	
148	7	1	56	0.113	
148	7	1	59	0.087	
148	7	1	57	0.091	
149	7	1	46	0.114	
149	7	1	44	0.150	
149	7	1	45	0.130	
149	7	1	46	0.149	
149	7	1	46	0.141	
150	7	1	62	0.105	
150	7	1	63	0.125	
150	7	1	66	0.129	
150	7	1	62	0.075	
150	7	1	65	0.079	
151	7	1	44	0.059	
151	7	1	48	0.111	
151	7	1	47	0.109	
151	7	1	51	0.100	
151	7	1	53	0.104	
152	7	1	46	0.188	
152	7	1	46	0.223	
152	7	1	47	0.161	
152	7	1	47	0.185	
152	7	1	50	0.144	
153	7	1	50	0.075	
153	7	1	49	0.094	
153	7	1	47	0.066	
153	7	1	55	0.076	
153	7	1	49	0.050	
154	7	1	53	0.150	
154	7	1	54	0.136	
154	7	1	55	0.118	
154	7	1	49	0.147	
154	7	1	53	0.129	
155	7	1	52	0.156	
155	7	1	52	0.180	
155	7	1	50	0.146	
155	7	1	49	0.136	
155	7	1	52	0.125	
156	7	1	48	0.187	
156	7	1	49	0.212	
156	7	1	48	0.234	
156	7	1	46	0.220	
156	7	1	48	0.185	
157	7	1	63	0.068	
157	7	1	59	0.070	
157	7	1	60	0.078	
157	7	1	58	0.082	
157	7	1	55	0.106	
158	7	1	62	0.104	
158	7	1	54	0.050	
158	7	1	66	0.090	
158	7	1	63	0.090	
158	7	1	43	0.059	
159	7	1	47	0.231	
159	7	1	47	0.227	
159	7	1	47	0.222	
159	7	1	47	0.227	
159	7	1	47	0.231	
160	7	1	50	0.100	
160	7	1	50	0.087	
160	7	1	51	0.098	
160	7	1	49	0.091	
160	7	1	50	0.087	
161	7	1	47	0.219	
161	7	1	47	0.219	
161	7	1	47	0.219	
161	7	1	47	0.142	
161	7	1	47	0.219	
162	7	1	53	0.087	
162	7	1	50	0.092	
162	7	1	57	0.116	
162	7	1	59	0.057	
162	7	1	60	0.097	
163	7	1	59	0.118	
163	7	1	62	0.047	
163	7	1	24	0.107	
163	7	1	68	0.130	
163	7	1	59	0.116	
164	7	1	54	0.156	
164	7	1	54	0.151	
164	7	1	48	0.170	
164	7	1	54	0.153	
164	7	1	55	0.092	
165	7	1	64	0.086	
165	7	1	58	0.093	
165	7	1	56	0.088	
165	7	1	55	0.097	
165	7	1	64	0.082	
166	7	1	49	0.064	
166	7	1	48	0.126	
166	7	1	48	0.127	
166	7	1	49	0.114	
166	7	1	49	0.087	
167	7	1	30	0.037	
167	7	1	30	0.037	
167	7	1	29	0.049	
167	7	1	27	0.053	
167	7	1	28	0.077	
168	7	1	54	0.089	
168	7	1	58	0.109	
168	7	1	61	0.081	
168	7	1	60	0.130	
168	7	1	60	0.083	
169	7	1	47	0.038	
169	7	1	78	0.075	
169	7	1	64	0.013	
169	7	1	100	0.027	
169	7	1	59	0.053	
170	7	1	47	0.148	
170	7	1	50	0.110	
170	7	1	48	0.089	
170	7	1	49	0.088	
170	7	1	46	0.171	
171	7	1	44	0.024	
171	7	1	59	0.074	
171	7	1	32	0.109	
171	7	1	66	0.054	
171	7	1	63	0.086	
172	7	1	58	0.069	
172	7	1	50	0.068	
172	7	1	52	0.053	
172	7	1	55	0.069	
172	7	1	53	0.044	
173	7	1	60	0.110	
173	7	1	51	0.089	
173	7	1	57	0.078	
173	7	1	48	0.114	
173	7	1	62	0.093	
174	7	1	55	0.116	
174	7	1	51	0.166	
174	7	1	50	0.133	
174	7	1	53	0.127	
174	7	1	48	0.162	
175	7	1	61	0.053	
175	7	1	66	0.088	
175	7	1	61	0.042	
175	7	0	24	0.008	
175	7	1	73	0.095	
176	7	1	70	0.192	
176	7	1	65	0.103	
176	7	1	64	0.163	
176	7	1	67	0.189	
176	7	1	61	0.086	
177	7	1	66	0.094	
177	7	1	62	0.133	
177	7	1	73	0.109	
177	7	1	64	0.121	
177	7	1	62	0.161	
178	7	1	51	0.100	
178	7	1	48	0.118	
178	7	0	42	0.000	
178	7	1	51	0.112	
178	7	1	49	0.119	
179	7	1	68	0.090	
179	7	1	59	0.154	
179	7	1	54	0.090	
179	7	1	61	0.146	
179	7	0	36	0.000	
180	7	1	29	0.105	
180	7	1	58	0.083	
180	7	1	70	0.061	
180	7	1	67	0.087	
180	7	1	63	0.074	
181	7	1	59	0.115	
181	7	1	56	0.122	
181	7	1	66	0.081	
181	7	1	66	0.061	
181	7	1	61	0.090	
182	7	1	58	0.054	
182	7	1	68	0.087	
182	7	1	57	0.032	
182	7	1	61	0.038	
182	7	1	60	0.082	
183	7	1	62	0.073	
183	7	1	63	0.125	
183	7	1	59	0.049	
183	7	1	61	0.122	
183	7	1	58	0.140	
184	7	1	63	0.139	
184	7	1	60	0.101	
184	7	1	63	0.141	
184	7	1	65	0.180	
184	7	1	62	0.131	
185	7	1	52	0.100	
185	7	1	56	0.099	
185	7	1	50	0.125	
185	7	1	52	0.131	
185	7	1	53	0.100	
186	7	1	62	0.115	
186	7	1	66	0.100	
186	7	1	63	0.101	
186	7	1	63	0.069	
186	7	1	63	0.115	
187	7	1	55	0.073	
187	7	1	61	0.066	
187	7	1	59	0.088	
187	7	1	65	0.107	
187	7	1	62	0.113	
188	7	1	57	0.123	
188	7	1	58	0.132	
188	7	1	59	0.092	
188	7	1	57	0.133	
188	7	1	65	0.089	
189	7	1	203	0.071	
189	7	1	49	0.072	
189	7	1	50	0.086	
189	7	1	51	0.087	
189	7	1	49	0.101	
190	7	1	55	0.078	
190	7	1	66	0.054	
190	7	1	66	0.112	
190	7	1	67	0.092	
190	7	1	62	0.063	
191	7	1	68	0.084	
191	7	1	67	0.074	
191	7	1	34	0.102	
191	7	1	29	0.031	
191	7	1	57	0.071	
192	7	1	68	0.100	
192	7	1	65	0.085	
192	7	1	26	0.125	
192	7	1	26	0.127	
192	7	1	61	0.056	
193	7	1	59	0.115	
193	7	1	67	0.119	
193	7	1	57	0.077	
193	7	1	58	0.075	
193	7	1	61	0.085	
194	7	1	54	0.085	
194	7	1	67	0.062	
194	7	1	65	0.044	
194	7	1	65	0.074	
194	7	1	68	0.091	
195	7	1	47	0.081	
195	7	1	48	0.082	
195	7	0	28	0.000	
195	7	1	48	0.082	
195	7	1	50	0.085	
196	7	1	51	0.115	
196	7	1	50	0.117	
196	7	1	53	0.077	
196	7	1	52	0.099	
196	7	1	50	0.102	
197	7	1	65	0.112	
197	7	1	58	0.161	
197	7	1	68	0.080	
197	7	1	66	0.140	
197	7	1	60	0.139	
198	7	1	55	0.036	
198	7	1	51	0.120	
198	7	1	50	0.134	
198	7	1	52	0.097	
198	7	1	52	0.118	
199	7	1	68	0.062	
199	7	1	62	0.072	
199	7	1	60	0.053	
199	7	1	62	0.042	
199	7	1	39	0.085	
200	7	1	51	0.115	
200	7	1	48	0.149	
200	7	1	52	0.099	
200	7	1	50	0.146	
200	7	1	49	0.147	
201	7	1	49	0.114	
201	7	1	52	0.108	
201	7	1	50	0.102	
201	7	1	54	0.105	
201	7	1	47	0.053	
202	7	1	48	0.186	
202	7	1	47	0.161	
202	7	1	50	0.120	
202	7	1	50	0.149	
202	7	1	46	0.175	
203	7	1	65	0.090	
203	7	1	66	0.070	
203	7	1	60	0.088	
203	7	1	62	0.063	
203	7	1	65	0.057	
204	7	1	29	0.090	
204	7	1	68	0.113	
204	7	1	63	0.067	
204	7	1	57	0.114	
204	7	1	63	0.116	
205	7	0	41	0.000	
205	7	1	77	0.073	
205	7	1	71	0.070	
205	7	1	59	0.062	
205	7	1	80	0.033	
206	7	1	54	0.101	
206	7	1	55	0.099	
206	7	1	56	0.105	
206	7	1	52	0.072	
206	7	1	53	0.081	
207	7	1	53	0.061	
207	7	1	69	0.064	
207	7	1	38	0.129	
207	7	1	67	0.084	
207	7	1	66	0.113	
208	7	1	55	0.096	
208	7	1	57	0.118	
208	7	1	63	0.091	
208	7	1	67	0.085	
208	7	1	62	0.102	
209	7	1	52	0.179	
209	7	1	52	0.130	
209	7	1	56	0.100	
209	7	1	51	0.169	
209	7	1	53	0.154	
210	7	1	51	0.061	
210	7	1	55	0.087	
210	7	1	58	0.104	
210	7	1	53	0.080	
210	7	1	51	0.090	
211	7	1	44	0.091	
211	7	1	56	0.126	
211	7	1	56	0.054	
211	7	1	65	0.122	
211	7	0	40	0.000	
212	7	1	48	0.127	
212	7	1	51	0.096	
212	7	1	50	0.134	
212	7	1	49	0.149	
212	7	1	51	0.108	
213	7	1	61	0.119	
213	7	1	58	0.122	
213	7	1	56	0.117	
213	7	1	48	0.107	
213	7	1	54	0.072	
214	7	1	72	0.061	
214	7	1	65	0.068	
214	7	1	66	0.116	
214	7	1	62	0.074	
214	7	1	62	0.099	
215	7	1	56	0.099	
215	7	1	77	0.093	
215	7	1	55	0.129	
215	7	1	81	0.084	
215	7	1	66	0.074	
216	7	1	62	0.128	
216	7	1	58	0.131	
216	7	1	54	0.112	
216	7	1	59	0.100	
216	7	1	62	0.111	
217	7	0	50	0.004	
217	7	1	56	0.099	
217	7	1	56	0.098	
217	7	1	62	0.118	
217	7	1	63	0.125	
218	7	1	54	0.105	
218	7	1	51	0.097	
218	7	1	60	0.094	
218	7	1	59	0.094	
218	7	1	55	0.107	
219	7	1	53	0.111	
219	7	1	59	0.089	
219	7	1	61	0.092	
219	7	1	62	0.105	
219	7	1	59	0.108	
220	7	1	38	0.052	
220	7	1	34	0.012	
220	7	1	41	0.033	
220	7	1	35	0.076	
220	7	1	37	0.031	
221	7	1	54	0.222	
221	7	1	89	0.055	
221	7	1	66	0.076	
221	7	1	58	0.061	
221	7	1	56	0.016	
222	7	1	53	0.101	
222	7	1	52	0.105	
222	7	1	61	0.074	
222	7	1	29	0.111	
222	7	1	54	0.123	
223	7	1	54	0.096	
223	7	1	56	0.112	
223	7	1	51	0.131	
223	7	1	54	0.118	
223	7	1	58	0.081	
224	7	1	50	0.110	
224	7	1	56	0.078	
224	7	1	52	0.114	
224	7	1	54	0.090	
224	7	1	53	0.108	
225	7	1	51	0.106	
225	7	1	65	0.115	
225	7	1	23	0.221	
225	7	1	59	0.113	
225	7	1	30	0.095	
226	7	1	48	0.136	
226	7	1	48	0.106	
226	7	1	48	0.102	
226	7	1	47	0.131	
226	7	1	45	0.105	
227	7	1	57	0.060	
227	7	1	56	0.125	
227	7	1	62	0.052	
227	7	1	60	0.090	
227	7	1	68	0.050	
228	7	1	91	0.022	
228	7	1	59	0.060	
228	7	1	78	0.071	
228	7	1	49	0.068	
228	7	1	82	0.029	
229	7	1	54	0.086	
229	7	1	55	0.084	
229	7	1	57	0.043	
229	7	1	64	0.088	
229	7	1	56	0.067	
230	7	1	50	0.091	
230	7	1	68	0.065	
230	7	1	55	0.075	
230	7	0	25	0.011	
230	7	1	65	0.083	
231	7	1	57	0.118	
231	7	1	58	0.125	
231	7	1	57	0.111	
231	7	1	57	0.166	
231	7	0	25	0.000	
232	7	1	54	0.114	
232	7	1	50	0.104	
232	7	1	50	0.062	
232	7	1	55	0.130	
232	7	1	50	0.102	
233	7	1	47	0.217	
233	7	1	48	0.167	
233	7	1	47	0.179	
233	7	1	47	0.234	
233	7	1	48	0.158	
234	7	1	54	0.112	
234	7	1	54	0.090	
234	7	1	69	0.095	
234	7	1	56	0.067	
234	7	1	58	0.101	
235	7	1	60	0.085	
235	7	1	62	0.125	
235	7	1	30	0.109	
235	7	1	59	0.103	
235	7	1	62	0.065	
236	7	1	53	0.135	
236	7	1	48	0.185	
236	7	1	48	0.161	
236	7	1	48	0.185	
236	7	1	49	0.204	
237	7	1	63	0.075	
237	7	1	55	0.090	
237	7	1	61	0.071	
237	7	1	58	0.070	
237	7	1	60	0.069	
238	7	1	72	0.120	
238	7	1	58	0.137	
238	7	1	60	0.133	
238	7	1	60	0.033	
238	7	1	100	0.047	
239	7	1	61	0.140	
239	7	1	77	0.073	
239	7	1	24	0.192	
239	7	1	61	0.071	
239	7	1	58	0.160	
240	7	1	54	0.115	
240	7	1	54	0.199	
240	7	1	49	0.152	
240	7	1	54	0.199	
240	7	1	54	0.163	
241	7	1	59	0.141	
241	7	1	60	0.120	
241	7	1	58	0.087	
241	7	1	56	0.084	
241	7	1	56	0.133	
242	7	1	64	0.030	
242	7	1	62	0.097	
242	7	1	63	0.062	
242	7	1	61	0.092	
242	7	1	57	0.080	
243	7	0	35	0.002	
243	7	1	68	0.073	
243	7	1	72	0.060	
243	7	1	73	0.055	
243	7	1	73	0.068	
244	7	1	51	0.071	
244	7	1	63	0.080	
244	7	1	55	0.080	
244	7	1	59	0.055	
244	7	1	52	0.099	
245	7	1	60	0.087	
245	7	1	62	0.096	
245	7	1	66	0.072	
245	7	1	63	0.052	
245	7	1	64	0.101	
246	7	1	68	0.064	
246	7	1	68	0.078	
246	7	1	72	0.058	
246	7	1	65	0.091	
246	7	1	60	0.088	
247	7	1	46	0.145	
247	7	1	45	0.181	
247	7	1	45	0.135	
247	7	1	46	0.166	
247	7	1	45	0.189	
248	7	1	62	0.110	
248	7	1	64	0.109	
248	7	1	59	0.119	
248	7	1	66	0.114	
248	7	1	34	0.133	
249	7	1	60	0.053	
249	7	1	58	0.102	
249	7	1	73	0.072	
249	7	1	34	0.106	
249	7	1	30	0.070	
250	7	1	66	0.045	
250	7	1	60	0.064	
250	7	1	78	0.057	
250	7	1	80	0.073	
250	7	1	63	0.086	
251	7	1	49	0.128	
251	7	1	47	0.087	
251	7	1	47	0.078	
251	7	1	49	0.141	
251	7	1	47	0.090	
252	7	1	46	0.089	
252	7	1	44	0.098	
252	7	1	45	0.081	
252	7	1	44	0.098	
252	7	1	47	0.100	
253	7	1	27	0.037	
253	7	1	63	0.101	
253	7	1	67	0.091	
253	7	1	65	0.049	
253	7	1	62	0.105	
254	7	1	64	0.106	
254	7	1	68	0.124	
254	7	1	71	0.090	
254	7	1	65	0.098	
254	7	1	71	0.127	
255	7	1	65	0.100	
255	7	1	53	0.092	
255	7	1	188	0.057	
255	7	1	59	0.085	
255	7	1	68	0.055	
256	7	1	66	0.073	
256	7	1	64	0.079	
256	7	1	61	0.052	
256	7	1	67	0.083	
256	7	1	59	0.078	
257	7	1	48	0.169	
257	7	1	50	0.181	
257	7	1	53	0.175	
257	7	1	50	0.234	
257	7	1	48	0.201	
258	7	1	62	0.051	
258	7	1	58	0.071	
258	7	1	66	0.065	
258	7	1	59	0.069	
258	7	1	84	0.073	
259	7	1	48	0.104	
259	7	1	50	0.148	
259	7	1	63	0.038	
259	7	1	50	0.176	
259	7	1	50	0.086	
260	7	1	72	0.101	
260	7	1	70	0.115	
260	7	1	73	0.102	
260	7	1	82	0.090	
260	7	1	69	0.076	
261	7	1	50	0.119	
261	7	1	50	0.137	
261	7	1	51	0.086	
261	7	1	50	0.107	
261	7	1	53	0.058	
262	7	1	64	0.105	
262	7	1	63	0.094	
262	7	1	25	0.199	
262	7	1	63	0.111	
262	7	1	26	0.182	
263	7	1	49	0.083	
263	7	1	48	0.105	
263	7	1	49	0.076	
263	7	1	46	0.082	
263	7	1	52	0.096	
264	7	1	57	0.109	
264	7	1	51	0.049	
264	7	1	54	0.070	
264	7	1	54	0.088	
264	7	1	52	0.104	
265	7	1	30	0.164	
265	7	1	75	0.119	
265	7	1	58	0.048	
265	7	1	68	0.031	
265	7	1	70	0.041	
266	7	1	64	0.077	
266	7	1	74	0.055	
266	7	1	81	0.083	
266	7	1	74	0.066	
266	7	1	69	0.092	
267	7	1	56	0.114	
267	7	1	71	0.062	
267	7	1	52	0.084	
267	7	1	50	0.126	
267	7	1	57	0.115	
268	7	1	65	0.077	
268	7	1	58	0.068	
268	7	1	69	0.042	
268	7	1	65	0.084	
268	7	1	59	0.116	
269	7	1	49	0.120	
269	7	1	51	0.089	
269	7	1	51	0.084	
269	7	1	48	0.081	
269	7	1	53	0.093	
270	7	1	48	0.173	
270	7	1	48	0.183	
270	7	1	48	0.175	
270	7	1	50	0.164	
270	7	1	49	0.125	
271	7	1	35	0.121	
271	7	1	78	0.064	
271	7	1	74	0.082	
271	7	1	111	0.080	
271	7	1	67	0.107	
272	7	1	51	0.058	
272	7	1	30	0.082	
272	7	1	54	0.045	
272	7	1	161	0.024	
272	7	1	163	0.066	
273	7	1	67	0.061	
273	7	1	81	0.092	
273	7	1	26	0.163	
273	7	1	29	0.109	
273	7	1	59	0.099	
274	7	1	48	0.136	
274	7	1	52	0.176	
274	7	1	48	0.190	
274	7	1	49	0.192	
274	7	1	49	0.194	
275	7	1	60	0.066	
275	7	1	68	0.069	
275	7	1	63	0.044	
275	7	1	141	0.035	
275	7	1	67	0.047	
276	7	1	41	0.075	
276	7	1	39	0.052	
276	7	1	70	0.074	
276	7	1	69	0.095	
276	7	1	106	0.067	
277	7	1	60	0.116	
277	7	1	63	0.069	
277	7	1	61	0.088	
277	7	1	61	0.120	
277	7	1	58	0.143	
278	7	1	56	0.041	
278	7	1	54	0.103	
278	7	1	58	0.082	
278	7	1	57	0.121	
278	7	1	60	0.036	
279	7	0	55	0.016	
279	7	0	52	0.030	
279	7	1	73	0.074	
279	7	1	71	0.053	
279	7	1	73	0.059	
280	7	1	60	0.095	
280	7	1	57	0.137	
280	7	1	58	0.116	
280	7	0	19	0.000	
280	7	1	59	0.070	
281	7	1	42	0.027	
281	7	1	71	0.065	
281	7	1	80	0.081	
281	7	1	54	0.048	
281	7	1	79	0.074	
282	7	1	70	0.100	
282	7	1	64	0.073	
282	7	1	85	0.096	
282	7	1	72	0.083	
282	7	1	87	0.083	
283	7	1	34	0.050	
283	7	1	31	0.053	
283	7	1	30	0.062	
283	7	1	42	0.038	
283	7	1	35	0.061	
284	7	1	54	0.112	
284	7	1	50	0.126	
284	7	1	59	0.103	
284	7	1	59	0.106	
284	7	1	55	0.112	
285	7	1	71	0.067	
285	7	1	84	0.064	
285	7	1	63	0.044	
285	7	1	59	0.066	
285	7	1	62	0.050	
286	7	1	61	0.084	
286	7	1	64	0.106	
286	7	1	65	0.057	
286	7	1	59	0.076	
286	7	1	59	0.099	
287	7	1	75	0.080	
287	7	1	87	0.095	
287	7	1	73	0.069	
287	7	1	81	0.095	
287	7	1	74	0.074	
288	7	1	61	0.048	
288	7	1	38	0.047	
288	7	1	73	0.097	
288	7	1	57	0.059	
288	7	1	64	0.084	
289	7	1	60	0.179	
289	7	1	70	0.120	
289	7	1	65	0.137	
289	7	1	88	0.143	
289	7	1	60	0.154	
290	7	1	71	0.032	
290	7	1	70	0.123	
290	7	1	78	0.117	
290	7	1	77	0.089	
290	7	1	75	0.052	
291	7	1	47	0.206	
291	7	1	49	0.231	
291	7	1	50	0.161	
291	7	1	47	0.206	
291	7	1	47	0.220	
292	7	1	71	0.097	
292	7	1	70	0.107	
292	7	1	71	0.053	
292	7	1	62	0.075	
292	7	1	67	0.080	
293	7	0	29	0.000	
293	7	1	63	0.078	
293	7	0	29	0.000	
293	7	1	26	0.141	
293	7	1	67	0.075	
294	7	1	71	0.075	
294	7	1	61	0.114	
294	7	1	37	0.184	
294	7	1	70	0.113	
294	7	1	70	0.077	
295	7	1	66	0.069	
295	7	1	72	0.050	
295	7	1	66	0.054	
295	7	1	64	0.062	
295	7	1	65	0.049	
296	7	1	50	0.158	
296	7	1	52	0.150	
296	7	1	51	0.084	
296	7	1	51	0.084	
296	7	1	51	0.162	
297	7	1	64	0.042	
297	7	1	66	0.050	
297	7	1	65	0.058	
297	7	1	58	0.065	
297	7	1	68	0.038	
298	7	1	69	0.102	
298	7	1	58	0.068	
298	7	1	66	0.113	
298	7	1	71	0.103	
298	7	1	77	0.093	
299	7	1	63	0.086	
299	7	1	60	0.040	
299	7	1	62	0.094	
299	7	1	59	0.094	
299	7	1	70	0.057	
0	8	1	70	0.107	
0	8	1	67	0.102	
0	8	1	37	0.115	
0	8	1	66	0.184	
0	8	1	37	0.125	
1	8	1	63	0.161	
1	8	1	65	0.198	
1	8	1	69	0.171	
1	8	1	65	0.162	
1	8	1	65	0.175	
2	8	1	65	0.107	
2	8	1	69	0.095	
2	8	1	67	0.105	
2	8	1	66	0.100	
2	8	1	68	0.106	
3	8	1	59	0.205	
3	8	1	60	0.244	
3	8	1	59	0.205	
3	8	1	59	0.205	
3	8	1	59	0.189	
4	8	1	99	0.098	
4	8	1	59	0.093	
4	8	1	100	0.080	
4	8	1	87	0.095	
4	8	1	105	0.094	
5	8	1	59	0.205	
5	8	1	59	0.208	
5	8	1	59	0.205	
5	8	1	59	0.205	
5	8	1	59	0.208	
6	8	1	64	0.116	
6	8	1	75	0.105	
6	8	1	76	0.101	
6	8	1	77	0.156	
6	8	1	67	0.110	
7	8	1	91	0.062	
7	8	1	69	0.080	
7	8	1	68	0.095	
7	8	1	68	0.097	
7	8	1	86	0.081	
8	8	1	71	0.143	
8	8	1	62	0.180	
8	8	1	62	0.163	
8	8	1	62	0.163	
8	8	1	62	0.157	
9	8	1	60	0.213	
9	8	1	60	0.187	
9	8	1	61	0.199	
9	8	1	61	0.196	
9	8	1	60	0.185	
10	8	1	62	0.177	
10	8	1	60	0.147	
10	8	1	60	0.147	
10	8	1	61	0.185	
10	8	1	61	0.172	
11	8	1	60	0.099	
11	8	1	60	0.099	
11	8	1	60	0.223	
11	8	1	60	0.140	
11	8	1	61	0.193	
12	8	1	78	0.112	
12	8	1	92	0.099	
12	8	1	75	0.097	
12	8	1	69	0.096	
12	8	1	88	0.097	
13	8	1	63	0.085	
13	8	1	81	0.129	
13	8	1	61	0.115	
13	8	1	61	0.088	
13	8	1	61	0.116	
14	8	1	65	0.171	
14	8	1	64	0.159	
14	8	1	64	0.157	
14	8	1	64	0.157	
14	8	1	64	0.157	
15	8	1	62	0.245	
15	8	1	63	0.248	
15	8	1	62	0.245	
15	8	1	63	0.252	
15	8	1	63	0.248	
16	8	1	66	0.172	
16	8	1	64	0.136	
16	8	1	66	0.142	
16	8	1	65	0.143	
16	8	1	67	0.135	
17	8	1	61	0.203	
17	8	1	61	0.198	
17	8	1	62	0.213	
17	8	1	63	0.246	
17	8	1	61	0.198	
18	8	1	60	0.285	
18	8	1	60	0.285	
18	8	1	60	0.260	
18	8	1	60	0.285	
18	8	1	60	0.285	
19	8	1	74	0.107	
19	8	1	75	0.084	
19	8	1	76	0.123	
19	8	1	73	0.104	
19	8	1	60	0.102	
20	8	1	60	0.242	
20	8	1	60	0.231	
20	8	1	60	0.210	
20	8	1	60	0.237	
20	8	1	60	0.231	
21	8	1	64	0.199	
21	8	1	66	0.201	
21	8	1	65	0.202	
21	8	1	66	0.151	
21	8	1	64	0.193	
22	8	1	66	0.140	
22	8	1	61	0.128	
22	8	1	65	0.113	
22	8	1	72	0.135	
22	8	1	78	0.113	
23	8	1	61	0.148	
23	8	1	63	0.157	
23	8	1	61	0.135	
23	8	1	65	0.148	
23	8	1	63	0.157	
24	8	1	68	0.103	
24	8	1	78	0.166	
24	8	1	68	0.081	
24	8	1	74	0.141	
24	8	1	68	0.175	
25	8	1	59	0.173	
25	8	1	59	0.173	
25	8	1	59	0.173	
25	8	1	59	0.173	
25	8	1	59	0.173	
26	8	1	62	0.190	
26	8	1	63	0.179	
26	8	1	62	0.190	
26	8	1	61	0.188	
26	8	1	62	0.179	
27	8	1	59	0.163	
27	8	1	59	0.163	
27	8	1	60	0.207	
27	8	1	59	0.163	
27	8	1	59	0.163	
28	8	1	60	0.189	
28	8	1	60	0.253	
28	8	1	60	0.272	
28	8	1	77	0.151	
28	8	1	60	0.190	
29	8	1	81	0.067	
29	8	1	36	0.122	
29	8	1	36	0.122	
29	8	1	92	0.078	
29	8	1	99	0.082	
30	8	1	67	0.149	
30	8	1	82	0.155	
30	8	1	66	0.151	
30	8	1	70	0.134	
30	8	1	67	0.142	
31	8	1	60	0.208	
31	8	1	61	0.221	
31	8	1	61	0.170	
31	8	1	60	0.186	
31	8	1	61	0.221	
32	8	1	60	0.102	
32	8	1	60	0.102	
32	8	1	60	0.102	
32	8	1	60	0.102	
32	8	1	60	0.154	
33	8	1	46	0.063	
33	8	1	44	0.060	
33	8	1	48	0.074	
33	8	1	43	0.065	
33	8	1	40	0.085	
34	8	1	61	0.149	
34	8	1	61	0.144	
34	8	1	61	0.144	
34	8	1	61	0.144	
34	8	1	61	0.144	
35	8	1	61	0.121	
35	8	1	59	0.096	
35	8	1	64	0.116	
35	8	1	59	0.096	
35	8	1	70	0.048	
36	8	1	59	0.206	
36	8	1	59	0.205	
36	8	1	60	0.172	
36	8	1	59	0.172	
36	8	1	59	0.193	
37	8	1	78	0.106	
37	8	1	73	0.079	
37	8	1	81	0.109	
37	8	1	78	0.039	
37	8	1	77	0.090	
38	8	1	73	0.094	
38	8	1	71	0.112	
38	8	1	73	0.102	
38	8	1	77	0.070	
38	8	1	73	0.092	
39	8	1	59	0.131	
39	8	1	59	0.131	
39	8	1	61	0.148	
39	8	1	59	0.135	
39	8	1	61	0.154	
40	8	1	59	0.340	
40	8	1	59	0.337	
40	8	1	59	0.337	
40	8	1	59	0.340	
40	8	1	59	0.337	
41	8	1	59	0.214	
41	8	1	59	0.215	
41	8	1	59	0.215	
41	8	1	59	0.215	
41	8	1	59	0.214	
42	8	1	59	0.639	
42	8	1	59	0.639	
42	8	1	59	0.639	
42	8	1	59	0.639	
42	8	1	59	0.639	
43	8	1	84	0.117	
43	8	1	78	0.099	
43	8	1	49	0.093	
43	8	1	79	0.121	
43	8	1	76	0.095	
44	8	1	72	0.122	
44	8	1	85	0.130	
44	8	1	77	0.108	
44	8	1	85	0.067	
44	8	1	72	0.090	
45	8	1	29	0.174	
45	8	1	72	0.089	
45	8	1	67	0.086	
45	8	1	72	0.097	
45	8	1	74	0.086	
46	8	1	76	0.086	
46	8	1	70	0.112	
46	8	1	79	0.088	
46	8	1	111	0.079	
46	8	1	74	0.099	
47	8	1	70	0.089	
47	8	1	80	0.079	
47	8	1	70	0.089	
47	8	1	70	0.083	
47	8	1	72	0.089	
48	8	1	67	0.115	
48	8	1	67	0.129	
48	8	1	68	0.152	
48	8	1	66	0.108	
48	8	1	66	0.156	
49	8	1	86	0.144	
49	8	1	75	0.125	
49	8	1	80	0.097	
49	8	1	88	0.141	
49	8	1	78	0.085	
50	8	1	73	0.190	
50	8	1	62	0.234	
50	8	1	63	0.200	
50	8	1	73	0.207	
50	8	1	72	0.206	
51	8	1	61	0.211	
51	8	1	69	0.184	
51	8	1	67	0.179	
51	8	1	67	0.177	
51	8	1	68	0.206	
52	8	1	63	0.198	
52	8	1	62	0.189	
52	8	1	63	0.207	
52	8	1	63	0.207	
52	8	1	63	0.198	
53	8	1	64	0.183	
53	8	1	64	0.156	
53	8	1	64	0.164	
53	8	1	65	0.165	
53	8	1	64	0.164	
54	8	1	59	0.171	
54	8	1	59	0.183	
54	8	1	59	0.183	
54	8	1	59	0.183	
54	8	1	59	0.183	
55	8	1	68	0.104	
55	8	1	65	0.107	
55	8	1	67	0.104	
55	8	1	70	0.073	
55	8	1	66	0.108	
56	8	1	65	0.190	
56	8	1	64	0.195	
56	8	1	66	0.178	
56	8	1	65	0.193	
56	8	1	67	0.189	
57	8	1	164	0.097	
57	8	1	72	0.103	
57	8	1	81	0.083	
57	8	1	77	0.122	
57	8	1	73	0.087	
58	8	1	83	0.090	
58	8	1	104	0.114	
58	8	1	91	0.085	
58	8	1	94	0.087	
58	8	1	94	0.083	
59	8	1	67	0.098	
59	8	1	84	0.075	
59	8	1	66	0.092	
59	8	1	83	0.086	
59	8	1	81	0.094	
60	8	1	66	0.099	
60	8	1	64	0.081	
60	8	1	68	0.090	
60	8	1	66	0.105	
60	8	1	66	0.092	
61	8	1	59	0.388	
61	8	1	59	0.391	
61	8	1	59	0.388	
61	8	1	59	0.391	
61	8	1	59	0.391	
62	8	1	82	0.084	
62	8	1	94	0.088	
62	8	1	85	0.071	
62	8	1	91	0.084	
62	8	1	86	0.074	
63	8	1	68	0.148	
63	8	1	66	0.158	
63	8	1	67	0.124	
63	8	1	65	0.172	
63	8	1	69	0.096	
64	8	1	62	0.164	
64	8	1	62	0.163	
64	8	1	62	0.165	
64	8	1	63	0.150	
64	8	1	62	0.150	
65	8	1	59	0.189	
65	8	1	59	0.193	
65	8	1	59	0.183	
65	8	1	59	0.178	
65	8	1	59	0.193	
66	8	1	63	0.093	
66	8	1	63	0.092	
66	8	1	63	0.143	
66	8	1	63	0.161	
66	8	1	63	0.105	
67	8	1	59	0.337	
67	8	1	59	0.340	
67	8	1	59	0.340	
67	8	1	59	0.337	
67	8	1	59	0.337	
68	8	1	67	0.176	
68	8	1	75	0.183	
68	8	1	65	0.161	
68	8	1	66	0.252	
68	8	1	65	0.224	
69	8	1	80	0.172	
69	8	1	75	0.130	
69	8	1	67	0.157	
69	8	1	80	0.119	
69	8	1	71	0.147	
70	8	1	63	0.193	
70	8	1	63	0.170	
70	8	1	63	0.170	
70	8	1	63	0.180	
70	8	1	63	0.191	
71	8	1	60	0.163	
71	8	1	62	0.170	
71	8	1	60	0.163	
71	8	1	60	0.163	
71	8	1	60	0.163	
72	8	1	59	0.214	
72	8	1	59	0.212	
72	8	1	59	0.215	
72	8	1	59	0.212	
72	8	1	59	0.212	
73	8	1	66	0.111	
73	8	1	74	0.124	
73	8	1	65	0.119	
73	8	1	70	0.145	
73	8	1	65	0.134	
74	8	1	61	0.145	
74	8	1	65	0.137	
74	8	1	62	0.139	
74	8	1	61	0.126	
74	8	1	61	0.204	
75	8	1	59	0.356	
75	8	1	59	0.357	
75	8	1	59	0.350	
75	8	1	59	0.357	
75	8	1	59	0.354	
76	8	1	63	0.185	
76	8	1	64	0.159	
76	8	1	62	0.151	
76	8	1	62	0.122	
76	8	1	62	0.214	
77	8	1	60	0.223	
77	8	1	60	0.223	
77	8	1	60	0.219	
77	8	1	60	0.223	
77	8	1	60	0.225	
78	8	1	79	0.116	
78	8	1	74	0.130	
78	8	1	39	0.068	
78	8	1	36	0.112	
78	8	1	39	0.082	
79	8	1	60	0.195	
79	8	1	61	0.217	
79	8	1	61	0.204	
79	8	1	59	0.189	
79	8	1	61	0.207	
80	8	1	73	0.099	
80	8	1	74	0.108	
80	8	1	82	0.125	
80	8	1	89	0.082	
80	8	1	68	0.112	
81	8	1	60	0.161	
81	8	1	65	0.120	
81	8	1	60	0.153	
81	8	1	73	0.076	
81	8	1	60	0.161	
82	8	1	67	0.093	
82	8	1	66	0.084	
82	8	1	75	0.074	
82	8	1	66	0.084	
82	8	1	250	0.043	
83	8	1	61	0.161	
83	8	1	61	0.161	
83	8	1	61	0.161	
83	8	1	61	0.161	
83	8	1	61	0.161	
84	8	1	60	0.147	
84	8	1	59	0.134	
84	8	1	59	0.121	
84	8	1	60	0.199	
84	8	1	60	0.107	
85	8	1	66	0.140	
85	8	1	65	0.141	
85	8	1	66	0.172	
85	8	1	66	0.156	
85	8	1	67	0.126	
86	8	1	72	0.102	
86	8	1	76	0.144	
86	8	1	66	0.081	
86	8	1	78	0.071	
86	8	1	80	0.074	
87	8	1	60	0.198	
87	8	1	59	0.105	
87	8	1	60	0.129	
87	8	1	60	0.198	
87	8	1	59	0.119	
88	8	1	61	0.195	
88	8	1	61	0.152	
88	8	1	61	0.196	
88	8	1	61	0.202	
88	8	1	61	0.196	
89	8	1	77	0.110	
89	8	1	67	0.109	
89	8	1	77	0.120	
89	8	1	76	0.102	
89	8	1	63	0.114	
90	8	1	60	0.179	
90	8	1	60	0.179	
90	8	1	60	0.209	
90	8	1	60	0.186	
90	8	1	60	0.209	
91	8	1	62	0.164	
91	8	1	62	0.152	
91	8	1	63	0.181	
91	8	1	63	0.195	
91	8	1	62	0.160	
92	8	1	62	0.148	
92	8	1	61	0.110	
92	8	1	61	0.139	
92	8	1	62	0.145	
92	8	1	59	0.149	
93	8	1	59	0.791	
93	8	1	59	0.791	
93	8	1	59	0.791	
93	8	1	59	0.791	
93	8	1	59	0.791	
94	8	1	59	0.389	
94	8	1	59	0.387	
94	8	1	59	0.389	
94	8	1	59	0.389	
94	8	1	59	0.389	
95	8	1	59	0.099	
95	8	1	60	0.120	
95	8	1	60	0.120	
95	8	1	61	0.099	
95	8	1	61	0.087	
96	8	1	69	0.183	
96	8	1	69	0.175	
96	8	1	67	0.117	
96	8	1	67	0.177	
96	8	1	80	0.145	
97	8	1	77	0.112	
97	8	1	72	0.072	
97	8	1	84	0.172	
97	8	1	78	0.131	
97	8	1	250	0.069	
98	8	1	61	0.088	
98	8	1	63	0.128	
98	8	1	62	0.122	
98	8	1	61	0.102	
98	8	1	64	0.120	
99	8	1	84	0.136	
99	8	1	79	0.114	
99	8	1	72	0.138	
99	8	1	75	0.117	
99	8	1	76	0.103	
100	8	1	62	0.185	
100	8	1	62	0.178	
100	8	1	63	0.164	
100	8	1	63	0.169	
100	8	1	63	0.213	
101	8	1	60	0.222	
101	8	1	61	0.248	
101	8	1	61	0.247	
101	8	1	60	0.220	
101	8	1	60	0.166	
102	8	1	62	0.099	
102	8	1	62	0.138	
102	8	1	64	0.099	
102	8	1	63	0.119	
102	8	1	67	0.092	
103	8	1	71	0.126	
103	8	1	73	0.109	
103	8	1	74	0.105	
103	8	1	71	0.148	
103	8	1	75	0.111	
104	8	1	69	0.063	
104	8	1	76	0.053	
104	8	1	68	0.060	
104	8	1	83	0.071	
104	8	1	67	0.059	
105	8	1	85	0.137	
105	8	1	70	0.068	
105	8	1	67	0.132	
105	8	1	68	0.125	
105	8	1	90	0.124	
106	8	1	63	0.173	
106	8	1	63	0.185	
106	8	1	63	0.185	
106	8	1	62	0.171	
106	8	1	63	0.185	
107	8	1	66	0.193	
107	8	1	64	0.181	
107	8	1	65	0.164	
107	8	1	66	0.176	
107	8	1	67	0.107	
108	8	1	60	0.285	
108	8	1	60	0.285	
108	8	1	60	0.285	
108	8	1	60	0.215	
108	8	1	60	0.215	
109	8	1	63	0.156	
109	8	1	63	0.159	
109	8	1	62	0.118	
109	8	1	62	0.146	
109	8	1	63	0.171	
110	8	1	64	0.140	
110	8	1	63	0.136	
110	8	1	63	0.157	
110	8	1	65	0.159	
110	8	1	63	0.156	
111	8	1	102	0.080	
111	8	1	99	0.050	
111	8	1	95	0.085	
111	8	1	119	0.060	
111	8	1	69	0.119	
112	8	1	80	0.061	
112	8	1	49	0.106	
112	8	1	82	0.064	
112	8	1	94	0.054	
112	8	1	100	0.068	
113	8	1	94	0.102	
113	8	1	62	0.077	
113	8	1	87	0.102	
113	8	1	83	0.084	
113	8	1	88	0.090	
114	8	1	69	0.118	
114	8	1	76	0.068	
114	8	1	118	0.111	
114	8	1	79	0.084	
114	8	1	84	0.066	
115	8	1	62	0.123	
115	8	1	66	0.060	
115	8	1	69	0.085	
115	8	1	62	0.115	
115	8	1	68	0.107	
116	8	1	63	0.161	
116	8	1	64	0.188	
116	8	1	63	0.160	
116	8	1	64	0.156	
116	8	1	63	0.190	
117	8	1	104	0.090	
117	8	1	88	0.083	
117	8	1	95	0.084	
117	8	1	101	0.093	
117	8	1	115	0.089	
118	8	1	75	0.120	
118	8	1	76	0.119	
118	8	1	79	0.105	
118	8	1	83	0.116	
118	8	1	87	0.070	
119	8	1	80	0.132	
119	8	1	95	0.093	
119	8	1	104	0.087	
119	8	1	86	0.118	
119	8	1	87	0.094	
120	8	1	72	0.110	
120	8	1	82	0.105	
120	8	1	73	0.117	
120	8	1	83	0.104	
120	8	1	75	0.096	
121	8	1	73	0.138	
121	8	1	66	0.106	
121	8	1	67	0.129	
121	8	1	72	0.118	
121	8	1	65	0.124	
122	8	1	63	0.144	
122	8	1	62	0.188	
122	8	1	63	0.151	
122	8	1	62	0.218	
122	8	1	63	0.164	
123	8	1	96	0.125	
123	8	1	106	0.086	
123	8	1	98	0.125	
123	8	1	83	0.107	
123	8	1	75	0.104	
124	8	1	81	0.119	
124	8	1	78	0.138	
124	8	1	80	0.125	
124	8	1	70	0.152	
124	8	1	82	0.128	
125	8	1	66	0.152	
125	8	1	65	0.130	
125	8	1	66	0.144	
125	8	1	64	0.148	
125	8	1	65	0.133	
126	8	1	67	0.086	
126	8	1	63	0.108	
126	8	1	66	0.123	
126	8	1	67	0.114	
126	8	1	69	0.095	
127	8	1	85	0.117	
127	8	1	70	0.078	
127	8	1	69	0.134	
127	8	1	68	0.111	
127	8	1	74	0.136	
128	8	1	59	0.215	
128	8	1	59	0.211	
128	8	1	59	0.175	
128	8	1	59	0.152	
128	8	1	59	0.202	
129	8	1	73	0.123	
129	8	1	69	0.105	
129	8	1	70	0.110	
129	8	1	69	0.097	
129	8	1	82	0.113	
130	8	1	60	0.176	
130	8	1	59	0.167	
130	8	1	66	0.100	
130	8	1	60	0.170	
130	8	1	60	0.161	
131	8	1	67	0.110	
131	8	1	79	0.098	
131	8	1	72	0.079	
131	8	1	72	0.081	
131	8	1	71	0.072	
132	8	1	63	0.118	
132	8	1	63	0.126	
132	8	1	64	0.148	
132	8	1	66	0.158	
132	8	1	65	0.175	
133	8	1	47	0.133	
133	8	1	79	0.132	
133	8	1	80	0.110	
133	8	1	76	0.087	
133	8	1	68	0.122	
134	8	1	64	0.138	
134	8	1	68	0.103	
134	8	1	75	0.113	
134	8	1	74	0.130	
134	8	1	66	0.089	
135	8	1	61	0.239	
135	8	1	61	0.219	
135	8	1	61	0.215	
135	8	1	61	0.197	
135	8	1	62	0.206	
136	8	1	91	0.099	
136	8	1	81	0.107	
136	8	1	78	0.128	
136	8	1	80	0.086	
136	8	1	77	0.084	
137	8	1	89	0.089	
137	8	1	101	0.094	
137	8	1	94	0.089	
137	8	1	93	0.075	
137	8	1	86	0.106	
138	8	1	100	0.108	
138	8	1	107	0.103	
138	8	1	115	0.091	
138	8	1	102	0.084	
138	8	1	60	0.119	
139	8	1	59	0.144	
139	8	1	60	0.146	
139	8	1	60	0.141	
139	8	1	59	0.125	
139	8	1	60	0.147	
140	8	1	68	0.121	
140	8	1	83	0.111	
140	8	1	80	0.047	
140	8	1	69	0.101	
140	8	1	67	0.111	
141	8	1	61	0.095	
141	8	1	71	0.096	
141	8	1	73	0.096	
141	8	1	65	0.075	
141	8	1	62	0.098	
142	8	1	61	0.126	
142	8	1	61	0.111	
142	8	1	74	0.077	
142	8	1	60	0.116	
142	8	1	64	0.126	
143	8	1	70	0.157	
143	8	1	73	0.158	
143	8	1	72	0.144	
143	8	1	70	0.139	
143	8	1	71	0.163	
144	8	1	72	0.101	
144	8	1	69	0.116	
144	8	1	73	0.108	
144	8	1	71	0.088	
144	8	1	74	0.070	
145	8	1	60	0.194	
145	8	1	61	0.211	
145	8	1	60	0.218	
145	8	1	60	0.166	
145	8	1	60	0.220	
146	8	1	61	0.153	
146	8	1	62	0.218	
146	8	1	61	0.174	
146	8	1	62	0.183	
146	8	1	62	0.202	
147	8	1	61	0.082	
147	8	1	59	0.125	
147	8	1	60	0.101	
147	8	1	59	0.121	
147	8	1	60	0.135	
148	8	1	72	0.069	
148	8	1	250	0.055	
148	8	1	250	0.055	
148	8	1	79	0.074	
148	8	1	65	0.066	
149	8	1	66	0.139	
149	8	1	66	0.126	
149	8	1	66	0.108	
149	8	1	66	0.138	
149	8	1	66	0.130	
150	8	1	79	0.107	
150	8	1	79	0.075	
150	8	1	84	0.087	
150	8	1	74	0.086	
150	8	1	74	0.095	
151	8	1	69	0.077	
151	8	1	61	0.106	
151	8	1	66	0.077	
151	8	1	62	0.116	
151	8	1	64	0.073	
152	8	1	62	0.167	
152	8	1	62	0.128	
152	8	1	62	0.121	
152	8	1	61	0.152	
152	8	1	62	0.133	
153	8	1	59	0.066	
153	8	1	70	0.085	
153	8	1	65	0.081	
153	8	1	60	0.086	
153	8	1	69	0.064	
154	8	1	70	0.121	
154	8	1	71	0.089	
154	8	1	68	0.173	
154	8	1	71	0.140	
154	8	1	68	0.163	
155	8	1	63	0.139	
155	8	1	62	0.158	
155	8	1	63	0.097	
155	8	1	61	0.140	
155	8	1	61	0.146	
156	8	1	61	0.216	
156	8	1	61	0.183	
156	8	1	61	0.163	
156	8	1	62	0.211	
156	8	1	61	0.183	
157	8	1	72	0.089	
157	8	1	81	0.056	
157	8	1	87	0.060	
157	8	1	77	0.089	
157	8	1	70	0.085	
158	8	1	79	0.073	
158	8	1	75	0.061	
158	8	1	88	0.071	
158	8	1	94	0.083	
158	8	1	92	0.078	
159	8	1	60	0.198	
159	8	1	59	0.232	
159	8	1	60	0.200	
159	8	1	59	0.232	
159	8	1	59	0.232	
160	8	1	62	0.098	
160	8	1	66	0.094	
160	8	1	67	0.084	
160	8	1	67	0.095	
160	8	1	62	0.096	
161	8	1	60	0.193	
161	8	1	60	0.176	
161	8	1	60	0.191	
161	8	1	61	0.189	
161	8	1	61	0.209	
162	8	1	79	0.105	
162	8	1	68	0.097	
162	8	1	73	0.131	
162	8	1	75	0.085	
162	8	1	68	0.092	
163	8	1	86	0.080	
163	8	1	90	0.087	
163	8	1	88	0.086	
163	8	1	82	0.109	
163	8	1	86	0.103	
164	8	1	64	0.108	
164	8	1	67	0.136	
164	8	1	81	0.092	
164	8	1	63	0.118	
164	8	1	71	0.111	
165	8	1	69	0.114	
165	8	1	72	0.068	
165	8	1	72	0.117	
165	8	1	68	0.105	
165	8	1	83	0.073	
166	8	1	65	0.059	
166	8	1	61	0.110	
166	8	1	67	0.061	
166	8	1	62	0.140	
166	8	1	62	0.116	
167	8	1	34	0.057	
167	8	1	34	0.063	
167	8	1	36	0.064	
167	8	1	35	0.067	
167	8	1	39	0.050	
168	8	1	77	0.119	
168	8	1	75	0.096	
168	8	1	73	0.074	
168	8	1	75	0.079	
168	8	1	72	0.109	
169	8	1	111	0.067	
169	8	1	141	0.031	
169	8	1	105	0.080	
169	8	1	74	0.097	
169	8	1	107	0.068	
170	8	1	69	0.109	
170	8	1	80	0.181	
170	8	1	69	0.096	
170	8	1	65	0.161	
170	8	1	73	0.163	
171	8	1	80	0.123	
171	8	1	86	0.093	
171	8	1	75	0.095	
171	8	1	74	0.099	
171	8	1	88	0.109	
172	8	1	75	0.071	
172	8	1	75	0.090	
172	8	1	70	0.062	
172	8	1	70	0.071	
172	8	1	74	0.080	
173	8	1	75	0.121	
173	8	1	72	0.096	
173	8	1	76	0.091	
173	8	1	76	0.077	
173	8	1	83	0.112	
174	8	1	69	0.080	
174	8	1	63	0.121	
174	8	1	62	0.096	
174	8	1	63	0.123	
174	8	1	64	0.094	
175	8	1	77	0.101	
175	8	1	96	0.033	
175	8	1	87	0.078	
175	8	1	93	0.090	
175	8	1	98	0.076	
176	8	1	78	0.139	
176	8	1	83	0.099	
176	8	1	81	0.159	
176	8	1	77	0.162	
176	8	1	76	0.110	
177	8	1	72	0.100	
177	8	1	79	0.129	
177	8	1	89	0.132	
177	8	1	83	0.157	
177	8	1	73	0.110	
178	8	1	65	0.130	
178	8	1	65	0.139	
178	8	1	66	0.119	
178	8	1	65	0.141	
178	8	1	84	0.107	
179	8	1	67	0.097	
179	8	1	66	0.108	
179	8	1	78	0.076	
179	8	1	76	0.107	
179	8	1	67	0.107	
180	8	1	86	0.066	
180	8	1	31	0.107	
180	8	1	86	0.066	
180	8	1	92	0.046	
180	8	1	100	0.079	
181	8	1	44	0.114	
181	8	1	89	0.099	
181	8	1	49	0.077	
181	8	1	77	0.126	
181	8	1	77	0.116	
182	8	1	78	0.080	
182	8	1	87	0.073	
182	8	1	84	0.076	
182	8	1	74	0.075	
182	8	1	84	0.068	
183	8	1	80	0.084	
183	8	1	72	0.120	
183	8	1	78	0.083	
183	8	1	78	0.087	
183	8	1	98	0.111	
184	8	1	81	0.155	
184	8	1	70	0.137	
184	8	1	81	0.139	
184	8	1	89	0.170	
184	8	1	83	0.181	
185	8	1	70	0.105	
185	8	1	80	0.080	
185	8	1	76	0.081	
185	8	1	71	0.107	
185	8	1	69	0.126	
186	8	1	93	0.093	
186	8	1	94	0.115	
186	8	1	73	0.116	
186	8	1	85	0.112	
186	8	1	81	0.124	
187	8	1	72	0.108	
187	8	1	39	0.099	
187	8	1	69	0.109	
187	8	1	73	0.069	
187	8	1	72	0.104	
188	8	1	72	0.120	
188	8	1	80	0.055	
188	8	1	85	0.059	
188	8	1	81	0.057	
188	8	1	70	0.073	
189	8	1	73	0.089	
189	8	1	62	0.072	
189	8	1	74	0.055	
189	8	1	65	0.077	
189	8	1	67	0.052	
190	8	1	75	0.096	
190	8	1	92	0.121	
190	8	1	105	0.095	
190	8	1	75	0.122	
190	8	1	92	0.094	
191	8	1	105	0.072	
191	8	1	89	0.085	
191	8	1	73	0.102	
191	8	1	87	0.048	
191	8	1	83	0.081	
192	8	1	33	0.161	
192	8	1	33	0.161	
192	8	1	33	0.161	
192	8	1	33	0.163	
192	8	1	89	0.095	
193	8	1	72	0.091	
193	8	1	74	0.099	
193	8	1	32	0.113	
193	8	1	77	0.114	
193	8	1	69	0.072	
194	8	1	82	0.045	
194	8	1	79	0.106	
194	8	1	80	0.096	
194	8	1	88	0.094	
194	8	1	85	0.061	
195	8	1	68	0.073	
195	8	1	65	0.089	
195	8	1	66	0.101	
195	8	1	78	0.101	
195	8	1	76	0.074	
196	8	1	66	0.100	
196	8	1	73	0.072	
196	8	1	75	0.080	
196	8	1	68	0.094	
196	8	1	66	0.096	
197	8	1	72	0.150	
197	8	1	73	0.090	
197	8	1	71	0.144	
197	8	1	68	0.168	
197	8	1	74	0.115	
198	8	1	64	0.111	
198	8	1	64	0.110	
198	8	1	65	0.104	
198	8	1	71	0.088	
198	8	1	72	0.092	
199	8	1	70	0.075	
199	8	1	83	0.053	
199	8	1	80	0.071	
199	8	1	40	0.129	
199	8	1	80	0.101	
200	8	1	65	0.106	
200	8	1	66	0.088	
200	8	1	64	0.135	
200	8	1	61	0.119	
200	8	1	65	0.104	
201	8	1	71	0.075	
201	8	1	64	0.105	
201	8	1	67	0.106	
201	8	1	69	0.079	
201	8	1	67	0.082	
202	8	1	64	0.100	
202	8	1	63	0.117	
202	8	1	60	0.155	
202	8	1	62	0.123	
202	8	1	64	0.078	
203	8	1	75	0.102	
203	8	1	85	0.093	
203	8	1	79	0.109	
203	8	1	78	0.115	
203	8	1	89	0.082	
204	8	1	83	0.104	
204	8	1	78	0.089	
204	8	1	77	0.109	
204	8	1	80	0.100	
204	8	1	86	0.088	
205	8	1	98	0.074	
205	8	1	98	0.075	
205	8	1	101	0.087	
205	8	1	98	0.080	
205	8	1	92	0.106	
206	8	1	65	0.107	
206	8	1	67	0.102	
206	8	1	74	0.070	
206	8	1	78	0.097	
206	8	1	72	0.069	
207	8	1	91	0.088	
207	8	1	96	0.088	
207	8	1	87	0.097	
207	8	1	80	0.101	
207	8	1	84	0.108	
208	8	1	79	0.076	
208	8	1	89	0.078	
208	8	1	72	0.103	
208	8	1	75	0.047	
208	8	1	77	0.097	
209	8	1	67	0.139	
209	8	1	73	0.100	
209	8	1	67	0.168	
209	8	1	71	0.081	
209	8	1	68	0.140	
210	8	1	68	0.112	
210	8	1	67	0.082	
210	8	1	76	0.119	
210	8	1	73	0.096	
210	8	1	70	0.059	
211	8	1	67	0.069	
211	8	1	69	0.090	
211	8	1	67	0.107	
211	8	1	67	0.079	
211	8	1	69	0.122	
212	8	1	99	0.061	
212	8	1	64	0.096	
212	8	1	64	0.096	
212	8	1	64	0.096	
212	8	1	64	0.096	
213	8	1	86	0.072	
213	8	1	82	0.083	
213	8	1	106	0.090	
213	8	1	86	0.085	
213	8	1	82	0.089	
214	8	1	86	0.075	
214	8	1	88	0.069	
214	8	1	86	0.081	
214	8	1	99	0.077	
214	8	1	85	0.067	
215	8	1	76	0.075	
215	8	1	69	0.089	
215	8	1	73	0.093	
215	8	1	82	0.065	
215	8	1	74	0.102	
216	8	1	70	0.094	
216	8	1	67	0.129	
216	8	1	68	0.108	
216	8	1	69	0.065	
216	8	1	69	0.106	
217	8	1	70	0.111	
217	8	1	83	0.083	
217	8	1	86	0.091	
217	8	1	73	0.114	
217	8	1	68	0.116	
218	8	1	68	0.098	
218	8	1	77	0.074	
218	8	1	69	0.079	
218	8	1	30	0.251	
218	8	0	36	0.000	
219	8	1	70	0.094	
219	8	1	67	0.086	
219	8	1	77	0.083	
219	8	1	72	0.076	
219	8	1	30	0.181	
220	8	1	55	0.061	
220	8	1	62	0.081	
220	8	1	54	0.079	
220	8	1	49	0.061	
220	8	1	46	0.040	
221	8	1	81	0.062	
221	8	1	80	0.073	
221	8	1	74	0.072	
221	8	1	82	0.062	
221	8	1	79	0.075	
222	8	1	74	0.079	
222	8	1	73	0.092	
222	8	1	66	0.095	
222	8	1	71	0.118	
222	8	1	66	0.088	
223	8	1	71	0.092	
223	8	1	74	0.086	
223	8	1	76	0.056	
223	8	1	75	0.046	
223	8	1	73	0.106	
224	8	1	78	0.082	
224	8	1	74	0.080	
224	8	1	70	0.098	
224	8	1	70	0.112	
224	8	1	74	0.077	
225	8	1	76	0.094	
225	8	1	88	0.040	
225	8	1	103	0.061	
225	8	1	76	0.117	
225	8	1	72	0.092	
226	8	1	61	0.139	
226	8	1	62	0.145	
226	8	1	63	0.110	
226	8	1	67	0.057	
226	8	1	73	0.149	
227	8	1	79	0.096	
227	8	1	76	0.095	
227	8	1	76	0.112	
227	8	1	89	0.079	
227	8	1	82	0.110	
228	8	1	108	0.080	
228	8	1	98	0.081	
228	8	1	106	0.078	
228	8	1	75	0.071	
228	8	1	101	0.081	
229	8	1	77	0.058	
229	8	1	75	0.061	
229	8	1	71	0.053	
229	8	1	66	0.105	
229	8	1	77	0.066	
230	8	1	78	0.107	
230	8	1	72	0.091	
230	8	1	75	0.096	
230	8	1	71	0.091	
230	8	1	74	0.061	
231	8	1	68	0.170	
231	8	1	35	0.148	
231	8	1	71	0.148	
231	8	1	69	0.151	
231	8	1	68	0.132	
232	8	1	72	0.090	
232	8	1	68	0.083	
232	8	1	65	0.074	
232	8	1	68	0.116	
232	8	1	72	0.113	
233	8	1	60	0.240	
233	8	1	60	0.240	
233	8	1	60	0.240	
233	8	1	60	0.264	
233	8	1	60	0.240	
234	8	1	70	0.089	
234	8	1	68	0.112	
234	8	1	73	0.083	
234	8	1	71	0.110	
234	8	1	68	0.103	
235	8	1	77	0.099	
235	8	1	81	0.088	
235	8	1	81	0.106	
235	8	1	76	0.043	
235	8	1	85	0.059	
236	8	1	64	0.123	
236	8	1	63	0.107	
236	8	1	63	0.109	
236	8	1	62	0.126	
236	8	1	63	0.103	
237	8	1	75	0.068	
237	8	1	76	0.066	
237	8	1	76	0.067	
237	8	1	86	0.056	
237	8	1	80	0.074	
238	8	1	99	0.135	
238	8	1	87	0.104	
238	8	1	92	0.099	
238	8	1	72	0.126	
238	8	1	57	0.084	
239	8	1	30	0.193	
239	8	1	66	0.115	
239	8	1	68	0.184	
239	8	1	67	0.151	
239	8	1	75	0.189	
240	8	1	68	0.195	
240	8	1	71	0.141	
240	8	1	69	0.180	
240	8	1	69	0.156	
240	8	1	68	0.162	
241	8	1	79	0.076	
241	8	1	80	0.128	
241	8	1	100	0.102	
241	8	1	88	0.116	
241	8	1	74	0.087	
242	8	1	70	0.092	
242	8	1	74	0.075	
242	8	1	73	0.095	
242	8	1	73	0.062	
242	8	1	76	0.094	
243	8	1	90	0.072	
243	8	1	83	0.072	
243	8	1	101	0.060	
243	8	1	95	0.063	
243	8	1	90	0.069	
244	8	1	76	0.032	
244	8	1	79	0.079	
244	8	1	85	0.061	
244	8	1	78	0.045	
244	8	1	84	0.065	
245	8	1	91	0.066	
245	8	1	73	0.101	
245	8	1	70	0.101	
245	8	1	83	0.062	
245	8	1	89	0.084	
246	8	1	45	0.127	
246	8	1	94	0.071	
246	8	1	93	0.074	
246	8	1	80	0.072	
246	8	1	89	0.071	
247	8	1	61	0.163	
247	8	1	61	0.167	
247	8	1	61	0.219	
247	8	1	61	0.179	
247	8	1	61	0.176	
248	8	1	91	0.123	
248	8	1	77	0.089	
248	8	1	72	0.151	
248	8	1	69	0.092	
248	8	1	84	0.092	
249	8	1	87	0.089	
249	8	1	87	0.071	
249	8	1	95	0.097	
249	8	1	73	0.113	
249	8	1	76	0.065	
250	8	1	82	0.070	
250	8	1	80	0.085	
250	8	1	49	0.104	
250	8	1	84	0.063	
250	8	1	83	0.085	
251	8	1	63	0.091	
251	8	1	63	0.096	
251	8	1	62	0.115	
251	8	1	61	0.120	
251	8	1	69	0.047	
252	8	1	67	0.065	
252	8	1	66	0.077	
252	8	1	60	0.066	
252	8	1	67	0.065	
252	8	1	60	0.066	
253	8	1	77	0.100	
253	8	1	87	0.055	
253	8	1	89	0.059	
253	8	1	41	0.058	
253	8	1	84	0.089	
254	8	1	86	0.143	
254	8	1	96	0.147	
254	8	1	83	0.086	
254	8	1	81	0.146	
254	8	1	75	0.141	
255	8	1	80	0.082	
255	8	1	93	0.089	
255	8	1	79	0.079	
255	8	1	54	0.101	
255	8	1	51	0.104	
256	8	1	77	0.091	
256	8	1	75	0.077	
256	8	1	79	0.069	
256	8	1	67	0.112	
256	8	1	76	0.071	
257	8	1	61	0.175	
257	8	1	61	0.179	
257	8	1	63	0.176	
257	8	1	63	0.175	
257	8	1	61	0.185	
258	8	1	75	0.061	
258	8	1	86	0.061	
258	8	1	71	0.053	
258	8	1	79	0.054	
258	8	1	76	0.058	
259	8	1	63	0.170	
259	8	1	65	0.155	
259	8	1	63	0.143	
259	8	1	68	0.146	
259	8	1	66	0.100	
260	8	1	103	0.100	
260	8	1	151	0.065	
260	8	1	102	0.098	
260	8	1	105	0.081	
260	8	1	101	0.086	
261	8	1	62	0.105	
261	8	1	64	0.123	
261	8	1	69	0.120	
261	8	1	66	0.114	
261	8	1	70	0.089	
262	8	1	87	0.085	
262	8	1	86	0.062	
262	8	1	104	0.082	
262	8	1	80	0.100	
262	8	1	92	0.099	
263	8	1	66	0.090	
263	8	1	65	0.068	
263	8	1	77	0.063	
263	8	1	70	0.056	
263	8	1	65	0.091	
264	8	1	78	0.057	
264	8	1	82	0.084	
264	8	1	78	0.076	
264	8	1	68	0.079	
264	8	1	82	0.089	
265	8	1	71	0.113	
265	8	1	96	0.109	
265	8	1	93	0.097	
265	8	1	37	0.150	
265	8	1	91	0.083	
266	8	1	80	0.087	
266	8	1	104	0.069	
266	8	1	103	0.065	
266	8	1	87	0.092	
266	8	1	96	0.084	
267	8	1	68	0.090	
267	8	1	70	0.091	
267	8	1	72	0.107	
267	8	1	72	0.107	
267	8	1	70	0.105	
268	8	1	78	0.058	
268	8	1	80	0.061	
268	8	1	69	0.089	
268	8	1	75	0.067	
268	8	1	90	0.081	
269	8	1	68	0.081	
269	8	1	78	0.056	
269	8	1	67	0.070	
269	8	1	77	0.061	
269	8	1	75	0.051	
270	8	1	63	0.173	
270	8	1	61	0.163	
270	8	1	61	0.208	
270	8	1	62	0.220	
270	8	1	63	0.158	
271	8	1	63	0.101	
271	8	1	90	0.063	
271	8	1	105	0.057	
271	8	1	98	0.061	
271	8	1	87	0.052	
272	8	1	87	0.073	
272	8	1	116	0.063	
272	8	1	47	0.075	
272	8	1	87	0.071	
272	8	1	86	0.053	
273	8	1	98	0.099	
273	8	1	98	0.118	
273	8	1	77	0.086	
273	8	1	101	0.076	
273	8	1	37	0.136	
274	8	1	61	0.211	
274	8	1	61	0.181	
274	8	1	60	0.200	
274	8	1	61	0.181	
274	8	1	61	0.187	
275	8	1	90	0.058	
275	8	1	121	0.063	
275	8	1	102	0.060	
275	8	1	97	0.054	
275	8	1	70	0.108	
276	8	1	92	0.088	
276	8	1	55	0.089	
276	8	1	87	0.094	
276	8	1	87	0.098	
276	8	1	93	0.091	
277	8	1	68	0.117	
277	8	1	73	0.097	
277	8	1	70	0.123	
277	8	1	67	0.131	
277	8	1	70	0.105	
278	8	1	84	0.106	
278	8	1	75	0.124	
278	8	1	166	0.055	
278	8	1	87	0.092	
278	8	1	67	0.115	
279	8	1	105	0.069	
279	8	1	91	0.083	
279	8	1	98	0.059	
279	8	1	94	0.080	
279	8	1	94	0.070	
280	8	1	74	0.122	
280	8	1	84	0.112	
280	8	1	73	0.111	
280	8	1	69	0.103	
280	8	1	76	0.092	
281	8	1	98	0.076	
281	8	1	118	0.070	
281	8	1	45	0.071	
281	8	1	37	0.112	
281	8	1	108	0.072	
282	8	1	93	0.068	
282	8	1	101	0.101	
282	8	1	93	0.072	
282	8	1	107	0.074	
282	8	1	117	0.093	
283	8	1	45	0.045	
283	8	1	47	0.046	
283	8	1	43	0.050	
283	8	1	40	0.078	
283	8	1	59	0.057	
284	8	1	82	0.097	
284	8	1	81	0.091	
284	8	1	93	0.094	
284	8	1	82	0.076	
284	8	1	88	0.102	
285	8	1	95	0.066	
285	8	1	106	0.080	
285	8	1	75	0.076	
285	8	1	88	0.076	
285	8	1	100	0.091	
286	8	1	89	0.096	
286	8	1	83	0.079	
286	8	1	77	0.078	
286	8	1	81	0.104	
286	8	1	73	0.101	
287	8	1	87	0.076	
287	8	1	99	0.077	
287	8	1	90	0.095	
287	8	1	101	0.080	
287	8	1	86	0.097	
288	8	1	93	0.045	
288	8	1	102	0.050	
288	8	1	43	0.086	
288	8	1	53	0.029	
288	8	1	100	0.061	
289	8	1	40	0.121	
289	8	1	73	0.120	
289	8	1	80	0.117	
289	8	1	84	0.121	
289	8	1	86	0.127	
290	8	1	96	0.085	
290	8	1	95	0.077	
290	8	1	93	0.084	
290	8	1	80	0.082	
290	8	1	82	0.085	
291	8	1	62	0.207	
291	8	1	61	0.271	
291	8	1	61	0.200	
291	8	1	61	0.268	
291	8	1	61	0.240	
292	8	1	90	0.086	
292	8	1	35	0.118	
292	8	1	84	0.083	
292	8	1	82	0.124	
292	8	1	39	0.097	
293	8	1	98	0.088	
293	8	1	92	0.091	
293	8	1	83	0.073	
293	8	1	91	0.079	
293	8	1	93	0.080	
294	8	1	91	0.091	
294	8	1	104	0.088	
294	8	1	101	0.089	
294	8	1	100	0.079	
294	8	1	100	0.067	
295	8	1	91	0.075	
295	8	1	81	0.102	
295	8	1	97	0.096	
295	8	1	87	0.097	
295	8	1	91	0.102	
296	8	1	70	0.142	
296	8	1	72	0.151	
296	8	1	70	0.142	
296	8	1	70	0.142	
296	8	1	72	0.119	
297	8	1	89	0.069	
297	8	1	80	0.062	
297	8	1	85	0.060	
297	8	1	169	0.031	
297	8	1	96	0.063	
298	8	1	85	0.105	
298	8	1	60	0.114	
298	8	1	97	0.095	
298	8	1	37	0.104	
298	8	1	29	0.143	
299	8	1	78	0.070	
299	8	1	77	0.059	
299	8	1	76	0.085	
299	8	1	85	0.096	
299	8	1	77	0.059	
0	9	1	78	0.099	
0	9	1	78	0.125	
0	9	1	39	0.097	
0	9	1	84	0.091	
0	9	1	76	0.155	
1	9	1	72	0.159	
1	9	1	73	0.161	
1	9	1	72	0.141	
1	9	1	73	0.151	
1	9	1	73	0.181	
2	9	1	73	0.102	
2	9	1	72	0.088	
2	9	1	73	0.108	
2	9	1	78	0.092	
2	9	1	86	0.113	
3	9	1	68	0.199	
3	9	1	68	0.240	
3	9	1	68	0.214	
3	9	1	68	0.220	
3	9	1	69	0.212	
4	9	1	108	0.084	
4	9	1	114	0.082	
4	9	1	105	0.098	
4	9	1	105	0.110	
4	9	1	98	0.102	
5	9	1	68	0.172	
5	9	1	68	0.188	
5	9	1	68	0.181	
5	9	1	68	0.188	
5	9	1	68	0.172	
6	9	1	86	0.144	
6	9	1	75	0.117	
6	9	1	77	0.122	
6	9	1	87	0.142	
6	9	1	80	0.119	
7	9	1	75	0.088	
7	9	1	77	0.083	
7	9	1	73	0.132	
7	9	1	77	0.097	
7	9	1	75	0.087	
8	9	1	71	0.171	
8	9	1	71	0.163	
8	9	1	71	0.183	
8	9	1	71	0.184	
8	9	1	71	0.157	
9	9	1	69	0.230	
9	9	1	69	0.225	
9	9	1	69	0.233	
9	9	1	68	0.205	
9	9	1	70	0.249	
10	9	1	75	0.143	
10	9	1	71	0.143	
10	9	1	75	0.152	
10	9	1	71	0.143	
10	9	1	75	0.152	
11	9	1	68	0.171	
11	9	1	68	0.174	
11	9	1	68	0.174	
11	9	1	68	0.174	
11	9	1	68	0.174	
12	9	1	77	0.138	
12	9	1	76	0.136	
12	9	1	77	0.150	
12	9	1	80	0.080	
12	9	1	83	0.140	
13	9	1	79	0.075	
13	9	1	74	0.085	
13	9	1	72	0.082	
13	9	1	71	0.107	
13	9	1	70	0.126	
14	9	1	71	0.140	
14	9	1	71	0.137	
14	9	1	70	0.143	
14	9	1	71	0.155	
14	9	1	71	0.137	
15	9	1	71	0.190	
15	9	1	71	0.210	
15	9	1	71	0.209	
15	9	1	70	0.196	
15	9	1	70	0.214	
16	9	1	75	0.129	
16	9	1	74	0.135	
16	9	1	76	0.144	
16	9	1	75	0.167	
16	9	1	76	0.130	
17	9	1	70	0.230	
17	9	1	76	0.215	
17	9	1	72	0.151	
17	9	1	77	0.244	
17	9	1	77	0.227	
18	9	1	68	0.244	
18	9	1	68	0.244	
18	9	1	68	0.238	
18	9	1	68	0.236	
18	9	1	68	0.244	
19	9	1	87	0.153	
19	9	1	86	0.107	
19	9	1	97	0.094	
19	9	1	89	0.111	
19	9	1	87	0.089	
20	9	1	68	0.170	
20	9	1	68	0.165	
20	9	1	68	0.170	
20	9	1	68	0.170	
20	9	1	68	0.170	
21	9	1	73	0.206	
21	9	1	73	0.189	
21	9	1	73	0.200	
21	9	1	72	0.207	
21	9	1	73	0.203	
22	9	1	71	0.135	
22	9	1	72	0.089	
22	9	1	79	0.115	
22	9	1	78	0.097	
22	9	1	72	0.114	
23	9	1	70	0.190	
23	9	1	70	0.187	
23	9	1	70	0.190	
23	9	1	70	0.190	
23	9	1	70	0.146	
24	9	1	75	0.142	
24	9	1	91	0.134	
24	9	1	93	0.106	
24	9	1	73	0.144	
24	9	1	75	0.118	
25	9	1	68	0.157	
25	9	1	68	0.157	
25	9	1	68	0.151	
25	9	1	68	0.151	
25	9	1	68	0.157	
26	9	1	75	0.176	
26	9	1	69	0.159	
26	9	1	75	0.175	
26	9	1	75	0.176	
26	9	1	75	0.175	
27	9	1	68	0.132	
27	9	1	68	0.127	
27	9	1	68	0.132	
27	9	1	68	0.132	
27	9	1	68	0.132	
28	9	1	69	0.211	
28	9	1	69	0.213	
28	9	1	68	0.176	
28	9	1	68	0.198	
28	9	1	69	0.219	
29	9	1	80	0.091	
29	9	1	82	0.097	
29	9	1	81	0.102	
29	9	1	110	0.093	
29	9	1	63	0.056	
30	9	1	87	0.147	
30	9	1	77	0.129	
30	9	1	74	0.140	
30	9	1	75	0.151	
30	9	1	78	0.138	
31	9	1	70	0.178	
31	9	1	70	0.177	
31	9	1	70	0.177	
31	9	1	69	0.176	
31	9	1	70	0.178	
32	9	1	68	0.155	
32	9	1	68	0.155	
32	9	1	68	0.155	
32	9	1	68	0.155	
32	9	1	68	0.155	
33	9	1	45	0.057	
33	9	1	41	0.060	
33	9	1	41	0.090	
33	9	1	45	0.064	
33	9	1	250	0.062	
34	9	1	69	0.136	
34	9	1	69	0.136	
34	9	1	69	0.150	
34	9	1	69	0.136	
34	9	1	69	0.136	
35	9	1	75	0.078	
35	9	1	79	0.065	
35	9	1	69	0.119	
35	9	1	74	0.062	
35	9	1	70	0.098	
36	9	1	68	0.148	
36	9	1	69	0.183	
36	9	1	68	0.211	
36	9	1	68	0.162	
36	9	1	68	0.162	
37	9	1	82	0.076	
37	9	1	81	0.125	
37	9	1	77	0.086	
37	9	1	76	0.121	
37	9	1	75	0.096	
38	9	1	74	0.129	
38	9	1	81	0.078	
38	9	1	76	0.096	
38	9	1	76	0.079	
38	9	1	74	0.083	
39	9	1	68	0.132	
39	9	1	68	0.134	
39	9	1	68	0.134	
39	9	1	69	0.113	
39	9	1	68	0.115	
40	9	1	68	0.337	
40	9	1	68	0.337	
40	9	1	68	0.337	
40	9	1	68	0.337	
40	9	1	68	0.337	
41	9	1	68	0.225	
41	9	1	68	0.228	
41	9	1	68	0.221	
41	9	1	68	0.217	
41	9	1	68	0.225	
42	9	1	68	0.638	
42	9	1	68	0.637	
42	9	1	68	0.638	
42	9	1	68	0.638	
42	9	1	68	0.638	
43	9	1	111	0.096	
43	9	1	56	0.115	
43	9	1	78	0.156	
43	9	1	85	0.126	
43	9	1	50	0.123	
44	9	1	73	0.102	
44	9	1	94	0.111	
44	9	1	73	0.108	
44	9	1	75	0.093	
44	9	1	74	0.101	
45	9	1	73	0.096	
45	9	1	74	0.129	
45	9	1	70	0.085	
45	9	1	77	0.101	
45	9	1	70	0.141	
46	9	1	85	0.086	
46	9	1	82	0.084	
46	9	1	78	0.103	
46	9	1	80	0.095	
46	9	1	80	0.108	
47	9	1	78	0.085	
47	9	1	89	0.071	
47	9	1	82	0.070	
47	9	1	79	0.087	
47	9	1	83	0.090	
48	9	1	85	0.164	
48	9	1	76	0.060	
48	9	1	74	0.160	
48	9	1	75	0.155	
48	9	1	75	0.154	
49	9	1	82	0.131	
49	9	1	85	0.138	
49	9	1	78	0.121	
49	9	1	83	0.133	
49	9	1	82	0.133	
50	9	1	71	0.232	
50	9	1	78	0.238	
50	9	1	77	0.215	
50	9	1	76	0.217	
50	9	1	71	0.242	
51	9	1	69	0.190	
51	9	1	69	0.213	
51	9	1	70	0.215	
51	9	1	69	0.194	
51	9	1	69	0.150	
52	9	1	69	0.232	
52	9	1	71	0.180	
52	9	1	71	0.245	
52	9	1	69	0.212	
52	9	1	70	0.222	
53	9	1	73	0.130	
53	9	1	74	0.160	
53	9	1	73	0.128	
53	9	1	74	0.155	
53	9	1	73	0.129	
54	9	1	68	0.350	
54	9	1	68	0.391	
54	9	1	68	0.369	
54	9	1	68	0.254	
54	9	1	68	0.349	
55	9	1	73	0.079	
55	9	1	117	0.080	
55	9	1	73	0.081	
55	9	1	73	0.081	
55	9	1	73	0.081	
56	9	1	72	0.149	
56	9	1	73	0.204	
56	9	1	72	0.151	
56	9	1	73	0.207	
56	9	1	72	0.163	
57	9	1	78	0.111	
57	9	1	76	0.129	
57	9	1	115	0.090	
57	9	1	82	0.084	
57	9	1	81	0.089	
58	9	1	116	0.119	
58	9	1	105	0.114	
58	9	1	100	0.080	
58	9	1	41	0.129	
58	9	1	99	0.089	
59	9	1	88	0.068	
59	9	1	88	0.092	
59	9	1	80	0.065	
59	9	1	82	0.066	
59	9	1	78	0.110	
60	9	1	70	0.098	
60	9	1	74	0.109	
60	9	1	74	0.111	
60	9	1	74	0.097	
60	9	1	79	0.097	
61	9	1	68	0.388	
61	9	1	68	0.387	
61	9	1	68	0.387	
61	9	1	68	0.387	
61	9	1	68	0.388	
62	9	1	90	0.080	
62	9	1	87	0.070	
62	9	1	101	0.071	
62	9	1	86	0.049	
62	9	1	92	0.062	
63	9	1	71	0.137	
63	9	1	73	0.175	
63	9	1	72	0.155	
63	9	1	82	0.090	
63	9	1	72	0.131	
64	9	1	72	0.136	
64	9	1	74	0.156	
64	9	1	72	0.189	
64	9	1	72	0.173	
64	9	1	72	0.144	
65	9	1	68	0.166	
65	9	1	68	0.157	
65	9	1	68	0.152	
65	9	1	68	0.152	
65	9	1	68	0.151	
66	9	1	71	0.119	
66	9	1	71	0.147	
66	9	1	71	0.147	
66	9	1	72	0.069	
66	9	1	72	0.092	
67	9	1	68	0.343	
67	9	1	68	0.343	
67	9	1	68	0.343	
67	9	1	68	0.343	
67	9	1	68	0.343	
68	9	1	71	0.210	
68	9	1	72	0.171	
68	9	1	72	0.175	
68	9	1	71	0.210	
68	9	1	71	0.150	
69	9	1	80	0.123	
69	9	1	79	0.082	
69	9	1	79	0.079	
69	9	1	74	0.134	
69	9	1	75	0.112	
70	9	1	72	0.150	
70	9	1	72	0.183	
70	9	1	72	0.183	
70	9	1	72	0.196	
70	9	1	72	0.162	
71	9	1	68	0.152	
71	9	1	68	0.152	
71	9	1	68	0.152	
71	9	1	68	0.152	
71	9	1	68	0.190	
72	9	1	68	0.213	
72	9	1	68	0.213	
72	9	1	68	0.213	
72	9	1	68	0.211	
72	9	1	68	0.215	
73	9	1	70	0.148	
73	9	1	71	0.173	
73	9	1	70	0.155	
73	9	1	70	0.137	
73	9	1	70	0.134	
74	9	1	68	0.188	
74	9	1	70	0.172	
74	9	1	69	0.181	
74	9	1	68	0.111	
74	9	1	68	0.185	
75	9	1	68	0.339	
75	9	1	68	0.339	
75	9	1	68	0.339	
75	9	1	68	0.339	
75	9	1	68	0.339	
76	9	1	70	0.181	
76	9	1	70	0.191	
76	9	1	71	0.188	
76	9	1	71	0.189	
76	9	1	70	0.175	
77	9	1	69	0.236	
77	9	1	68	0.241	
77	9	1	68	0.193	
77	9	1	69	0.247	
77	9	1	68	0.238	
78	9	1	77	0.098	
78	9	1	80	0.126	
78	9	1	80	0.117	
78	9	1	79	0.121	
78	9	1	50	0.072	
79	9	1	69	0.163	
79	9	1	69	0.162	
79	9	1	69	0.163	
79	9	1	69	0.164	
79	9	1	69	0.157	
80	9	1	78	0.108	
80	9	1	76	0.140	
80	9	1	81	0.116	
80	9	1	90	0.083	
80	9	1	84	0.079	
81	9	1	69	0.134	
81	9	1	70	0.148	
81	9	1	70	0.166	
81	9	1	71	0.182	
81	9	1	69	0.143	
82	9	1	81	0.092	
82	9	1	81	0.085	
82	9	1	76	0.082	
82	9	1	78	0.099	
82	9	1	76	0.088	
83	9	1	70	0.174	
83	9	1	70	0.174	
83	9	1	70	0.174	
83	9	1	70	0.175	
83	9	1	70	0.174	
84	9	1	68	0.143	
84	9	1	68	0.142	
84	9	1	68	0.151	
84	9	1	68	0.129	
84	9	1	68	0.142	
85	9	1	73	0.137	
85	9	1	73	0.142	
85	9	1	74	0.140	
85	9	1	74	0.161	
85	9	1	74	0.119	
86	9	1	82	0.125	
86	9	1	77	0.123	
86	9	1	76	0.115	
86	9	1	78	0.104	
86	9	1	83	0.110	
87	9	1	68	0.166	
87	9	1	68	0.163	
87	9	1	68	0.197	
87	9	1	68	0.164	
87	9	1	68	0.144	
88	9	1	68	0.172	
88	9	1	69	0.177	
88	9	1	69	0.177	
88	9	1	68	0.134	
88	9	1	68	0.140	
89	9	1	68	0.144	
89	9	1	70	0.139	
89	9	1	87	0.108	
89	9	1	81	0.124	
89	9	1	98	0.108	
90	9	1	68	0.165	
90	9	1	68	0.162	
90	9	1	68	0.162	
90	9	1	68	0.130	
90	9	1	68	0.125	
91	9	1	72	0.209	
91	9	1	72	0.217	
91	9	1	72	0.202	
91	9	1	71	0.163	
91	9	1	71	0.121	
92	9	1	69	0.135	
92	9	1	75	0.071	
92	9	1	69	0.115	
92	9	1	69	0.162	
92	9	1	69	0.154	
93	9	1	68	0.796	
93	9	1	68	0.796	
93	9	1	68	0.796	
93	9	1	68	0.796	
93	9	1	68	0.796	
94	9	1	68	0.393	
94	9	1	68	0.393	
94	9	1	68	0.395	
94	9	1	68	0.398	
94	9	1	68	0.393	
95	9	1	68	0.170	
95	9	1	68	0.177	
95	9	1	69	0.126	
95	9	1	68	0.168	
95	9	1	69	0.135	
96	9	1	79	0.144	
96	9	1	75	0.182	
96	9	1	80	0.128	
96	9	1	81	0.150	
96	9	1	77	0.180	
97	9	1	73	0.122	
97	9	1	74	0.116	
97	9	1	72	0.103	
97	9	1	71	0.119	
97	9	1	80	0.125	
98	9	1	72	0.082	
98	9	1	70	0.139	
98	9	1	70	0.118	
98	9	1	71	0.099	
98	9	1	29	0.143	
99	9	1	83	0.114	
99	9	1	82	0.134	
99	9	1	80	0.107	
99	9	1	85	0.095	
99	9	1	79	0.133	
100	9	1	70	0.125	
100	9	1	70	0.182	
100	9	1	70	0.177	
100	9	1	70	0.177	
100	9	1	70	0.177	
101	9	1	69	0.222	
101	9	1	69	0.243	
101	9	1	76	0.196	
101	9	1	78	0.182	
101	9	1	75	0.196	
102	9	1	72	0.139	
102	9	1	70	0.167	
102	9	1	71	0.148	
102	9	1	72	0.141	
102	9	1	70	0.164	
103	9	1	85	0.090	
103	9	1	78	0.158	
103	9	1	77	0.114	
103	9	1	80	0.116	
103	9	1	86	0.130	
104	9	1	72	0.117	
104	9	1	83	0.105	
104	9	1	74	0.063	
104	9	1	93	0.083	
104	9	1	83	0.067	
105	9	1	89	0.116	
105	9	1	93	0.090	
105	9	1	82	0.088	
105	9	1	87	0.118	
105	9	1	77	0.114	
106	9	1	73	0.123	
106	9	1	73	0.123	
106	9	1	74	0.156	
106	9	1	73	0.123	
106	9	1	73	0.122	
107	9	1	71	0.188	
107	9	1	75	0.195	
107	9	1	71	0.152	
107	9	1	75	0.175	
107	9	1	75	0.146	
108	9	1	68	0.162	
108	9	1	68	0.226	
108	9	1	68	0.230	
108	9	1	68	0.227	
108	9	1	68	0.188	
109	9	1	78	0.166	
109	9	1	69	0.121	
109	9	1	70	0.161	
109	9	1	71	0.143	
109	9	1	70	0.155	
110	9	1	72	0.107	
110	9	1	71	0.170	
110	9	1	71	0.194	
110	9	1	72	0.136	
110	9	1	76	0.157	
111	9	1	108	0.092	
111	9	1	100	0.109	
111	9	1	98	0.113	
111	9	1	112	0.111	
111	9	1	111	0.052	
112	9	1	90	0.072	
112	9	1	92	0.068	
112	9	1	51	0.097	
112	9	1	98	0.071	
112	9	1	48	0.106	
113	9	1	97	0.095	
113	9	1	88	0.098	
113	9	1	63	0.102	
113	9	1	73	0.086	
113	9	1	89	0.077	
114	9	1	79	0.064	
114	9	1	77	0.084	
114	9	1	80	0.070	
114	9	1	79	0.076	
114	9	1	88	0.079	
115	9	1	71	0.086	
115	9	1	72	0.107	
115	9	1	76	0.102	
115	9	1	72	0.087	
115	9	1	75	0.106	
116	9	1	72	0.143	
116	9	1	72	0.145	
116	9	1	73	0.172	
116	9	1	72	0.170	
116	9	1	73	0.151	
117	9	1	87	0.107	
117	9	1	101	0.072	
117	9	1	109	0.089	
117	9	1	93	0.102	
117	9	1	40	0.153	
118	9	1	92	0.110	
118	9	1	86	0.089	
118	9	1	85	0.091	
118	9	1	86	0.114	
118	9	1	85	0.086	
119	9	1	97	0.094	
119	9	1	104	0.097	
119	9	1	93	0.116	
119	9	1	104	0.106	
119	9	1	89	0.107	
120	9	1	88	0.143	
120	9	1	81	0.122	
120	9	1	75	0.120	
120	9	1	81	0.117	
120	9	1	80	0.146	
121	9	1	91	0.120	
121	9	1	77	0.099	
121	9	1	86	0.083	
121	9	1	78	0.119	
121	9	1	86	0.109	
122	9	1	70	0.167	
122	9	1	71	0.154	
122	9	1	71	0.177	
122	9	1	71	0.166	
122	9	1	71	0.168	
123	9	1	83	0.104	
123	9	1	103	0.119	
123	9	1	88	0.098	
123	9	1	92	0.091	
123	9	1	90	0.116	
124	9	1	79	0.107	
124	9	1	89	0.140	
124	9	1	82	0.134	
124	9	1	90	0.124	
124	9	1	85	0.089	
125	9	1	74	0.149	
125	9	1	74	0.151	
125	9	1	74	0.110	
125	9	1	74	0.145	
125	9	1	79	0.080	
126	9	1	75	0.117	
126	9	1	74	0.095	
126	9	1	75	0.140	
126	9	1	72	0.117	
126	9	1	75	0.110	
127	9	1	76	0.118	
127	9	1	80	0.132	
127	9	1	77	0.147	
127	9	1	82	0.120	
127	9	1	80	0.108	
128	9	1	76	0.144	
128	9	1	68	0.148	
128	9	1	76	0.144	
128	9	1	68	0.149	
128	9	1	68	0.149	
129	9	1	94	0.136	
129	9	1	81	0.132	
129	9	1	80	0.080	
129	9	1	81	0.132	
129	9	1	76	0.155	
130	9	1	69	0.185	
130	9	1	69	0.203	
130	9	1	70	0.156	
130	9	1	68	0.162	
130	9	1	69	0.193	
131	9	1	74	0.108	
131	9	1	75	0.084	
131	9	1	76	0.105	
131	9	1	83	0.067	
131	9	1	71	0.119	
132	9	1	73	0.145	
132	9	1	72	0.124	
132	9	1	72	0.186	
132	9	1	72	0.174	
132	9	1	71	0.144	
133	9	1	83	0.097	
133	9	1	83	0.112	
133	9	1	87	0.088	
133	9	1	79	0.114	
133	9	1	83	0.128	
134	9	1	70	0.110	
134	9	1	74	0.137	
134	9	1	70	0.117	
134	9	1	76	0.134	
134	9	1	70	0.127	
135	9	1	69	0.145	
135	9	1	69	0.195	
135	9	1	70	0.238	
135	9	1	70	0.204	
135	9	1	69	0.150	
136	9	1	86	0.090	
136	9	1	99	0.083	
136	9	1	91	0.124	
136	9	1	84	0.075	
136	9	1	86	0.081	
137	9	1	86	0.074	
137	9	1	104	0.079	
137	9	1	60	0.119	
137	9	1	81	0.101	
137	9	1	92	0.067	
138	9	1	117	0.080	
138	9	1	108	0.070	
138	9	1	99	0.158	
138	9	1	110	0.085	
138	9	1	112	0.109	
139	9	1	68	0.111	
139	9	1	68	0.161	
139	9	1	68	0.146	
139	9	1	69	0.126	
139	9	1	68	0.154	
140	9	1	91	0.061	
140	9	1	78	0.070	
140	9	1	78	0.070	
140	9	1	75	0.108	
140	9	1	83	0.088	
141	9	1	75	0.115	
141	9	1	76	0.111	
141	9	1	74	0.068	
141	9	1	88	0.053	
141	9	1	74	0.068	
142	9	1	69	0.134	
142	9	1	69	0.120	
142	9	1	71	0.116	
142	9	1	68	0.132	
142	9	1	68	0.131	
143	9	1	79	0.146	
143	9	1	90	0.135	
143	9	1	77	0.134	
143	9	1	83	0.184	
143	9	1	77	0.146	
144	9	1	78	0.100	
144	9	1	74	0.100	
144	9	1	76	0.100	
144	9	1	77	0.068	
144	9	1	73	0.105	
145	9	1	69	0.146	
145	9	1	69	0.168	
145	9	1	69	0.151	
145	9	1	68	0.159	
145	9	1	69	0.151	
146	9	1	71	0.219	
146	9	1	71	0.227	
146	9	1	71	0.229	
146	9	1	71	0.235	
146	9	1	70	0.209	
147	9	1	68	0.116	
147	9	1	68	0.126	
147	9	1	70	0.096	
147	9	1	68	0.111	
147	9	1	71	0.089	
148	9	1	35	0.125	
148	9	1	80	0.098	
148	9	1	39	0.100	
148	9	1	75	0.100	
148	9	1	38	0.092	
149	9	1	74	0.123	
149	9	1	74	0.119	
149	9	1	73	0.165	
149	9	1	74	0.111	
149	9	1	73	0.107	
150	9	1	85	0.078	
150	9	1	82	0.110	
150	9	1	88	0.075	
150	9	1	77	0.077	
150	9	1	87	0.130	
151	9	1	72	0.093	
151	9	1	77	0.064	
151	9	1	76	0.063	
151	9	1	59	0.065	
151	9	1	71	0.088	
152	9	1	70	0.135	
152	9	1	70	0.132	
152	9	1	70	0.170	
152	9	1	70	0.205	
152	9	1	70	0.127	
153	9	1	61	0.050	
153	9	1	55	0.103	
153	9	1	60	0.105	
153	9	1	65	0.068	
153	9	1	60	0.098	
154	9	1	75	0.131	
154	9	1	76	0.122	
154	9	1	78	0.083	
154	9	1	76	0.142	
154	9	1	75	0.140	
155	9	1	73	0.153	
155	9	1	70	0.115	
155	9	1	70	0.121	
155	9	1	69	0.141	
155	9	1	69	0.158	
156	9	1	69	0.172	
156	9	1	69	0.172	
156	9	1	70	0.194	
156	9	1	70	0.194	
156	9	1	71	0.207	
157	9	1	80	0.102	
157	9	1	76	0.111	
157	9	1	83	0.077	
157	9	1	81	0.099	
157	9	1	82	0.058	
158	9	1	86	0.080	
158	9	1	104	0.087	
158	9	1	90	0.076	
158	9	1	60	0.129	
158	9	1	87	0.073	
159	9	1	69	0.211	
159	9	1	68	0.197	
159	9	1	68	0.224	
159	9	1	68	0.185	
159	9	1	69	0.211	
160	9	1	73	0.092	
160	9	1	73	0.087	
160	9	1	72	0.087	
160	9	1	72	0.084	
160	9	1	76	0.082	
161	9	1	68	0.166	
161	9	1	68	0.181	
161	9	1	69	0.229	
161	9	1	68	0.168	
161	9	1	68	0.164	
162	9	1	76	0.093	
162	9	1	79	0.091	
162	9	1	77	0.106	
162	9	1	76	0.103	
162	9	1	77	0.098	
163	9	1	84	0.056	
163	9	1	86	0.097	
163	9	1	83	0.102	
163	9	1	84	0.121	
163	9	1	82	0.099	
164	9	1	151	0.109	
164	9	1	70	0.107	
164	9	1	87	0.138	
164	9	1	77	0.096	
164	9	1	70	0.118	
165	9	1	76	0.105	
165	9	1	76	0.105	
165	9	1	75	0.100	
165	9	1	73	0.117	
165	9	1	73	0.107	
166	9	1	70	0.143	
166	9	1	70	0.133	
166	9	1	70	0.124	
166	9	1	72	0.118	
166	9	1	69	0.139	
167	9	1	37	0.065	
167	9	1	37	0.046	
167	9	1	87	0.051	
167	9	1	35	0.079	
167	9	1	34	0.054	
168	9	1	77	0.101	
168	9	1	80	0.091	
168	9	1	86	0.099	
168	9	1	78	0.137	
168	9	1	79	0.129	
169	9	1	75	0.065	
169	9	1	118	0.104	
169	9	1	141	0.103	
169	9	1	76	0.086	
169	9	1	110	0.097	
170	9	1	86	0.128	
170	9	1	70	0.142	
170	9	1	88	0.131	
170	9	1	72	0.120	
170	9	1	72	0.124	
171	9	1	95	0.101	
171	9	1	88	0.105	
171	9	1	92	0.107	
171	9	1	85	0.090	
171	9	1	85	0.072	
172	9	1	82	0.089	
172	9	1	79	0.074	
172	9	1	78	0.072	
172	9	1	77	0.079	
172	9	1	78	0.054	
173	9	1	87	0.120	
173	9	1	79	0.098	
173	9	1	82	0.124	
173	9	1	83	0.068	
173	9	1	84	0.112	
174	9	1	71	0.151	
174	9	1	75	0.085	
174	9	1	71	0.127	
174	9	1	74	0.097	
174	9	1	71	0.121	
175	9	1	85	0.108	
175	9	1	250	0.018	
175	9	1	40	0.095	
175	9	1	35	0.107	
175	9	1	85	0.104	
176	9	1	82	0.158	
176	9	1	87	0.141	
176	9	1	81	0.117	
176	9	1	80	0.143	
176	9	1	83	0.107	
177	9	1	77	0.126	
177	9	1	88	0.109	
177	9	1	89	0.095	
177	9	1	74	0.127	
177	9	1	93	0.105	
178	9	1	74	0.088	
178	9	1	76	0.082	
178	9	1	77	0.082	
178	9	1	72	0.137	
178	9	1	75	0.100	
179	9	1	73	0.117	
179	9	1	87	0.083	
179	9	1	88	0.114	
179	9	1	75	0.112	
179	9	1	75	0.117	
180	9	1	102	0.067	
180	9	1	250	0.074	
180	9	1	42	0.090	
180	9	1	96	0.082	
180	9	1	250	0.072	
181	9	1	81	0.105	
181	9	1	78	0.118	
181	9	1	79	0.081	
181	9	1	79	0.107	
181	9	1	87	0.083	
182	9	1	82	0.064	
182	9	1	83	0.086	
182	9	1	94	0.087	
182	9	1	98	0.098	
182	9	1	84	0.066	
183	9	1	79	0.116	
183	9	1	77	0.105	
183	9	1	55	0.115	
183	9	1	90	0.126	
183	9	1	93	0.105	
184	9	1	77	0.151	
184	9	1	92	0.108	
184	9	1	76	0.139	
184	9	1	89	0.149	
184	9	1	77	0.156	
185	9	1	72	0.108	
185	9	1	73	0.119	
185	9	1	72	0.125	
185	9	1	75	0.113	
185	9	1	73	0.115	
186	9	1	82	0.107	
186	9	1	79	0.111	
186	9	1	86	0.111	
186	9	1	82	0.102	
186	9	1	83	0.092	
187	9	1	79	0.102	
187	9	1	73	0.142	
187	9	1	38	0.094	
187	9	1	74	0.081	
187	9	1	39	0.092	
188	9	1	74	0.091	
188	9	1	75	0.098	
188	9	1	73	0.126	
188	9	1	81	0.069	
188	9	1	75	0.074	
189	9	1	78	0.094	
189	9	1	69	0.071	
189	9	1	31	0.144	
189	9	1	79	0.064	
189	9	1	68	0.098	
190	9	1	76	0.120	
190	9	1	83	0.128	
190	9	1	92	0.112	
190	9	1	91	0.128	
190	9	1	102	0.123	
191	9	1	97	0.055	
191	9	1	94	0.061	
191	9	1	44	0.098	
191	9	1	98	0.057	
191	9	1	86	0.072	
192	9	1	34	0.087	
192	9	1	250	0.039	
192	9	1	127	0.098	
192	9	1	97	0.097	
192	9	1	99	0.092	
193	9	1	80	0.074	
193	9	0	36	0.024	
193	9	1	79	0.097	
193	9	1	77	0.096	
193	9	1	83	0.116	
194	9	1	85	0.087	
194	9	1	99	0.096	
194	9	1	90	0.073	
194	9	1	83	0.120	
194	9	1	81	0.059	
195	9	1	72	0.090	
195	9	1	81	0.074	
195	9	1	74	0.095	
195	9	1	74	0.105	
195	9	1	73	0.100	
196	9	1	69	0.128	
196	9	1	72	0.089	
196	9	1	72	0.095	
196	9	1	69	0.123	
196	9	1	70	0.088	
197	9	1	82	0.115	
197	9	1	79	0.123	
197	9	1	79	0.160	
197	9	1	80	0.127	
197	9	1	78	0.116	
198	9	1	79	0.128	
198	9	1	72	0.101	
198	9	1	70	0.122	
198	9	1	72	0.096	
198	9	1	71	0.134	
199	9	1	85	0.083	
199	9	1	93	0.076	
199	9	1	86	0.094	
199	9	1	84	0.059	
199	9	1	88	0.075	
200	9	1	75	0.111	
200	9	1	75	0.094	
200	9	1	74	0.101	
200	9	1	74	0.111	
200	9	1	75	0.101	
201	9	1	74	0.096	
201	9	1	82	0.071	
201	9	1	79	0.070	
201	9	1	125	0.069	
201	9	1	79	0.087	
202	9	1	76	0.125	
202	9	1	70	0.140	
202	9	1	74	0.079	
202	9	1	69	0.143	
202	9	1	70	0.138	
203	9	1	84	0.108	
203	9	1	90	0.114	
203	9	1	85	0.106	
203	9	1	53	0.106	
203	9	1	97	0.090	
204	9	1	81	0.117	
204	9	1	89	0.097	
204	9	1	85	0.104	
204	9	1	54	0.119	
204	9	1	81	0.124	
205	9	1	99	0.091	
205	9	1	119	0.085	
205	9	1	104	0.078	
205	9	1	116	0.081	
205	9	1	104	0.091	
206	9	1	78	0.070	
206	9	1	78	0.107	
206	9	1	72	0.107	
206	9	1	77	0.057	
206	9	1	81	0.092	
207	9	1	84	0.089	
207	9	1	60	0.099	
207	9	1	90	0.059	
207	9	1	88	0.098	
207	9	1	52	0.096	
208	9	1	72	0.060	
208	9	1	77	0.054	
208	9	1	81	0.091	
208	9	1	76	0.093	
208	9	1	75	0.099	
209	9	1	75	0.173	
209	9	1	75	0.172	
209	9	1	75	0.165	
209	9	1	75	0.100	
209	9	1	75	0.167	
210	9	1	73	0.093	
210	9	1	79	0.073	
210	9	1	93	0.054	
210	9	1	84	0.120	
210	9	1	76	0.097	
211	9	1	85	0.078	
211	9	1	79	0.127	
211	9	1	77	0.086	
211	9	1	80	0.077	
211	9	1	81	0.060	
212	9	1	69	0.115	
212	9	1	69	0.115	
212	9	1	69	0.115	
212	9	1	69	0.115	
212	9	1	68	0.136	
213	9	1	79	0.090	
213	9	1	83	0.096	
213	9	1	82	0.106	
213	9	1	94	0.083	
213	9	1	87	0.096	
214	9	1	91	0.078	
214	9	1	89	0.047	
214	9	1	97	0.078	
214	9	1	101	0.076	
214	9	1	96	0.086	
215	9	1	76	0.099	
215	9	1	135	0.112	
215	9	1	76	0.111	
215	9	1	78	0.128	
215	9	1	88	0.111	
216	9	1	76	0.084	
216	9	1	75	0.106	
216	9	1	78	0.071	
216	9	1	76	0.103	
216	9	1	75	0.115	
217	9	1	83	0.083	
217	9	1	79	0.109	
217	9	1	79	0.102	
217	9	1	79	0.107	
217	9	1	84	0.087	
218	9	1	73	0.096	
218	9	1	74	0.085	
218	9	1	72	0.109	
218	9	1	75	0.065	
218	9	1	74	0.090	
219	9	1	76	0.091	
219	9	1	86	0.085	
219	9	1	78	0.086	
219	9	1	80	0.070	
219	9	1	76	0.089	
220	9	1	55	0.071	
220	9	1	51	0.068	
220	9	1	55	0.052	
220	9	1	52	0.082	
220	9	1	55	0.084	
221	9	1	88	0.059	
221	9	1	91	0.069	
221	9	1	82	0.062	
221	9	1	87	0.072	
221	9	1	91	0.070	
222	9	1	82	0.100	
222	9	1	81	0.092	
222	9	1	79	0.092	
222	9	1	75	0.103	
222	9	1	85	0.063	
223	9	1	76	0.099	
223	9	1	80	0.122	
223	9	1	88	0.080	
223	9	1	85	0.074	
223	9	1	50	0.086	
224	9	1	81	0.068	
224	9	1	79	0.061	
224	9	1	78	0.102	
224	9	1	78	0.102	
224	9	1	77	0.106	
225	9	1	77	0.089	
225	9	1	84	0.098	
225	9	1	82	0.093	
225	9	1	78	0.091	
225	9	1	77	0.087	
226	9	1	70	0.126	
226	9	1	79	0.057	
226	9	1	70	0.138	
226	9	1	73	0.145	
226	9	1	70	0.148	
227	9	1	94	0.107	
227	9	1	94	0.095	
227	9	1	100	0.098	
227	9	1	85	0.087	
227	9	1	87	0.100	
228	9	1	65	0.091	
228	9	1	70	0.071	
228	9	1	122	0.077	
228	9	1	105	0.077	
228	9	1	102	0.074	
229	9	1	250	0.035	
229	9	1	82	0.078	
229	9	1	75	0.102	
229	9	1	72	0.082	
229	9	1	74	0.068	
230	9	1	80	0.084	
230	9	1	81	0.079	
230	9	1	101	0.052	
230	9	1	79	0.095	
230	9	1	91	0.057	
231	9	1	76	0.158	
231	9	1	74	0.173	
231	9	1	74	0.148	
231	9	1	75	0.155	
231	9	1	74	0.145	
232	9	1	73	0.134	
232	9	1	74	0.104	
232	9	1	73	0.112	
232	9	1	74	0.103	
232	9	1	76	0.092	
233	9	1	68	0.210	
233	9	1	68	0.251	
233	9	1	68	0.188	
233	9	1	68	0.236	
233	9	1	68	0.159	
234	9	1	71	0.107	
234	9	1	73	0.107	
234	9	1	71	0.106	
234	9	1	72	0.118	
234	9	1	87	0.088	
235	9	1	78	0.076	
235	9	1	79	0.109	
235	9	1	84	0.086	
235	9	1	91	0.058	
235	9	1	82	0.027	
236	9	1	71	0.140	
236	9	1	71	0.153	
236	9	1	71	0.142	
236	9	1	71	0.145	
236	9	1	71	0.135	
237	9	1	82	0.066	
237	9	1	91	0.059	
237	9	1	105	0.069	
237	9	1	89	0.064	
237	9	1	84	0.062	
238	9	1	88	0.078	
238	9	1	82	0.090	
238	9	1	107	0.054	
238	9	1	95	0.053	
238	9	1	90	0.067	
239	9	1	74	0.127	
239	9	1	74	0.178	
239	9	1	74	0.130	
239	9	1	75	0.176	
239	9	1	74	0.173	
240	9	1	77	0.178	
240	9	1	79	0.164	
240	9	1	76	0.186	
240	9	1	76	0.123	
240	9	1	75	0.148	
241	9	1	89	0.085	
241	9	1	91	0.104	
241	9	1	93	0.092	
241	9	1	88	0.098	
241	9	1	91	0.090	
242	9	1	81	0.092	
242	9	1	81	0.110	
242	9	1	84	0.098	
242	9	1	90	0.078	
242	9	1	85	0.072	
243	9	1	97	0.069	
243	9	1	91	0.073	
243	9	1	250	0.111	
243	9	1	96	0.061	
243	9	1	98	0.067	
244	9	1	83	0.084	
244	9	1	89	0.070	
244	9	1	80	0.096	
244	9	1	94	0.067	
244	9	1	91	0.082	
245	9	1	93	0.081	
245	9	1	80	0.063	
245	9	1	87	0.049	
245	9	1	94	0.072	
245	9	1	90	0.076	
246	9	1	87	0.071	
246	9	1	87	0.054	
246	9	1	87	0.028	
246	9	1	102	0.061	
246	9	1	93	0.043	
247	9	1	69	0.157	
247	9	1	70	0.179	
247	9	1	70	0.163	
247	9	1	69	0.166	
247	9	1	70	0.151	
248	9	1	83	0.101	
248	9	1	73	0.123	
248	9	1	81	0.098	
248	9	1	80	0.109	
248	9	1	79	0.105	
249	9	1	91	0.096	
249	9	1	85	0.107	
249	9	1	93	0.095	
249	9	1	88	0.098	
249	9	1	83	0.089	
250	9	1	91	0.089	
250	9	1	91	0.097	
250	9	1	90	0.048	
250	9	1	88	0.072	
250	9	1	90	0.068	
251	9	1	70	0.104	
251	9	1	68	0.138	
251	9	1	69	0.140	
251	9	1	68	0.100	
251	9	1	68	0.144	
252	9	1	69	0.081	
252	9	1	69	0.081	
252	9	1	69	0.081	
252	9	1	69	0.081	
252	9	1	69	0.081	
253	9	1	87	0.063	
253	9	1	88	0.077	
253	9	1	94	0.077	
253	9	1	89	0.089	
253	9	1	34	0.156	
254	9	1	82	0.117	
254	9	1	85	0.136	
254	9	1	86	0.126	
254	9	1	86	0.096	
254	9	1	83	0.121	
255	9	1	87	0.077	
255	9	1	80	0.097	
255	9	1	91	0.087	
255	9	1	99	0.079	
255	9	1	50	0.099	
256	9	1	89	0.096	
256	9	1	77	0.081	
256	9	1	76	0.101	
256	9	1	87	0.072	
256	9	1	77	0.065	
257	9	1	69	0.202	
257	9	1	69	0.209	
257	9	1	69	0.174	
257	9	1	70	0.138	
257	9	1	70	0.167	
258	9	1	85	0.053	
258	9	1	87	0.059	
258	9	1	83	0.061	
258	9	1	88	0.049	
258	9	1	88	0.067	
259	9	1	72	0.144	
259	9	1	75	0.129	
259	9	1	73	0.136	
259	9	1	75	0.143	
259	9	1	83	0.149	
260	9	1	115	0.072	
260	9	1	104	0.079	
260	9	1	98	0.079	
260	9	1	106	0.102	
260	9	1	92	0.100	
261	9	1	74	0.119	
261	9	1	78	0.099	
261	9	1	74	0.089	
261	9	1	74	0.068	
261	9	1	74	0.084	
262	9	1	93	0.061	
262	9	1	88	0.117	
262	9	1	98	0.073	
262	9	1	91	0.082	
262	9	1	89	0.056	
263	9	1	73	0.112	
263	9	1	71	0.079	
263	9	1	75	0.115	
263	9	1	70	0.135	
263	9	1	71	0.098	
264	9	1	80	0.111	
264	9	1	75	0.079	
264	9	1	78	0.098	
264	9	1	79	0.125	
264	9	1	79	0.086	
265	9	1	95	0.104	
265	9	1	100	0.079	
265	9	1	100	0.094	
265	9	1	94	0.098	
265	9	1	99	0.103	
266	9	1	98	0.089	
266	9	1	88	0.066	
266	9	1	99	0.088	
266	9	1	99	0.079	
266	9	1	105	0.082	
267	9	1	78	0.106	
267	9	1	78	0.063	
267	9	1	75	0.103	
267	9	1	81	0.090	
267	9	1	92	0.062	
268	9	1	77	0.066	
268	9	1	85	0.061	
268	9	1	84	0.064	
268	9	1	85	0.069	
268	9	1	83	0.068	
269	9	1	75	0.081	
269	9	1	74	0.104	
269	9	1	74	0.115	
269	9	1	82	0.078	
269	9	1	73	0.117	
270	9	1	71	0.126	
270	9	1	70	0.117	
270	9	1	70	0.182	
270	9	1	70	0.173	
270	9	1	70	0.150	
271	9	1	97	0.061	
271	9	1	64	0.050	
271	9	1	98	0.065	
271	9	1	109	0.063	
271	9	1	54	0.072	
272	9	1	89	0.079	
272	9	1	132	0.062	
272	9	1	118	0.060	
272	9	1	114	0.063	
272	9	1	250	0.055	
273	9	1	36	0.130	
273	9	1	96	0.091	
273	9	1	87	0.090	
273	9	1	92	0.082	
273	9	1	94	0.110	
274	9	1	70	0.181	
274	9	1	70	0.140	
274	9	1	70	0.189	
274	9	1	70	0.146	
274	9	1	70	0.189	
275	9	1	113	0.061	
275	9	1	89	0.061	
275	9	1	69	0.103	
275	9	1	155	0.051	
275	9	1	106	0.058	
276	9	1	97	0.077	
276	9	1	107	0.079	
276	9	1	98	0.065	
276	9	1	74	0.100	
276	9	1	55	0.095	
277	9	1	78	0.105	
277	9	1	75	0.108	
277	9	1	73	0.111	
277	9	1	82	0.070	
277	9	1	111	0.075	
278	9	1	79	0.120	
278	9	1	75	0.106	
278	9	1	90	0.107	
278	9	1	85	0.086	
278	9	1	81	0.095	
279	9	1	107	0.068	
279	9	1	97	0.067	
279	9	1	94	0.086	
279	9	1	105	0.082	
279	9	1	116	0.058	
280	9	1	77	0.097	
280	9	1	86	0.104	
280	9	1	85	0.135	
280	9	1	88	0.103	
280	9	1	109	0.093	
281	9	1	121	0.081	
281	9	1	122	0.076	
281	9	1	103	0.081	
281	9	1	120	0.072	
281	9	1	115	0.074	
282	9	1	109	0.080	
282	9	1	99	0.113	
282	9	1	103	0.109	
282	9	1	103	0.098	
282	9	1	110	0.106	
283	9	1	44	0.043	
283	9	1	53	0.070	
283	9	1	45	0.063	
283	9	1	128	0.056	
283	9	1	41	0.082	
284	9	1	82	0.136	
284	9	1	80	0.122	
284	9	1	82	0.094	
284	9	1	78	0.114	
284	9	1	78	0.117	
285	9	1	89	0.086	
285	9	1	101	0.080	
285	9	1	103	0.075	
285	9	1	108	0.084	
285	9	1	103	0.067	
286	9	1	79	0.103	
286	9	1	91	0.100	
286	9	1	82	0.099	
286	9	1	86	0.100	
286	9	1	94	0.085	
287	9	1	101	0.107	
287	9	1	107	0.077	
287	9	1	92	0.096	
287	9	1	91	0.086	
287	9	1	85	0.062	
288	9	1	98	0.075	
288	9	1	101	0.045	
288	9	1	86	0.065	
288	9	1	89	0.104	
288	9	1	95	0.099	
289	9	1	82	0.121	
289	9	1	85	0.104	
289	9	1	82	0.126	
289	9	1	95	0.142	
289	9	1	81	0.132	
290	9	1	45	0.109	
290	9	1	97	0.079	
290	9	1	95	0.064	
290	9	1	109	0.126	
290	9	1	89	0.062	
291	9	1	70	0.152	
291	9	1	69	0.188	
291	9	1	69	0.163	
291	9	1	70	0.174	
291	9	1	69	0.180	
292	9	1	86	0.114	
292	9	1	40	0.092	
292	9	1	95	0.080	
292	9	1	84	0.128	
292	9	1	85	0.146	
293	9	1	94	0.095	
293	9	1	98	0.072	
293	9	1	88	0.073	
293	9	1	90	0.071	
293	9	1	100	0.097	
294	9	1	99	0.067	
294	9	1	97	0.089	
294	9	1	99	0.090	
294	9	1	99	0.091	
294	9	1	103	0.053	
295	9	1	98	0.092	
295	9	1	86	0.096	
295	9	1	89	0.099	
295	9	1	89	0.084	
295	9	1	90	0.091	
296	9	1	76	0.111	
296	9	1	76	0.149	
296	9	1	79	0.095	
296	9	1	73	0.114	
296	9	1	78	0.139	
297	9	1	94	0.060	
297	9	1	106	0.067	
297	9	1	94	0.054	
297	9	1	99	0.065	
297	9	1	120	0.067	
298	9	1	105	0.103	
298	9	1	104	0.097	
298	9	1	108	0.099	
298	9	1	96	0.049	
298	9	1	90	0.100	
299	9	1	134	0.097	
299	9	1	84	0.078	
299	9	1	80	0.090	
299	9	1	250	0.119	
299	9	1	85	0.075	
