Below are the simulation results for the test trials
WORLD	TASK	SUCCESS	STEPS	LOWEST_CLEARANCE
0	6	1	76	0.117	
0	6	1	75	0.168	
0	6	1	74	0.071	
0	6	1	73	0.076	
0	6	1	76	0.089	
1	6	1	86	0.121	
1	6	1	84	0.122	
1	6	1	74	0.122	
1	6	1	74	0.120	
1	6	1	76	0.148	
2	6	1	90	0.094	
2	6	1	99	0.082	
2	6	1	74	0.095	
2	6	1	91	0.098	
2	6	1	75	0.097	
3	6	1	73	0.152	
3	6	1	75	0.132	
3	6	1	73	0.133	
3	6	1	72	0.165	
3	6	1	73	0.129	
4	6	1	141	0.031	
4	6	1	129	0.071	
4	6	1	78	0.073	
4	6	1	76	0.073	
4	6	1	80	0.110	
5	6	1	72	0.182	
5	6	1	73	0.173	
5	6	1	72	0.181	
5	6	1	72	0.181	
5	6	1	72	0.181	
6	6	1	90	0.086	
6	6	1	90	0.076	
6	6	1	80	0.095	
6	6	1	82	0.113	
6	6	1	75	0.088	
7	6	1	75	0.105	
7	6	1	83	0.124	
7	6	1	75	0.094	
7	6	1	74	0.113	
7	6	1	75	0.106	
8	6	1	74	0.132	
8	6	1	74	0.132	
8	6	1	73	0.120	
8	6	1	73	0.131	
8	6	1	73	0.130	
9	6	1	75	0.161	
9	6	1	74	0.187	
9	6	1	73	0.125	
9	6	1	71	0.094	
9	6	1	71	0.098	
10	6	1	81	0.166	
10	6	1	80	0.160	
10	6	1	72	0.074	
10	6	1	74	0.121	
10	6	1	75	0.138	
11	6	1	73	0.226	
11	6	1	73	0.225	
11	6	1	73	0.143	
11	6	1	72	0.140	
11	6	1	73	0.143	
12	6	1	157	0.068	
12	6	1	174	0.058	
12	6	1	71	0.057	
12	6	1	71	0.071	
12	6	1	70	0.091	
13	6	1	71	0.129	
13	6	1	72	0.122	
13	6	1	71	0.145	
13	6	1	70	0.129	
13	6	1	71	0.137	
14	6	1	87	0.123	
14	6	1	79	0.204	
14	6	1	75	0.110	
14	6	1	72	0.134	
14	6	1	74	0.100	
15	6	1	75	0.240	
15	6	1	78	0.236	
15	6	1	71	0.160	
15	6	1	74	0.117	
15	6	1	72	0.111	
16	6	1	82	0.093	
16	6	1	88	0.121	
16	6	1	72	0.088	
16	6	1	72	0.092	
16	6	1	72	0.105	
17	6	1	73	0.127	
17	6	1	75	0.158	
17	6	1	72	0.147	
17	6	1	73	0.149	
17	6	1	75	0.146	
18	6	1	77	0.149	
18	6	1	75	0.155	
18	6	1	72	0.143	
18	6	1	72	0.143	
18	6	1	72	0.143	
19	6	1	91	0.098	
19	6	1	90	0.103	
19	6	1	76	0.047	
19	6	1	76	0.107	
19	6	1	76	0.106	
20	6	1	73	0.270	
20	6	1	73	0.232	
20	6	1	73	0.126	
20	6	1	72	0.168	
20	6	1	73	0.145	
21	6	1	88	0.131	
21	6	1	84	0.176	
21	6	1	72	0.161	
21	6	1	73	0.132	
21	6	1	71	0.132	
22	6	1	89	0.097	
22	6	1	95	0.132	
22	6	1	73	0.087	
22	6	1	77	0.078	
22	6	1	72	0.087	
23	6	1	99	0.113	
23	6	1	88	0.189	
23	6	1	32	0.092	
23	6	1	34	0.089	
23	6	1	86	0.093	
24	6	1	104	0.090	
24	6	1	81	0.163	
24	6	1	78	0.116	
24	6	1	82	0.124	
24	6	1	77	0.075	
25	6	1	73	0.194	
25	6	1	74	0.230	
25	6	1	72	0.144	
25	6	1	72	0.144	
25	6	1	72	0.144	
26	6	1	75	0.114	
26	6	1	75	0.114	
26	6	1	73	0.137	
26	6	1	73	0.120	
26	6	1	73	0.131	
27	6	1	79	0.124	
27	6	1	73	0.203	
27	6	1	73	0.103	
27	6	1	72	0.132	
27	6	1	72	0.073	
28	6	1	77	0.204	
28	6	1	71	0.244	
28	6	1	72	0.149	
28	6	1	72	0.108	
28	6	1	71	0.170	
29	6	1	45	0.022	
29	6	1	45	0.025	
29	6	1	44	0.083	
29	6	1	86	0.048	
29	6	1	45	0.045	
30	6	1	117	0.078	
30	6	1	101	0.104	
30	6	1	75	0.087	
30	6	1	77	0.096	
30	6	1	75	0.117	
31	6	1	76	0.153	
31	6	1	73	0.140	
31	6	1	73	0.135	
31	6	1	73	0.133	
31	6	1	77	0.105	
32	6	1	82	0.083	
32	6	1	82	0.083	
32	6	1	73	0.074	
32	6	1	72	0.089	
32	6	1	73	0.095	
33	6	1	40	0.042	
33	6	1	54	0.073	
33	6	1	38	0.053	
33	6	1	37	0.068	
33	6	1	44	0.076	
34	6	1	74	0.144	
34	6	1	75	0.155	
34	6	1	73	0.130	
34	6	1	74	0.101	
34	6	1	74	0.105	
35	6	1	85	0.078	
35	6	1	79	0.098	
35	6	1	72	0.097	
35	6	1	72	0.096	
35	6	1	73	0.107	
36	6	1	73	0.199	
36	6	1	73	0.199	
36	6	1	72	0.189	
36	6	1	72	0.186	
36	6	1	72	0.186	
37	6	1	121	0.057	
37	6	1	98	0.042	
37	6	1	72	0.090	
37	6	1	76	0.108	
37	6	1	73	0.083	
38	6	1	87	0.143	
38	6	1	142	0.051	
38	6	1	76	0.053	
38	6	1	74	0.052	
38	6	1	73	0.051	
39	6	1	81	0.149	
39	6	1	94	0.111	
39	6	1	74	0.137	
39	6	1	73	0.095	
39	6	1	73	0.071	
40	6	1	72	0.349	
40	6	1	72	0.350	
40	6	1	72	0.348	
40	6	1	72	0.346	
40	6	1	72	0.346	
41	6	1	73	0.220	
41	6	1	74	0.222	
41	6	1	72	0.231	
41	6	1	72	0.231	
41	6	1	72	0.243	
42	6	1	72	0.642	
42	6	1	72	0.647	
42	6	1	72	0.642	
42	6	1	72	0.642	
42	6	1	72	0.642	
43	6	1	102	0.057	
43	6	1	91	0.082	
43	6	1	76	0.092	
43	6	1	45	0.077	
43	6	1	78	0.093	
44	6	1	81	0.071	
44	6	1	94	0.071	
44	6	1	75	0.077	
44	6	1	76	0.084	
44	6	1	75	0.108	
45	6	1	38	0.131	
45	6	1	75	0.132	
45	6	1	71	0.115	
45	6	1	73	0.102	
45	6	1	73	0.109	
46	6	1	84	0.087	
46	6	1	91	0.063	
46	6	1	73	0.117	
46	6	1	74	0.137	
46	6	1	73	0.092	
47	6	1	96	0.058	
47	6	1	124	0.049	
47	6	1	74	0.073	
47	6	1	74	0.054	
47	6	1	79	0.056	
48	6	1	81	0.122	
48	6	1	80	0.143	
48	6	1	73	0.102	
48	6	1	75	0.073	
48	6	1	76	0.078	
49	6	1	105	0.071	
49	6	1	130	0.080	
49	6	1	75	0.136	
49	6	1	74	0.109	
49	6	1	77	0.094	
50	6	1	75	0.170	
50	6	1	76	0.151	
50	6	1	71	0.106	
50	6	1	71	0.113	
50	6	1	72	0.135	
51	6	1	74	0.241	
51	6	1	79	0.210	
51	6	1	71	0.151	
51	6	1	72	0.208	
51	6	1	70	0.165	
52	6	1	78	0.159	
52	6	1	79	0.168	
52	6	1	73	0.129	
52	6	1	72	0.115	
52	6	1	74	0.167	
53	6	1	77	0.163	
53	6	1	81	0.129	
53	6	1	72	0.128	
53	6	1	74	0.116	
53	6	1	72	0.097	
54	6	1	73	0.239	
54	6	1	75	0.186	
54	6	1	72	0.141	
54	6	1	72	0.151	
54	6	1	73	0.153	
55	6	1	117	0.104	
55	6	1	112	0.119	
55	6	1	75	0.125	
55	6	1	74	0.106	
55	6	1	73	0.105	
56	6	1	73	0.114	
56	6	1	74	0.109	
56	6	1	72	0.105	
56	6	1	73	0.112	
56	6	1	73	0.122	
57	6	1	97	0.052	
57	6	1	81	0.109	
57	6	1	80	0.138	
57	6	1	77	0.099	
57	6	1	82	0.098	
58	6	1	85	0.083	
58	6	1	87	0.090	
58	6	1	88	0.053	
58	6	1	79	0.074	
58	6	1	42	0.076	
59	6	1	86	0.062	
59	6	1	52	0.056	
59	6	1	74	0.075	
59	6	1	77	0.080	
59	6	1	73	0.050	
60	6	1	86	0.089	
60	6	1	85	0.104	
60	6	1	73	0.051	
60	6	1	74	0.067	
60	6	1	74	0.057	
61	6	1	72	0.396	
61	6	1	72	0.420	
61	6	1	72	0.397	
61	6	1	72	0.400	
61	6	1	72	0.400	
62	6	1	124	0.051	
62	6	1	148	0.045	
62	6	1	73	0.095	
62	6	1	82	0.064	
62	6	1	75	0.064	
63	6	1	78	0.149	
63	6	1	76	0.136	
63	6	1	74	0.085	
63	6	1	72	0.150	
63	6	1	76	0.134	
64	6	1	76	0.159	
64	6	1	74	0.130	
64	6	1	73	0.081	
64	6	1	73	0.134	
64	6	1	73	0.100	
65	6	1	74	0.209	
65	6	1	74	0.209	
65	6	1	73	0.114	
65	6	1	73	0.138	
65	6	1	72	0.074	
66	6	1	75	0.151	
66	6	1	74	0.154	
66	6	1	73	0.118	
66	6	1	73	0.116	
66	6	1	73	0.140	
67	6	1	73	0.352	
67	6	1	72	0.355	
67	6	1	72	0.351	
67	6	1	72	0.345	
67	6	1	72	0.345	
68	6	1	74	0.168	
68	6	1	79	0.112	
68	6	1	73	0.144	
68	6	1	72	0.183	
68	6	1	73	0.140	
69	6	1	91	0.116	
69	6	1	94	0.066	
69	6	1	74	0.091	
69	6	1	75	0.106	
69	6	1	75	0.120	
70	6	1	81	0.116	
70	6	1	72	0.277	
70	6	1	72	0.096	
70	6	1	72	0.096	
70	6	1	72	0.096	
71	6	1	81	0.136	
71	6	1	78	0.124	
71	6	1	73	0.158	
71	6	1	73	0.158	
71	6	1	73	0.078	
72	6	1	72	0.232	
72	6	1	72	0.237	
72	6	1	72	0.224	
72	6	1	73	0.212	
72	6	1	72	0.216	
73	6	1	76	0.137	
73	6	1	78	0.123	
73	6	1	72	0.154	
73	6	1	73	0.114	
73	6	1	73	0.068	
74	6	1	75	0.130	
74	6	1	74	0.198	
74	6	1	71	0.200	
74	6	1	74	0.184	
74	6	1	72	0.165	
75	6	1	72	0.349	
75	6	1	72	0.347	
75	6	1	72	0.352	
75	6	1	72	0.348	
75	6	1	72	0.348	
76	6	1	96	0.136	
76	6	1	85	0.144	
76	6	1	72	0.156	
76	6	1	73	0.118	
76	6	1	72	0.108	
77	6	1	75	0.210	
77	6	1	77	0.220	
77	6	1	72	0.128	
77	6	1	72	0.146	
77	6	1	73	0.157	
78	6	1	73	0.107	
78	6	1	76	0.118	
78	6	1	74	0.106	
78	6	1	76	0.069	
78	6	1	72	0.105	
79	6	1	80	0.145	
79	6	1	79	0.196	
79	6	1	72	0.078	
79	6	1	75	0.136	
79	6	1	75	0.084	
80	6	1	45	0.129	
80	6	1	57	0.132	
80	6	1	35	0.115	
80	6	1	34	0.118	
80	6	1	34	0.144	
81	6	1	76	0.163	
81	6	1	77	0.105	
81	6	1	72	0.111	
81	6	1	74	0.117	
81	6	1	74	0.129	
82	6	1	107	0.045	
82	6	1	107	0.047	
82	6	1	80	0.076	
82	6	1	72	0.093	
82	6	1	80	0.089	
83	6	1	75	0.183	
83	6	1	79	0.173	
83	6	1	74	0.082	
83	6	1	73	0.130	
83	6	1	72	0.103	
84	6	1	76	0.153	
84	6	1	77	0.095	
84	6	1	73	0.066	
84	6	1	72	0.097	
84	6	1	73	0.112	
85	6	1	79	0.074	
85	6	1	34	0.139	
85	6	1	74	0.097	
85	6	1	34	0.155	
85	6	1	72	0.122	
86	6	1	107	0.048	
86	6	1	89	0.059	
86	6	1	75	0.093	
86	6	1	73	0.086	
86	6	1	74	0.081	
87	6	1	74	0.182	
87	6	1	75	0.123	
87	6	1	72	0.108	
87	6	1	72	0.113	
87	6	1	72	0.095	
88	6	1	77	0.118	
88	6	1	80	0.065	
88	6	1	72	0.085	
88	6	1	72	0.117	
88	6	1	72	0.112	
89	6	1	72	0.129	
89	6	1	73	0.093	
89	6	1	72	0.079	
89	6	1	73	0.129	
89	6	1	73	0.060	
90	6	1	82	0.198	
90	6	1	97	0.121	
90	6	1	72	0.133	
90	6	1	73	0.146	
90	6	1	72	0.101	
91	6	1	75	0.137	
91	6	1	76	0.154	
91	6	1	72	0.099	
91	6	1	71	0.107	
91	6	1	72	0.101	
92	6	1	88	0.180	
92	6	1	102	0.095	
92	6	1	74	0.105	
92	6	1	74	0.088	
92	6	1	74	0.099	
93	6	1	72	0.793	
93	6	1	72	0.793	
93	6	1	72	0.794	
93	6	1	72	0.794	
93	6	1	72	0.794	
94	6	1	72	0.401	
94	6	1	72	0.401	
94	6	1	72	0.389	
94	6	1	72	0.400	
94	6	1	72	0.400	
95	6	1	75	0.200	
95	6	1	80	0.202	
95	6	1	71	0.085	
95	6	1	72	0.160	
95	6	1	74	0.133	
96	6	1	75	0.122	
96	6	1	74	0.138	
96	6	1	75	0.080	
96	6	1	73	0.059	
96	6	1	73	0.107	
97	6	1	103	0.122	
97	6	1	102	0.107	
97	6	1	74	0.089	
97	6	1	72	0.125	
97	6	1	74	0.093	
98	6	1	85	0.126	
98	6	1	76	0.119	
98	6	1	35	0.057	
98	6	1	70	0.133	
98	6	1	71	0.107	
99	6	1	89	0.139	
99	6	1	88	0.108	
99	6	1	75	0.078	
99	6	1	79	0.134	
99	6	1	75	0.075	
100	6	1	76	0.116	
100	6	1	74	0.175	
100	6	1	73	0.101	
100	6	1	74	0.130	
100	6	1	70	0.105	
101	6	1	78	0.280	
101	6	1	80	0.190	
101	6	1	73	0.128	
101	6	1	71	0.116	
101	6	1	74	0.153	
102	6	1	73	0.178	
102	6	1	80	0.142	
102	6	1	74	0.107	
102	6	1	82	0.092	
102	6	1	73	0.104	
103	6	1	92	0.141	
103	6	1	76	0.127	
103	6	1	74	0.100	
103	6	1	74	0.130	
103	6	1	77	0.116	
104	6	1	77	0.115	
104	6	1	79	0.117	
104	6	1	74	0.108	
104	6	1	75	0.105	
104	6	1	72	0.103	
105	6	1	100	0.081	
105	6	1	118	0.060	
105	6	1	83	0.065	
105	6	1	40	0.117	
105	6	1	74	0.128	
106	6	1	78	0.092	
106	6	1	77	0.148	
106	6	1	72	0.103	
106	6	1	72	0.077	
106	6	1	72	0.091	
107	6	1	81	0.156	
107	6	1	90	0.194	
107	6	1	71	0.085	
107	6	1	73	0.161	
107	6	1	72	0.122	
108	6	1	78	0.176	
108	6	1	75	0.187	
108	6	1	72	0.095	
108	6	1	72	0.095	
108	6	1	72	0.143	
109	6	1	76	0.120	
109	6	1	75	0.175	
109	6	1	74	0.130	
109	6	1	72	0.113	
109	6	1	75	0.090	
110	6	1	80	0.159	
110	6	1	82	0.167	
110	6	1	75	0.140	
110	6	1	76	0.099	
110	6	1	75	0.166	
111	6	1	114	0.074	
111	6	1	118	0.092	
111	6	1	90	0.079	
111	6	1	95	0.049	
111	6	1	83	0.113	
112	6	1	136	0.050	
112	6	1	125	0.060	
112	6	1	75	0.060	
112	6	1	41	0.072	
112	6	1	73	0.071	
113	6	1	84	0.087	
113	6	1	77	0.102	
113	6	1	75	0.096	
113	6	1	45	0.080	
113	6	1	75	0.074	
114	6	1	105	0.081	
114	6	1	102	0.085	
114	6	1	88	0.093	
114	6	1	74	0.085	
114	6	1	92	0.104	
115	6	1	142	0.101	
115	6	1	124	0.067	
115	6	1	73	0.131	
115	6	1	74	0.078	
115	6	1	73	0.098	
116	6	1	79	0.164	
116	6	1	92	0.170	
116	6	1	72	0.111	
116	6	1	74	0.117	
116	6	1	72	0.110	
117	6	1	98	0.098	
117	6	1	94	0.082	
117	6	1	79	0.089	
117	6	1	39	0.083	
117	6	1	39	0.089	
118	6	1	88	0.081	
118	6	1	102	0.084	
118	6	1	78	0.091	
118	6	1	77	0.087	
118	6	1	75	0.091	
119	6	1	123	0.078	
119	6	1	114	0.094	
119	6	1	80	0.082	
119	6	1	79	0.079	
119	6	1	84	0.090	
120	6	1	106	0.103	
120	6	1	112	0.125	
120	6	1	39	0.093	
120	6	1	75	0.109	
120	6	1	36	0.073	
121	6	1	122	0.068	
121	6	1	89	0.129	
121	6	1	74	0.138	
121	6	1	75	0.120	
121	6	1	79	0.083	
122	6	1	77	0.112	
122	6	1	74	0.147	
122	6	1	74	0.130	
122	6	1	73	0.121	
122	6	1	73	0.108	
123	6	1	128	0.054	
123	6	1	128	0.067	
123	6	1	83	0.097	
123	6	1	84	0.088	
123	6	1	75	0.073	
124	6	1	88	0.151	
124	6	1	86	0.155	
124	6	1	77	0.131	
124	6	1	85	0.097	
124	6	1	75	0.112	
125	6	1	85	0.148	
125	6	1	124	0.069	
125	6	1	72	0.070	
125	6	1	75	0.070	
125	6	1	72	0.084	
126	6	1	87	0.124	
126	6	1	88	0.109	
126	6	1	75	0.116	
126	6	1	76	0.090	
126	6	1	74	0.077	
127	6	1	130	0.058	
127	6	1	63	0.064	
127	6	1	75	0.086	
127	6	1	75	0.087	
127	6	1	75	0.085	
128	6	1	73	0.192	
128	6	1	76	0.157	
128	6	1	72	0.110	
128	6	1	72	0.121	
128	6	1	72	0.105	
129	6	1	92	0.132	
129	6	1	90	0.094	
129	6	1	75	0.083	
129	6	1	73	0.086	
129	6	1	32	0.125	
130	6	1	72	0.119	
130	6	1	73	0.123	
130	6	1	73	0.109	
130	6	1	73	0.120	
130	6	1	72	0.128	
131	6	1	79	0.148	
131	6	1	80	0.124	
131	6	1	71	0.071	
131	6	1	71	0.067	
131	6	1	71	0.086	
132	6	1	77	0.169	
132	6	1	77	0.170	
132	6	1	71	0.116	
132	6	1	71	0.102	
132	6	1	73	0.081	
133	6	1	89	0.110	
133	6	1	86	0.140	
133	6	1	90	0.081	
133	6	1	72	0.097	
133	6	1	76	0.064	
134	6	1	79	0.096	
134	6	1	73	0.099	
134	6	1	74	0.095	
134	6	1	73	0.085	
134	6	1	73	0.096	
135	6	1	73	0.169	
135	6	1	73	0.169	
135	6	1	71	0.111	
135	6	1	74	0.149	
135	6	1	72	0.148	
136	6	1	80	0.120	
136	6	1	83	0.116	
136	6	1	76	0.066	
136	6	1	73	0.070	
136	6	1	77	0.101	
137	6	1	105	0.056	
137	6	1	99	0.064	
137	6	1	78	0.102	
137	6	1	89	0.085	
137	6	1	83	0.091	
138	6	1	87	0.082	
138	6	1	85	0.091	
138	6	1	82	0.072	
138	6	1	86	0.096	
138	6	1	86	0.079	
139	6	1	77	0.149	
139	6	1	80	0.097	
139	6	1	73	0.132	
139	6	1	71	0.102	
139	6	1	72	0.097	
140	6	1	102	0.113	
140	6	1	86	0.120	
140	6	1	70	0.125	
140	6	1	75	0.081	
140	6	1	73	0.094	
141	6	1	77	0.114	
141	6	1	89	0.145	
141	6	1	71	0.088	
141	6	1	72	0.126	
141	6	1	73	0.097	
142	6	1	74	0.096	
142	6	1	77	0.106	
142	6	1	72	0.111	
142	6	1	73	0.116	
142	6	1	72	0.061	
143	6	1	104	0.108	
143	6	1	108	0.112	
143	6	1	74	0.139	
143	6	1	74	0.130	
143	6	1	74	0.146	
144	6	1	108	0.069	
144	6	1	114	0.066	
144	6	1	73	0.091	
144	6	1	74	0.105	
144	6	1	76	0.112	
145	6	1	116	0.084	
145	6	1	107	0.181	
145	6	1	74	0.077	
145	6	1	73	0.106	
145	6	1	73	0.106	
146	6	1	74	0.172	
146	6	1	74	0.172	
146	6	1	73	0.136	
146	6	1	72	0.176	
146	6	1	73	0.135	
147	6	1	80	0.139	
147	6	1	88	0.114	
147	6	1	72	0.073	
147	6	1	72	0.109	
147	6	1	73	0.148	
148	6	1	94	0.073	
148	6	1	89	0.093	
148	6	1	73	0.092	
148	6	1	74	0.075	
148	6	1	74	0.044	
149	6	1	79	0.141	
149	6	1	78	0.156	
149	6	1	75	0.098	
149	6	1	73	0.108	
149	6	1	72	0.069	
150	6	1	90	0.143	
150	6	1	98	0.110	
150	6	1	77	0.061	
150	6	1	74	0.106	
150	6	1	75	0.136	
151	6	1	92	0.077	
151	6	1	88	0.104	
151	6	1	74	0.090	
151	6	1	73	0.086	
151	6	1	49	0.111	
152	6	1	74	0.146	
152	6	1	76	0.110	
152	6	1	72	0.147	
152	6	1	73	0.116	
152	6	1	72	0.113	
153	6	1	143	0.043	
153	6	1	173	0.053	
153	6	1	63	0.078	
153	6	1	57	0.069	
153	6	1	75	0.040	
154	6	1	99	0.123	
154	6	1	102	0.058	
154	6	1	74	0.082	
154	6	1	72	0.084	
154	6	1	73	0.057	
155	6	1	124	0.102	
155	6	1	114	0.117	
155	6	1	71	0.084	
155	6	1	74	0.147	
155	6	1	74	0.149	
156	6	1	83	0.219	
156	6	1	76	0.240	
156	6	1	71	0.139	
156	6	1	72	0.139	
156	6	1	72	0.138	
157	6	1	153	0.054	
157	6	1	211	0.068	
157	6	1	77	0.091	
157	6	1	80	0.093	
157	6	1	79	0.063	
158	6	1	54	0.063	
158	6	1	54	0.068	
158	6	1	82	0.097	
158	6	1	78	0.084	
158	6	1	79	0.104	
159	6	1	100	0.097	
159	6	1	74	0.205	
159	6	1	72	0.095	
159	6	1	72	0.121	
159	6	1	72	0.127	
160	6	1	76	0.105	
160	6	1	77	0.089	
160	6	1	74	0.108	
160	6	1	73	0.111	
160	6	1	73	0.079	
161	6	1	73	0.165	
161	6	1	72	0.153	
161	6	1	72	0.158	
161	6	1	73	0.145	
161	6	1	74	0.133	
162	6	1	85	0.097	
162	6	1	83	0.100	
162	6	1	71	0.084	
162	6	1	72	0.060	
162	6	1	74	0.079	
163	6	1	121	0.063	
163	6	1	108	0.066	
163	6	1	77	0.088	
163	6	1	78	0.103	
163	6	1	89	0.045	
164	6	1	80	0.107	
164	6	1	95	0.100	
164	6	1	72	0.097	
164	6	1	71	0.132	
164	6	1	72	0.133	
165	6	1	109	0.074	
165	6	1	113	0.083	
165	6	1	71	0.086	
165	6	1	75	0.098	
165	6	1	72	0.084	
166	6	1	84	0.105	
166	6	1	96	0.125	
166	6	1	73	0.150	
166	6	1	72	0.105	
166	6	1	73	0.080	
167	6	1	41	0.040	
167	6	1	61	0.060	
167	6	1	73	0.052	
167	6	1	35	0.051	
167	6	1	33	0.036	
168	6	1	128	0.059	
168	6	1	115	0.061	
168	6	1	76	0.056	
168	6	1	73	0.059	
168	6	1	73	0.076	
169	6	1	79	0.076	
169	6	1	112	0.058	
169	6	1	80	0.051	
169	6	1	55	0.050	
169	6	1	90	0.041	
170	6	1	88	0.070	
170	6	1	88	0.105	
170	6	1	73	0.092	
170	6	1	72	0.115	
170	6	1	72	0.116	
171	6	1	90	0.105	
171	6	1	94	0.125	
171	6	1	74	0.120	
171	6	1	76	0.058	
171	6	1	71	0.088	
172	6	1	106	0.075	
172	6	1	111	0.063	
172	6	1	80	0.069	
172	6	1	77	0.070	
172	6	1	73	0.062	
173	6	1	98	0.067	
173	6	1	85	0.129	
173	6	1	73	0.094	
173	6	1	73	0.093	
173	6	1	72	0.087	
174	6	1	106	0.181	
174	6	1	80	0.189	
174	6	1	73	0.104	
174	6	1	74	0.114	
174	6	1	90	0.105	
175	6	1	250	0.946	
175	6	1	250	0.048	
175	6	1	37	0.106	
175	6	1	77	0.078	
175	6	1	72	0.073	
176	6	1	96	0.078	
176	6	1	84	0.083	
176	6	1	76	0.096	
176	6	1	75	0.121	
176	6	1	76	0.087	
177	6	1	198	0.072	
177	6	1	168	0.058	
177	6	1	74	0.088	
177	6	1	73	0.086	
177	6	1	74	0.099	
178	6	1	110	0.081	
178	6	1	110	0.098	
178	6	1	73	0.037	
178	6	1	76	0.106	
178	6	1	74	0.057	
179	6	1	115	0.059	
179	6	1	99	0.056	
179	6	1	73	0.071	
179	6	1	74	0.104	
179	6	1	52	0.088	
180	6	1	43	0.079	
180	6	1	44	0.066	
180	6	1	78	0.062	
180	6	1	86	0.090	
180	6	1	76	0.069	
181	6	1	77	0.096	
181	6	1	55	0.078	
181	6	1	74	0.132	
181	6	1	82	0.090	
181	6	1	78	0.104	
182	6	1	114	0.072	
182	6	1	118	0.074	
182	6	1	86	0.082	
182	6	1	80	0.101	
182	6	1	78	0.086	
183	6	1	136	0.070	
183	6	1	98	0.078	
183	6	1	75	0.145	
183	6	1	74	0.125	
183	6	1	82	0.101	
184	6	1	78	0.149	
184	6	1	79	0.109	
184	6	1	74	0.117	
184	6	1	74	0.128	
184	6	1	74	0.131	
185	6	1	250	0.055	
185	6	1	250	0.256	
185	6	1	71	0.114	
185	6	1	72	0.111	
185	6	1	71	0.136	
186	6	1	93	0.081	
186	6	1	96	0.093	
186	6	1	74	0.069	
186	6	1	77	0.097	
186	6	1	75	0.075	
187	6	1	112	0.052	
187	6	1	112	0.096	
187	6	1	73	0.055	
187	6	1	72	0.077	
187	6	1	72	0.099	
188	6	1	89	0.087	
188	6	1	89	0.120	
188	6	1	72	0.105	
188	6	1	72	0.124	
188	6	1	74	0.104	
189	6	1	122	0.076	
189	6	1	97	0.078	
189	6	1	72	0.066	
189	6	1	72	0.066	
189	6	1	72	0.067	
190	6	1	85	0.077	
190	6	1	80	0.094	
190	6	1	73	0.105	
190	6	1	76	0.095	
190	6	1	74	0.046	
191	6	1	139	0.082	
191	6	1	90	0.080	
191	6	1	84	0.069	
191	6	1	82	0.072	
191	6	1	78	0.088	
192	6	1	118	0.072	
192	6	1	108	0.056	
192	6	1	35	0.093	
192	6	1	35	0.062	
192	6	1	34	0.073	
193	6	1	126	0.070	
193	6	1	131	0.076	
193	6	1	75	0.088	
193	6	1	77	0.081	
193	6	1	75	0.063	
194	6	1	92	0.084	
194	6	1	105	0.072	
194	6	1	76	0.050	
194	6	1	77	0.088	
194	6	1	74	0.099	
195	6	1	73	0.086	
195	6	1	74	0.077	
195	6	1	72	0.087	
195	6	1	72	0.095	
195	6	1	72	0.084	
196	6	1	84	0.076	
196	6	1	80	0.107	
196	6	1	72	0.078	
196	6	1	72	0.078	
196	6	1	72	0.057	
197	6	1	105	0.059	
197	6	1	129	0.060	
197	6	1	76	0.122	
197	6	1	75	0.093	
197	6	1	74	0.122	
198	6	1	72	0.107	
198	6	1	78	0.086	
198	6	1	71	0.063	
198	6	1	71	0.064	
198	6	1	74	0.086	
199	6	1	132	0.074	
199	6	1	108	0.068	
199	6	1	75	0.080	
199	6	1	75	0.084	
199	6	1	77	0.053	
200	6	1	123	0.095	
200	6	1	117	0.103	
200	6	1	73	0.085	
200	6	1	73	0.134	
200	6	1	73	0.116	
201	6	1	112	0.064	
201	6	1	102	0.092	
201	6	1	73	0.101	
201	6	1	74	0.109	
201	6	1	73	0.107	
202	6	1	75	0.137	
202	6	1	76	0.083	
202	6	1	73	0.158	
202	6	1	72	0.096	
202	6	1	75	0.137	
203	6	1	65	0.081	
203	6	1	117	0.065	
203	6	1	77	0.071	
203	6	1	76	0.048	
203	6	1	77	0.065	
204	6	1	110	0.056	
204	6	1	111	0.097	
204	6	1	76	0.110	
204	6	1	31	0.191	
204	6	1	75	0.109	
205	6	1	164	0.068	
205	6	1	158	0.069	
205	6	1	81	0.070	
205	6	1	92	0.078	
205	6	1	86	0.082	
206	6	1	92	0.070	
206	6	1	84	0.102	
206	6	1	84	0.077	
206	6	1	71	0.071	
206	6	1	74	0.100	
207	6	1	86	0.064	
207	6	1	92	0.054	
207	6	1	48	0.094	
207	6	1	57	0.047	
207	6	1	77	0.093	
208	6	1	114	0.076	
208	6	1	128	0.047	
208	6	1	75	0.084	
208	6	1	75	0.115	
208	6	1	74	0.085	
209	6	1	77	0.153	
209	6	1	82	0.136	
209	6	1	74	0.126	
209	6	1	73	0.135	
209	6	1	73	0.140	
210	6	1	93	0.116	
210	6	1	108	0.060	
210	6	1	74	0.096	
210	6	1	74	0.086	
210	6	1	75	0.074	
211	6	1	134	0.057	
211	6	1	118	0.069	
211	6	1	89	0.063	
211	6	1	75	0.067	
211	6	1	71	0.075	
212	6	1	74	0.121	
212	6	1	74	0.140	
212	6	1	74	0.137	
212	6	1	74	0.137	
212	6	1	73	0.111	
213	6	1	95	0.088	
213	6	1	95	0.110	
213	6	1	74	0.121	
213	6	1	78	0.070	
213	6	1	74	0.098	
214	6	1	114	0.081	
214	6	1	120	0.060	
214	6	1	78	0.085	
214	6	1	44	0.074	
214	6	1	97	0.071	
215	6	1	98	0.087	
215	6	1	111	0.087	
215	6	1	76	0.078	
215	6	1	74	0.080	
215	6	1	80	0.065	
216	6	1	91	0.132	
216	6	1	107	0.044	
216	6	1	72	0.086	
216	6	1	72	0.113	
216	6	1	72	0.116	
217	6	1	78	0.104	
217	6	1	119	0.083	
217	6	1	74	0.102	
217	6	1	75	0.111	
217	6	1	76	0.112	
218	6	1	198	0.060	
218	6	1	147	0.064	
218	6	1	72	0.101	
218	6	1	74	0.061	
218	6	1	73	0.082	
219	6	1	85	0.100	
219	6	1	101	0.078	
219	6	1	73	0.068	
219	6	1	73	0.110	
219	6	1	73	0.080	
220	6	1	75	0.085	
220	6	1	71	0.048	
220	6	1	48	0.055	
220	6	1	50	0.051	
220	6	1	56	0.069	
221	6	1	91	0.049	
221	6	1	97	0.055	
221	6	1	80	0.063	
221	6	1	78	0.025	
221	6	1	81	0.048	
222	6	1	96	0.035	
222	6	1	95	0.065	
222	6	1	34	0.122	
222	6	1	34	0.130	
222	6	1	45	0.088	
223	6	1	53	0.081	
223	6	1	49	0.082	
223	6	1	75	0.069	
223	6	1	76	0.050	
223	6	1	77	0.083	
224	6	1	88	0.113	
224	6	1	121	0.100	
224	6	1	74	0.074	
224	6	1	87	0.099	
224	6	1	72	0.075	
225	6	1	99	0.073	
225	6	1	128	0.112	
225	6	1	73	0.093	
225	6	1	75	0.081	
225	6	1	75	0.088	
226	6	1	77	0.116	
226	6	1	79	0.124	
226	6	1	73	0.133	
226	6	1	74	0.146	
226	6	1	71	0.143	
227	6	1	76	0.058	
227	6	1	78	0.046	
227	6	1	70	0.095	
227	6	1	73	0.062	
227	6	1	76	0.061	
228	6	1	118	0.055	
228	6	1	66	0.074	
228	6	1	56	0.085	
228	6	1	88	0.066	
228	6	1	91	0.055	
229	6	1	89	0.054	
229	6	1	89	0.052	
229	6	1	77	0.070	
229	6	1	74	0.075	
229	6	1	75	0.081	
230	6	1	99	0.089	
230	6	1	82	0.074	
230	6	1	70	0.070	
230	6	1	72	0.083	
230	6	1	75	0.082	
231	6	1	96	0.113	
231	6	1	84	0.141	
231	6	1	77	0.136	
231	6	1	72	0.112	
231	6	1	76	0.141	
232	6	1	91	0.092	
232	6	1	78	0.112	
232	6	1	72	0.123	
232	6	1	72	0.124	
232	6	1	72	0.112	
233	6	1	72	0.185	
233	6	1	72	0.141	
233	6	1	72	0.188	
233	6	1	72	0.171	
233	6	1	72	0.171	
234	6	1	99	0.114	
234	6	1	91	0.103	
234	6	1	73	0.090	
234	6	1	78	0.099	
234	6	1	73	0.107	
235	6	1	90	0.070	
235	6	1	78	0.110	
235	6	1	75	0.057	
235	6	1	79	0.087	
235	6	1	74	0.113	
236	6	1	93	0.155	
236	6	1	84	0.168	
236	6	1	73	0.135	
236	6	1	72	0.107	
236	6	1	73	0.163	
237	6	1	100	0.069	
237	6	1	94	0.068	
237	6	1	74	0.067	
237	6	1	72	0.087	
237	6	1	72	0.086	
238	6	1	103	0.110	
238	6	1	77	0.091	
238	6	1	53	0.126	
238	6	1	52	0.130	
238	6	1	74	0.100	
239	6	1	74	0.086	
239	6	1	79	0.101	
239	6	1	34	0.075	
239	6	1	76	0.098	
239	6	1	75	0.097	
240	6	1	76	0.180	
240	6	1	75	0.152	
240	6	1	74	0.178	
240	6	1	75	0.112	
240	6	1	73	0.146	
241	6	1	79	0.104	
241	6	1	90	0.070	
241	6	1	74	0.093	
241	6	1	75	0.121	
241	6	1	75	0.093	
242	6	1	107	0.077	
242	6	1	120	0.090	
242	6	1	75	0.091	
242	6	1	72	0.081	
242	6	1	74	0.072	
243	6	1	100	0.064	
243	6	1	96	0.050	
243	6	1	75	0.076	
243	6	1	97	0.060	
243	6	1	75	0.066	
244	6	1	104	0.067	
244	6	1	84	0.098	
244	6	1	78	0.083	
244	6	1	73	0.069	
244	6	1	74	0.072	
245	6	1	115	0.082	
245	6	1	99	0.070	
245	6	1	72	0.070	
245	6	1	73	0.073	
245	6	1	73	0.052	
246	6	1	167	0.050	
246	6	1	150	0.059	
246	6	1	74	0.066	
246	6	1	93	0.070	
246	6	1	74	0.075	
247	6	1	77	0.184	
247	6	1	80	0.118	
247	6	1	72	0.153	
247	6	1	71	0.100	
247	6	1	71	0.113	
248	6	1	87	0.085	
248	6	1	94	0.091	
248	6	1	75	0.065	
248	6	1	75	0.088	
248	6	1	76	0.046	
249	6	1	91	0.061	
249	6	1	60	0.044	
249	6	1	77	0.089	
249	6	1	80	0.118	
249	6	1	78	0.088	
250	6	1	124	0.041	
250	6	1	136	0.061	
250	6	1	45	0.065	
250	6	1	78	0.052	
250	6	1	75	0.057	
251	6	1	104	0.094	
251	6	1	94	0.066	
251	6	1	72	0.092	
251	6	1	72	0.114	
251	6	1	71	0.117	
252	6	1	112	0.093	
252	6	1	87	0.081	
252	6	1	73	0.086	
252	6	1	72	0.107	
252	6	1	73	0.086	
253	6	1	108	0.102	
253	6	1	151	0.054	
253	6	1	73	0.085	
253	6	1	74	0.096	
253	6	1	75	0.102	
254	6	1	115	0.082	
254	6	1	86	0.069	
254	6	1	80	0.060	
254	6	1	76	0.099	
254	6	1	80	0.067	
255	6	1	117	0.061	
255	6	1	100	0.098	
255	6	1	74	0.076	
255	6	1	79	0.077	
255	6	1	49	0.084	
256	6	1	84	0.102	
256	6	1	116	0.083	
256	6	1	72	0.080	
256	6	1	74	0.081	
256	6	1	72	0.090	
257	6	1	71	0.142	
257	6	1	73	0.132	
257	6	1	73	0.154	
257	6	1	73	0.154	
257	6	1	75	0.130	
258	6	1	168	0.056	
258	6	1	172	0.032	
258	6	1	76	0.081	
258	6	1	73	0.047	
258	6	1	80	0.069	
259	6	1	73	0.201	
259	6	1	73	0.182	
259	6	1	71	0.137	
259	6	1	75	0.117	
259	6	1	71	0.114	
260	6	1	134	0.051	
260	6	1	143	0.083	
260	6	1	86	0.095	
260	6	1	83	0.088	
260	6	1	84	0.065	
261	6	1	88	0.076	
261	6	1	89	0.069	
261	6	1	73	0.087	
261	6	1	74	0.114	
261	6	1	70	0.097	
262	6	1	96	0.084	
262	6	1	125	0.063	
262	6	1	54	0.068	
262	6	1	74	0.060	
262	6	1	74	0.064	
263	6	1	77	0.112	
263	6	1	76	0.126	
263	6	1	73	0.074	
263	6	1	73	0.074	
263	6	1	73	0.123	
264	6	1	140	0.074	
264	6	1	130	0.077	
264	6	1	72	0.056	
264	6	1	72	0.076	
264	6	1	72	0.088	
265	6	1	195	0.042	
265	6	1	148	0.059	
265	6	1	68	0.069	
265	6	1	82	0.053	
265	6	1	44	0.120	
266	6	1	86	0.087	
266	6	1	80	0.071	
266	6	1	73	0.083	
266	6	1	78	0.094	
266	6	1	78	0.087	
267	6	1	87	0.092	
267	6	1	88	0.101	
267	6	1	73	0.085	
267	6	1	74	0.091	
267	6	1	74	0.075	
268	6	1	126	0.045	
268	6	1	98	0.070	
268	6	1	81	0.069	
268	6	1	77	0.065	
268	6	1	79	0.092	
269	6	1	102	0.077	
269	6	1	110	0.073	
269	6	1	74	0.123	
269	6	1	74	0.121	
269	6	1	73	0.112	
270	6	1	74	0.135	
270	6	1	78	0.116	
270	6	1	72	0.089	
270	6	1	73	0.105	
270	6	1	72	0.137	
271	6	1	92	0.071	
271	6	1	54	0.078	
271	6	1	43	0.060	
271	6	1	82	0.070	
271	6	1	43	0.082	
272	6	1	170	0.051	
272	6	1	182	0.063	
272	6	1	55	0.077	
272	6	1	72	0.051	
272	6	1	62	0.060	
273	6	1	129	0.075	
273	6	1	155	0.067	
273	6	1	91	0.095	
273	6	1	73	0.079	
273	6	1	84	0.065	
274	6	1	74	0.141	
274	6	1	76	0.127	
274	6	1	74	0.123	
274	6	1	74	0.136	
274	6	1	73	0.101	
275	6	1	74	0.045	
275	6	1	103	0.065	
275	6	1	56	0.035	
275	6	1	95	0.059	
275	6	1	68	0.062	
276	6	1	84	0.084	
276	6	1	88	0.061	
276	6	1	48	0.076	
276	6	1	33	0.100	
276	6	1	58	0.080	
277	6	1	96	0.135	
277	6	1	107	0.074	
277	6	1	76	0.106	
277	6	1	75	0.113	
277	6	1	77	0.105	
278	6	1	154	0.059	
278	6	1	172	0.064	
278	6	1	74	0.104	
278	6	1	76	0.108	
278	6	1	77	0.080	
279	6	1	110	0.049	
279	6	1	131	0.047	
279	6	1	76	0.043	
279	6	1	84	0.080	
279	6	1	62	0.055	
280	6	1	124	0.097	
280	6	1	121	0.112	
280	6	1	74	0.074	
280	6	1	81	0.108	
280	6	1	74	0.119	
281	6	1	98	0.087	
281	6	1	98	0.068	
281	6	1	101	0.067	
281	6	1	92	0.069	
281	6	1	90	0.086	
282	6	1	176	0.086	
282	6	1	139	0.051	
282	6	1	84	0.093	
282	6	1	83	0.076	
282	6	1	82	0.082	
283	6	1	43	0.068	
283	6	1	41	0.051	
283	6	1	39	0.055	
283	6	1	39	0.037	
283	6	1	40	0.042	
284	6	1	76	0.086	
284	6	1	105	0.067	
284	6	1	72	0.122	
284	6	1	73	0.092	
284	6	1	72	0.070	
285	6	1	83	0.042	
285	6	1	43	0.093	
285	6	1	80	0.085	
285	6	1	83	0.072	
285	6	1	83	0.085	
286	6	1	98	0.064	
286	6	1	106	0.103	
286	6	1	75	0.084	
286	6	1	77	0.103	
286	6	1	75	0.105	
287	6	1	160	0.035	
287	6	1	125	0.065	
287	6	1	79	0.067	
287	6	1	83	0.070	
287	6	1	71	0.082	
288	6	1	101	0.093	
288	6	1	89	0.101	
288	6	1	75	0.084	
288	6	1	77	0.101	
288	6	1	76	0.086	
289	6	1	250	0.323	
289	6	1	250	0.065	
289	6	1	75	0.064	
289	6	1	76	0.101	
289	6	1	74	0.067	
290	6	1	81	0.102	
290	6	1	86	0.069	
290	6	1	88	0.051	
290	6	1	80	0.084	
290	6	1	78	0.080	
291	6	1	74	0.147	
291	6	1	75	0.143	
291	6	1	74	0.115	
291	6	1	72	0.154	
291	6	1	74	0.134	
292	6	1	150	0.092	
292	6	1	193	0.073	
292	6	1	77	0.115	
292	6	1	59	0.068	
292	6	1	76	0.125	
293	6	1	105	0.066	
293	6	1	111	0.069	
293	6	1	41	0.072	
293	6	1	41	0.072	
293	6	1	76	0.061	
294	6	1	109	0.072	
294	6	1	102	0.085	
294	6	1	89	0.078	
294	6	1	97	0.062	
294	6	1	81	0.092	
295	6	1	90	0.079	
295	6	1	46	0.062	
295	6	1	74	0.083	
295	6	1	73	0.047	
295	6	1	80	0.081	
296	6	1	74	0.099	
296	6	1	73	0.114	
296	6	1	87	0.107	
296	6	1	73	0.107	
296	6	1	73	0.100	
297	6	1	96	0.053	
297	6	1	107	0.040	
297	6	1	85	0.064	
297	6	1	36	0.072	
297	6	1	79	0.056	
298	6	1	93	0.057	
298	6	1	88	0.061	
298	6	1	77	0.101	
298	6	1	79	0.049	
298	6	1	83	0.067	
299	6	1	88	0.094	
299	6	1	74	0.095	
299	6	1	72	0.078	
299	6	1	74	0.078	
299	6	1	74	0.099	
0	7	1	60	0.075	
0	7	1	108	0.117	
0	7	1	52	0.138	
0	7	1	52	0.138	
0	7	1	50	0.058	
1	7	1	56	0.153	
1	7	1	55	0.144	
1	7	1	57	0.116	
1	7	1	47	0.098	
1	7	1	48	0.160	
2	7	1	77	0.061	
2	7	1	59	0.089	
2	7	1	52	0.097	
2	7	1	46	0.095	
2	7	1	52	0.097	
3	7	1	47	0.228	
3	7	1	50	0.199	
3	7	1	45	0.164	
3	7	1	45	0.118	
3	7	1	45	0.124	
4	7	1	80	0.049	
4	7	1	84	0.073	
4	7	1	29	0.073	
4	7	1	55	0.064	
4	7	1	28	0.069	
5	7	1	45	0.188	
5	7	1	45	0.188	
5	7	1	45	0.232	
5	7	1	45	0.232	
5	7	1	45	0.209	
6	7	1	72	0.051	
6	7	1	75	0.079	
6	7	1	54	0.091	
6	7	1	51	0.106	
6	7	1	119	0.084	
7	7	1	52	0.120	
7	7	1	53	0.096	
7	7	1	48	0.093	
7	7	1	52	0.123	
7	7	1	51	0.076	
8	7	1	46	0.165	
8	7	1	46	0.163	
8	7	1	45	0.155	
8	7	1	45	0.105	
8	7	1	44	0.199	
9	7	1	45	0.158	
9	7	1	46	0.198	
9	7	1	44	0.145	
9	7	1	45	0.238	
9	7	1	45	0.191	
10	7	1	73	0.123	
10	7	1	47	0.234	
10	7	1	46	0.160	
10	7	1	45	0.142	
10	7	1	89	0.124	
11	7	1	47	0.287	
11	7	1	47	0.287	
11	7	1	46	0.143	
11	7	1	46	0.143	
11	7	1	46	0.143	
12	7	1	155	0.072	
12	7	1	100	0.112	
12	7	1	45	0.067	
12	7	1	47	0.112	
12	7	1	45	0.074	
13	7	1	45	0.113	
13	7	1	45	0.128	
13	7	1	45	0.121	
13	7	1	45	0.117	
13	7	1	44	0.103	
14	7	1	52	0.200	
14	7	1	57	0.231	
14	7	1	46	0.165	
14	7	1	47	0.132	
14	7	1	47	0.112	
15	7	1	49	0.307	
15	7	1	49	0.310	
15	7	1	46	0.166	
15	7	1	46	0.186	
15	7	1	46	0.186	
16	7	1	53	0.145	
16	7	1	52	0.104	
16	7	1	53	0.099	
16	7	1	31	0.048	
16	7	1	53	0.118	
17	7	1	51	0.227	
17	7	1	50	0.240	
17	7	1	45	0.170	
17	7	1	45	0.145	
17	7	1	45	0.174	
18	7	1	46	0.240	
18	7	1	46	0.240	
18	7	1	46	0.172	
18	7	1	46	0.172	
18	7	1	46	0.172	
19	7	1	80	0.067	
19	7	1	65	0.107	
19	7	1	58	0.084	
19	7	1	58	0.101	
19	7	1	32	0.117	
20	7	1	49	0.259	
20	7	1	49	0.260	
20	7	1	46	0.158	
20	7	1	46	0.112	
20	7	1	47	0.168	
21	7	1	64	0.175	
21	7	1	62	0.195	
21	7	1	47	0.098	
21	7	1	45	0.183	
21	7	1	46	0.171	
22	7	1	47	0.103	
22	7	1	49	0.108	
22	7	1	44	0.063	
22	7	1	45	0.098	
22	7	1	44	0.066	
23	7	1	65	0.138	
23	7	1	87	0.118	
23	7	1	130	0.047	
23	7	1	54	0.087	
23	7	1	23	0.087	
24	7	1	65	0.153	
24	7	1	75	0.159	
24	7	1	55	0.108	
24	7	1	50	0.095	
24	7	1	54	0.126	
25	7	1	46	0.276	
25	7	1	46	0.271	
25	7	1	45	0.160	
25	7	1	45	0.160	
25	7	1	45	0.154	
26	7	1	46	0.132	
26	7	1	46	0.138	
26	7	1	45	0.138	
26	7	1	45	0.142	
26	7	1	45	0.142	
27	7	1	50	0.175	
27	7	1	50	0.175	
27	7	1	46	0.107	
27	7	1	46	0.107	
27	7	1	46	0.107	
28	7	1	46	0.272	
28	7	1	46	0.328	
28	7	1	44	0.154	
28	7	1	43	0.230	
28	7	1	45	0.153	
29	7	1	30	0.025	
29	7	1	30	0.025	
29	7	1	25	0.112	
29	7	1	25	0.112	
29	7	1	25	0.112	
30	7	1	57	0.109	
30	7	1	72	0.082	
30	7	1	55	0.143	
30	7	1	55	0.110	
30	7	1	54	0.115	
31	7	1	48	0.183	
31	7	1	49	0.204	
31	7	1	46	0.159	
31	7	1	46	0.095	
31	7	1	46	0.096	
32	7	1	47	0.126	
32	7	1	46	0.130	
32	7	1	45	0.079	
32	7	1	45	0.079	
32	7	1	45	0.079	
33	7	1	55	0.061	
33	7	1	40	0.042	
33	7	1	25	0.062	
33	7	1	25	0.060	
33	7	1	25	0.046	
34	7	1	52	0.236	
34	7	1	55	0.219	
34	7	1	44	0.089	
34	7	1	44	0.084	
34	7	1	44	0.114	
35	7	1	52	0.061	
35	7	1	52	0.061	
35	7	1	45	0.111	
35	7	1	45	0.111	
35	7	1	45	0.111	
36	7	1	46	0.216	
36	7	1	45	0.211	
36	7	1	45	0.157	
36	7	1	45	0.162	
36	7	1	45	0.216	
37	7	1	52	0.070	
37	7	1	77	0.108	
37	7	1	59	0.078	
37	7	1	51	0.084	
37	7	1	45	0.077	
38	7	1	54	0.076	
38	7	1	49	0.081	
38	7	1	56	0.069	
38	7	1	49	0.097	
38	7	1	52	0.098	
39	7	1	46	0.141	
39	7	1	45	0.073	
39	7	1	45	0.126	
39	7	1	45	0.105	
39	7	1	45	0.120	
40	7	1	45	0.342	
40	7	1	45	0.314	
40	7	1	45	0.367	
40	7	1	45	0.367	
40	7	1	45	0.367	
41	7	1	45	0.296	
41	7	1	45	0.308	
41	7	1	45	0.231	
41	7	1	45	0.231	
41	7	1	45	0.240	
42	7	1	45	0.613	
42	7	1	45	0.613	
42	7	1	45	0.636	
42	7	1	45	0.636	
42	7	1	45	0.636	
43	7	1	66	0.126	
43	7	1	65	0.084	
43	7	1	55	0.122	
43	7	1	54	0.075	
43	7	1	59	0.065	
44	7	1	76	0.041	
44	7	1	98	0.069	
44	7	1	50	0.110	
44	7	1	47	0.057	
44	7	1	51	0.088	
45	7	1	24	0.136	
45	7	1	56	0.092	
45	7	1	26	0.068	
45	7	0	22	0.002	
45	7	1	45	0.111	
46	7	1	103	0.093	
46	7	1	55	0.145	
46	7	1	51	0.085	
46	7	1	56	0.109	
46	7	1	50	0.015	
47	7	1	34	0.025	
47	7	1	34	0.027	
47	7	1	64	0.066	
47	7	1	49	0.054	
47	7	1	54	0.050	
48	7	1	53	0.105	
48	7	1	54	0.137	
48	7	1	47	0.121	
48	7	1	46	0.084	
48	7	1	46	0.093	
49	7	1	80	0.144	
49	7	1	110	0.066	
49	7	1	53	0.086	
49	7	1	51	0.064	
49	7	1	51	0.077	
50	7	1	47	0.177	
50	7	1	47	0.177	
50	7	1	47	0.184	
50	7	1	47	0.209	
50	7	1	47	0.163	
51	7	1	62	0.168	
51	7	1	49	0.252	
51	7	1	45	0.163	
51	7	1	46	0.204	
51	7	1	44	0.095	
52	7	1	71	0.265	
52	7	1	61	0.265	
52	7	1	46	0.154	
52	7	1	46	0.142	
52	7	1	46	0.152	
53	7	1	48	0.183	
53	7	1	48	0.167	
53	7	1	46	0.177	
53	7	1	46	0.177	
53	7	1	46	0.143	
54	7	1	48	0.362	
54	7	1	48	0.172	
54	7	1	46	0.394	
54	7	1	46	0.092	
54	7	1	46	0.092	
55	7	1	73	0.119	
55	7	1	74	0.116	
55	7	1	46	0.107	
55	7	1	44	0.112	
55	7	1	47	0.109	
56	7	1	47	0.224	
56	7	1	51	0.176	
56	7	1	45	0.113	
56	7	1	45	0.095	
56	7	1	45	0.138	
57	7	1	54	0.124	
57	7	1	59	0.114	
57	7	1	51	0.100	
57	7	1	54	0.101	
57	7	1	51	0.083	
58	7	1	250	0.057	
58	7	1	168	0.050	
58	7	1	59	0.083	
58	7	1	47	0.069	
58	7	1	27	0.051	
59	7	1	55	0.084	
59	7	1	66	0.074	
59	7	1	51	0.103	
59	7	1	54	0.067	
59	7	1	50	0.091	
60	7	1	53	0.056	
60	7	1	49	0.072	
60	7	1	45	0.077	
60	7	1	49	0.077	
60	7	1	50	0.098	
61	7	1	45	0.390	
61	7	1	45	0.430	
61	7	1	45	0.402	
61	7	1	45	0.364	
61	7	1	45	0.402	
62	7	1	81	0.063	
62	7	1	120	0.061	
62	7	1	51	0.066	
62	7	1	55	0.063	
62	7	1	56	0.077	
63	7	1	49	0.067	
63	7	1	52	0.153	
63	7	1	51	0.097	
63	7	1	51	0.079	
63	7	1	51	0.056	
64	7	1	47	0.120	
64	7	1	45	0.140	
64	7	1	51	0.104	
64	7	1	44	0.118	
64	7	1	48	0.126	
65	7	1	46	0.218	
65	7	1	46	0.161	
65	7	1	46	0.145	
65	7	1	46	0.145	
65	7	1	46	0.145	
66	7	1	48	0.121	
66	7	1	47	0.121	
66	7	1	45	0.134	
66	7	1	45	0.128	
66	7	1	45	0.134	
67	7	1	45	0.317	
67	7	1	45	0.317	
67	7	1	45	0.357	
67	7	1	45	0.357	
67	7	1	45	0.357	
68	7	1	106	0.204	
68	7	1	54	0.256	
68	7	1	50	0.087	
68	7	1	46	0.181	
68	7	1	52	0.065	
69	7	1	50	0.089	
69	7	1	53	0.096	
69	7	1	48	0.077	
69	7	1	61	0.052	
69	7	1	47	0.102	
70	7	1	48	0.208	
70	7	1	48	0.220	
70	7	1	47	0.143	
70	7	1	47	0.131	
70	7	1	47	0.118	
71	7	1	49	0.153	
71	7	1	49	0.153	
71	7	1	45	0.111	
71	7	1	45	0.111	
71	7	1	45	0.111	
72	7	1	45	0.239	
72	7	1	45	0.288	
72	7	1	45	0.236	
72	7	1	45	0.183	
72	7	1	45	0.206	
73	7	1	51	0.111	
73	7	1	58	0.103	
73	7	1	47	0.094	
73	7	1	47	0.049	
73	7	1	29	0.112	
74	7	1	47	0.184	
74	7	1	46	0.214	
74	7	1	46	0.118	
74	7	1	45	0.122	
74	7	1	46	0.165	
75	7	1	45	0.354	
75	7	1	45	0.354	
75	7	1	45	0.357	
75	7	1	45	0.357	
75	7	1	45	0.324	
76	7	1	48	0.186	
76	7	1	51	0.167	
76	7	1	45	0.115	
76	7	1	63	0.156	
76	7	1	44	0.117	
77	7	1	46	0.319	
77	7	1	46	0.319	
77	7	1	46	0.177	
77	7	1	46	0.177	
77	7	1	46	0.177	
78	7	1	50	0.080	
78	7	1	26	0.110	
78	7	1	52	0.075	
78	7	1	80	0.069	
78	7	1	100	0.067	
79	7	1	48	0.285	
79	7	1	50	0.259	
79	7	1	44	0.160	
79	7	1	45	0.152	
79	7	1	45	0.102	
80	7	1	73	0.123	
80	7	1	94	0.108	
80	7	1	51	0.128	
80	7	1	52	0.103	
80	7	1	49	0.103	
81	7	1	46	0.165	
81	7	1	49	0.177	
81	7	1	44	0.145	
81	7	1	44	0.131	
81	7	1	44	0.146	
82	7	1	50	0.046	
82	7	1	52	0.071	
82	7	1	50	0.072	
82	7	1	62	0.094	
82	7	1	50	0.061	
83	7	1	46	0.263	
83	7	1	53	0.234	
83	7	1	46	0.136	
83	7	1	46	0.099	
83	7	1	46	0.136	
84	7	1	56	0.148	
84	7	1	55	0.155	
84	7	1	83	0.048	
84	7	1	46	0.122	
84	7	1	46	0.071	
85	7	1	49	0.117	
85	7	1	49	0.127	
85	7	1	24	0.110	
85	7	1	48	0.128	
85	7	1	50	0.111	
86	7	1	78	0.095	
86	7	1	135	0.118	
86	7	1	48	0.088	
86	7	1	86	0.081	
86	7	1	50	0.064	
87	7	1	48	0.190	
87	7	1	50	0.195	
87	7	1	46	0.121	
87	7	1	46	0.121	
87	7	1	46	0.121	
88	7	1	46	0.272	
88	7	1	49	0.230	
88	7	1	46	0.120	
88	7	1	46	0.171	
88	7	1	46	0.138	
89	7	1	57	0.112	
89	7	1	56	0.141	
89	7	1	48	0.084	
89	7	1	47	0.099	
89	7	1	47	0.093	
90	7	1	46	0.221	
90	7	1	47	0.184	
90	7	1	45	0.087	
90	7	1	45	0.087	
90	7	1	46	0.130	
91	7	1	55	0.180	
91	7	1	54	0.176	
91	7	1	48	0.180	
91	7	1	50	0.180	
91	7	1	49	0.184	
92	7	1	59	0.137	
92	7	1	51	0.129	
92	7	1	44	0.193	
92	7	1	45	0.154	
92	7	1	45	0.128	
93	7	1	45	0.804	
93	7	1	45	0.804	
93	7	1	45	0.804	
93	7	1	45	0.804	
93	7	1	45	0.804	
94	7	1	45	0.406	
94	7	1	45	0.406	
94	7	1	45	0.406	
94	7	1	45	0.384	
94	7	1	45	0.406	
95	7	1	48	0.163	
95	7	1	51	0.143	
95	7	1	45	0.098	
95	7	1	45	0.098	
95	7	1	46	0.174	
96	7	1	58	0.187	
96	7	1	60	0.075	
96	7	1	49	0.100	
96	7	1	48	0.098	
96	7	1	48	0.101	
97	7	1	52	0.063	
97	7	1	54	0.073	
97	7	1	46	0.097	
97	7	1	47	0.112	
97	7	1	46	0.106	
98	7	1	182	0.090	
98	7	1	250	0.103	
98	7	1	45	0.082	
98	7	1	26	0.051	
98	7	1	23	0.080	
99	7	1	56	0.094	
99	7	1	58	0.123	
99	7	1	59	0.101	
99	7	1	55	0.106	
99	7	1	60	0.107	
100	7	1	49	0.106	
100	7	1	45	0.141	
100	7	1	45	0.124	
100	7	1	47	0.083	
100	7	1	45	0.124	
101	7	1	48	0.291	
101	7	1	52	0.215	
101	7	1	45	0.136	
101	7	1	47	0.168	
101	7	1	45	0.136	
102	7	1	45	0.179	
102	7	1	47	0.176	
102	7	1	45	0.177	
102	7	1	47	0.142	
102	7	1	44	0.143	
103	7	1	80	0.062	
103	7	1	87	0.124	
103	7	1	53	0.136	
103	7	1	53	0.132	
103	7	1	51	0.116	
104	7	1	54	0.115	
104	7	1	62	0.121	
104	7	1	48	0.062	
104	7	1	45	0.080	
104	7	1	46	0.119	
105	7	1	99	0.052	
105	7	1	68	0.110	
105	7	1	50	0.068	
105	7	1	50	0.069	
105	7	1	47	0.069	
106	7	1	188	0.058	
106	7	1	56	0.150	
106	7	1	46	0.123	
106	7	1	47	0.123	
106	7	1	45	0.120	
107	7	1	86	0.109	
107	7	1	80	0.193	
107	7	1	48	0.099	
107	7	1	49	0.119	
107	7	1	45	0.056	
108	7	1	48	0.232	
108	7	1	48	0.214	
108	7	1	46	0.165	
108	7	1	46	0.165	
108	7	1	46	0.165	
109	7	1	77	0.134	
109	7	1	55	0.229	
109	7	1	46	0.108	
109	7	1	46	0.095	
109	7	1	45	0.138	
110	7	1	49	0.177	
110	7	1	52	0.145	
110	7	1	48	0.178	
110	7	1	47	0.110	
110	7	1	50	0.138	
111	7	1	86	0.108	
111	7	1	109	0.075	
111	7	1	64	0.091	
111	7	1	66	0.087	
111	7	1	46	0.065	
112	7	0	87	0.000	
112	7	1	188	0.059	
112	7	1	51	0.046	
112	7	1	30	0.059	
112	7	1	54	0.037	
113	7	1	90	0.072	
113	7	1	77	0.054	
113	7	1	29	0.123	
113	7	1	59	0.098	
113	7	1	29	0.087	
114	7	1	61	0.065	
114	7	1	127	0.066	
114	7	1	48	0.070	
114	7	1	51	0.127	
114	7	1	48	0.078	
115	7	1	54	0.130	
115	7	1	59	0.136	
115	7	1	26	0.112	
115	7	1	44	0.087	
115	7	1	46	0.093	
116	7	1	50	0.205	
116	7	1	54	0.159	
116	7	1	29	0.040	
116	7	1	45	0.079	
116	7	1	29	0.085	
117	7	1	30	0.132	
117	7	1	31	0.065	
117	7	1	30	0.057	
117	7	1	26	0.106	
117	7	1	29	0.094	
118	7	1	79	0.099	
118	7	1	77	0.083	
118	7	1	60	0.100	
118	7	1	49	0.105	
118	7	1	50	0.031	
119	7	1	200	0.055	
119	7	1	149	0.054	
119	7	1	55	0.073	
119	7	1	91	0.071	
119	7	1	56	0.068	
120	7	1	74	0.090	
120	7	1	72	0.099	
120	7	1	52	0.030	
120	7	1	24	0.085	
120	7	1	27	0.085	
121	7	1	70	0.109	
121	7	1	59	0.137	
121	7	1	53	0.102	
121	7	1	50	0.106	
121	7	1	51	0.064	
122	7	1	48	0.170	
122	7	1	49	0.151	
122	7	1	45	0.133	
122	7	1	47	0.097	
122	7	1	46	0.129	
123	7	1	66	0.080	
123	7	1	143	0.060	
123	7	1	99	0.110	
123	7	1	48	0.061	
123	7	1	52	0.106	
124	7	1	56	0.154	
124	7	1	56	0.147	
124	7	1	51	0.110	
124	7	1	51	0.150	
124	7	1	54	0.174	
125	7	1	56	0.148	
125	7	1	49	0.143	
125	7	1	50	0.125	
125	7	1	47	0.052	
125	7	1	48	0.175	
126	7	1	102	0.106	
126	7	1	66	0.113	
126	7	1	50	0.104	
126	7	1	47	0.070	
126	7	1	47	0.089	
127	7	1	80	0.092	
127	7	1	67	0.082	
127	7	0	33	0.000	
127	7	1	52	0.074	
127	7	1	50	0.128	
128	7	1	49	0.241	
128	7	1	47	0.264	
128	7	1	45	0.210	
128	7	1	45	0.196	
128	7	1	45	0.216	
129	7	1	60	0.095	
129	7	1	59	0.107	
129	7	1	51	0.085	
129	7	0	30	0.007	
129	7	1	48	0.087	
130	7	1	56	0.204	
130	7	1	55	0.186	
130	7	1	48	0.135	
130	7	1	46	0.122	
130	7	1	47	0.105	
131	7	1	58	0.188	
131	7	1	65	0.102	
131	7	1	46	0.126	
131	7	1	46	0.128	
131	7	1	45	0.121	
132	7	1	47	0.155	
132	7	1	47	0.145	
132	7	1	47	0.082	
132	7	1	47	0.147	
132	7	1	47	0.116	
133	7	1	95	0.117	
133	7	1	70	0.155	
133	7	1	93	0.069	
133	7	1	48	0.114	
133	7	1	49	0.123	
134	7	1	75	0.118	
134	7	1	198	0.113	
134	7	1	66	0.112	
134	7	1	64	0.073	
134	7	1	46	0.149	
135	7	1	46	0.252	
135	7	1	47	0.249	
135	7	1	46	0.142	
135	7	1	46	0.124	
135	7	1	46	0.099	
136	7	1	53	0.063	
136	7	1	55	0.056	
136	7	1	52	0.131	
136	7	1	51	0.123	
136	7	1	73	0.112	
137	7	1	144	0.056	
137	7	1	117	0.055	
137	7	1	52	0.094	
137	7	1	50	0.108	
137	7	1	50	0.090	
138	7	1	192	0.057	
138	7	1	85	0.082	
138	7	1	62	0.051	
138	7	1	62	0.082	
138	7	1	58	0.105	
139	7	1	47	0.141	
139	7	1	49	0.133	
139	7	1	44	0.119	
139	7	1	45	0.128	
139	7	1	44	0.106	
140	7	1	72	0.071	
140	7	1	141	0.097	
140	7	1	50	0.110	
140	7	1	50	0.067	
140	7	1	50	0.071	
141	7	1	111	0.065	
141	7	1	109	0.065	
141	7	1	43	0.067	
141	7	1	45	0.102	
141	7	1	44	0.077	
142	7	1	47	0.118	
142	7	1	48	0.114	
142	7	1	45	0.109	
142	7	1	45	0.101	
142	7	1	45	0.092	
143	7	1	63	0.124	
143	7	1	67	0.165	
143	7	1	51	0.076	
143	7	1	50	0.089	
143	7	1	53	0.106	
144	7	1	61	0.108	
144	7	1	64	0.097	
144	7	1	46	0.092	
144	7	1	48	0.087	
144	7	1	46	0.092	
145	7	1	71	0.156	
145	7	1	54	0.182	
145	7	1	46	0.144	
145	7	1	46	0.144	
145	7	1	46	0.144	
146	7	1	47	0.225	
146	7	1	47	0.244	
146	7	1	46	0.163	
146	7	1	46	0.160	
146	7	1	46	0.167	
147	7	1	49	0.110	
147	7	1	49	0.128	
147	7	1	44	0.132	
147	7	1	45	0.138	
147	7	1	45	0.139	
148	7	1	53	0.090	
148	7	1	53	0.093	
148	7	1	78	0.055	
148	7	1	49	0.071	
148	7	1	47	0.080	
149	7	1	46	0.147	
149	7	1	46	0.171	
149	7	1	46	0.088	
149	7	1	45	0.090	
149	7	1	46	0.157	
150	7	1	103	0.060	
150	7	1	71	0.117	
150	7	1	51	0.097	
150	7	1	53	0.081	
150	7	1	53	0.114	
151	7	1	53	0.125	
151	7	1	62	0.097	
151	7	1	45	0.079	
151	7	1	45	0.120	
151	7	1	45	0.102	
152	7	1	46	0.237	
152	7	1	47	0.188	
152	7	1	45	0.105	
152	7	1	45	0.109	
152	7	1	45	0.195	
153	7	1	70	0.078	
153	7	1	57	0.056	
153	7	1	47	0.058	
153	7	0	36	0.028	
153	7	1	35	0.050	
154	7	1	250	0.074	
154	7	1	250	0.094	
154	7	1	49	0.097	
154	7	1	50	0.086	
154	7	1	48	0.149	
155	7	1	52	0.144	
155	7	1	53	0.136	
155	7	1	44	0.084	
155	7	1	44	0.154	
155	7	1	45	0.134	
156	7	1	69	0.320	
156	7	1	67	0.304	
156	7	1	49	0.102	
156	7	1	49	0.090	
156	7	1	44	0.148	
157	7	1	58	0.098	
157	7	1	70	0.063	
157	7	1	71	0.080	
157	7	1	51	0.096	
157	7	1	54	0.041	
158	7	1	56	0.065	
158	7	1	58	0.088	
158	7	1	53	0.059	
158	7	1	34	0.071	
158	7	1	36	0.015	
159	7	1	49	0.279	
159	7	1	48	0.261	
159	7	1	45	0.096	
159	7	1	45	0.085	
159	7	1	45	0.084	
160	7	1	58	0.066	
160	7	1	65	0.097	
160	7	1	44	0.095	
160	7	1	46	0.089	
160	7	1	47	0.123	
161	7	1	47	0.179	
161	7	1	48	0.230	
161	7	1	44	0.161	
161	7	1	44	0.161	
161	7	1	44	0.151	
162	7	1	48	0.091	
162	7	1	47	0.062	
162	7	1	49	0.089	
162	7	1	48	0.098	
162	7	1	46	0.080	
163	7	1	74	0.081	
163	7	1	77	0.101	
163	7	1	24	0.142	
163	7	1	55	0.061	
163	7	1	24	0.108	
164	7	1	51	0.126	
164	7	1	47	0.129	
164	7	1	45	0.125	
164	7	1	45	0.125	
164	7	1	45	0.105	
165	7	1	104	0.068	
165	7	1	86	0.077	
165	7	1	50	0.097	
165	7	1	50	0.086	
165	7	1	51	0.083	
166	7	1	50	0.138	
166	7	1	53	0.127	
166	7	1	45	0.136	
166	7	1	45	0.114	
166	7	1	45	0.114	
167	7	1	49	0.063	
167	7	1	57	0.065	
167	7	1	23	0.053	
167	7	1	23	0.062	
167	7	1	23	0.052	
168	7	1	57	0.167	
168	7	1	56	0.123	
168	7	1	24	0.088	
168	7	1	51	0.035	
168	7	1	48	0.078	
169	7	1	161	0.041	
169	7	0	50	0.022	
169	7	1	68	0.066	
169	7	1	54	0.100	
169	7	1	34	0.087	
170	7	1	51	0.126	
170	7	1	66	0.113	
170	7	1	45	0.123	
170	7	1	46	0.150	
170	7	1	46	0.145	
171	7	1	193	0.041	
171	7	1	74	0.064	
171	7	1	57	0.030	
171	7	1	53	0.089	
171	7	1	58	0.097	
172	7	1	50	0.035	
172	7	1	51	0.084	
172	7	1	45	0.045	
172	7	1	45	0.040	
172	7	1	45	0.054	
173	7	1	60	0.084	
173	7	1	55	0.113	
173	7	1	47	0.103	
173	7	1	47	0.096	
173	7	1	47	0.089	
174	7	1	56	0.165	
174	7	1	52	0.192	
174	7	1	47	0.159	
174	7	1	47	0.108	
174	7	1	47	0.108	
175	7	1	101	0.093	
175	7	1	109	0.074	
175	7	1	53	0.072	
175	7	1	56	0.100	
175	7	1	58	0.083	
176	7	1	63	0.128	
176	7	1	63	0.134	
176	7	1	51	0.095	
176	7	1	51	0.107	
176	7	1	52	0.137	
177	7	1	57	0.096	
177	7	1	61	0.075	
177	7	1	58	0.091	
177	7	1	67	0.081	
177	7	1	55	0.076	
178	7	1	57	0.130	
178	7	1	56	0.131	
178	7	1	44	0.079	
178	7	1	46	0.136	
178	7	1	44	0.063	
179	7	1	81	0.079	
179	7	1	55	0.069	
179	7	1	56	0.105	
179	7	1	55	0.111	
179	7	1	47	0.102	
180	7	1	26	0.084	
180	7	1	55	0.050	
180	7	1	55	0.044	
180	7	1	56	0.083	
180	7	1	55	0.063	
181	7	1	73	0.082	
181	7	1	129	0.041	
181	7	1	56	0.066	
181	7	1	31	0.047	
181	7	1	30	0.048	
182	7	1	194	0.065	
182	7	1	85	0.057	
182	7	1	33	0.063	
182	7	1	33	0.063	
182	7	1	75	0.070	
183	7	1	125	0.074	
183	7	1	159	0.095	
183	7	1	55	0.053	
183	7	1	57	0.132	
183	7	1	51	0.074	
184	7	1	66	0.154	
184	7	1	64	0.114	
184	7	1	55	0.117	
184	7	1	54	0.136	
184	7	1	54	0.135	
185	7	1	47	0.097	
185	7	1	47	0.143	
185	7	1	45	0.130	
185	7	1	46	0.140	
185	7	1	46	0.156	
186	7	1	66	0.044	
186	7	1	55	0.080	
186	7	1	51	0.084	
186	7	1	48	0.065	
186	7	1	44	0.082	
187	7	1	121	0.062	
187	7	1	101	0.101	
187	7	1	46	0.070	
187	7	1	53	0.088	
187	7	1	46	0.061	
188	7	1	63	0.125	
188	7	1	61	0.105	
188	7	1	54	0.123	
188	7	1	54	0.126	
188	7	1	50	0.126	
189	7	1	51	0.056	
189	7	1	60	0.072	
189	7	1	34	0.102	
189	7	1	46	0.098	
189	7	1	46	0.102	
190	7	1	53	0.048	
190	7	1	56	0.101	
190	7	1	52	0.067	
190	7	1	66	0.078	
190	7	1	54	0.086	
191	7	1	81	0.079	
191	7	1	105	0.064	
191	7	1	54	0.063	
191	7	1	56	0.090	
191	7	1	57	0.091	
192	7	1	196	0.037	
192	7	1	132	0.045	
192	7	1	65	0.034	
192	7	1	69	0.068	
192	7	1	39	0.045	
193	7	1	64	0.068	
193	7	1	77	0.095	
193	7	1	48	0.071	
193	7	1	45	0.067	
193	7	1	63	0.046	
194	7	1	71	0.087	
194	7	1	100	0.088	
194	7	1	57	0.095	
194	7	1	58	0.080	
194	7	1	51	0.104	
195	7	1	46	0.089	
195	7	1	46	0.098	
195	7	1	48	0.047	
195	7	1	46	0.099	
195	7	1	49	0.067	
196	7	1	63	0.071	
196	7	1	127	0.071	
196	7	1	44	0.119	
196	7	1	46	0.098	
196	7	1	45	0.105	
197	7	1	72	0.121	
197	7	1	75	0.118	
197	7	1	51	0.092	
197	7	1	49	0.078	
197	7	1	51	0.104	
198	7	1	47	0.082	
198	7	1	54	0.109	
198	7	1	46	0.092	
198	7	1	47	0.119	
198	7	1	46	0.145	
199	7	1	59	0.078	
199	7	1	64	0.091	
199	7	1	47	0.056	
199	7	1	47	0.080	
199	7	1	49	0.089	
200	7	1	54	0.150	
200	7	1	51	0.156	
200	7	1	46	0.094	
200	7	1	45	0.111	
200	7	1	46	0.082	
201	7	1	46	0.069	
201	7	1	47	0.078	
201	7	1	50	0.055	
201	7	1	45	0.104	
201	7	1	45	0.098	
202	7	1	61	0.201	
202	7	1	60	0.197	
202	7	1	48	0.099	
202	7	1	48	0.100	
202	7	1	48	0.107	
203	7	1	73	0.069	
203	7	1	60	0.040	
203	7	1	56	0.071	
203	7	1	67	0.079	
203	7	1	40	0.101	
204	7	1	146	0.104	
204	7	1	190	0.081	
204	7	1	64	0.063	
204	7	1	84	0.094	
204	7	1	39	0.049	
205	7	1	123	0.046	
205	7	1	97	0.072	
205	7	1	73	0.070	
205	7	1	71	0.062	
205	7	1	29	0.056	
206	7	1	250	0.079	
206	7	1	250	0.565	
206	7	1	46	0.116	
206	7	1	49	0.059	
206	7	1	46	0.103	
207	7	1	146	0.074	
207	7	1	107	0.064	
207	7	1	39	0.083	
207	7	1	49	0.036	
207	7	1	39	0.080	
208	7	1	123	0.056	
208	7	1	158	0.070	
208	7	1	76	0.078	
208	7	1	46	0.064	
208	7	1	45	0.077	
209	7	1	55	0.159	
209	7	1	55	0.174	
209	7	1	46	0.139	
209	7	1	54	0.073	
209	7	1	46	0.125	
210	7	1	105	0.060	
210	7	1	106	0.065	
210	7	1	47	0.125	
210	7	1	46	0.109	
210	7	1	46	0.097	
211	7	1	49	0.111	
211	7	1	51	0.100	
211	7	1	56	0.029	
211	7	1	49	0.087	
211	7	1	44	0.070	
212	7	1	47	0.101	
212	7	1	48	0.131	
212	7	1	47	0.144	
212	7	1	47	0.144	
212	7	1	47	0.143	
213	7	1	70	0.101	
213	7	1	76	0.080	
213	7	1	68	0.089	
213	7	1	50	0.100	
213	7	1	49	0.118	
214	7	1	71	0.058	
214	7	1	199	0.063	
214	7	1	52	0.085	
214	7	1	52	0.085	
214	7	1	51	0.047	
215	7	1	58	0.128	
215	7	1	71	0.119	
215	7	1	50	0.110	
215	7	1	47	0.105	
215	7	1	50	0.094	
216	7	1	53	0.141	
216	7	1	57	0.181	
216	7	1	48	0.125	
216	7	1	48	0.089	
216	7	1	48	0.110	
217	7	1	56	0.085	
217	7	1	58	0.088	
217	7	1	57	0.105	
217	7	1	55	0.118	
217	7	0	42	0.028	
218	7	1	73	0.097	
218	7	1	70	0.075	
218	7	1	49	0.089	
218	7	1	49	0.093	
218	7	1	46	0.082	
219	7	1	56	0.143	
219	7	1	64	0.124	
219	7	1	49	0.121	
219	7	1	57	0.075	
219	7	1	49	0.110	
220	7	1	158	0.048	
220	7	1	154	0.066	
220	7	0	31	0.000	
220	7	1	48	0.028	
220	7	1	32	0.024	
221	7	1	80	0.049	
221	7	1	185	0.061	
221	7	1	32	0.068	
221	7	1	32	0.062	
221	7	1	55	0.050	
222	7	1	58	0.115	
222	7	1	24	0.029	
222	7	1	24	0.151	
222	7	1	59	0.077	
222	7	0	21	0.027	
223	7	1	64	0.118	
223	7	1	57	0.125	
223	7	1	51	0.052	
223	7	1	47	0.100	
223	7	1	48	0.104	
224	7	1	46	0.103	
224	7	1	47	0.089	
224	7	1	45	0.097	
224	7	1	45	0.100	
224	7	1	23	0.146	
225	7	1	33	0.056	
225	7	1	74	0.101	
225	7	1	24	0.083	
225	7	1	51	0.106	
225	7	1	51	0.116	
226	7	1	54	0.149	
226	7	1	54	0.125	
226	7	1	44	0.111	
226	7	1	44	0.107	
226	7	1	44	0.106	
227	7	1	59	0.071	
227	7	1	63	0.081	
227	7	1	52	0.087	
227	7	1	47	0.117	
227	7	1	92	0.066	
228	7	1	38	0.070	
228	7	1	63	0.050	
228	7	1	36	0.090	
228	7	1	40	0.071	
228	7	1	62	0.048	
229	7	1	70	0.078	
229	7	1	48	0.122	
229	7	1	45	0.082	
229	7	1	68	0.082	
229	7	1	74	0.054	
230	7	1	29	0.071	
230	7	1	66	0.078	
230	7	1	50	0.067	
230	7	1	47	0.055	
230	7	1	71	0.053	
231	7	1	55	0.189	
231	7	1	63	0.170	
231	7	1	63	0.120	
231	7	1	50	0.071	
231	7	1	52	0.113	
232	7	1	55	0.087	
232	7	1	50	0.054	
232	7	1	47	0.118	
232	7	1	47	0.106	
232	7	1	48	0.118	
233	7	1	46	0.234	
233	7	1	47	0.150	
233	7	1	46	0.148	
233	7	1	46	0.127	
233	7	1	47	0.182	
234	7	1	121	0.105	
234	7	1	90	0.103	
234	7	1	46	0.080	
234	7	1	45	0.082	
234	7	1	45	0.098	
235	7	1	134	0.079	
235	7	1	60	0.102	
235	7	1	29	0.093	
235	7	1	27	0.119	
235	7	1	67	0.087	
236	7	1	46	0.179	
236	7	1	47	0.179	
236	7	1	47	0.178	
236	7	1	46	0.149	
236	7	1	46	0.103	
237	7	1	55	0.119	
237	7	1	171	0.059	
237	7	1	49	0.083	
237	7	1	96	0.058	
237	7	1	49	0.088	
238	7	1	63	0.103	
238	7	1	65	0.081	
238	7	1	34	0.100	
238	7	1	34	0.103	
238	7	1	35	0.061	
239	7	1	65	0.094	
239	7	1	21	0.037	
239	7	1	49	0.079	
239	7	1	51	0.096	
239	7	1	68	0.118	
240	7	1	62	0.110	
240	7	1	66	0.200	
240	7	1	48	0.132	
240	7	1	49	0.127	
240	7	1	49	0.133	
241	7	1	75	0.115	
241	7	1	106	0.102	
241	7	1	48	0.076	
241	7	1	51	0.072	
241	7	1	26	0.057	
242	7	1	46	0.052	
242	7	1	46	0.092	
242	7	1	45	0.054	
242	7	1	46	0.070	
242	7	1	47	0.088	
243	7	1	131	0.050	
243	7	1	78	0.050	
243	7	1	60	0.058	
243	7	1	62	0.076	
243	7	1	29	0.064	
244	7	1	51	0.065	
244	7	1	47	0.093	
244	7	1	47	0.057	
244	7	1	48	0.086	
244	7	1	46	0.081	
245	7	1	130	0.063	
245	7	1	126	0.041	
245	7	1	47	0.086	
245	7	1	47	0.068	
245	7	1	46	0.091	
246	7	1	174	0.075	
246	7	1	97	0.055	
246	7	1	53	0.064	
246	7	1	53	0.074	
246	7	1	51	0.081	
247	7	1	48	0.164	
247	7	1	50	0.216	
247	7	1	46	0.106	
247	7	1	44	0.126	
247	7	1	44	0.135	
248	7	1	58	0.103	
248	7	1	61	0.091	
248	7	1	41	0.069	
248	7	1	48	0.064	
248	7	1	54	0.078	
249	7	1	90	0.039	
249	7	1	136	0.041	
249	7	1	51	0.051	
249	7	1	51	0.068	
249	7	1	53	0.090	
250	7	1	89	0.047	
250	7	1	99	0.063	
250	7	1	58	0.054	
250	7	1	80	0.046	
250	7	1	62	0.052	
251	7	1	49	0.120	
251	7	1	57	0.110	
251	7	1	44	0.090	
251	7	1	44	0.094	
251	7	1	46	0.097	
252	7	1	48	0.097	
252	7	1	47	0.101	
252	7	1	46	0.098	
252	7	1	46	0.098	
252	7	1	46	0.098	
253	7	1	64	0.077	
253	7	1	75	0.078	
253	7	1	29	0.104	
253	7	1	57	0.082	
253	7	1	62	0.092	
254	7	1	104	0.072	
254	7	1	73	0.126	
254	7	1	54	0.101	
254	7	1	53	0.073	
254	7	1	56	0.088	
255	7	1	90	0.095	
255	7	1	158	0.074	
255	7	1	27	0.022	
255	7	1	58	0.072	
255	7	1	53	0.059	
256	7	1	60	0.085	
256	7	1	74	0.089	
256	7	1	49	0.069	
256	7	1	46	0.074	
256	7	1	47	0.083	
257	7	1	48	0.122	
257	7	1	48	0.197	
257	7	1	46	0.148	
257	7	1	46	0.173	
257	7	1	46	0.144	
258	7	1	160	0.035	
258	7	1	135	0.040	
258	7	1	62	0.068	
258	7	1	49	0.066	
258	7	1	44	0.076	
259	7	1	48	0.120	
259	7	1	51	0.181	
259	7	1	60	0.139	
259	7	1	48	0.206	
259	7	1	48	0.103	
260	7	1	77	0.062	
260	7	1	76	0.065	
260	7	1	55	0.082	
260	7	1	64	0.057	
260	7	1	66	0.078	
261	7	1	100	0.062	
261	7	1	88	0.069	
261	7	1	46	0.115	
261	7	1	26	0.103	
261	7	1	47	0.090	
262	7	1	73	0.096	
262	7	1	63	0.083	
262	7	1	35	0.071	
262	7	1	26	0.057	
262	7	0	28	0.019	
263	7	1	50	0.128	
263	7	1	48	0.117	
263	7	1	44	0.099	
263	7	1	44	0.107	
263	7	1	44	0.108	
264	7	1	63	0.078	
264	7	1	69	0.133	
264	7	1	48	0.144	
264	7	1	48	0.122	
264	7	1	46	0.113	
265	7	1	31	0.071	
265	7	1	30	0.063	
265	7	1	93	0.072	
265	7	1	70	0.062	
265	7	1	28	0.068	
266	7	1	95	0.087	
266	7	1	25	0.173	
266	7	1	60	0.097	
266	7	1	57	0.080	
266	7	1	51	0.088	
267	7	1	62	0.092	
267	7	1	52	0.122	
267	7	1	49	0.100	
267	7	1	47	0.128	
267	7	1	52	0.100	
268	7	1	143	0.048	
268	7	1	216	0.052	
268	7	1	50	0.074	
268	7	1	49	0.090	
268	7	1	52	0.073	
269	7	1	56	0.099	
269	7	0	30	0.000	
269	7	1	46	0.113	
269	7	1	46	0.116	
269	7	1	47	0.125	
270	7	1	91	0.149	
270	7	1	46	0.173	
270	7	1	46	0.187	
270	7	1	44	0.127	
270	7	1	46	0.166	
271	7	1	56	0.099	
271	7	1	65	0.079	
271	7	1	30	0.053	
271	7	1	62	0.098	
271	7	1	58	0.087	
272	7	1	103	0.060	
272	7	1	84	0.057	
272	7	1	29	0.101	
272	7	1	52	0.046	
272	7	1	40	0.062	
273	7	1	112	0.076	
273	7	1	96	0.074	
273	7	1	53	0.042	
273	7	1	57	0.115	
273	7	1	26	0.071	
274	7	1	67	0.128	
274	7	1	96	0.135	
274	7	1	45	0.125	
274	7	1	45	0.133	
274	7	1	45	0.133	
275	7	1	51	0.054	
275	7	1	81	0.055	
275	7	1	45	0.058	
275	7	1	40	0.057	
275	7	1	42	0.031	
276	7	1	96	0.053	
276	7	1	88	0.049	
276	7	1	54	0.069	
276	7	1	30	0.063	
276	7	1	22	0.055	
277	7	1	51	0.101	
277	7	1	57	0.107	
277	7	1	50	0.098	
277	7	1	62	0.104	
277	7	1	48	0.107	
278	7	1	75	0.100	
278	7	1	87	0.094	
278	7	1	51	0.104	
278	7	1	47	0.108	
278	7	1	54	0.052	
279	7	1	139	0.037	
279	7	1	202	0.054	
279	7	1	35	0.050	
279	7	1	106	0.060	
279	7	1	56	0.066	
280	7	1	56	0.094	
280	7	1	58	0.100	
280	7	1	55	0.123	
280	7	1	52	0.086	
280	7	1	91	0.096	
281	7	1	88	0.045	
281	7	1	78	0.057	
281	7	1	105	0.060	
281	7	1	57	0.073	
281	7	1	62	0.076	
282	7	1	82	0.061	
282	7	1	84	0.070	
282	7	1	57	0.083	
282	7	1	59	0.047	
282	7	1	62	0.038	
283	7	1	37	0.066	
283	7	1	112	0.057	
283	7	1	30	0.053	
283	7	1	24	0.017	
283	7	1	25	0.044	
284	7	1	52	0.130	
284	7	1	50	0.130	
284	7	1	47	0.124	
284	7	1	46	0.097	
284	7	1	46	0.110	
285	7	1	86	0.063	
285	7	1	73	0.077	
285	7	1	56	0.081	
285	7	1	67	0.067	
285	7	1	61	0.070	
286	7	1	61	0.075	
286	7	1	65	0.072	
286	7	1	52	0.065	
286	7	1	51	0.067	
286	7	1	51	0.083	
287	7	1	85	0.074	
287	7	1	76	0.056	
287	7	1	66	0.050	
287	7	1	60	0.085	
287	7	1	61	0.067	
288	7	1	68	0.092	
288	7	1	54	0.102	
288	7	1	52	0.062	
288	7	1	26	0.087	
288	7	1	53	0.059	
289	7	1	65	0.094	
289	7	1	67	0.103	
289	7	1	55	0.112	
289	7	1	51	0.149	
289	7	1	54	0.112	
290	7	1	83	0.111	
290	7	1	217	0.053	
290	7	1	53	0.068	
290	7	1	56	0.077	
290	7	1	62	0.063	
291	7	1	46	0.199	
291	7	1	47	0.201	
291	7	1	45	0.157	
291	7	1	45	0.143	
291	7	1	47	0.122	
292	7	1	64	0.061	
292	7	1	57	0.095	
292	7	1	60	0.091	
292	7	1	60	0.085	
292	7	1	56	0.066	
293	7	1	96	0.044	
293	7	1	99	0.062	
293	7	1	52	0.053	
293	7	1	55	0.080	
293	7	1	59	0.085	
294	7	1	69	0.098	
294	7	1	77	0.097	
294	7	1	31	0.123	
294	7	1	60	0.065	
294	7	1	59	0.102	
295	7	1	178	0.033	
295	7	1	44	0.047	
295	7	1	29	0.083	
295	7	1	44	0.024	
295	7	1	31	0.024	
296	7	1	51	0.156	
296	7	1	52	0.156	
296	7	1	46	0.121	
296	7	1	45	0.150	
296	7	1	46	0.109	
297	7	1	117	0.056	
297	7	1	107	0.053	
297	7	1	50	0.042	
297	7	1	55	0.068	
297	7	1	55	0.049	
298	7	1	56	0.087	
298	7	1	49	0.078	
298	7	1	29	0.102	
298	7	1	52	0.082	
298	7	1	74	0.053	
299	7	1	115	0.063	
299	7	1	109	0.057	
299	7	1	49	0.088	
299	7	1	82	0.072	
299	7	1	49	0.084	
0	8	1	65	0.169	
0	8	1	77	0.122	
0	8	1	63	0.134	
0	8	1	68	0.139	
0	8	1	43	0.103	
1	8	1	92	0.234	
1	8	1	68	0.257	
1	8	1	62	0.186	
1	8	1	62	0.190	
1	8	1	62	0.183	
2	8	1	84	0.061	
2	8	1	44	0.468	
2	8	1	60	0.130	
2	8	1	59	0.095	
2	8	1	60	0.130	
3	8	1	60	0.170	
3	8	1	62	0.171	
3	8	1	59	0.185	
3	8	1	60	0.208	
3	8	1	59	0.237	
4	8	1	83	0.096	
4	8	1	122	0.125	
4	8	1	73	0.134	
4	8	1	79	0.129	
4	8	1	84	0.084	
5	8	1	59	0.302	
5	8	1	59	0.302	
5	8	1	59	0.205	
5	8	1	59	0.194	
5	8	1	59	0.194	
6	8	1	80	0.184	
6	8	1	87	0.139	
6	8	1	66	0.144	
6	8	1	62	0.158	
6	8	1	64	0.137	
7	8	1	70	0.080	
7	8	1	67	0.083	
7	8	1	66	0.070	
7	8	1	66	0.057	
7	8	1	64	0.080	
8	8	1	71	0.149	
8	8	1	69	0.113	
8	8	1	62	0.156	
8	8	1	61	0.187	
8	8	1	62	0.168	
9	8	1	60	0.256	
9	8	1	60	0.269	
9	8	1	60	0.180	
9	8	1	60	0.192	
9	8	1	60	0.187	
10	8	1	63	0.259	
10	8	1	64	0.239	
10	8	1	60	0.150	
10	8	1	60	0.156	
10	8	1	59	0.146	
11	8	1	61	0.221	
11	8	1	62	0.236	
11	8	1	59	0.168	
11	8	1	59	0.168	
11	8	1	59	0.168	
12	8	1	78	0.178	
12	8	1	76	0.207	
12	8	1	60	0.149	
12	8	1	65	0.134	
12	8	1	61	0.125	
13	8	1	63	0.120	
13	8	1	61	0.102	
13	8	1	60	0.133	
13	8	1	60	0.103	
13	8	1	60	0.147	
14	8	1	71	0.233	
14	8	1	63	0.204	
14	8	1	61	0.148	
14	8	1	61	0.128	
14	8	1	60	0.146	
15	8	1	62	0.265	
15	8	1	62	0.287	
15	8	1	61	0.177	
15	8	1	61	0.159	
15	8	1	61	0.183	
16	8	1	73	0.186	
16	8	1	83	0.211	
16	8	1	64	0.127	
16	8	1	65	0.101	
16	8	1	63	0.163	
17	8	1	61	0.309	
17	8	1	63	0.336	
17	8	1	60	0.166	
17	8	1	60	0.187	
17	8	1	60	0.181	
18	8	1	59	0.279	
18	8	1	60	0.269	
18	8	1	59	0.164	
18	8	1	59	0.168	
18	8	1	59	0.168	
19	8	1	70	0.172	
19	8	1	71	0.145	
19	8	1	77	0.131	
19	8	1	67	0.125	
19	8	1	65	0.132	
20	8	1	60	0.277	
20	8	1	60	0.277	
20	8	1	60	0.203	
20	8	1	59	0.165	
20	8	1	59	0.164	
21	8	1	62	0.221	
21	8	1	62	0.268	
21	8	1	61	0.146	
21	8	1	61	0.176	
21	8	1	61	0.195	
22	8	1	69	0.177	
22	8	1	64	0.149	
22	8	1	60	0.172	
22	8	1	60	0.146	
22	8	1	60	0.150	
23	8	1	62	0.155	
23	8	1	66	0.163	
23	8	1	63	0.133	
23	8	1	63	0.133	
23	8	1	47	0.091	
24	8	1	73	0.132	
24	8	1	72	0.164	
24	8	1	62	0.155	
24	8	1	63	0.105	
24	8	1	70	0.092	
25	8	1	59	0.158	
25	8	1	59	0.158	
25	8	1	59	0.182	
25	8	1	59	0.122	
25	8	1	59	0.122	
26	8	1	66	0.258	
26	8	1	61	0.237	
26	8	1	60	0.177	
26	8	1	60	0.176	
26	8	1	60	0.163	
27	8	1	62	0.230	
27	8	1	61	0.206	
27	8	1	59	0.136	
27	8	1	59	0.134	
27	8	1	59	0.134	
28	8	1	65	0.280	
28	8	1	60	0.284	
28	8	1	59	0.225	
28	8	1	59	0.190	
28	8	1	59	0.178	
29	8	1	53	0.060	
29	8	1	58	0.033	
29	8	1	45	0.063	
29	8	1	86	0.078	
29	8	1	45	0.060	
30	8	1	70	0.215	
30	8	1	72	0.230	
30	8	1	76	0.106	
30	8	1	74	0.165	
30	8	1	65	0.155	
31	8	1	62	0.285	
31	8	1	66	0.310	
31	8	1	60	0.123	
31	8	1	60	0.134	
31	8	1	60	0.160	
32	8	1	61	0.277	
32	8	1	61	0.283	
32	8	1	59	0.204	
32	8	1	59	0.149	
32	8	1	59	0.149	
33	8	1	37	0.071	
33	8	1	48	0.076	
33	8	1	42	0.071	
33	8	1	40	0.036	
33	8	1	33	0.062	
34	8	1	68	0.267	
34	8	1	68	0.267	
34	8	1	60	0.181	
34	8	1	60	0.185	
34	8	1	60	0.183	
35	8	1	67	0.108	
35	8	1	70	0.066	
35	8	1	59	0.106	
35	8	1	64	0.113	
35	8	1	59	0.106	
36	8	1	59	0.216	
36	8	1	60	0.251	
36	8	1	59	0.167	
36	8	1	59	0.204	
36	8	1	59	0.204	
37	8	1	76	0.110	
37	8	1	73	0.148	
37	8	1	63	0.125	
37	8	1	62	0.124	
37	8	1	62	0.090	
38	8	1	73	0.134	
38	8	1	68	0.140	
38	8	1	62	0.122	
38	8	1	62	0.117	
38	8	1	62	0.119	
39	8	1	64	0.181	
39	8	1	61	0.173	
39	8	1	59	0.163	
39	8	1	59	0.163	
39	8	1	59	0.148	
40	8	1	59	0.357	
40	8	1	59	0.349	
40	8	1	59	0.343	
40	8	1	59	0.344	
40	8	1	59	0.343	
41	8	1	59	0.288	
41	8	1	59	0.285	
41	8	1	59	0.211	
41	8	1	59	0.206	
41	8	1	59	0.206	
42	8	1	59	0.638	
42	8	1	59	0.638	
42	8	1	59	0.638	
42	8	1	59	0.638	
42	8	1	59	0.638	
43	8	1	84	0.140	
43	8	1	76	0.167	
43	8	1	90	0.106	
43	8	1	93	0.107	
43	8	1	74	0.121	
44	8	1	78	0.115	
44	8	1	88	0.117	
44	8	1	67	0.076	
44	8	1	65	0.070	
44	8	1	65	0.072	
45	8	1	77	0.106	
45	8	1	80	0.082	
45	8	1	62	0.111	
45	8	1	29	0.151	
45	8	1	68	0.121	
46	8	1	71	0.106	
46	8	1	71	0.077	
46	8	1	69	0.112	
46	8	1	67	0.088	
46	8	1	66	0.111	
47	8	1	76	0.073	
47	8	1	75	0.079	
47	8	1	64	0.084	
47	8	1	78	0.082	
47	8	1	69	0.081	
48	8	1	67	0.190	
48	8	1	68	0.200	
48	8	1	113	0.157	
48	8	1	66	0.162	
48	8	1	65	0.156	
49	8	1	75	0.199	
49	8	1	85	0.148	
49	8	1	79	0.128	
49	8	1	64	0.114	
49	8	1	65	0.118	
50	8	1	70	0.257	
50	8	1	65	0.226	
50	8	1	66	0.216	
50	8	1	69	0.182	
50	8	1	69	0.170	
51	8	1	61	0.243	
51	8	1	69	0.312	
51	8	1	60	0.174	
51	8	1	60	0.169	
51	8	1	60	0.210	
52	8	1	61	0.256	
52	8	1	62	0.243	
52	8	1	61	0.174	
52	8	1	60	0.141	
52	8	1	61	0.163	
53	8	1	64	0.112	
53	8	1	64	0.111	
53	8	1	64	0.098	
53	8	1	63	0.187	
53	8	1	63	0.185	
54	8	1	60	0.257	
54	8	1	60	0.301	
54	8	1	59	0.210	
54	8	1	59	0.197	
54	8	1	59	0.210	
55	8	1	70	0.083	
55	8	1	81	0.074	
55	8	1	71	0.102	
55	8	1	62	0.124	
55	8	1	67	0.104	
56	8	1	64	0.270	
56	8	1	65	0.246	
56	8	1	63	0.156	
56	8	1	63	0.167	
56	8	1	62	0.181	
57	8	1	77	0.047	
57	8	1	76	0.071	
57	8	1	114	0.088	
57	8	1	66	0.119	
57	8	1	66	0.108	
58	8	1	154	0.148	
58	8	1	101	0.125	
58	8	1	70	0.119	
58	8	1	80	0.081	
58	8	1	67	0.116	
59	8	1	76	0.082	
59	8	1	90	0.093	
59	8	1	44	0.067	
59	8	1	63	0.100	
59	8	1	62	0.062	
60	8	1	91	0.079	
60	8	1	98	0.088	
60	8	1	59	0.114	
60	8	1	61	0.100	
60	8	1	60	0.113	
61	8	1	59	0.385	
61	8	1	59	0.381	
61	8	1	59	0.385	
61	8	1	59	0.381	
61	8	1	59	0.381	
62	8	1	84	0.095	
62	8	1	75	0.036	
62	8	1	65	0.067	
62	8	1	66	0.069	
62	8	1	67	0.099	
63	8	1	76	0.129	
63	8	1	71	0.180	
63	8	1	61	0.162	
63	8	1	66	0.204	
63	8	1	62	0.156	
64	8	1	76	0.186	
64	8	1	73	0.141	
64	8	1	63	0.174	
64	8	1	62	0.167	
64	8	1	62	0.162	
65	8	1	61	0.338	
65	8	1	60	0.309	
65	8	1	59	0.223	
65	8	1	59	0.212	
65	8	1	59	0.199	
66	8	1	71	0.142	
66	8	1	79	0.102	
66	8	1	61	0.149	
66	8	1	61	0.151	
66	8	1	61	0.149	
67	8	1	59	0.364	
67	8	1	59	0.364	
67	8	1	59	0.341	
67	8	1	59	0.340	
67	8	1	59	0.340	
68	8	1	68	0.215	
68	8	1	65	0.250	
68	8	1	61	0.163	
68	8	1	61	0.187	
68	8	1	60	0.143	
69	8	1	73	0.146	
69	8	1	62	0.083	
69	8	1	61	0.102	
69	8	1	62	0.153	
69	8	1	62	0.119	
70	8	1	66	0.263	
70	8	1	64	0.253	
70	8	1	62	0.209	
70	8	1	62	0.181	
70	8	1	62	0.213	
71	8	1	67	0.206	
71	8	1	66	0.192	
71	8	1	59	0.150	
71	8	1	59	0.152	
71	8	1	59	0.152	
72	8	1	59	0.229	
72	8	1	61	0.270	
72	8	1	59	0.209	
72	8	1	59	0.222	
72	8	1	59	0.243	
73	8	1	61	0.161	
73	8	1	61	0.142	
73	8	1	60	0.194	
73	8	1	60	0.175	
73	8	1	60	0.185	
74	8	1	77	0.204	
74	8	1	71	0.177	
74	8	1	61	0.160	
74	8	1	60	0.220	
74	8	1	60	0.182	
75	8	1	59	0.360	
75	8	1	59	0.364	
75	8	1	59	0.360	
75	8	1	59	0.360	
75	8	1	59	0.360	
76	8	1	67	0.203	
76	8	1	66	0.198	
76	8	1	61	0.190	
76	8	1	61	0.175	
76	8	1	61	0.169	
77	8	1	59	0.214	
77	8	1	60	0.247	
77	8	1	60	0.171	
77	8	1	60	0.194	
77	8	1	60	0.173	
78	8	1	71	0.166	
78	8	1	69	0.162	
78	8	1	62	0.081	
78	8	1	64	0.099	
78	8	1	62	0.144	
79	8	1	60	0.265	
79	8	1	72	0.279	
79	8	1	60	0.223	
79	8	1	60	0.188	
79	8	1	60	0.213	
80	8	1	71	0.094	
80	8	1	66	0.181	
80	8	1	29	0.121	
80	8	1	72	0.132	
80	8	1	29	0.133	
81	8	1	62	0.152	
81	8	1	61	0.162	
81	8	1	60	0.189	
81	8	1	60	0.154	
81	8	1	59	0.146	
82	8	1	83	0.039	
82	8	1	67	0.086	
82	8	1	60	0.094	
82	8	1	61	0.078	
82	8	1	60	0.078	
83	8	1	65	0.218	
83	8	1	66	0.274	
83	8	1	62	0.237	
83	8	1	61	0.198	
83	8	1	62	0.237	
84	8	1	60	0.245	
84	8	1	60	0.242	
84	8	1	59	0.176	
84	8	1	60	0.176	
84	8	1	59	0.154	
85	8	1	67	0.135	
85	8	1	68	0.140	
85	8	1	63	0.110	
85	8	1	63	0.120	
85	8	1	30	0.119	
86	8	1	90	0.111	
86	8	1	82	0.142	
86	8	1	64	0.148	
86	8	1	64	0.143	
86	8	1	71	0.127	
87	8	1	60	0.267	
87	8	1	71	0.313	
87	8	1	59	0.216	
87	8	1	59	0.238	
87	8	1	59	0.238	
88	8	1	60	0.207	
88	8	1	60	0.238	
88	8	1	60	0.186	
88	8	1	60	0.167	
88	8	1	60	0.167	
89	8	1	61	0.141	
89	8	1	62	0.157	
89	8	1	61	0.130	
89	8	1	61	0.120	
89	8	1	62	0.146	
90	8	1	60	0.189	
90	8	1	60	0.188	
90	8	1	60	0.197	
90	8	1	60	0.154	
90	8	1	60	0.197	
91	8	1	63	0.199	
91	8	1	63	0.228	
91	8	1	62	0.206	
91	8	1	62	0.142	
91	8	1	62	0.126	
92	8	1	61	0.148	
92	8	1	60	0.159	
92	8	1	59	0.164	
92	8	1	60	0.155	
92	8	1	60	0.151	
93	8	1	59	0.790	
93	8	1	59	0.790	
93	8	1	59	0.792	
93	8	1	59	0.792	
93	8	1	59	0.792	
94	8	1	59	0.375	
94	8	1	59	0.375	
94	8	1	59	0.385	
94	8	1	59	0.385	
94	8	1	59	0.385	
95	8	1	65	0.142	
95	8	1	72	0.194	
95	8	1	59	0.164	
95	8	1	60	0.177	
95	8	1	60	0.160	
96	8	1	65	0.215	
96	8	1	66	0.206	
96	8	1	65	0.190	
96	8	1	64	0.153	
96	8	1	64	0.165	
97	8	1	73	0.082	
97	8	1	71	0.157	
97	8	1	61	0.128	
97	8	1	66	0.084	
97	8	1	61	0.128	
98	8	1	71	0.212	
98	8	1	70	0.176	
98	8	1	61	0.144	
98	8	1	61	0.148	
98	8	1	60	0.137	
99	8	1	83	0.129	
99	8	1	91	0.138	
99	8	1	65	0.137	
99	8	1	65	0.116	
99	8	1	76	0.071	
100	8	1	66	0.169	
100	8	1	63	0.217	
100	8	1	60	0.155	
100	8	1	60	0.158	
100	8	1	60	0.165	
101	8	1	62	0.295	
101	8	1	62	0.292	
101	8	1	60	0.173	
101	8	1	60	0.181	
101	8	1	60	0.157	
102	8	1	61	0.175	
102	8	1	67	0.128	
102	8	1	62	0.163	
102	8	1	61	0.190	
102	8	1	61	0.166	
103	8	1	78	0.094	
103	8	1	89	0.134	
103	8	1	76	0.081	
103	8	1	67	0.131	
103	8	1	72	0.114	
104	8	1	103	0.070	
104	8	1	114	0.057	
104	8	1	62	0.112	
104	8	1	74	0.085	
104	8	1	61	0.126	
105	8	1	74	0.164	
105	8	1	86	0.128	
105	8	1	35	0.134	
105	8	1	66	0.073	
105	8	1	63	0.141	
106	8	1	65	0.218	
106	8	1	65	0.200	
106	8	1	62	0.097	
106	8	1	62	0.143	
106	8	1	63	0.122	
107	8	1	65	0.277	
107	8	1	69	0.249	
107	8	1	62	0.094	
107	8	1	62	0.192	
107	8	1	62	0.160	
108	8	1	59	0.209	
108	8	1	59	0.209	
108	8	1	59	0.163	
108	8	1	59	0.140	
108	8	1	59	0.140	
109	8	1	71	0.196	
109	8	1	85	0.259	
109	8	1	61	0.156	
109	8	1	61	0.166	
109	8	1	61	0.167	
110	8	1	70	0.119	
110	8	1	75	0.092	
110	8	1	62	0.132	
110	8	1	61	0.168	
110	8	1	61	0.151	
111	8	1	124	0.031	
111	8	1	114	0.071	
111	8	1	82	0.106	
111	8	1	84	0.099	
111	8	1	82	0.096	
112	8	1	84	0.053	
112	8	1	83	0.066	
112	8	1	71	0.065	
112	8	1	38	0.150	
112	8	1	63	0.079	
113	8	1	72	0.087	
113	8	1	80	0.139	
113	8	1	75	0.108	
113	8	1	69	0.106	
113	8	1	69	0.132	
114	8	1	87	0.124	
114	8	1	85	0.103	
114	8	1	64	0.096	
114	8	1	67	0.117	
114	8	1	68	0.093	
115	8	1	77	0.118	
115	8	1	74	0.055	
115	8	1	60	0.127	
115	8	1	61	0.129	
115	8	1	34	0.132	
116	8	1	66	0.246	
116	8	1	64	0.300	
116	8	1	60	0.150	
116	8	1	62	0.149	
116	8	1	61	0.193	
117	8	1	83	0.111	
117	8	1	100	0.124	
117	8	1	85	0.122	
117	8	1	36	0.153	
117	8	1	72	0.117	
118	8	1	94	0.127	
118	8	1	88	0.101	
118	8	1	69	0.128	
118	8	1	73	0.069	
118	8	1	67	0.139	
119	8	1	88	0.119	
119	8	1	76	0.119	
119	8	1	75	0.143	
119	8	1	72	0.096	
119	8	1	74	0.096	
120	8	1	79	0.175	
120	8	1	74	0.179	
120	8	1	65	0.113	
120	8	1	66	0.105	
120	8	1	65	0.119	
121	8	1	81	0.135	
121	8	1	83	0.139	
121	8	1	62	0.113	
121	8	1	65	0.108	
121	8	1	65	0.137	
122	8	1	62	0.170	
122	8	1	63	0.222	
122	8	1	61	0.172	
122	8	1	61	0.184	
122	8	1	61	0.168	
123	8	1	81	0.166	
123	8	1	81	0.142	
123	8	1	74	0.129	
123	8	1	65	0.087	
123	8	1	67	0.135	
124	8	1	85	0.132	
124	8	1	71	0.145	
124	8	1	68	0.157	
124	8	1	68	0.144	
124	8	1	68	0.166	
125	8	1	77	0.113	
125	8	1	69	0.127	
125	8	1	61	0.115	
125	8	1	61	0.130	
125	8	1	61	0.124	
126	8	1	73	0.113	
126	8	1	72	0.093	
126	8	1	63	0.120	
126	8	1	65	0.083	
126	8	1	63	0.111	
127	8	1	74	0.150	
127	8	1	74	0.130	
127	8	1	74	0.019	
127	8	1	64	0.095	
127	8	1	65	0.146	
128	8	1	59	0.279	
128	8	1	59	0.211	
128	8	1	59	0.131	
128	8	1	59	0.152	
128	8	1	59	0.159	
129	8	1	78	0.157	
129	8	1	75	0.087	
129	8	1	30	0.164	
129	8	1	29	0.126	
129	8	1	74	0.064	
130	8	1	61	0.216	
130	8	1	63	0.170	
130	8	1	61	0.101	
130	8	1	62	0.106	
130	8	1	60	0.169	
131	8	1	83	0.182	
131	8	1	68	0.171	
131	8	1	61	0.129	
131	8	1	61	0.116	
131	8	1	61	0.111	
132	8	1	67	0.177	
132	8	1	78	0.158	
132	8	1	62	0.194	
132	8	1	62	0.164	
132	8	1	62	0.128	
133	8	1	114	0.083	
133	8	1	69	0.174	
133	8	1	63	0.115	
133	8	1	63	0.148	
133	8	1	63	0.131	
134	8	1	77	0.178	
134	8	1	66	0.156	
134	8	1	61	0.149	
134	8	1	74	0.113	
134	8	1	66	0.139	
135	8	1	60	0.238	
135	8	1	60	0.227	
135	8	1	60	0.177	
135	8	1	60	0.176	
135	8	1	60	0.157	
136	8	1	102	0.096	
136	8	1	113	0.131	
136	8	1	69	0.083	
136	8	1	70	0.073	
136	8	1	71	0.097	
137	8	1	95	0.015	
137	8	1	113	0.066	
137	8	1	79	0.105	
137	8	1	69	0.069	
137	8	1	80	0.084	
138	8	1	82	0.095	
138	8	1	77	0.134	
138	8	1	77	0.136	
138	8	1	78	0.101	
138	8	1	73	0.080	
139	8	1	71	0.146	
139	8	1	65	0.148	
139	8	1	60	0.086	
139	8	1	59	0.153	
139	8	1	60	0.120	
140	8	1	91	0.098	
140	8	1	81	0.120	
140	8	1	63	0.125	
140	8	1	63	0.095	
140	8	1	64	0.095	
141	8	1	69	0.109	
141	8	1	72	0.091	
141	8	1	61	0.102	
141	8	1	61	0.102	
141	8	1	61	0.102	
142	8	1	69	0.124	
142	8	1	70	0.093	
142	8	1	60	0.129	
142	8	1	61	0.103	
142	8	1	60	0.128	
143	8	1	73	0.171	
143	8	1	78	0.165	
143	8	1	65	0.135	
143	8	1	66	0.178	
143	8	1	65	0.152	
144	8	1	64	0.088	
144	8	1	64	0.112	
144	8	1	62	0.126	
144	8	1	61	0.105	
144	8	1	61	0.105	
145	8	1	65	0.269	
145	8	1	62	0.248	
145	8	1	60	0.177	
145	8	1	59	0.163	
145	8	1	60	0.164	
146	8	1	62	0.264	
146	8	1	61	0.289	
146	8	1	61	0.307	
146	8	1	61	0.137	
146	8	1	61	0.200	
147	8	1	63	0.106	
147	8	1	67	0.143	
147	8	1	59	0.133	
147	8	1	59	0.136	
147	8	1	61	0.105	
148	8	1	81	0.088	
148	8	1	86	0.097	
148	8	1	62	0.090	
148	8	1	61	0.111	
148	8	1	62	0.110	
149	8	1	66	0.153	
149	8	1	69	0.161	
149	8	1	63	0.134	
149	8	1	64	0.140	
149	8	1	64	0.148	
150	8	1	80	0.088	
150	8	1	75	0.108	
150	8	1	157	0.088	
150	8	1	76	0.076	
150	8	1	68	0.102	
151	8	1	74	0.126	
151	8	1	74	0.130	
151	8	1	60	0.089	
151	8	1	61	0.115	
151	8	1	61	0.079	
152	8	1	67	0.250	
152	8	1	67	0.215	
152	8	1	61	0.150	
152	8	1	61	0.184	
152	8	1	61	0.176	
153	8	1	77	0.060	
153	8	1	105	0.045	
153	8	1	46	0.035	
153	8	1	69	0.049	
153	8	1	88	0.082	
154	8	1	70	0.197	
154	8	1	68	0.149	
154	8	1	65	0.118	
154	8	1	65	0.123	
154	8	1	65	0.123	
155	8	1	76	0.111	
155	8	1	79	0.142	
155	8	1	63	0.106	
155	8	1	60	0.174	
155	8	1	60	0.157	
156	8	1	61	0.266	
156	8	1	61	0.258	
156	8	1	60	0.153	
156	8	1	59	0.152	
156	8	1	60	0.153	
157	8	1	93	0.103	
157	8	1	75	0.109	
157	8	1	68	0.072	
157	8	1	62	0.091	
157	8	1	63	0.099	
158	8	1	98	0.101	
158	8	1	55	0.097	
158	8	1	79	0.078	
158	8	1	82	0.083	
158	8	1	102	0.040	
159	8	1	60	0.324	
159	8	1	60	0.323	
159	8	1	60	0.190	
159	8	1	59	0.216	
159	8	1	60	0.190	
160	8	1	75	0.099	
160	8	1	83	0.069	
160	8	1	61	0.104	
160	8	1	61	0.079	
160	8	1	60	0.082	
161	8	1	60	0.235	
161	8	1	60	0.236	
161	8	1	59	0.163	
161	8	1	60	0.178	
161	8	1	60	0.166	
162	8	1	79	0.122	
162	8	1	93	0.131	
162	8	1	61	0.124	
162	8	1	61	0.135	
162	8	1	64	0.134	
163	8	1	94	0.056	
163	8	1	95	0.079	
163	8	1	67	0.108	
163	8	1	68	0.085	
163	8	1	69	0.073	
164	8	1	250	0.265	
164	8	1	250	0.326	
164	8	1	60	0.167	
164	8	1	60	0.143	
164	8	1	60	0.166	
165	8	1	80	0.124	
165	8	1	74	0.080	
165	8	1	63	0.079	
165	8	1	66	0.081	
165	8	1	62	0.088	
166	8	1	71	0.067	
166	8	1	126	0.127	
166	8	1	61	0.123	
166	8	1	61	0.122	
166	8	1	62	0.115	
167	8	1	31	0.016	
167	8	1	37	0.065	
167	8	1	30	0.068	
167	8	1	28	0.054	
167	8	1	27	0.047	
168	8	1	81	0.196	
168	8	1	71	0.142	
168	8	1	63	0.138	
168	8	1	64	0.145	
168	8	1	64	0.135	
169	8	1	74	0.082	
169	8	1	109	0.096	
169	8	1	83	0.100	
169	8	1	76	0.093	
169	8	1	62	0.081	
170	8	1	82	0.145	
170	8	1	75	0.138	
170	8	1	60	0.133	
170	8	1	60	0.184	
170	8	1	60	0.145	
171	8	1	97	0.128	
171	8	1	83	0.143	
171	8	1	67	0.139	
171	8	1	66	0.134	
171	8	1	67	0.110	
172	8	1	77	0.098	
172	8	1	73	0.125	
172	8	1	61	0.073	
172	8	1	60	0.076	
172	8	1	60	0.071	
173	8	1	84	0.178	
173	8	1	82	0.165	
173	8	1	65	0.137	
173	8	1	70	0.116	
173	8	1	66	0.132	
174	8	1	82	0.108	
174	8	1	80	0.143	
174	8	1	62	0.163	
174	8	1	61	0.109	
174	8	1	61	0.120	
175	8	1	100	0.115	
175	8	1	37	0.123	
175	8	1	64	0.049	
175	8	1	64	0.100	
175	8	1	65	0.109	
176	8	1	77	0.187	
176	8	1	83	0.159	
176	8	1	68	0.167	
176	8	1	67	0.143	
176	8	1	68	0.144	
177	8	1	75	0.126	
177	8	1	73	0.175	
177	8	1	66	0.187	
177	8	1	72	0.134	
177	8	1	62	0.171	
178	8	1	74	0.124	
178	8	1	67	0.154	
178	8	1	68	0.116	
178	8	1	62	0.095	
178	8	1	62	0.060	
179	8	1	70	0.068	
179	8	1	80	0.107	
179	8	1	61	0.117	
179	8	1	62	0.119	
179	8	1	61	0.091	
180	8	1	94	0.094	
180	8	1	85	0.100	
180	8	1	66	0.117	
180	8	1	34	0.103	
180	8	1	65	0.100	
181	8	1	86	0.097	
181	8	1	79	0.105	
181	8	1	74	0.123	
181	8	1	63	0.140	
181	8	1	65	0.141	
182	8	1	82	0.064	
182	8	1	80	0.081	
182	8	1	71	0.061	
182	8	1	43	0.086	
182	8	1	81	0.077	
183	8	1	71	0.152	
183	8	1	69	0.159	
183	8	1	69	0.168	
183	8	1	76	0.162	
183	8	1	77	0.144	
184	8	1	82	0.173	
184	8	1	67	0.173	
184	8	1	64	0.146	
184	8	1	64	0.137	
184	8	1	69	0.138	
185	8	1	78	0.126	
185	8	1	85	0.156	
185	8	1	63	0.107	
185	8	1	62	0.141	
185	8	1	63	0.149	
186	8	1	90	0.139	
186	8	1	83	0.088	
186	8	1	67	0.135	
186	8	1	71	0.074	
186	8	1	72	0.090	
187	8	1	77	0.119	
187	8	1	86	0.102	
187	8	1	61	0.115	
187	8	1	64	0.074	
187	8	1	63	0.085	
188	8	1	91	0.104	
188	8	1	79	0.097	
188	8	1	66	0.087	
188	8	1	64	0.106	
188	8	1	65	0.093	
189	8	1	91	0.085	
189	8	1	85	0.089	
189	8	1	60	0.095	
189	8	1	41	0.103	
189	8	1	60	0.095	
190	8	1	74	0.103	
190	8	1	78	0.128	
190	8	1	66	0.086	
190	8	1	78	0.095	
190	8	1	64	0.069	
191	8	1	87	0.058	
191	8	1	82	0.045	
191	8	1	70	0.092	
191	8	1	33	0.126	
191	8	1	68	0.105	
192	8	1	81	0.104	
192	8	1	33	0.101	
192	8	1	105	0.107	
192	8	1	30	0.140	
192	8	1	105	0.080	
193	8	1	83	0.082	
193	8	1	101	0.099	
193	8	1	64	0.083	
193	8	1	83	0.074	
193	8	1	65	0.076	
194	8	1	118	0.064	
194	8	1	122	0.071	
194	8	1	63	0.120	
194	8	1	64	0.084	
194	8	1	74	0.083	
195	8	1	68	0.090	
195	8	1	69	0.092	
195	8	1	63	0.101	
195	8	1	63	0.104	
195	8	1	65	0.089	
196	8	1	73	0.101	
196	8	1	73	0.102	
196	8	1	60	0.123	
196	8	1	63	0.106	
196	8	1	61	0.126	
197	8	1	73	0.128	
197	8	1	72	0.119	
197	8	1	70	0.116	
197	8	1	67	0.150	
197	8	1	69	0.094	
198	8	1	68	0.090	
198	8	1	67	0.125	
198	8	1	62	0.127	
198	8	1	61	0.137	
198	8	1	117	0.091	
199	8	1	75	0.064	
199	8	1	72	0.028	
199	8	1	68	0.079	
199	8	1	67	0.079	
199	8	1	67	0.086	
200	8	1	66	0.141	
200	8	1	68	0.137	
200	8	1	61	0.134	
200	8	1	61	0.143	
200	8	1	70	0.097	
201	8	1	82	0.101	
201	8	1	50	0.124	
201	8	1	62	0.122	
201	8	1	66	0.107	
201	8	1	63	0.119	
202	8	1	75	0.094	
202	8	1	78	0.168	
202	8	1	62	0.139	
202	8	1	61	0.150	
202	8	1	60	0.147	
203	8	1	73	0.098	
203	8	1	87	0.125	
203	8	1	74	0.067	
203	8	1	85	0.062	
203	8	1	85	0.076	
204	8	1	79	0.116	
204	8	1	79	0.116	
204	8	1	66	0.091	
204	8	1	62	0.078	
204	8	1	63	0.123	
205	8	1	89	0.101	
205	8	1	91	0.085	
205	8	1	51	0.085	
205	8	1	96	0.086	
205	8	1	77	0.097	
206	8	1	83	0.088	
206	8	1	66	0.002	
206	8	1	60	0.099	
206	8	1	61	0.097	
206	8	1	61	0.080	
207	8	1	84	0.095	
207	8	1	101	0.110	
207	8	1	68	0.117	
207	8	1	49	0.074	
207	8	1	66	0.114	
208	8	1	85	0.061	
208	8	1	84	0.098	
208	8	1	61	0.109	
208	8	1	68	0.114	
208	8	1	61	0.063	
209	8	1	66	0.139	
209	8	1	65	0.180	
209	8	1	65	0.171	
209	8	1	65	0.168	
209	8	1	65	0.168	
210	8	1	117	0.105	
210	8	1	113	0.117	
210	8	1	61	0.139	
210	8	1	107	0.098	
210	8	1	61	0.112	
211	8	1	97	0.093	
211	8	1	98	0.108	
211	8	1	61	0.139	
211	8	1	80	0.086	
211	8	1	60	0.128	
212	8	1	67	0.123	
212	8	1	70	0.101	
212	8	1	60	0.123	
212	8	1	60	0.150	
212	8	1	62	0.125	
213	8	1	90	0.115	
213	8	1	89	0.090	
213	8	1	64	0.103	
213	8	1	66	0.096	
213	8	1	63	0.112	
214	8	1	86	0.086	
214	8	1	88	0.112	
214	8	1	74	0.078	
214	8	1	72	0.090	
214	8	1	74	0.063	
215	8	1	68	0.132	
215	8	1	66	0.159	
215	8	1	79	0.146	
215	8	1	64	0.122	
215	8	1	63	0.145	
216	8	1	83	0.089	
216	8	1	72	0.166	
216	8	1	63	0.140	
216	8	1	63	0.125	
216	8	1	63	0.115	
217	8	1	100	0.064	
217	8	1	97	0.097	
217	8	1	64	0.125	
217	8	1	67	0.116	
217	8	1	64	0.112	
218	8	1	72	0.123	
218	8	1	70	0.095	
218	8	1	60	0.070	
218	8	1	64	0.076	
218	8	1	61	0.110	
219	8	1	81	0.168	
219	8	1	77	0.125	
219	8	1	64	0.124	
219	8	1	62	0.122	
219	8	1	63	0.133	
220	8	1	42	0.069	
220	8	1	46	0.064	
220	8	1	67	0.054	
220	8	1	60	0.086	
220	8	1	79	0.074	
221	8	1	96	0.056	
221	8	1	90	0.062	
221	8	1	73	0.069	
221	8	1	64	0.032	
221	8	1	205	0.061	
222	8	1	81	0.098	
222	8	1	72	0.138	
222	8	1	29	0.158	
222	8	1	109	0.096	
222	8	1	65	0.103	
223	8	1	73	0.109	
223	8	1	70	0.131	
223	8	1	64	0.133	
223	8	1	63	0.125	
223	8	1	63	0.109	
224	8	1	96	0.058	
224	8	1	103	0.049	
224	8	1	64	0.073	
224	8	1	64	0.078	
224	8	1	66	0.125	
225	8	1	29	0.092	
225	8	1	28	0.094	
225	8	1	29	0.109	
225	8	1	28	0.067	
225	8	1	69	0.069	
226	8	1	63	0.125	
226	8	1	71	0.059	
226	8	1	114	0.129	
226	8	1	114	0.135	
226	8	1	99	0.140	
227	8	1	80	0.146	
227	8	1	84	0.141	
227	8	1	69	0.100	
227	8	1	68	0.106	
227	8	1	67	0.116	
228	8	1	67	0.135	
228	8	1	56	0.100	
228	8	1	53	0.109	
228	8	1	87	0.100	
228	8	1	85	0.102	
229	8	1	90	0.098	
229	8	1	111	0.094	
229	8	1	64	0.103	
229	8	1	62	0.097	
229	8	1	63	0.112	
230	8	1	67	0.092	
230	8	1	66	0.115	
230	8	1	65	0.106	
230	8	1	68	0.091	
230	8	1	64	0.111	
231	8	1	66	0.200	
231	8	1	65	0.205	
231	8	1	61	0.166	
231	8	1	61	0.182	
231	8	1	62	0.160	
232	8	1	112	0.089	
232	8	1	96	0.090	
232	8	1	63	0.123	
232	8	1	63	0.099	
232	8	1	64	0.101	
233	8	1	61	0.310	
233	8	1	61	0.313	
233	8	1	59	0.174	
233	8	1	59	0.170	
233	8	1	59	0.175	
234	8	1	87	0.064	
234	8	1	78	0.125	
234	8	1	66	0.126	
234	8	1	64	0.108	
234	8	1	63	0.118	
235	8	1	70	0.126	
235	8	1	84	0.078	
235	8	1	63	0.126	
235	8	1	34	0.130	
235	8	1	64	0.118	
236	8	1	63	0.166	
236	8	1	63	0.115	
236	8	1	61	0.176	
236	8	1	61	0.166	
236	8	1	62	0.176	
237	8	1	112	0.063	
237	8	1	113	0.072	
237	8	1	72	0.062	
237	8	1	70	0.078	
237	8	1	63	0.076	
238	8	1	96	0.129	
238	8	1	89	0.086	
238	8	1	70	0.074	
238	8	1	77	0.057	
238	8	1	68	0.111	
239	8	1	66	0.280	
239	8	1	69	0.244	
239	8	1	63	0.135	
239	8	1	62	0.137	
239	8	1	91	0.046	
240	8	1	67	0.178	
240	8	1	70	0.223	
240	8	1	71	0.172	
240	8	1	69	0.171	
240	8	1	66	0.141	
241	8	1	80	0.125	
241	8	1	40	0.110	
241	8	1	65	0.113	
241	8	1	65	0.115	
241	8	1	73	0.128	
242	8	1	89	0.099	
242	8	1	86	0.102	
242	8	1	70	0.069	
242	8	1	63	0.080	
242	8	1	63	0.102	
243	8	1	92	0.067	
243	8	1	101	0.051	
243	8	1	50	0.080	
243	8	1	71	0.064	
243	8	1	70	0.064	
244	8	1	86	0.044	
244	8	1	95	0.074	
244	8	1	70	0.064	
244	8	1	65	0.089	
244	8	1	80	0.085	
245	8	1	88	0.095	
245	8	1	89	0.078	
245	8	1	66	0.092	
245	8	1	67	0.087	
245	8	1	64	0.093	
246	8	1	46	0.162	
246	8	1	95	0.046	
246	8	0	34	0.000	
246	8	1	68	0.096	
246	8	1	71	0.090	
247	8	1	62	0.221	
247	8	1	62	0.231	
247	8	1	60	0.112	
247	8	1	60	0.147	
247	8	1	60	0.140	
248	8	1	75	0.111	
248	8	1	77	0.104	
248	8	1	65	0.149	
248	8	1	68	0.141	
248	8	1	68	0.151	
249	8	1	75	0.158	
249	8	1	89	0.135	
249	8	1	78	0.109	
249	8	1	67	0.115	
249	8	1	79	0.111	
250	8	1	79	0.088	
250	8	1	73	0.080	
250	8	1	74	0.078	
250	8	1	69	0.102	
250	8	1	94	0.094	
251	8	1	62	0.104	
251	8	1	63	0.085	
251	8	1	60	0.120	
251	8	1	61	0.148	
251	8	1	60	0.109	
252	8	1	72	0.090	
252	8	1	74	0.091	
252	8	1	60	0.101	
252	8	1	59	0.096	
252	8	1	59	0.095	
253	8	1	88	0.081	
253	8	1	39	0.057	
253	8	1	71	0.100	
253	8	1	73	0.068	
253	8	1	66	0.100	
254	8	1	91	0.136	
254	8	1	80	0.115	
254	8	1	70	0.126	
254	8	1	71	0.089	
254	8	1	70	0.112	
255	8	1	83	0.101	
255	8	1	80	0.103	
255	8	1	44	0.093	
255	8	1	72	0.080	
255	8	1	67	0.082	
256	8	1	80	0.091	
256	8	1	79	0.097	
256	8	1	61	0.092	
256	8	1	62	0.102	
256	8	1	65	0.101	
257	8	1	64	0.263	
257	8	1	63	0.165	
257	8	1	61	0.228	
257	8	1	61	0.205	
257	8	1	61	0.205	
258	8	1	106	0.040	
258	8	1	78	0.065	
258	8	1	63	0.073	
258	8	1	63	0.053	
258	8	1	61	0.042	
259	8	1	122	0.104	
259	8	1	62	0.195	
259	8	1	62	0.174	
259	8	1	62	0.196	
259	8	1	62	0.151	
260	8	1	100	0.091	
260	8	1	103	0.103	
260	8	1	85	0.078	
260	8	1	85	0.114	
260	8	1	77	0.088	
261	8	1	70	0.116	
261	8	1	72	0.103	
261	8	1	64	0.098	
261	8	1	62	0.137	
261	8	1	61	0.112	
262	8	1	101	0.095	
262	8	1	104	0.080	
262	8	1	71	0.082	
262	8	1	69	0.116	
262	8	1	80	0.071	
263	8	1	93	0.101	
263	8	1	90	0.107	
263	8	1	61	0.109	
263	8	1	61	0.084	
263	8	1	62	0.134	
264	8	1	77	0.136	
264	8	1	69	0.107	
264	8	1	63	0.071	
264	8	1	63	0.061	
264	8	1	64	0.140	
265	8	1	42	0.166	
265	8	1	109	0.124	
265	8	1	79	0.091	
265	8	1	39	0.125	
265	8	1	36	0.116	
266	8	1	96	0.105	
266	8	1	77	0.103	
266	8	1	80	0.080	
266	8	1	75	0.068	
266	8	1	78	0.091	
267	8	1	68	0.085	
267	8	1	71	0.124	
267	8	1	66	0.076	
267	8	1	63	0.090	
267	8	1	63	0.096	
268	8	1	72	0.113	
268	8	1	85	0.056	
268	8	1	64	0.078	
268	8	1	66	0.079	
268	8	1	71	0.072	
269	8	1	76	0.096	
269	8	1	71	0.080	
269	8	1	64	0.104	
269	8	1	61	0.116	
269	8	1	63	0.092	
270	8	1	67	0.189	
270	8	1	65	0.165	
270	8	1	61	0.176	
270	8	1	61	0.164	
270	8	1	61	0.163	
271	8	1	40	0.112	
271	8	1	83	0.063	
271	8	1	74	0.076	
271	8	0	39	0.000	
271	8	1	80	0.059	
272	8	1	61	0.069	
272	8	1	95	0.064	
272	8	1	84	0.074	
272	8	1	250	0.108	
272	8	1	59	0.060	
273	8	1	109	0.093	
273	8	1	133	0.106	
273	8	1	73	0.083	
273	8	1	69	0.074	
273	8	1	74	0.114	
274	8	1	66	0.220	
274	8	1	69	0.185	
274	8	1	60	0.156	
274	8	1	59	0.141	
274	8	1	59	0.141	
275	8	1	120	0.046	
275	8	1	91	0.056	
275	8	1	96	0.039	
275	8	1	49	0.105	
275	8	1	44	0.088	
276	8	1	42	0.099	
276	8	1	94	0.102	
276	8	1	43	0.099	
276	8	1	106	0.054	
276	8	1	59	0.076	
277	8	1	69	0.122	
277	8	1	69	0.123	
277	8	1	64	0.076	
277	8	1	63	0.116	
277	8	1	65	0.094	
278	8	1	83	0.112	
278	8	1	89	0.110	
278	8	1	124	0.087	
278	8	1	65	0.084	
278	8	1	66	0.075	
279	8	1	93	0.075	
279	8	1	81	0.108	
279	8	1	80	0.063	
279	8	1	92	0.093	
279	8	1	82	0.074	
280	8	1	93	0.102	
280	8	1	89	0.115	
280	8	1	83	0.106	
280	8	1	69	0.080	
280	8	1	75	0.054	
281	8	1	83	0.104	
281	8	1	93	0.095	
281	8	1	92	0.088	
281	8	1	83	0.104	
281	8	1	155	0.055	
282	8	1	115	0.110	
282	8	1	114	0.061	
282	8	1	67	0.088	
282	8	1	86	0.071	
282	8	1	93	0.086	
283	8	1	43	0.043	
283	8	1	44	0.043	
283	8	1	32	0.051	
283	8	1	250	0.032	
283	8	1	36	0.051	
284	8	1	93	0.103	
284	8	1	84	0.118	
284	8	1	67	0.131	
284	8	1	68	0.108	
284	8	1	81	0.103	
285	8	1	117	0.065	
285	8	1	112	0.046	
285	8	1	68	0.092	
285	8	1	82	0.075	
285	8	1	73	0.075	
286	8	1	83	0.084	
286	8	1	76	0.102	
286	8	1	71	0.097	
286	8	1	67	0.106	
286	8	1	68	0.086	
287	8	1	96	0.063	
287	8	1	96	0.091	
287	8	1	72	0.105	
287	8	1	73	0.075	
287	8	1	79	0.091	
288	8	1	83	0.046	
288	8	1	83	0.052	
288	8	1	72	0.082	
288	8	1	72	0.073	
288	8	1	69	0.095	
289	8	1	87	0.189	
289	8	1	65	0.164	
289	8	1	91	0.110	
289	8	1	67	0.200	
289	8	1	77	0.151	
290	8	1	189	0.126	
290	8	1	191	0.110	
290	8	1	45	0.098	
290	8	1	76	0.099	
290	8	1	76	0.103	
291	8	1	61	0.195	
291	8	1	61	0.264	
291	8	1	61	0.202	
291	8	1	61	0.202	
291	8	1	61	0.202	
292	8	1	76	0.138	
292	8	1	83	0.109	
292	8	1	70	0.147	
292	8	1	70	0.136	
292	8	1	69	0.109	
293	8	1	92	0.122	
293	8	1	102	0.132	
293	8	1	69	0.040	
293	8	1	74	0.096	
293	8	1	66	0.074	
294	8	1	103	0.096	
294	8	1	98	0.099	
294	8	1	40	0.137	
294	8	1	100	0.064	
294	8	1	40	0.137	
295	8	1	99	0.049	
295	8	1	92	0.092	
295	8	1	74	0.037	
295	8	1	69	0.096	
295	8	1	72	0.102	
296	8	1	66	0.168	
296	8	1	71	0.154	
296	8	1	63	0.142	
296	8	1	63	0.142	
296	8	1	62	0.123	
297	8	1	114	0.053	
297	8	1	113	0.060	
297	8	1	70	0.054	
297	8	1	62	0.004	
297	8	1	69	0.039	
298	8	0	61	0.010	
298	8	1	113	0.094	
298	8	1	72	0.088	
298	8	1	71	0.104	
298	8	1	70	0.085	
299	8	1	130	0.078	
299	8	1	133	0.071	
299	8	1	66	0.086	
299	8	1	76	0.086	
299	8	1	71	0.087	
0	9	1	112	0.091	
0	9	1	77	0.192	
0	9	1	81	0.098	
0	9	1	69	0.128	
0	9	1	76	0.099	
1	9	1	77	0.189	
1	9	1	80	0.181	
1	9	1	71	0.159	
1	9	1	72	0.150	
1	9	1	72	0.147	
2	9	1	87	0.082	
2	9	1	86	0.101	
2	9	1	68	0.130	
2	9	1	68	0.115	
2	9	1	105	0.103	
3	9	1	68	0.217	
3	9	1	68	0.215	
3	9	1	68	0.162	
3	9	1	68	0.204	
3	9	1	68	0.166	
4	9	1	115	0.120	
4	9	1	97	0.126	
4	9	1	83	0.124	
4	9	1	82	0.116	
4	9	1	72	0.118	
5	9	1	68	0.289	
5	9	1	68	0.268	
5	9	1	67	0.197	
5	9	1	67	0.196	
5	9	1	67	0.196	
6	9	1	71	0.167	
6	9	1	99	0.174	
6	9	1	70	0.138	
6	9	1	70	0.158	
6	9	1	71	0.147	
7	9	1	76	0.106	
7	9	1	73	0.105	
7	9	1	88	0.063	
7	9	1	71	0.075	
7	9	1	71	0.111	
8	9	1	72	0.174	
8	9	1	73	0.138	
8	9	1	71	0.172	
8	9	1	71	0.178	
8	9	1	71	0.172	
9	9	1	68	0.236	
9	9	1	68	0.244	
9	9	1	68	0.193	
9	9	1	68	0.193	
9	9	1	68	0.196	
10	9	1	68	0.211	
10	9	1	68	0.211	
10	9	1	69	0.132	
10	9	1	68	0.126	
10	9	1	68	0.127	
11	9	1	69	0.321	
11	9	1	70	0.278	
11	9	1	68	0.156	
11	9	1	68	0.156	
11	9	1	68	0.156	
12	9	1	70	0.228	
12	9	1	77	0.213	
12	9	1	70	0.170	
12	9	1	70	0.138	
12	9	1	70	0.136	
13	9	1	72	0.113	
13	9	1	72	0.127	
13	9	1	70	0.116	
13	9	1	69	0.126	
13	9	1	70	0.123	
14	9	1	70	0.238	
14	9	1	71	0.261	
14	9	1	69	0.163	
14	9	1	69	0.169	
14	9	1	71	0.163	
15	9	1	72	0.262	
15	9	1	72	0.289	
15	9	1	69	0.161	
15	9	1	70	0.176	
15	9	1	70	0.159	
16	9	1	86	0.201	
16	9	1	90	0.171	
16	9	1	73	0.154	
16	9	1	72	0.145	
16	9	1	72	0.168	
17	9	1	70	0.266	
17	9	1	70	0.292	
17	9	1	69	0.163	
17	9	1	69	0.159	
17	9	1	69	0.145	
18	9	1	69	0.270	
18	9	1	68	0.297	
18	9	1	68	0.167	
18	9	1	68	0.177	
18	9	1	68	0.170	
19	9	1	78	0.175	
19	9	1	78	0.175	
19	9	1	74	0.116	
19	9	1	76	0.121	
19	9	1	76	0.120	
20	9	1	68	0.283	
20	9	1	68	0.278	
20	9	1	68	0.161	
20	9	1	68	0.149	
20	9	1	68	0.149	
21	9	1	71	0.304	
21	9	1	73	0.300	
21	9	1	70	0.161	
21	9	1	70	0.159	
21	9	1	70	0.159	
22	9	1	69	0.143	
22	9	1	74	0.150	
22	9	1	69	0.138	
22	9	1	69	0.134	
22	9	1	68	0.129	
23	9	1	73	0.187	
23	9	1	76	0.167	
23	9	1	29	0.132	
23	9	1	68	0.123	
23	9	1	29	0.132	
24	9	1	81	0.096	
24	9	1	81	0.072	
24	9	1	72	0.139	
24	9	1	72	0.151	
24	9	1	71	0.118	
25	9	1	68	0.250	
25	9	1	68	0.263	
25	9	1	68	0.130	
25	9	1	68	0.143	
25	9	1	68	0.128	
26	9	1	69	0.168	
26	9	1	69	0.169	
26	9	1	69	0.158	
26	9	1	68	0.145	
26	9	1	69	0.150	
27	9	1	76	0.176	
27	9	1	76	0.176	
27	9	1	68	0.199	
27	9	1	68	0.201	
27	9	1	68	0.201	
28	9	1	68	0.295	
28	9	1	76	0.310	
28	9	1	68	0.179	
28	9	1	68	0.159	
28	9	1	68	0.166	
29	9	1	60	0.051	
29	9	1	52	0.067	
29	9	1	40	0.117	
29	9	1	40	0.108	
29	9	1	40	0.117	
30	9	1	76	0.155	
30	9	1	75	0.146	
30	9	1	75	0.149	
30	9	1	73	0.115	
30	9	1	74	0.129	
31	9	1	69	0.271	
31	9	1	69	0.274	
31	9	1	69	0.182	
31	9	1	69	0.181	
31	9	1	69	0.174	
32	9	1	68	0.225	
32	9	1	68	0.220	
32	9	1	68	0.149	
32	9	1	68	0.149	
32	9	1	68	0.149	
33	9	1	50	0.062	
33	9	1	49	0.059	
33	9	1	41	0.082	
33	9	1	39	0.059	
33	9	1	43	0.061	
34	9	1	70	0.272	
34	9	1	69	0.242	
34	9	1	69	0.211	
34	9	1	69	0.176	
34	9	1	69	0.211	
35	9	1	86	0.073	
35	9	1	84	0.094	
35	9	1	69	0.095	
35	9	1	68	0.116	
35	9	1	70	0.123	
36	9	1	68	0.185	
36	9	1	71	0.195	
36	9	1	68	0.195	
36	9	1	67	0.217	
36	9	1	68	0.195	
37	9	1	78	0.052	
37	9	1	90	0.109	
37	9	1	77	0.098	
37	9	1	76	0.069	
37	9	1	71	0.100	
38	9	1	93	0.164	
38	9	1	87	0.152	
38	9	1	71	0.109	
38	9	1	70	0.102	
38	9	1	70	0.124	
39	9	1	70	0.233	
39	9	1	69	0.174	
39	9	1	67	0.159	
39	9	1	68	0.164	
39	9	1	68	0.148	
40	9	1	67	0.357	
40	9	1	67	0.353	
40	9	1	67	0.350	
40	9	1	67	0.350	
40	9	1	67	0.352	
41	9	1	68	0.282	
41	9	1	68	0.311	
41	9	1	67	0.227	
41	9	1	67	0.227	
41	9	1	67	0.227	
42	9	1	67	0.656	
42	9	1	67	0.656	
42	9	1	67	0.656	
42	9	1	67	0.656	
42	9	1	67	0.656	
43	9	1	91	0.142	
43	9	1	99	0.167	
43	9	1	151	0.101	
43	9	1	72	0.111	
43	9	1	87	0.107	
44	9	1	81	0.112	
44	9	1	76	0.130	
44	9	1	79	0.121	
44	9	1	76	0.109	
44	9	1	76	0.119	
45	9	1	69	0.095	
45	9	1	77	0.133	
45	9	1	69	0.118	
45	9	1	69	0.081	
45	9	1	69	0.114	
46	9	1	78	0.126	
46	9	1	83	0.095	
46	9	1	74	0.089	
46	9	1	74	0.126	
46	9	1	75	0.125	
47	9	1	78	0.085	
47	9	1	87	0.068	
47	9	1	76	0.088	
47	9	1	77	0.078	
47	9	1	74	0.079	
48	9	1	75	0.168	
48	9	1	75	0.190	
48	9	1	74	0.135	
48	9	1	74	0.167	
48	9	1	73	0.142	
49	9	1	100	0.171	
49	9	1	99	0.125	
49	9	1	75	0.093	
49	9	1	71	0.139	
49	9	1	72	0.122	
50	9	1	76	0.314	
50	9	1	75	0.274	
50	9	1	70	0.169	
50	9	1	81	0.131	
50	9	1	76	0.151	
51	9	1	70	0.335	
51	9	1	69	0.305	
51	9	1	68	0.192	
51	9	1	68	0.219	
51	9	1	68	0.184	
52	9	1	70	0.299	
52	9	1	71	0.289	
52	9	1	69	0.131	
52	9	1	69	0.156	
52	9	1	69	0.126	
53	9	1	77	0.176	
53	9	1	76	0.184	
53	9	1	72	0.173	
53	9	1	72	0.173	
53	9	1	72	0.175	
54	9	1	68	0.311	
54	9	1	73	0.309	
54	9	1	68	0.218	
54	9	1	68	0.218	
54	9	1	68	0.197	
55	9	1	86	0.053	
55	9	1	97	0.064	
55	9	1	69	0.124	
55	9	1	71	0.118	
55	9	1	73	0.100	
56	9	1	74	0.259	
56	9	1	72	0.253	
56	9	1	71	0.200	
56	9	1	71	0.178	
56	9	1	72	0.212	
57	9	1	89	0.122	
57	9	0	60	0.017	
57	9	1	76	0.096	
57	9	1	78	0.072	
57	9	1	77	0.095	
58	9	1	89	0.142	
58	9	1	93	0.151	
58	9	1	79	0.087	
58	9	1	94	0.089	
58	9	1	77	0.113	
59	9	1	87	0.079	
59	9	1	100	0.075	
59	9	1	76	0.076	
59	9	1	74	0.078	
59	9	1	72	0.064	
60	9	1	82	0.079	
60	9	1	68	0.068	
60	9	1	69	0.108	
60	9	1	68	0.109	
60	9	1	72	0.108	
61	9	1	68	0.392	
61	9	1	67	0.401	
61	9	1	67	0.401	
61	9	1	67	0.401	
61	9	1	67	0.401	
62	9	1	108	0.079	
62	9	1	87	0.021	
62	9	1	74	0.041	
62	9	1	73	0.085	
62	9	1	81	0.085	
63	9	1	75	0.150	
63	9	1	75	0.132	
63	9	1	71	0.146	
63	9	1	72	0.117	
63	9	1	72	0.178	
64	9	1	72	0.186	
64	9	1	73	0.187	
64	9	1	73	0.138	
64	9	1	71	0.141	
64	9	1	71	0.141	
65	9	1	68	0.235	
65	9	1	68	0.228	
65	9	1	68	0.171	
65	9	1	68	0.179	
65	9	1	68	0.171	
66	9	1	70	0.162	
66	9	1	72	0.127	
66	9	1	70	0.168	
66	9	1	69	0.137	
66	9	1	69	0.153	
67	9	1	67	0.362	
67	9	1	67	0.362	
67	9	1	67	0.362	
67	9	1	67	0.362	
67	9	1	67	0.362	
68	9	1	72	0.234	
68	9	1	71	0.291	
68	9	1	70	0.172	
68	9	1	69	0.141	
68	9	1	69	0.155	
69	9	1	76	0.095	
69	9	1	78	0.095	
69	9	1	70	0.154	
69	9	1	77	0.146	
69	9	1	76	0.128	
70	9	1	81	0.174	
70	9	1	71	0.197	
70	9	1	70	0.170	
70	9	1	71	0.143	
70	9	1	71	0.161	
71	9	1	68	0.210	
71	9	1	68	0.209	
71	9	1	68	0.173	
71	9	1	68	0.157	
71	9	1	68	0.151	
72	9	1	68	0.236	
72	9	1	70	0.260	
72	9	1	67	0.225	
72	9	1	67	0.229	
72	9	1	68	0.228	
73	9	1	76	0.259	
73	9	1	71	0.214	
73	9	1	69	0.130	
73	9	1	69	0.118	
73	9	1	69	0.153	
74	9	1	86	0.189	
74	9	1	92	0.167	
74	9	1	47	0.200	
74	9	1	69	0.127	
74	9	1	68	0.191	
75	9	1	67	0.372	
75	9	1	67	0.372	
75	9	1	67	0.357	
75	9	1	67	0.357	
75	9	1	67	0.347	
76	9	1	76	0.198	
76	9	1	71	0.150	
76	9	1	69	0.151	
76	9	1	70	0.180	
76	9	1	70	0.156	
77	9	1	68	0.253	
77	9	1	68	0.232	
77	9	1	68	0.136	
77	9	1	68	0.144	
77	9	1	68	0.143	
78	9	1	84	0.159	
78	9	1	84	0.136	
78	9	1	71	0.107	
78	9	1	72	0.154	
78	9	1	72	0.162	
79	9	1	68	0.268	
79	9	1	69	0.300	
79	9	1	68	0.177	
79	9	1	68	0.167	
79	9	1	68	0.187	
80	9	1	85	0.178	
80	9	1	79	0.162	
80	9	1	72	0.110	
80	9	1	31	0.114	
80	9	1	73	0.109	
81	9	1	97	0.188	
81	9	1	92	0.178	
81	9	1	71	0.108	
81	9	1	69	0.166	
81	9	1	69	0.114	
82	9	1	104	0.042	
82	9	1	83	0.050	
82	9	1	68	0.082	
82	9	1	70	0.051	
82	9	1	70	0.047	
83	9	1	71	0.222	
83	9	1	71	0.227	
83	9	1	70	0.182	
83	9	1	70	0.186	
83	9	1	70	0.182	
84	9	1	68	0.178	
84	9	1	68	0.199	
84	9	1	68	0.125	
84	9	1	68	0.147	
84	9	1	68	0.110	
85	9	1	89	0.151	
85	9	1	80	0.188	
85	9	1	72	0.121	
85	9	1	72	0.141	
85	9	1	78	0.131	
86	9	1	92	0.110	
86	9	1	91	0.088	
86	9	1	73	0.120	
86	9	1	73	0.159	
86	9	1	72	0.140	
87	9	1	69	0.319	
87	9	1	68	0.265	
87	9	1	68	0.267	
87	9	1	68	0.203	
87	9	1	68	0.202	
88	9	1	68	0.302	
88	9	1	68	0.257	
88	9	1	68	0.174	
88	9	1	68	0.196	
88	9	1	68	0.174	
89	9	1	71	0.148	
89	9	1	126	0.072	
89	9	1	73	0.114	
89	9	1	68	0.157	
89	9	1	86	0.092	
90	9	1	70	0.294	
90	9	1	69	0.312	
90	9	1	68	0.234	
90	9	1	68	0.226	
90	9	1	68	0.186	
91	9	1	71	0.210	
91	9	1	72	0.210	
91	9	1	71	0.151	
91	9	1	70	0.174	
91	9	1	71	0.175	
92	9	1	72	0.119	
92	9	1	70	0.144	
92	9	1	68	0.129	
92	9	1	68	0.107	
92	9	1	67	0.149	
93	9	1	67	0.797	
93	9	1	67	0.797	
93	9	1	67	0.797	
93	9	1	67	0.797	
93	9	1	67	0.797	
94	9	1	67	0.372	
94	9	1	67	0.372	
94	9	1	68	0.400	
94	9	1	67	0.372	
94	9	1	67	0.372	
95	9	1	73	0.196	
95	9	1	80	0.197	
95	9	1	68	0.155	
95	9	1	68	0.162	
95	9	1	68	0.155	
96	9	1	82	0.203	
96	9	1	77	0.135	
96	9	1	73	0.133	
96	9	1	73	0.142	
96	9	1	73	0.129	
97	9	1	71	0.177	
97	9	1	70	0.108	
97	9	1	68	0.095	
97	9	1	68	0.121	
97	9	1	68	0.117	
98	9	1	77	0.135	
98	9	1	73	0.140	
98	9	1	69	0.150	
98	9	1	68	0.134	
98	9	1	70	0.119	
99	9	1	78	0.127	
99	9	1	79	0.112	
99	9	1	80	0.096	
99	9	1	82	0.096	
99	9	1	76	0.103	
100	9	1	72	0.204	
100	9	1	72	0.227	
100	9	1	69	0.146	
100	9	1	69	0.167	
100	9	1	69	0.161	
101	9	1	69	0.251	
101	9	1	69	0.251	
101	9	1	68	0.140	
101	9	1	68	0.146	
101	9	1	68	0.149	
102	9	1	70	0.194	
102	9	1	73	0.179	
102	9	1	69	0.134	
102	9	1	70	0.121	
102	9	1	70	0.114	
103	9	1	93	0.101	
103	9	1	91	0.098	
103	9	1	74	0.148	
103	9	1	75	0.110	
103	9	1	72	0.112	
104	9	1	84	0.068	
104	9	1	84	0.108	
104	9	1	70	0.102	
104	9	1	69	0.117	
104	9	1	69	0.114	
105	9	1	83	0.177	
105	9	1	83	0.142	
105	9	1	76	0.123	
105	9	1	74	0.130	
105	9	1	72	0.108	
106	9	1	85	0.178	
106	9	1	75	0.193	
106	9	1	70	0.169	
106	9	1	70	0.137	
106	9	1	70	0.170	
107	9	1	75	0.244	
107	9	1	75	0.224	
107	9	1	70	0.128	
107	9	1	70	0.125	
107	9	1	70	0.145	
108	9	1	68	0.241	
108	9	1	68	0.230	
108	9	1	68	0.143	
108	9	1	68	0.183	
108	9	1	68	0.183	
109	9	1	72	0.169	
109	9	1	91	0.248	
109	9	1	72	0.160	
109	9	1	84	0.175	
109	9	1	75	0.150	
110	9	1	76	0.175	
110	9	1	77	0.200	
110	9	1	70	0.165	
110	9	1	70	0.152	
110	9	1	70	0.177	
111	9	1	110	0.110	
111	9	1	130	0.081	
111	9	1	89	0.107	
111	9	1	89	0.103	
111	9	1	92	0.103	
112	9	1	72	0.049	
112	9	1	85	0.063	
112	9	1	79	0.076	
112	9	1	74	0.074	
112	9	1	71	0.070	
113	9	1	103	0.113	
113	9	1	99	0.120	
113	9	1	88	0.100	
113	9	1	78	0.138	
113	9	1	75	0.114	
114	9	1	111	0.085	
114	9	1	91	0.106	
114	9	1	82	0.061	
114	9	1	74	0.072	
114	9	1	72	0.109	
115	9	1	76	0.079	
115	9	1	83	0.128	
115	9	1	69	0.136	
115	9	1	69	0.130	
115	9	1	69	0.118	
116	9	1	71	0.230	
116	9	1	72	0.229	
116	9	1	69	0.141	
116	9	1	69	0.172	
116	9	1	70	0.136	
117	9	1	91	0.111	
117	9	1	87	0.095	
117	9	1	77	0.121	
117	9	1	81	0.105	
117	9	1	90	0.125	
118	9	1	84	0.118	
118	9	1	81	0.145	
118	9	1	77	0.141	
118	9	1	78	0.093	
118	9	1	77	0.128	
119	9	1	81	0.150	
119	9	1	85	0.138	
119	9	1	77	0.164	
119	9	1	75	0.131	
119	9	1	87	0.086	
120	9	1	87	0.187	
120	9	1	79	0.124	
120	9	1	74	0.146	
120	9	1	74	0.102	
120	9	1	74	0.096	
121	9	1	128	0.077	
121	9	1	115	0.111	
121	9	1	44	0.134	
121	9	1	73	0.150	
121	9	1	77	0.125	
122	9	1	71	0.222	
122	9	1	72	0.241	
122	9	1	69	0.186	
122	9	1	69	0.155	
122	9	1	69	0.141	
123	9	1	122	0.149	
123	9	1	100	0.144	
123	9	1	75	0.126	
123	9	1	77	0.092	
123	9	1	74	0.118	
124	9	1	96	0.158	
124	9	1	87	0.148	
124	9	1	75	0.120	
124	9	1	75	0.177	
124	9	1	75	0.115	
125	9	1	89	0.113	
125	9	1	88	0.175	
125	9	1	72	0.120	
125	9	1	69	0.160	
125	9	1	72	0.121	
126	9	1	74	0.127	
126	9	1	85	0.088	
126	9	1	72	0.099	
126	9	1	72	0.124	
126	9	1	72	0.125	
127	9	1	77	0.125	
127	9	1	78	0.135	
127	9	1	72	0.130	
127	9	1	73	0.123	
127	9	1	72	0.143	
128	9	1	118	0.174	
128	9	1	68	0.248	
128	9	1	67	0.116	
128	9	1	68	0.149	
128	9	1	68	0.129	
129	9	1	80	0.191	
129	9	1	82	0.145	
129	9	1	72	0.112	
129	9	1	71	0.135	
129	9	1	30	0.201	
130	9	1	70	0.226	
130	9	1	70	0.253	
130	9	1	68	0.168	
130	9	1	68	0.153	
130	9	1	68	0.162	
131	9	1	73	0.163	
131	9	1	79	0.176	
131	9	1	76	0.140	
131	9	1	70	0.163	
131	9	1	70	0.127	
132	9	1	81	0.165	
132	9	1	77	0.146	
132	9	1	72	0.106	
132	9	1	71	0.148	
132	9	1	71	0.166	
133	9	1	74	0.157	
133	9	1	74	0.100	
133	9	1	78	0.113	
133	9	1	72	0.112	
133	9	1	73	0.129	
134	9	1	78	0.169	
134	9	1	77	0.179	
134	9	1	69	0.141	
134	9	1	69	0.157	
134	9	1	69	0.142	
135	9	1	69	0.252	
135	9	1	69	0.236	
135	9	1	69	0.177	
135	9	1	69	0.171	
135	9	1	69	0.201	
136	9	1	74	0.116	
136	9	1	83	0.126	
136	9	1	76	0.110	
136	9	1	76	0.072	
136	9	1	72	0.122	
137	9	1	87	0.088	
137	9	1	97	0.060	
137	9	1	75	0.106	
137	9	1	188	0.064	
137	9	1	77	0.099	
138	9	1	98	0.103	
138	9	1	96	0.084	
138	9	1	80	0.096	
138	9	1	86	0.110	
138	9	1	80	0.106	
139	9	1	75	0.172	
139	9	1	79	0.106	
139	9	1	68	0.135	
139	9	1	68	0.122	
139	9	1	68	0.126	
140	9	1	83	0.082	
140	9	1	83	0.094	
140	9	1	72	0.119	
140	9	1	72	0.111	
140	9	1	72	0.122	
141	9	1	103	0.130	
141	9	1	110	0.068	
141	9	1	69	0.149	
141	9	1	69	0.149	
141	9	1	69	0.137	
142	9	1	75	0.102	
142	9	1	76	0.123	
142	9	1	68	0.126	
142	9	1	68	0.116	
142	9	1	68	0.127	
143	9	1	88	0.172	
143	9	1	77	0.131	
143	9	1	74	0.115	
143	9	1	74	0.121	
143	9	1	77	0.116	
144	9	1	82	0.067	
144	9	1	79	0.102	
144	9	1	71	0.078	
144	9	1	78	0.070	
144	9	1	72	0.078	
145	9	1	81	0.247	
145	9	1	70	0.218	
145	9	1	68	0.178	
145	9	1	68	0.137	
145	9	1	72	0.147	
146	9	1	70	0.288	
146	9	1	70	0.318	
146	9	1	70	0.178	
146	9	1	69	0.146	
146	9	1	69	0.137	
147	9	1	75	0.107	
147	9	1	78	0.126	
147	9	1	68	0.139	
147	9	1	68	0.141	
147	9	1	77	0.135	
148	9	1	85	0.101	
148	9	1	83	0.096	
148	9	1	35	0.127	
148	9	1	70	0.110	
148	9	1	35	0.128	
149	9	1	100	0.157	
149	9	1	100	0.153	
149	9	1	72	0.164	
149	9	1	72	0.157	
149	9	1	72	0.154	
150	9	1	93	0.121	
150	9	1	105	0.067	
150	9	1	73	0.112	
150	9	1	72	0.115	
150	9	1	73	0.079	
151	9	1	83	0.114	
151	9	1	83	0.103	
151	9	1	69	0.095	
151	9	1	70	0.134	
151	9	1	69	0.112	
152	9	1	70	0.225	
152	9	1	70	0.228	
152	9	1	70	0.211	
152	9	1	70	0.181	
152	9	1	70	0.198	
153	9	1	82	0.075	
153	9	1	78	0.065	
153	9	1	58	0.057	
153	9	1	59	0.079	
153	9	1	109	0.052	
154	9	1	86	0.163	
154	9	1	77	0.192	
154	9	1	73	0.154	
154	9	1	73	0.175	
154	9	1	75	0.142	
155	9	1	79	0.122	
155	9	1	80	0.149	
155	9	1	69	0.144	
155	9	1	69	0.140	
155	9	1	68	0.168	
156	9	1	69	0.244	
156	9	1	70	0.240	
156	9	1	68	0.126	
156	9	1	68	0.125	
156	9	1	68	0.125	
157	9	1	77	0.094	
157	9	1	74	0.092	
157	9	1	74	0.099	
157	9	1	70	0.108	
157	9	1	70	0.091	
158	9	1	117	0.079	
158	9	1	98	0.081	
158	9	1	92	0.072	
158	9	1	80	0.067	
158	9	1	81	0.073	
159	9	1	68	0.335	
159	9	1	68	0.335	
159	9	1	68	0.152	
159	9	1	68	0.160	
159	9	1	68	0.160	
160	9	1	81	0.094	
160	9	1	81	0.082	
160	9	1	69	0.097	
160	9	1	68	0.090	
160	9	1	68	0.093	
161	9	1	73	0.265	
161	9	1	68	0.271	
161	9	1	68	0.147	
161	9	1	68	0.168	
161	9	1	68	0.132	
162	9	1	71	0.131	
162	9	1	70	0.137	
162	9	1	73	0.121	
162	9	1	118	0.093	
162	9	1	70	0.106	
163	9	1	120	0.074	
163	9	1	114	0.093	
163	9	1	84	0.063	
163	9	1	73	0.117	
163	9	1	75	0.077	
164	9	1	78	0.124	
164	9	1	80	0.183	
164	9	1	69	0.164	
164	9	1	69	0.139	
164	9	1	69	0.139	
165	9	1	90	0.118	
165	9	1	90	0.086	
165	9	1	70	0.107	
165	9	1	71	0.115	
165	9	1	72	0.107	
166	9	1	80	0.127	
166	9	1	85	0.127	
166	9	1	70	0.125	
166	9	1	69	0.131	
166	9	1	69	0.130	
167	9	1	53	0.046	
167	9	1	43	0.057	
167	9	1	28	0.052	
167	9	1	30	0.077	
167	9	1	28	0.056	
168	9	1	75	0.179	
168	9	1	75	0.063	
168	9	1	72	0.130	
168	9	1	76	0.138	
168	9	1	72	0.131	
169	9	1	141	0.072	
169	9	1	123	0.075	
169	9	1	116	0.095	
169	9	1	48	0.090	
169	9	1	93	0.076	
170	9	1	107	0.112	
170	9	1	92	0.120	
170	9	1	68	0.127	
170	9	1	68	0.135	
170	9	1	68	0.129	
171	9	1	82	0.110	
171	9	1	77	0.116	
171	9	1	74	0.115	
171	9	1	73	0.098	
171	9	1	74	0.113	
172	9	1	97	0.065	
172	9	1	100	0.056	
172	9	1	75	0.053	
172	9	1	77	0.054	
172	9	1	78	0.060	
173	9	1	90	0.076	
173	9	1	79	0.172	
173	9	1	72	0.113	
173	9	1	73	0.133	
173	9	1	73	0.112	
174	9	1	80	0.122	
174	9	1	77	0.186	
174	9	1	69	0.136	
174	9	1	70	0.154	
174	9	1	70	0.159	
175	9	1	117	0.084	
175	9	1	112	0.066	
175	9	1	76	0.101	
175	9	1	73	0.082	
175	9	1	73	0.124	
176	9	1	91	0.122	
176	9	1	97	0.113	
176	9	1	76	0.114	
176	9	1	76	0.108	
176	9	1	76	0.126	
177	9	1	75	0.148	
177	9	1	74	0.156	
177	9	1	76	0.146	
177	9	1	71	0.121	
177	9	1	71	0.143	
178	9	1	75	0.116	
178	9	1	79	0.153	
178	9	1	69	0.101	
178	9	1	69	0.101	
178	9	1	69	0.134	
179	9	1	77	0.142	
179	9	1	79	0.134	
179	9	1	72	0.112	
179	9	1	77	0.110	
179	9	1	69	0.121	
180	9	1	84	0.086	
180	9	1	84	0.090	
180	9	1	80	0.103	
180	9	1	74	0.097	
180	9	1	65	0.092	
181	9	1	86	0.114	
181	9	1	44	0.091	
181	9	1	71	0.113	
181	9	1	39	0.135	
181	9	1	72	0.082	
182	9	1	250	0.044	
182	9	1	76	0.023	
182	9	1	122	0.005	
182	9	0	128	0.000	
182	9	1	75	0.099	
183	9	1	87	0.153	
183	9	1	82	0.118	
183	9	1	76	0.150	
183	9	1	73	0.138	
183	9	1	74	0.142	
184	9	1	89	0.163	
184	9	1	80	0.182	
184	9	1	73	0.125	
184	9	1	72	0.143	
184	9	1	72	0.166	
185	9	1	76	0.120	
185	9	1	72	0.117	
185	9	1	72	0.124	
185	9	1	72	0.125	
185	9	1	71	0.154	
186	9	1	90	0.112	
186	9	1	84	0.147	
186	9	1	74	0.096	
186	9	1	74	0.145	
186	9	1	44	0.127	
187	9	1	90	0.146	
187	9	1	78	0.150	
187	9	1	69	0.099	
187	9	1	69	0.083	
187	9	1	69	0.104	
188	9	1	82	0.096	
188	9	1	79	0.093	
188	9	1	73	0.105	
188	9	1	72	0.122	
188	9	1	72	0.126	
189	9	1	73	0.101	
189	9	1	81	0.070	
189	9	1	73	0.092	
189	9	1	68	0.091	
189	9	1	68	0.092	
190	9	1	86	0.161	
190	9	1	82	0.184	
190	9	1	77	0.128	
190	9	1	76	0.131	
190	9	1	77	0.133	
191	9	1	86	0.080	
191	9	1	92	0.086	
191	9	1	89	0.069	
191	9	1	89	0.083	
191	9	1	82	0.090	
192	9	1	100	0.093	
192	9	1	124	0.094	
192	9	1	32	0.121	
192	9	1	32	0.104	
192	9	1	82	0.120	
193	9	1	103	0.104	
193	9	1	124	0.076	
193	9	1	250	0.314	
193	9	1	95	0.113	
193	9	1	73	0.114	
194	9	1	86	0.087	
194	9	1	81	0.127	
194	9	1	77	0.125	
194	9	1	73	0.124	
194	9	1	72	0.129	
195	9	1	76	0.103	
195	9	1	77	0.096	
195	9	1	73	0.087	
195	9	1	76	0.093	
195	9	1	76	0.109	
196	9	1	85	0.111	
196	9	1	86	0.097	
196	9	1	69	0.122	
196	9	1	68	0.126	
196	9	1	68	0.115	
197	9	1	90	0.139	
197	9	1	85	0.159	
197	9	1	76	0.139	
197	9	1	75	0.111	
197	9	1	78	0.118	
198	9	1	69	0.120	
198	9	1	73	0.144	
198	9	1	70	0.144	
198	9	1	69	0.128	
198	9	1	69	0.119	
199	9	1	94	0.043	
199	9	1	103	0.069	
199	9	1	74	0.085	
199	9	1	81	0.089	
199	9	1	73	0.088	
200	9	1	97	0.149	
200	9	1	87	0.149	
200	9	1	68	0.122	
200	9	1	68	0.136	
200	9	1	69	0.136	
201	9	1	78	0.102	
201	9	1	77	0.094	
201	9	1	73	0.109	
201	9	1	72	0.079	
201	9	1	71	0.086	
202	9	1	69	0.141	
202	9	1	69	0.121	
202	9	1	69	0.144	
202	9	1	69	0.147	
202	9	1	68	0.127	
203	9	1	83	0.088	
203	9	1	80	0.107	
203	9	1	80	0.096	
203	9	1	82	0.118	
203	9	1	80	0.137	
204	9	1	79	0.114	
204	9	1	73	0.117	
204	9	1	71	0.100	
204	9	1	75	0.101	
204	9	1	72	0.108	
205	9	1	112	0.086	
205	9	1	121	0.109	
205	9	1	114	0.094	
205	9	1	84	0.078	
205	9	1	82	0.098	
206	9	1	88	0.091	
206	9	1	86	0.097	
206	9	1	70	0.112	
206	9	1	70	0.107	
206	9	1	69	0.121	
207	9	1	106	0.076	
207	9	1	91	0.076	
207	9	1	45	0.115	
207	9	1	89	0.101	
207	9	1	43	0.111	
208	9	1	83	0.097	
208	9	1	83	0.058	
208	9	1	74	0.097	
208	9	1	168	0.071	
208	9	1	74	0.124	
209	9	1	84	0.106	
209	9	1	76	0.141	
209	9	1	74	0.147	
209	9	1	74	0.161	
209	9	1	74	0.170	
210	9	1	74	0.146	
210	9	1	80	0.088	
210	9	1	70	0.107	
210	9	1	69	0.097	
210	9	1	70	0.111	
211	9	1	96	0.082	
211	9	1	95	0.096	
211	9	1	69	0.082	
211	9	1	70	0.132	
211	9	1	51	0.126	
212	9	1	71	0.137	
212	9	1	75	0.125	
212	9	1	69	0.144	
212	9	1	68	0.123	
212	9	1	68	0.123	
213	9	1	77	0.080	
213	9	1	87	0.110	
213	9	1	71	0.112	
213	9	1	97	0.076	
213	9	1	72	0.124	
214	9	1	101	0.120	
214	9	1	100	0.103	
214	9	1	85	0.062	
214	9	1	92	0.084	
214	9	1	86	0.105	
215	9	1	48	0.144	
215	9	1	76	0.116	
215	9	1	72	0.129	
215	9	1	72	0.160	
215	9	1	72	0.111	
216	9	1	74	0.162	
216	9	1	81	0.138	
216	9	1	72	0.131	
216	9	1	72	0.150	
216	9	1	79	0.150	
217	9	1	102	0.090	
217	9	1	95	0.086	
217	9	1	76	0.097	
217	9	1	74	0.119	
217	9	1	82	0.122	
218	9	1	88	0.117	
218	9	1	85	0.102	
218	9	1	69	0.132	
218	9	1	69	0.100	
218	9	1	68	0.118	
219	9	1	86	0.169	
219	9	1	80	0.125	
219	9	1	72	0.106	
219	9	1	75	0.107	
219	9	1	72	0.141	
220	9	1	75	0.052	
220	9	1	67	0.064	
220	9	1	60	0.089	
220	9	1	44	0.065	
220	9	1	48	0.050	
221	9	0	54	0.023	
221	9	1	108	0.054	
221	9	1	78	0.063	
221	9	1	75	0.059	
221	9	1	231	0.058	
222	9	1	80	0.123	
222	9	1	90	0.066	
222	9	1	72	0.119	
222	9	1	76	0.117	
222	9	1	71	0.112	
223	9	1	95	0.086	
223	9	1	89	0.102	
223	9	1	72	0.114	
223	9	1	72	0.116	
223	9	1	71	0.118	
224	9	1	88	0.097	
224	9	1	84	0.065	
224	9	1	73	0.105	
224	9	1	73	0.079	
224	9	1	73	0.103	
225	9	1	35	0.086	
225	9	1	93	0.077	
225	9	1	70	0.125	
225	9	1	71	0.117	
225	9	1	71	0.099	
226	9	1	74	0.076	
226	9	1	73	0.094	
226	9	1	69	0.136	
226	9	1	70	0.128	
226	9	1	69	0.111	
227	9	1	102	0.132	
227	9	1	126	0.119	
227	9	1	74	0.134	
227	9	1	74	0.128	
227	9	1	74	0.111	
228	9	1	55	0.129	
228	9	1	116	0.146	
228	9	1	92	0.114	
228	9	1	89	0.120	
228	9	1	88	0.102	
229	9	1	82	0.102	
229	9	1	89	0.100	
229	9	1	74	0.083	
229	9	1	70	0.111	
229	9	1	71	0.105	
230	9	1	87	0.095	
230	9	1	81	0.101	
230	9	1	72	0.105	
230	9	1	72	0.101	
230	9	1	72	0.112	
231	9	1	85	0.158	
231	9	1	77	0.167	
231	9	1	72	0.146	
231	9	1	70	0.161	
231	9	1	83	0.157	
232	9	1	74	0.108	
232	9	1	72	0.118	
232	9	1	71	0.140	
232	9	1	71	0.128	
232	9	1	71	0.127	
233	9	1	68	0.267	
233	9	1	68	0.269	
233	9	1	68	0.177	
233	9	1	68	0.157	
233	9	1	68	0.151	
234	9	1	87	0.084	
234	9	1	83	0.104	
234	9	1	70	0.128	
234	9	1	71	0.089	
234	9	1	69	0.123	
235	9	1	86	0.084	
235	9	1	94	0.069	
235	9	1	73	0.113	
235	9	1	92	0.101	
235	9	1	36	0.102	
236	9	1	71	0.202	
236	9	1	72	0.143	
236	9	1	140	0.079	
236	9	1	70	0.189	
236	9	1	70	0.160	
237	9	1	82	0.063	
237	9	1	86	0.058	
237	9	1	76	0.056	
237	9	1	70	0.073	
237	9	1	70	0.075	
238	9	1	91	0.095	
238	9	1	89	0.102	
238	9	1	51	0.132	
238	9	1	75	0.115	
238	9	1	74	0.139	
239	9	1	73	0.171	
239	9	1	73	0.211	
239	9	1	71	0.135	
239	9	1	71	0.135	
239	9	1	71	0.131	
240	9	1	80	0.148	
240	9	1	80	0.170	
240	9	1	75	0.159	
240	9	1	77	0.150	
240	9	1	79	0.163	
241	9	1	89	0.110	
241	9	1	87	0.114	
241	9	1	75	0.092	
241	9	1	75	0.118	
241	9	1	74	0.096	
242	9	1	82	0.116	
242	9	1	75	0.105	
242	9	1	73	0.103	
242	9	1	72	0.082	
242	9	1	75	0.065	
243	9	1	49	0.079	
243	9	1	113	0.066	
243	9	1	88	0.055	
243	9	1	85	0.064	
243	9	1	51	0.076	
244	9	1	87	0.090	
244	9	1	89	0.074	
244	9	1	74	0.057	
244	9	1	73	0.098	
244	9	1	76	0.076	
245	9	1	117	0.072	
245	9	1	97	0.102	
245	9	1	74	0.109	
245	9	1	76	0.095	
245	9	1	78	0.074	
246	9	1	101	0.064	
246	9	1	114	0.070	
246	9	1	73	0.064	
246	9	1	76	0.081	
246	9	1	72	0.079	
247	9	1	69	0.216	
247	9	1	70	0.232	
247	9	1	68	0.172	
247	9	1	68	0.172	
247	9	1	69	0.123	
248	9	1	76	0.140	
248	9	1	80	0.169	
248	9	1	73	0.111	
248	9	1	71	0.106	
248	9	1	73	0.145	
249	9	1	83	0.071	
249	9	1	81	0.145	
249	9	1	73	0.116	
249	9	1	77	0.115	
249	9	1	78	0.091	
250	9	1	93	0.065	
250	9	1	51	0.059	
250	9	1	82	0.096	
250	9	1	74	0.086	
250	9	1	78	0.093	
251	9	1	71	0.142	
251	9	1	73	0.121	
251	9	1	69	0.104	
251	9	1	69	0.140	
251	9	1	69	0.137	
252	9	1	92	0.064	
252	9	1	89	0.074	
252	9	1	70	0.085	
252	9	1	70	0.085	
252	9	1	70	0.088	
253	9	1	73	0.100	
253	9	1	72	0.117	
253	9	1	73	0.101	
253	9	1	74	0.102	
253	9	1	76	0.069	
254	9	1	96	0.154	
254	9	1	89	0.154	
254	9	1	80	0.132	
254	9	1	80	0.153	
254	9	1	77	0.128	
255	9	1	135	0.051	
255	9	1	99	0.087	
255	9	1	49	0.089	
255	9	1	73	0.108	
255	9	1	77	0.100	
256	9	1	88	0.074	
256	9	1	83	0.097	
256	9	1	72	0.084	
256	9	1	70	0.112	
256	9	1	71	0.102	
257	9	1	69	0.221	
257	9	1	69	0.222	
257	9	1	69	0.185	
257	9	1	69	0.190	
257	9	1	69	0.185	
258	9	1	100	0.065	
258	9	1	95	0.064	
258	9	1	44	0.022	
258	9	1	71	0.049	
258	9	1	72	0.081	
259	9	1	79	0.202	
259	9	1	83	0.176	
259	9	1	71	0.204	
259	9	1	74	0.194	
259	9	1	71	0.172	
260	9	1	102	0.101	
260	9	1	100	0.094	
260	9	1	88	0.079	
260	9	1	84	0.099	
260	9	1	79	0.102	
261	9	1	129	0.088	
261	9	1	148	0.071	
261	9	1	70	0.101	
261	9	1	70	0.110	
261	9	1	71	0.113	
262	9	1	94	0.110	
262	9	1	93	0.083	
262	9	1	79	0.114	
262	9	1	77	0.098	
262	9	1	78	0.095	
263	9	1	85	0.111	
263	9	1	84	0.106	
263	9	1	70	0.105	
263	9	1	69	0.131	
263	9	1	69	0.117	
264	9	1	92	0.105	
264	9	1	86	0.132	
264	9	1	72	0.116	
264	9	1	73	0.139	
264	9	1	74	0.092	
265	9	1	115	0.085	
265	9	1	113	0.093	
265	9	1	91	0.091	
265	9	1	83	0.104	
265	9	1	83	0.097	
266	9	1	109	0.106	
266	9	1	128	0.112	
266	9	1	75	0.066	
266	9	1	77	0.088	
266	9	1	57	0.086	
267	9	1	87	0.114	
267	9	1	86	0.100	
267	9	1	72	0.115	
267	9	1	71	0.119	
267	9	1	72	0.099	
268	9	1	101	0.075	
268	9	1	110	0.087	
268	9	1	135	0.036	
268	9	1	71	0.102	
268	9	1	73	0.090	
269	9	1	81	0.115	
269	9	1	79	0.112	
269	9	1	70	0.122	
269	9	1	70	0.095	
269	9	1	69	0.094	
270	9	1	75	0.185	
270	9	1	78	0.149	
270	9	1	70	0.156	
270	9	1	70	0.149	
270	9	1	70	0.122	
271	9	1	92	0.076	
271	9	1	95	0.052	
271	9	1	47	0.064	
271	9	1	80	0.081	
271	9	1	82	0.068	
272	9	1	138	0.056	
272	9	1	120	0.063	
272	9	0	47	0.000	
272	9	1	250	0.039	
272	9	1	56	0.050	
273	9	1	90	0.089	
273	9	1	85	0.116	
273	9	1	81	0.093	
273	9	1	33	0.139	
273	9	1	79	0.094	
274	9	1	70	0.220	
274	9	1	71	0.231	
274	9	1	68	0.169	
274	9	1	68	0.171	
274	9	1	72	0.103	
275	9	1	88	0.062	
275	9	1	88	0.058	
275	9	1	68	0.053	
275	9	1	80	0.052	
275	9	1	62	0.054	
276	9	1	50	0.085	
276	9	1	103	0.094	
276	9	1	59	0.113	
276	9	1	77	0.101	
276	9	1	76	0.087	
277	9	1	77	0.110	
277	9	1	83	0.086	
277	9	1	71	0.120	
277	9	1	72	0.104	
277	9	1	71	0.108	
278	9	1	103	0.056	
278	9	1	90	0.118	
278	9	1	75	0.072	
278	9	1	75	0.101	
278	9	1	74	0.086	
279	9	1	139	0.067	
279	9	1	132	0.072	
279	9	1	79	0.092	
279	9	1	78	0.094	
279	9	1	91	0.088	
280	9	1	93	0.121	
280	9	1	129	0.115	
280	9	1	75	0.056	
280	9	1	83	0.121	
280	9	1	73	0.090	
281	9	1	89	0.093	
281	9	1	90	0.104	
281	9	1	92	0.087	
281	9	1	93	0.116	
281	9	1	60	0.107	
282	9	1	161	0.093	
282	9	1	132	0.103	
282	9	1	85	0.080	
282	9	1	89	0.105	
282	9	1	97	0.088	
283	9	1	43	0.048	
283	9	1	40	0.066	
283	9	1	37	0.066	
283	9	1	38	0.039	
283	9	1	46	0.058	
284	9	1	94	0.123	
284	9	1	87	0.114	
284	9	1	74	0.087	
284	9	1	74	0.110	
284	9	1	81	0.108	
285	9	1	124	0.070	
285	9	1	118	0.022	
285	9	1	91	0.069	
285	9	1	84	0.071	
285	9	1	58	0.070	
286	9	1	96	0.104	
286	9	1	86	0.099	
286	9	1	76	0.098	
286	9	1	75	0.091	
286	9	1	73	0.110	
287	9	1	101	0.112	
287	9	1	106	0.072	
287	9	1	117	0.091	
287	9	1	78	0.098	
287	9	1	81	0.068	
288	9	1	83	0.053	
288	9	1	89	0.077	
288	9	1	79	0.081	
288	9	1	41	0.083	
288	9	1	79	0.084	
289	9	1	108	0.145	
289	9	1	101	0.155	
289	9	1	73	0.168	
289	9	1	73	0.136	
289	9	1	73	0.129	
290	9	1	79	0.078	
290	9	1	77	0.144	
290	9	1	81	0.134	
290	9	1	75	0.124	
290	9	1	83	0.089	
291	9	1	71	0.167	
291	9	1	71	0.167	
291	9	1	69	0.169	
291	9	1	69	0.158	
291	9	1	69	0.169	
292	9	1	113	0.093	
292	9	1	113	0.118	
292	9	1	81	0.080	
292	9	1	83	0.112	
292	9	1	88	0.127	
293	9	1	84	0.087	
293	9	1	81	0.136	
293	9	1	118	0.076	
293	9	1	74	0.075	
293	9	1	73	0.109	
294	9	1	106	0.106	
294	9	1	108	0.091	
294	9	1	99	0.109	
294	9	1	90	0.094	
294	9	1	84	0.118	
295	9	1	95	0.101	
295	9	1	93	0.094	
295	9	1	94	0.094	
295	9	1	77	0.072	
295	9	1	80	0.102	
296	9	1	83	0.135	
296	9	1	84	0.153	
296	9	1	71	0.165	
296	9	1	73	0.129	
296	9	1	71	0.154	
297	9	1	142	0.063	
297	9	1	149	0.068	
297	9	1	76	0.072	
297	9	1	77	0.065	
297	9	1	167	0.066	
298	9	1	142	0.041	
298	9	1	122	0.101	
298	9	1	74	0.106	
298	9	1	73	0.113	
298	9	1	74	0.120	
299	9	1	118	0.040	
299	9	1	123	0.075	
299	9	1	79	0.082	
299	9	1	78	0.074	
299	9	1	83	0.113	
