Below are the simulation results for the test trials
WORLD	TASK	SUCCESS	STEPS	LOWEST_CLEARANCE
0	6	1	126	0.069	
0	6	1	100	0.090	
0	6	1	250	1.397	
0	6	1	250	0.245	
0	6	1	250	0.340	
1	6	1	87	0.132	
1	6	1	98	0.121	
1	6	1	250	0.072	
1	6	1	250	0.239	
1	6	1	250	0.067	
2	6	1	65	0.107	
2	6	1	72	0.116	
2	6	1	134	0.079	
2	6	1	70	0.112	
2	6	1	118	0.072	
3	6	1	78	0.246	
3	6	1	80	0.185	
3	6	1	250	0.072	
3	6	1	250	0.054	
3	6	1	250	0.257	
4	6	1	157	0.060	
4	6	1	167	0.053	
4	6	1	146	0.039	
4	6	1	182	0.055	
4	6	1	195	0.072	
5	6	1	77	0.218	
5	6	1	77	0.218	
5	6	1	250	0.123	
5	6	1	250	0.137	
5	6	1	144	0.215	
6	6	1	107	0.090	
6	6	1	109	0.057	
6	6	1	250	0.740	
6	6	1	250	0.121	
6	6	1	250	0.072	
7	6	1	167	0.048	
7	6	1	185	0.059	
7	6	1	250	0.067	
7	6	1	250	0.428	
7	6	1	250	0.059	
8	6	1	97	0.105	
8	6	1	103	0.075	
8	6	1	235	0.123	
8	6	1	250	0.106	
8	6	1	137	0.124	
9	6	1	77	0.155	
9	6	1	77	0.202	
9	6	1	250	0.058	
9	6	1	250	0.050	
9	6	1	250	0.100	
10	6	1	157	0.098	
10	6	1	139	0.143	
10	6	1	134	0.099	
10	6	1	179	0.173	
10	6	1	153	0.076	
11	6	1	81	0.255	
11	6	1	81	0.255	
11	6	1	250	0.075	
11	6	1	189	0.207	
11	6	1	250	0.068	
12	6	1	77	0.109	
12	6	1	79	0.097	
12	6	1	250	0.058	
12	6	1	250	0.461	
12	6	1	250	0.043	
13	6	1	102	0.122	
13	6	1	119	0.101	
13	6	1	214	0.072	
13	6	1	243	0.104	
13	6	1	250	0.055	
14	6	1	82	0.197	
14	6	1	83	0.145	
14	6	1	250	0.056	
14	6	1	250	0.060	
14	6	1	250	0.060	
15	6	1	79	0.129	
15	6	1	97	0.136	
15	6	1	250	0.227	
15	6	1	250	0.055	
15	6	1	250	0.071	
16	6	1	144	0.093	
16	6	1	122	0.120	
16	6	1	145	0.083	
16	6	1	200	0.081	
16	6	1	176	0.081	
17	6	1	74	0.143	
17	6	1	74	0.122	
17	6	1	250	0.058	
17	6	1	250	0.041	
17	6	1	250	0.059	
18	6	1	80	0.140	
18	6	1	80	0.141	
18	6	1	250	0.289	
18	6	1	250	0.176	
18	6	1	250	0.729	
19	6	1	130	0.054	
19	6	1	120	0.057	
19	6	1	250	0.047	
19	6	1	250	0.183	
19	6	1	250	0.622	
20	6	1	100	0.119	
20	6	1	77	0.188	
20	6	1	197	0.176	
20	6	1	250	0.231	
20	6	1	143	0.164	
21	6	1	75	0.192	
21	6	1	83	0.214	
21	6	1	250	0.085	
21	6	1	203	0.141	
21	6	1	250	0.086	
22	6	1	124	0.053	
22	6	1	118	0.048	
22	6	1	250	0.047	
22	6	1	250	0.048	
22	6	1	235	0.051	
23	6	1	31	0.093	
23	6	1	31	0.092	
23	6	1	106	0.122	
23	6	1	113	0.129	
23	6	1	63	0.074	
24	6	1	80	0.119	
24	6	1	114	0.092	
24	6	1	250	0.057	
24	6	1	250	0.856	
24	6	1	250	0.042	
25	6	1	89	0.114	
25	6	1	92	0.116	
25	6	1	250	1.066	
25	6	1	250	0.450	
25	6	1	250	1.587	
26	6	1	97	0.063	
26	6	1	96	0.103	
26	6	1	250	0.112	
26	6	1	250	0.055	
26	6	1	250	1.276	
27	6	1	123	0.092	
27	6	1	80	0.202	
27	6	1	117	0.201	
27	6	1	146	0.072	
27	6	1	132	0.064	
28	6	1	77	0.148	
28	6	1	75	0.168	
28	6	1	250	0.135	
28	6	1	250	0.446	
28	6	1	250	0.033	
29	6	1	89	0.055	
29	6	1	100	0.063	
29	6	0	70	0.000	
29	6	1	87	0.045	
29	6	1	68	0.052	
30	6	1	125	0.070	
30	6	1	133	0.067	
30	6	1	250	0.077	
30	6	1	250	0.066	
30	6	1	250	0.070	
31	6	1	107	0.075	
31	6	1	98	0.095	
31	6	1	250	0.059	
31	6	1	250	1.736	
31	6	1	250	0.147	
32	6	1	101	0.080	
32	6	1	88	0.135	
32	6	1	250	0.093	
32	6	1	250	1.178	
32	6	1	250	0.049	
33	6	1	75	0.069	
33	6	1	55	0.064	
33	6	1	117	0.077	
33	6	1	250	0.089	
33	6	1	164	0.075	
34	6	1	106	0.086	
34	6	1	89	0.138	
34	6	1	196	0.190	
34	6	1	250	0.048	
34	6	1	250	0.050	
35	6	1	120	0.073	
35	6	1	146	0.086	
35	6	1	102	0.079	
35	6	1	94	0.114	
35	6	1	101	0.076	
36	6	1	83	0.175	
36	6	1	76	0.202	
36	6	1	250	0.703	
36	6	1	250	0.033	
36	6	1	250	0.058	
37	6	1	128	0.053	
37	6	1	128	0.048	
37	6	1	141	0.052	
37	6	1	135	0.048	
37	6	1	185	0.052	
38	6	1	115	0.071	
38	6	1	135	0.068	
38	6	1	137	0.052	
38	6	1	126	0.077	
38	6	1	202	0.047	
39	6	1	103	0.082	
39	6	1	125	0.111	
39	6	1	213	0.057	
39	6	1	250	0.238	
39	6	1	250	0.049	
40	6	1	75	0.367	
40	6	1	72	0.347	
40	6	1	250	0.066	
40	6	1	250	0.057	
40	6	1	250	0.222	
41	6	1	72	0.220	
41	6	1	72	0.223	
41	6	1	191	0.246	
41	6	1	250	0.291	
41	6	1	186	0.229	
42	6	1	74	0.634	
42	6	1	74	0.634	
42	6	1	210	0.547	
42	6	1	250	0.454	
42	6	1	250	0.539	
43	6	1	134	0.058	
43	6	1	130	0.059	
43	6	1	250	0.055	
43	6	1	250	1.652	
43	6	1	250	0.830	
44	6	1	129	0.061	
44	6	1	107	0.083	
44	6	1	179	0.108	
44	6	1	250	0.312	
44	6	1	250	0.055	
45	6	1	39	0.100	
45	6	1	37	0.086	
45	6	1	138	0.115	
45	6	1	250	0.105	
45	6	1	104	0.078	
46	6	1	127	0.080	
46	6	1	129	0.060	
46	6	1	112	0.072	
46	6	1	95	0.082	
46	6	1	139	0.062	
47	6	1	113	0.062	
47	6	1	105	0.071	
47	6	1	127	0.052	
47	6	1	138	0.061	
47	6	1	116	0.051	
48	6	1	97	0.125	
48	6	1	100	0.110	
48	6	1	250	0.094	
48	6	1	250	0.069	
48	6	1	250	0.060	
49	6	1	186	0.069	
49	6	1	246	0.077	
49	6	1	123	0.071	
49	6	1	150	0.094	
49	6	1	148	0.075	
50	6	1	98	0.120	
50	6	1	96	0.131	
50	6	1	250	0.100	
50	6	1	250	0.547	
50	6	1	250	1.021	
51	6	1	88	0.110	
51	6	1	89	0.191	
51	6	1	250	0.073	
51	6	1	250	0.312	
51	6	1	250	0.126	
52	6	1	81	0.116	
52	6	1	80	0.132	
52	6	1	250	0.038	
52	6	1	250	0.423	
52	6	1	250	1.707	
53	6	1	160	0.100	
53	6	1	119	0.095	
53	6	1	126	0.094	
53	6	1	116	0.124	
53	6	1	154	0.084	
54	6	1	73	0.336	
54	6	1	77	0.317	
54	6	1	250	0.071	
54	6	1	250	0.073	
54	6	1	250	0.720	
55	6	1	170	0.084	
55	6	1	128	0.081	
55	6	1	108	0.077	
55	6	1	106	0.109	
55	6	1	112	0.117	
56	6	1	74	0.137	
56	6	1	76	0.145	
56	6	1	250	0.083	
56	6	1	250	0.170	
56	6	1	250	0.749	
57	6	1	165	0.076	
57	6	1	113	0.089	
57	6	1	170	0.064	
57	6	1	118	0.069	
57	6	1	130	0.068	
58	6	1	148	0.079	
58	6	1	184	0.056	
58	6	1	145	0.088	
58	6	1	250	0.043	
58	6	1	250	0.065	
59	6	1	127	0.064	
59	6	1	85	0.125	
59	6	1	250	1.647	
59	6	1	250	0.043	
59	6	1	250	0.069	
60	6	1	103	0.085	
60	6	1	154	0.080	
60	6	1	185	0.070	
60	6	1	122	0.099	
60	6	1	160	0.069	
61	6	1	74	0.381	
61	6	1	74	0.381	
61	6	1	250	0.515	
61	6	1	202	0.491	
61	6	1	250	0.507	
62	6	1	153	0.043	
62	6	1	181	0.046	
62	6	1	250	0.391	
62	6	1	250	0.104	
62	6	1	250	0.774	
63	6	1	115	0.174	
63	6	1	119	0.160	
63	6	1	111	0.129	
63	6	1	108	0.075	
63	6	1	198	0.079	
64	6	1	96	0.104	
64	6	1	74	0.093	
64	6	1	167	0.111	
64	6	1	154	0.092	
64	6	1	154	0.122	
65	6	1	98	0.086	
65	6	1	78	0.206	
65	6	1	250	0.138	
65	6	1	250	1.058	
65	6	1	250	0.050	
66	6	1	101	0.118	
66	6	1	118	0.107	
66	6	1	131	0.098	
66	6	1	104	0.113	
66	6	1	127	0.099	
67	6	1	73	0.352	
67	6	1	73	0.352	
67	6	1	250	0.052	
67	6	1	250	0.058	
67	6	1	133	0.294	
68	6	1	91	0.179	
68	6	1	94	0.165	
68	6	1	109	0.182	
68	6	1	87	0.233	
68	6	1	81	0.241	
69	6	1	97	0.064	
69	6	1	130	0.054	
69	6	1	250	0.062	
69	6	1	250	0.086	
69	6	1	250	0.073	
70	6	1	83	0.224	
70	6	1	75	0.225	
70	6	1	171	0.084	
70	6	1	186	0.100	
70	6	1	236	0.091	
71	6	1	106	0.084	
71	6	1	105	0.111	
71	6	1	108	0.121	
71	6	1	119	0.096	
71	6	1	104	0.118	
72	6	1	81	0.196	
72	6	1	86	0.174	
72	6	1	136	0.229	
72	6	1	141	0.238	
72	6	1	108	0.235	
73	6	1	106	0.100	
73	6	1	122	0.082	
73	6	1	250	0.051	
73	6	1	250	0.092	
73	6	1	250	0.058	
74	6	1	157	0.145	
74	6	1	172	0.095	
74	6	1	106	0.119	
74	6	1	109	0.097	
74	6	1	126	0.093	
75	6	1	74	0.385	
75	6	1	74	0.352	
75	6	1	250	0.080	
75	6	1	250	0.042	
75	6	1	250	0.432	
76	6	1	108	0.094	
76	6	1	96	0.124	
76	6	1	250	0.109	
76	6	1	173	0.126	
76	6	1	133	0.143	
77	6	1	92	0.118	
77	6	1	79	0.132	
77	6	1	250	0.056	
77	6	1	250	0.061	
77	6	1	250	0.052	
78	6	1	98	0.102	
78	6	1	101	0.119	
78	6	1	250	0.304	
78	6	1	250	0.119	
78	6	1	250	0.052	
79	6	1	80	0.195	
79	6	1	105	0.110	
79	6	1	126	0.097	
79	6	1	130	0.073	
79	6	1	161	0.103	
80	6	1	34	0.112	
80	6	1	86	0.100	
80	6	1	250	0.078	
80	6	1	250	0.051	
80	6	1	250	1.259	
81	6	1	97	0.145	
81	6	1	78	0.160	
81	6	1	250	0.055	
81	6	1	250	0.172	
81	6	1	250	0.070	
82	6	1	154	0.079	
82	6	1	143	0.045	
82	6	1	117	0.042	
82	6	1	144	0.044	
82	6	1	138	0.045	
83	6	1	92	0.111	
83	6	1	101	0.091	
83	6	1	250	0.040	
83	6	1	250	0.047	
83	6	1	250	0.057	
84	6	1	94	0.136	
84	6	1	92	0.124	
84	6	1	250	0.056	
84	6	1	250	0.050	
84	6	1	250	0.057	
85	6	1	50	0.105	
85	6	1	130	0.109	
85	6	1	65	0.088	
85	6	1	77	0.108	
85	6	1	61	0.095	
86	6	1	217	0.045	
86	6	1	214	0.056	
86	6	1	148	0.089	
86	6	1	125	0.060	
86	6	1	141	0.045	
87	6	1	120	0.078	
87	6	1	93	0.103	
87	6	1	250	0.062	
87	6	1	250	0.887	
87	6	1	247	0.068	
88	6	1	89	0.073	
88	6	1	81	0.118	
88	6	1	250	0.069	
88	6	1	250	0.130	
88	6	1	250	0.066	
89	6	1	105	0.055	
89	6	1	101	0.079	
89	6	1	171	0.094	
89	6	1	157	0.053	
89	6	1	120	0.045	
90	6	1	92	0.156	
90	6	1	97	0.131	
90	6	1	234	0.079	
90	6	1	243	0.082	
90	6	1	230	0.075	
91	6	1	87	0.179	
91	6	1	87	0.188	
91	6	1	250	0.071	
91	6	1	241	0.063	
91	6	1	205	0.093	
92	6	1	83	0.113	
92	6	1	76	0.136	
92	6	1	250	0.054	
92	6	1	250	0.092	
92	6	1	250	0.071	
93	6	1	74	0.793	
93	6	1	74	0.793	
93	6	1	250	0.686	
93	6	1	250	0.769	
93	6	1	250	0.069	
94	6	1	73	0.382	
94	6	1	73	0.387	
94	6	1	250	0.442	
94	6	1	250	0.972	
94	6	1	250	0.047	
95	6	1	83	0.157	
95	6	1	122	0.128	
95	6	1	158	0.058	
95	6	1	124	0.071	
95	6	1	124	0.152	
96	6	1	111	0.094	
96	6	1	108	0.104	
96	6	1	250	0.055	
96	6	1	250	0.050	
96	6	1	250	0.052	
97	6	1	159	0.075	
97	6	1	123	0.083	
97	6	1	127	0.055	
97	6	1	131	0.059	
97	6	1	125	0.058	
98	6	1	121	0.090	
98	6	1	129	0.108	
98	6	1	129	0.037	
98	6	1	149	0.050	
98	6	1	140	0.104	
99	6	1	121	0.131	
99	6	1	142	0.090	
99	6	1	207	0.097	
99	6	1	250	0.087	
99	6	1	250	0.079	
100	6	1	110	0.100	
100	6	1	85	0.184	
100	6	1	122	0.080	
100	6	1	113	0.105	
100	6	1	106	0.100	
101	6	1	75	0.141	
101	6	1	72	0.153	
101	6	1	250	0.763	
101	6	1	250	0.039	
101	6	1	250	0.055	
102	6	1	145	0.074	
102	6	1	136	0.084	
102	6	1	116	0.100	
102	6	1	112	0.097	
102	6	1	123	0.078	
103	6	1	212	0.077	
103	6	1	185	0.062	
103	6	1	136	0.091	
103	6	1	128	0.068	
103	6	1	126	0.088	
104	6	1	138	0.072	
104	6	1	140	0.083	
104	6	1	207	0.089	
104	6	1	250	0.074	
104	6	1	250	0.066	
105	6	1	97	0.084	
105	6	1	117	0.055	
105	6	1	234	0.061	
105	6	1	250	0.058	
105	6	1	238	0.061	
106	6	1	100	0.118	
106	6	1	88	0.160	
106	6	1	250	0.305	
106	6	1	250	0.035	
106	6	1	250	0.032	
107	6	1	124	0.112	
107	6	1	115	0.085	
107	6	1	250	0.211	
107	6	1	250	0.078	
107	6	1	225	0.092	
108	6	1	114	0.087	
108	6	1	81	0.151	
108	6	1	250	0.053	
108	6	1	250	1.489	
108	6	1	250	0.063	
109	6	1	104	0.145	
109	6	1	83	0.085	
109	6	1	250	0.079	
109	6	1	241	0.071	
109	6	1	224	0.062	
110	6	1	144	0.071	
110	6	1	107	0.125	
110	6	1	118	0.102	
110	6	1	120	0.066	
110	6	1	122	0.079	
111	6	1	152	0.071	
111	6	1	163	0.065	
111	6	1	230	0.047	
111	6	1	250	0.077	
111	6	1	250	0.051	
112	6	1	195	0.053	
112	6	1	90	0.078	
112	6	1	122	0.064	
112	6	1	145	0.067	
112	6	1	128	0.055	
113	6	1	111	0.083	
113	6	1	146	0.072	
113	6	1	188	0.081	
113	6	1	250	0.054	
113	6	1	250	0.227	
114	6	1	217	0.053	
114	6	1	250	0.069	
114	6	1	128	0.084	
114	6	1	125	0.090	
114	6	1	130	0.074	
115	6	1	59	0.074	
115	6	1	119	0.090	
115	6	1	156	0.095	
115	6	1	147	0.101	
115	6	1	124	0.100	
116	6	1	125	0.140	
116	6	1	107	0.142	
116	6	1	250	0.116	
116	6	1	250	0.821	
116	6	1	250	0.084	
117	6	1	90	0.073	
117	6	1	230	0.046	
117	6	1	131	0.108	
117	6	1	145	0.082	
117	6	1	152	0.072	
118	6	1	187	0.089	
118	6	1	227	0.060	
118	6	1	191	0.081	
118	6	1	250	0.073	
118	6	1	250	0.077	
119	6	1	208	0.047	
119	6	1	170	0.072	
119	6	1	250	0.073	
119	6	1	181	0.052	
119	6	1	250	0.062	
120	6	1	116	0.062	
120	6	1	116	0.101	
120	6	1	250	0.057	
120	6	1	210	0.048	
120	6	1	250	0.054	
121	6	1	118	0.061	
121	6	1	135	0.098	
121	6	1	110	0.112	
121	6	1	152	0.065	
121	6	1	107	0.081	
122	6	1	129	0.078	
122	6	1	100	0.111	
122	6	1	250	0.854	
122	6	1	250	0.051	
122	6	1	250	0.083	
123	6	1	169	0.079	
123	6	1	184	0.055	
123	6	1	250	0.047	
123	6	1	250	0.108	
123	6	1	250	0.057	
124	6	1	91	0.122	
124	6	1	137	0.091	
124	6	1	250	0.305	
124	6	1	250	0.071	
124	6	1	250	0.268	
125	6	1	78	0.088	
125	6	1	140	0.088	
125	6	1	250	0.392	
125	6	1	250	0.244	
125	6	1	250	0.049	
126	6	1	110	0.111	
126	6	1	171	0.069	
126	6	1	109	0.098	
126	6	1	115	0.088	
126	6	1	113	0.092	
127	6	1	141	0.059	
127	6	1	170	0.058	
127	6	1	250	0.060	
127	6	1	250	0.050	
127	6	1	250	0.062	
128	6	1	83	0.145	
128	6	1	88	0.082	
128	6	1	250	0.058	
128	6	1	250	0.057	
128	6	1	250	0.064	
129	6	1	34	0.095	
129	6	1	75	0.107	
129	6	1	250	0.534	
129	6	1	250	1.480	
129	6	1	250	0.058	
130	6	1	103	0.078	
130	6	1	86	0.134	
130	6	1	250	0.268	
130	6	1	250	0.245	
130	6	1	250	0.047	
131	6	1	112	0.077	
131	6	1	119	0.059	
131	6	1	250	0.081	
131	6	1	250	0.066	
131	6	1	250	0.044	
132	6	1	103	0.129	
132	6	1	105	0.068	
132	6	1	250	0.078	
132	6	1	250	0.062	
132	6	1	250	0.219	
133	6	1	117	0.104	
133	6	1	146	0.055	
133	6	1	250	0.069	
133	6	1	212	0.079	
133	6	1	250	0.056	
134	6	1	224	0.092	
134	6	1	233	0.075	
134	6	1	131	0.078	
134	6	1	149	0.067	
134	6	1	148	0.098	
135	6	1	89	0.104	
135	6	1	73	0.219	
135	6	1	250	0.036	
135	6	1	167	0.278	
135	6	1	250	0.154	
136	6	1	180	0.048	
136	6	1	190	0.043	
136	6	1	146	0.072	
136	6	1	250	0.063	
136	6	1	250	0.503	
137	6	1	188	0.050	
137	6	1	152	0.055	
137	6	1	250	0.366	
137	6	1	250	0.112	
137	6	1	238	0.075	
138	6	1	133	0.059	
138	6	1	135	0.067	
138	6	1	250	0.074	
138	6	1	250	0.073	
138	6	1	250	0.088	
139	6	1	78	0.125	
139	6	1	77	0.093	
139	6	1	250	0.038	
139	6	1	114	0.092	
139	6	1	155	0.051	
140	6	1	195	0.091	
140	6	1	226	0.083	
140	6	1	199	0.065	
140	6	1	169	0.086	
140	6	1	213	0.071	
141	6	1	95	0.106	
141	6	1	83	0.123	
141	6	1	250	0.034	
141	6	1	250	0.387	
141	6	1	250	0.073	
142	6	1	97	0.114	
142	6	1	97	0.116	
142	6	1	170	0.074	
142	6	1	196	0.090	
142	6	1	202	0.104	
143	6	1	137	0.068	
143	6	1	119	0.096	
143	6	1	133	0.156	
143	6	1	128	0.084	
143	6	1	136	0.086	
144	6	1	156	0.083	
144	6	1	121	0.108	
144	6	1	142	0.097	
144	6	1	163	0.107	
144	6	1	125	0.093	
145	6	1	101	0.089	
145	6	1	89	0.103	
145	6	1	250	0.080	
145	6	1	250	0.074	
145	6	1	250	0.059	
146	6	1	91	0.126	
146	6	1	78	0.133	
146	6	1	250	0.150	
146	6	1	250	0.114	
146	6	1	250	1.090	
147	6	1	92	0.109	
147	6	1	76	0.102	
147	6	1	153	0.141	
147	6	1	250	0.131	
147	6	1	147	0.089	
148	6	1	118	0.069	
148	6	1	117	0.074	
148	6	1	125	0.080	
148	6	1	135	0.094	
148	6	1	103	0.079	
149	6	1	115	0.090	
149	6	1	120	0.078	
149	6	1	250	0.070	
149	6	1	250	0.074	
149	6	1	250	0.069	
150	6	1	121	0.102	
150	6	1	116	0.078	
150	6	1	250	0.135	
150	6	1	250	0.495	
150	6	1	250	0.057	
151	6	1	156	0.080	
151	6	1	85	0.104	
151	6	1	133	0.086	
151	6	1	136	0.073	
151	6	1	137	0.077	
152	6	1	85	0.099	
152	6	1	80	0.103	
152	6	1	250	0.051	
152	6	1	250	0.746	
152	6	1	250	0.059	
153	6	1	170	0.053	
153	6	1	129	0.079	
153	6	1	138	0.068	
153	6	1	127	0.058	
153	6	1	143	0.056	
154	6	1	131	0.106	
154	6	1	150	0.100	
154	6	1	140	0.091	
154	6	1	172	0.020	
154	6	1	250	0.031	
155	6	1	122	0.092	
155	6	1	169	0.081	
155	6	1	170	0.086	
155	6	1	90	0.081	
155	6	1	151	0.099	
156	6	1	78	0.133	
156	6	1	78	0.152	
156	6	1	250	0.448	
156	6	1	250	0.425	
156	6	1	250	0.045	
157	6	1	125	0.058	
157	6	1	150	0.078	
157	6	1	204	0.070	
157	6	1	250	0.063	
157	6	1	250	0.070	
158	6	1	250	0.062	
158	6	1	232	0.059	
158	6	1	134	0.076	
158	6	1	164	0.069	
158	6	1	145	0.063	
159	6	1	80	0.130	
159	6	1	84	0.141	
159	6	1	250	1.589	
159	6	1	250	0.084	
159	6	1	250	1.384	
160	6	1	181	0.089	
160	6	1	171	0.067	
160	6	1	130	0.075	
160	6	1	124	0.061	
160	6	1	118	0.079	
161	6	1	73	0.148	
161	6	1	77	0.139	
161	6	1	250	0.041	
161	6	1	250	0.064	
161	6	1	250	0.070	
162	6	1	200	0.066	
162	6	1	193	0.063	
162	6	1	250	0.082	
162	6	1	250	0.054	
162	6	1	250	0.246	
163	6	1	138	0.102	
163	6	1	135	0.082	
163	6	1	250	0.045	
163	6	1	250	0.054	
163	6	1	250	0.107	
164	6	1	163	0.067	
164	6	1	144	0.076	
164	6	1	145	0.120	
164	6	1	181	0.072	
164	6	1	135	0.120	
165	6	1	196	0.072	
165	6	1	200	0.075	
165	6	1	130	0.084	
165	6	1	125	0.085	
165	6	1	139	0.081	
166	6	1	142	0.091	
166	6	1	142	0.102	
166	6	1	111	0.111	
166	6	1	158	0.078	
166	6	1	112	0.126	
167	6	1	95	0.077	
167	6	1	61	0.073	
167	6	1	87	0.065	
167	6	1	101	0.061	
167	6	1	143	0.053	
168	6	1	201	0.060	
168	6	1	205	0.053	
168	6	1	250	0.050	
168	6	1	250	0.045	
168	6	1	250	0.068	
169	6	1	209	0.056	
169	6	1	233	0.064	
169	6	1	133	0.058	
169	6	1	118	0.063	
169	6	1	179	0.058	
170	6	1	87	0.096	
170	6	1	95	0.099	
170	6	1	250	0.077	
170	6	1	250	1.765	
170	6	1	250	0.052	
171	6	1	250	0.062	
171	6	1	238	0.059	
171	6	1	113	0.077	
171	6	1	169	0.074	
171	6	1	165	0.061	
172	6	1	234	0.064	
172	6	1	250	0.073	
172	6	1	120	0.073	
172	6	1	121	0.073	
172	6	1	122	0.069	
173	6	1	126	0.053	
173	6	1	103	0.046	
173	6	1	179	0.065	
173	6	1	250	0.054	
173	6	1	146	0.044	
174	6	1	84	0.108	
174	6	1	95	0.129	
174	6	1	250	0.063	
174	6	1	250	0.856	
174	6	1	250	0.096	
175	6	1	236	0.074	
175	6	1	229	0.046	
175	6	1	137	0.078	
175	6	1	114	0.066	
175	6	1	146	0.054	
176	6	1	167	0.048	
176	6	1	124	0.055	
176	6	1	250	0.163	
176	6	1	250	0.248	
176	6	1	250	0.067	
177	6	1	112	0.067	
177	6	1	93	0.080	
177	6	1	250	1.556	
177	6	1	250	0.226	
177	6	1	250	1.149	
178	6	1	155	0.067	
178	6	1	117	0.067	
178	6	1	250	0.048	
178	6	1	250	0.891	
178	6	1	250	0.038	
179	6	1	163	0.062	
179	6	1	236	0.058	
179	6	1	138	0.046	
179	6	1	129	0.054	
179	6	1	99	0.072	
180	6	1	250	0.059	
180	6	1	250	0.055	
180	6	1	127	0.074	
180	6	1	144	0.064	
180	6	1	175	0.057	
181	6	1	97	0.071	
181	6	1	172	0.066	
181	6	1	250	0.062	
181	6	1	250	0.043	
181	6	1	250	0.713	
182	6	1	113	0.074	
182	6	1	113	0.083	
182	6	1	223	0.082	
182	6	1	250	0.126	
182	6	1	250	0.230	
183	6	1	70	0.118	
183	6	1	127	0.066	
183	6	1	189	0.077	
183	6	1	154	0.082	
183	6	1	190	0.096	
184	6	1	145	0.071	
184	6	1	206	0.067	
184	6	1	127	0.064	
184	6	1	119	0.063	
184	6	1	117	0.068	
185	6	1	124	0.080	
185	6	1	128	0.088	
185	6	1	250	0.061	
185	6	1	250	0.060	
185	6	1	230	0.032	
186	6	1	130	0.054	
186	6	1	101	0.061	
186	6	1	250	0.062	
186	6	1	250	0.039	
186	6	1	250	0.973	
187	6	1	129	0.047	
187	6	1	138	0.067	
187	6	1	250	0.047	
187	6	1	250	0.063	
187	6	1	250	0.065	
188	6	1	155	0.086	
188	6	1	156	0.073	
188	6	1	104	0.113	
188	6	1	144	0.086	
188	6	1	111	0.119	
189	6	1	177	0.080	
189	6	1	133	0.080	
189	6	1	250	0.067	
189	6	1	139	0.075	
189	6	1	216	0.074	
190	6	1	159	0.051	
190	6	1	196	0.044	
190	6	1	250	0.056	
190	6	1	250	0.082	
190	6	1	250	0.053	
191	6	1	250	0.055	
191	6	1	250	0.076	
191	6	1	56	0.123	
191	6	1	106	0.078	
191	6	1	117	0.074	
192	6	1	148	0.060	
192	6	1	150	0.052	
192	6	1	220	0.051	
192	6	1	186	0.055	
192	6	1	114	0.039	
193	6	1	49	0.124	
193	6	1	52	0.135	
193	6	1	42	0.121	
193	6	1	94	0.067	
193	6	1	94	0.073	
194	6	1	86	0.079	
194	6	1	130	0.082	
194	6	1	250	0.261	
194	6	1	250	0.037	
194	6	1	250	0.645	
195	6	1	212	0.082	
195	6	1	250	0.062	
195	6	1	109	0.090	
195	6	1	103	0.094	
195	6	1	111	0.091	
196	6	1	148	0.074	
196	6	1	120	0.070	
196	6	1	250	0.050	
196	6	1	247	0.049	
196	6	1	141	0.058	
197	6	1	144	0.075	
197	6	1	176	0.089	
197	6	1	172	0.089	
197	6	1	188	0.077	
197	6	1	136	0.086	
198	6	1	129	0.075	
198	6	1	114	0.111	
198	6	1	135	0.055	
198	6	1	178	0.073	
198	6	1	129	0.094	
199	6	1	137	0.074	
199	6	1	85	0.120	
199	6	1	201	0.055	
199	6	1	191	0.081	
199	6	1	155	0.073	
200	6	1	162	0.126	
200	6	1	197	0.088	
200	6	1	112	0.141	
200	6	1	108	0.121	
200	6	1	114	0.124	
201	6	1	125	0.095	
201	6	1	170	0.083	
201	6	1	117	0.101	
201	6	1	191	0.079	
201	6	1	155	0.109	
202	6	1	95	0.104	
202	6	1	86	0.128	
202	6	1	250	0.159	
202	6	1	250	0.061	
202	6	1	250	0.067	
203	6	1	125	0.057	
203	6	1	103	0.061	
203	6	1	149	0.083	
203	6	1	250	0.061	
203	6	1	250	0.070	
204	6	1	153	0.060	
204	6	1	170	0.052	
204	6	1	155	0.088	
204	6	1	152	0.075	
204	6	1	180	0.078	
205	6	1	161	0.061	
205	6	1	155	0.055	
205	6	1	250	0.073	
205	6	1	250	0.042	
205	6	1	250	0.046	
206	6	1	233	0.089	
206	6	1	185	0.087	
206	6	1	65	0.095	
206	6	1	135	0.078	
206	6	1	149	0.077	
207	6	1	55	0.130	
207	6	1	186	0.068	
207	6	1	147	0.053	
207	6	1	154	0.074	
207	6	1	192	0.047	
208	6	1	250	0.072	
208	6	1	250	0.059	
208	6	1	130	0.056	
208	6	1	136	0.056	
208	6	1	127	0.050	
209	6	1	170	0.086	
209	6	1	127	0.085	
209	6	1	112	0.135	
209	6	1	156	0.095	
209	6	1	160	0.092	
210	6	1	152	0.070	
210	6	1	175	0.060	
210	6	1	243	0.065	
210	6	1	238	0.060	
210	6	1	250	0.236	
211	6	1	150	0.049	
211	6	1	176	0.049	
211	6	1	156	0.045	
211	6	1	133	0.060	
211	6	1	153	0.050	
212	6	1	120	0.126	
212	6	1	151	0.078	
212	6	1	101	0.138	
212	6	1	107	0.108	
212	6	1	107	0.133	
213	6	1	250	0.126	
213	6	1	250	0.139	
213	6	1	144	0.103	
213	6	1	100	0.094	
213	6	1	97	0.105	
214	6	1	230	0.065	
214	6	1	250	0.063	
214	6	1	103	0.039	
214	6	1	104	0.075	
214	6	1	88	0.057	
215	6	1	101	0.088	
215	6	1	96	0.096	
215	6	1	250	0.446	
215	6	1	250	0.051	
215	6	1	250	0.108	
216	6	1	79	0.143	
216	6	1	84	0.116	
216	6	1	250	0.436	
216	6	1	250	0.066	
216	6	1	250	0.058	
217	6	1	109	0.115	
217	6	1	154	0.067	
217	6	1	120	0.077	
217	6	1	134	0.073	
217	6	1	107	0.084	
218	6	1	143	0.048	
218	6	1	164	0.048	
218	6	1	250	0.062	
218	6	1	201	0.082	
218	6	1	185	0.069	
219	6	1	191	0.075	
219	6	1	228	0.072	
219	6	1	109	0.064	
219	6	1	122	0.068	
219	6	1	124	0.060	
220	6	1	80	0.086	
220	6	1	113	0.053	
220	6	1	79	0.081	
220	6	1	77	0.056	
220	6	1	76	0.076	
221	6	1	196	0.066	
221	6	1	178	0.049	
221	6	1	250	0.310	
221	6	1	250	0.285	
221	6	1	248	0.046	
222	6	1	238	0.051	
222	6	1	50	0.112	
222	6	1	229	0.043	
222	6	1	250	0.210	
222	6	1	125	0.084	
223	6	1	135	0.074	
223	6	1	142	0.093	
223	6	1	250	0.104	
223	6	1	152	0.066	
223	6	1	184	0.068	
224	6	1	137	0.099	
224	6	1	133	0.116	
224	6	1	215	0.066	
224	6	1	138	0.097	
224	6	1	123	0.108	
225	6	1	115	0.093	
225	6	1	106	0.086	
225	6	1	250	0.069	
225	6	1	250	0.067	
225	6	1	250	0.083	
226	6	1	85	0.098	
226	6	1	82	0.109	
226	6	1	250	0.058	
226	6	1	250	0.054	
226	6	1	250	0.358	
227	6	1	206	0.077	
227	6	1	250	0.095	
227	6	1	99	0.116	
227	6	1	109	0.049	
227	6	1	117	0.056	
228	6	1	178	0.047	
228	6	1	130	0.048	
228	6	1	250	0.059	
228	6	1	195	0.086	
228	6	1	250	0.620	
229	6	1	149	0.066	
229	6	1	189	0.054	
229	6	1	186	0.051	
229	6	1	177	0.077	
229	6	1	147	0.064	
230	6	1	201	0.070	
230	6	1	237	0.078	
230	6	1	139	0.072	
230	6	1	168	0.063	
230	6	1	250	0.076	
231	6	1	126	0.112	
231	6	1	100	0.118	
231	6	1	250	0.075	
231	6	1	250	0.063	
231	6	1	250	0.060	
232	6	1	89	0.098	
232	6	1	99	0.101	
232	6	1	250	1.651	
232	6	1	250	0.056	
232	6	1	155	0.030	
233	6	1	72	0.191	
233	6	1	73	0.191	
233	6	1	250	0.048	
233	6	1	250	0.044	
233	6	1	250	0.168	
234	6	1	97	0.105	
234	6	1	89	0.110	
234	6	1	250	0.253	
234	6	1	250	0.044	
234	6	1	250	0.301	
235	6	1	144	0.068	
235	6	1	162	0.073	
235	6	1	177	0.057	
235	6	1	250	0.086	
235	6	1	230	0.083	
236	6	1	74	0.170	
236	6	1	73	0.100	
236	6	1	250	0.039	
236	6	1	250	0.056	
236	6	1	250	0.049	
237	6	1	197	0.067	
237	6	1	160	0.068	
237	6	1	102	0.124	
237	6	1	85	0.125	
237	6	1	116	0.127	
238	6	1	125	0.078	
238	6	1	69	0.121	
238	6	1	250	0.069	
238	6	1	250	0.060	
238	6	1	250	0.045	
239	6	1	127	0.061	
239	6	1	148	0.067	
239	6	1	250	0.958	
239	6	1	250	0.058	
239	6	1	250	0.051	
240	6	1	121	0.089	
240	6	1	93	0.106	
240	6	1	250	0.114	
240	6	1	141	0.238	
240	6	1	218	0.104	
241	6	1	185	0.071	
241	6	1	80	0.102	
241	6	1	118	0.064	
241	6	1	143	0.063	
241	6	1	135	0.068	
242	6	1	187	0.048	
242	6	1	182	0.072	
242	6	1	127	0.077	
242	6	1	109	0.077	
242	6	1	103	0.072	
243	6	1	110	0.115	
243	6	1	240	0.062	
243	6	1	72	0.114	
243	6	1	127	0.067	
243	6	1	128	0.072	
244	6	1	117	0.079	
244	6	1	133	0.071	
244	6	1	250	0.101	
244	6	1	243	0.037	
244	6	1	250	0.096	
245	6	1	155	0.062	
245	6	1	160	0.061	
245	6	1	250	0.088	
245	6	1	250	0.199	
245	6	1	250	0.087	
246	6	1	129	0.065	
246	6	1	115	0.053	
246	6	1	250	0.065	
246	6	1	250	0.264	
246	6	1	250	0.488	
247	6	1	106	0.115	
247	6	1	91	0.127	
247	6	1	157	0.072	
247	6	1	250	0.066	
247	6	1	250	0.065	
248	6	1	136	0.076	
248	6	1	126	0.074	
248	6	1	250	0.095	
248	6	1	250	0.143	
248	6	1	250	0.065	
249	6	1	70	0.055	
249	6	1	127	0.037	
249	6	1	161	0.046	
249	6	1	192	0.039	
249	6	1	250	0.076	
250	6	1	234	0.040	
250	6	1	187	0.045	
250	6	1	75	0.047	
250	6	1	138	0.044	
250	6	1	124	0.064	
251	6	1	137	0.086	
251	6	1	108	0.105	
251	6	1	169	0.075	
251	6	1	122	0.135	
251	6	1	189	0.097	
252	6	1	82	0.075	
252	6	1	99	0.068	
252	6	1	117	0.103	
252	6	1	238	0.102	
252	6	1	109	0.072	
253	6	1	133	0.080	
253	6	1	129	0.090	
253	6	1	250	0.048	
253	6	1	220	0.082	
253	6	1	250	0.054	
254	6	1	123	0.112	
254	6	1	97	0.136	
254	6	1	250	1.691	
254	6	1	250	0.054	
254	6	1	250	0.060	
255	6	1	250	0.045	
255	6	1	135	0.112	
255	6	1	118	0.048	
255	6	1	83	0.093	
255	6	1	111	0.049	
256	6	1	127	0.061	
256	6	1	203	0.073	
256	6	1	188	0.051	
256	6	1	154	0.071	
256	6	1	208	0.054	
257	6	1	81	0.157	
257	6	1	79	0.130	
257	6	1	250	1.850	
257	6	1	250	0.031	
257	6	1	250	0.031	
258	6	1	180	0.063	
258	6	1	115	0.047	
258	6	1	250	0.039	
258	6	1	250	0.063	
258	6	1	250	0.078	
259	6	1	107	0.115	
259	6	1	83	0.131	
259	6	1	250	0.507	
259	6	1	250	0.062	
259	6	1	250	0.092	
260	6	1	231	0.052	
260	6	1	250	0.051	
260	6	1	141	0.044	
260	6	1	174	0.060	
260	6	1	145	0.053	
261	6	1	250	0.072	
261	6	1	209	0.080	
261	6	1	129	0.102	
261	6	1	120	0.099	
261	6	1	130	0.083	
262	6	1	148	0.065	
262	6	1	210	0.069	
262	6	1	250	0.069	
262	6	1	250	0.211	
262	6	1	144	0.145	
263	6	1	155	0.068	
263	6	1	142	0.082	
263	6	1	65	0.068	
263	6	1	114	0.087	
263	6	1	131	0.069	
264	6	1	160	0.066	
264	6	1	166	0.088	
264	6	1	195	0.054	
264	6	1	145	0.076	
264	6	1	198	0.058	
265	6	1	198	0.076	
265	6	1	250	0.075	
265	6	1	250	0.065	
265	6	1	184	0.054	
265	6	1	250	0.059	
266	6	1	125	0.079	
266	6	1	187	0.049	
266	6	1	195	0.069	
266	6	1	193	0.077	
266	6	1	250	0.104	
267	6	1	122	0.101	
267	6	1	155	0.070	
267	6	1	168	0.053	
267	6	1	250	0.072	
267	6	1	250	0.062	
268	6	1	130	0.074	
268	6	1	150	0.085	
268	6	1	230	0.044	
268	6	1	214	0.047	
268	6	1	250	0.038	
269	6	1	131	0.113	
269	6	1	191	0.110	
269	6	1	138	0.080	
269	6	1	112	0.115	
269	6	1	135	0.117	
270	6	1	138	0.073	
270	6	1	162	0.063	
270	6	1	185	0.048	
270	6	1	167	0.072	
270	6	1	128	0.103	
271	6	1	180	0.070	
271	6	1	189	0.068	
271	6	1	250	0.049	
271	6	1	250	0.247	
271	6	1	165	0.077	
272	6	1	229	0.052	
272	6	1	250	0.059	
272	6	1	175	0.045	
272	6	1	172	0.048	
272	6	1	220	0.049	
273	6	1	159	0.077	
273	6	1	176	0.070	
273	6	1	250	0.064	
273	6	1	250	0.107	
273	6	1	250	0.078	
274	6	1	108	0.123	
274	6	1	101	0.147	
274	6	1	115	0.138	
274	6	1	171	0.136	
274	6	1	127	0.127	
275	6	1	250	0.049	
275	6	1	250	0.048	
275	6	1	144	0.066	
275	6	1	149	0.047	
275	6	1	133	0.051	
276	6	1	250	0.060	
276	6	1	229	0.073	
276	6	1	151	0.071	
276	6	1	250	0.061	
276	6	1	113	0.050	
277	6	1	133	0.079	
277	6	1	153	0.081	
277	6	1	117	0.106	
277	6	1	130	0.064	
277	6	1	116	0.092	
278	6	1	250	0.076	
278	6	1	250	0.085	
278	6	1	115	0.055	
278	6	1	129	0.081	
278	6	1	124	0.076	
279	6	1	250	0.037	
279	6	1	250	0.064	
279	6	1	165	0.069	
279	6	1	250	0.051	
279	6	1	250	0.080	
280	6	1	250	0.069	
280	6	1	197	0.065	
280	6	1	115	0.101	
280	6	1	106	0.064	
280	6	1	133	0.077	
281	6	1	222	0.061	
281	6	1	246	0.048	
281	6	1	216	0.086	
281	6	1	250	0.069	
281	6	1	217	0.073	
282	6	1	202	0.061	
282	6	1	250	0.069	
282	6	1	201	0.061	
282	6	1	192	0.053	
282	6	1	178	0.054	
283	6	1	70	0.068	
283	6	1	64	0.063	
283	6	1	75	0.064	
283	6	1	90	0.065	
283	6	1	74	0.063	
284	6	1	146	0.076	
284	6	1	136	0.068	
284	6	1	156	0.060	
284	6	1	198	0.053	
284	6	1	161	0.065	
285	6	1	238	0.054	
285	6	1	174	0.072	
285	6	1	123	0.095	
285	6	1	156	0.054	
285	6	1	157	0.050	
286	6	1	146	0.075	
286	6	1	148	0.067	
286	6	1	169	0.081	
286	6	1	154	0.079	
286	6	1	210	0.073	
287	6	1	250	0.052	
287	6	1	250	0.060	
287	6	1	118	0.101	
287	6	1	120	0.094	
287	6	1	136	0.060	
288	6	1	174	0.092	
288	6	1	130	0.097	
288	6	1	188	0.054	
288	6	1	90	0.117	
288	6	1	148	0.086	
289	6	1	111	0.103	
289	6	1	155	0.085	
289	6	1	243	0.076	
289	6	1	250	0.088	
289	6	1	250	0.050	
290	6	1	150	0.076	
290	6	1	164	0.068	
290	6	1	250	0.088	
290	6	1	250	0.283	
290	6	1	250	0.056	
291	6	1	73	0.129	
291	6	1	72	0.183	
291	6	1	250	0.044	
291	6	1	250	0.063	
291	6	1	250	1.292	
292	6	1	40	0.114	
292	6	1	40	0.110	
292	6	1	117	0.101	
292	6	1	118	0.080	
292	6	1	63	0.094	
293	6	1	130	0.058	
293	6	1	141	0.044	
293	6	1	250	0.619	
293	6	1	250	0.640	
293	6	1	250	0.036	
294	6	1	132	0.092	
294	6	1	125	0.083	
294	6	1	250	0.078	
294	6	1	236	0.066	
294	6	1	182	0.073	
295	6	1	100	0.106	
295	6	1	120	0.099	
295	6	1	250	0.132	
295	6	1	250	0.234	
295	6	1	250	0.166	
296	6	1	135	0.105	
296	6	1	128	0.102	
296	6	1	250	0.053	
296	6	1	250	0.036	
296	6	1	205	0.054	
297	6	1	213	0.046	
297	6	1	208	0.061	
297	6	1	248	0.066	
297	6	1	250	0.064	
297	6	1	162	0.058	
298	6	1	250	0.066	
298	6	1	250	0.054	
298	6	1	133	0.084	
298	6	1	147	0.046	
298	6	1	199	0.053	
299	6	1	250	0.087	
299	6	1	214	0.092	
299	6	1	121	0.066	
299	6	1	123	0.070	
299	6	1	133	0.086	
0	7	1	129	0.074	
0	7	1	119	0.049	
0	7	1	250	0.032	
0	7	1	250	0.081	
0	7	1	250	1.479	
1	7	1	128	0.087	
1	7	1	93	0.134	
1	7	1	109	0.040	
1	7	1	250	0.055	
1	7	1	114	0.023	
2	7	1	114	0.047	
2	7	1	86	0.053	
2	7	1	126	0.048	
2	7	1	141	0.056	
2	7	1	133	0.049	
3	7	1	51	0.244	
3	7	1	46	0.294	
3	7	1	89	0.114	
3	7	1	159	0.053	
3	7	1	120	0.051	
4	7	1	44	0.044	
4	7	1	93	0.011	
4	7	0	57	0.016	
4	7	1	90	0.014	
4	7	1	115	0.024	
5	7	1	47	0.307	
5	7	1	47	0.307	
5	7	1	135	0.072	
5	7	1	117	0.097	
5	7	1	184	0.146	
6	7	1	122	0.076	
6	7	1	112	0.061	
6	7	1	180	0.062	
6	7	1	235	0.080	
6	7	1	126	0.066	
7	7	1	55	0.110	
7	7	1	65	0.059	
7	7	1	84	0.108	
7	7	1	119	0.042	
7	7	1	86	0.039	
8	7	1	50	0.147	
8	7	1	49	0.105	
8	7	1	122	0.107	
8	7	1	90	0.155	
8	7	1	101	0.096	
9	7	1	57	0.216	
9	7	1	53	0.236	
9	7	1	99	0.169	
9	7	1	59	0.241	
9	7	1	75	0.221	
10	7	1	55	0.186	
10	7	1	110	0.043	
10	7	1	215	0.039	
10	7	0	91	0.022	
10	7	1	250	0.025	
11	7	1	65	0.169	
11	7	1	94	0.082	
11	7	1	96	0.067	
11	7	1	107	0.104	
11	7	1	68	0.318	
12	7	1	96	0.110	
12	7	1	100	0.074	
12	7	1	173	0.055	
12	7	1	125	0.054	
12	7	1	186	0.047	
13	7	1	101	0.082	
13	7	1	119	0.062	
13	7	1	164	0.086	
13	7	1	250	0.154	
13	7	1	250	0.116	
14	7	1	86	0.158	
14	7	1	68	0.137	
14	7	1	250	0.250	
14	7	1	250	0.054	
14	7	1	135	0.093	
15	7	1	47	0.217	
15	7	1	48	0.267	
15	7	1	77	0.150	
15	7	1	143	0.152	
15	7	1	81	0.152	
16	7	1	114	0.064	
16	7	1	171	0.148	
16	7	1	250	0.051	
16	7	1	250	0.046	
16	7	1	250	0.059	
17	7	1	48	0.254	
17	7	1	91	0.103	
17	7	1	121	0.180	
17	7	1	250	0.073	
17	7	1	207	0.164	
18	7	1	52	0.120	
18	7	1	52	0.120	
18	7	1	49	0.305	
18	7	1	48	0.285	
18	7	1	50	0.195	
19	7	1	63	0.068	
19	7	1	69	0.096	
19	7	1	129	0.039	
19	7	1	142	0.092	
19	7	1	116	0.075	
20	7	1	49	0.200	
20	7	1	47	0.185	
20	7	1	59	0.244	
20	7	1	59	0.223	
20	7	1	58	0.238	
21	7	1	123	0.094	
21	7	1	60	0.268	
21	7	1	73	0.191	
21	7	1	60	0.117	
21	7	1	132	0.178	
22	7	1	84	0.081	
22	7	1	122	0.064	
22	7	1	239	0.048	
22	7	1	237	0.066	
22	7	1	250	0.063	
23	7	1	28	0.083	
23	7	1	28	0.083	
23	7	1	29	0.069	
23	7	1	65	0.104	
23	7	1	56	0.057	
24	7	1	107	0.105	
24	7	1	81	0.109	
24	7	1	184	0.062	
24	7	1	151	0.068	
24	7	1	114	0.105	
25	7	1	47	0.198	
25	7	1	47	0.198	
25	7	1	103	0.408	
25	7	1	92	0.368	
25	7	1	114	0.368	
26	7	1	103	0.151	
26	7	1	110	0.118	
26	7	1	250	0.082	
26	7	0	220	0.022	
26	7	1	225	0.046	
27	7	1	80	0.150	
27	7	1	72	0.183	
27	7	1	250	0.624	
27	7	1	250	0.047	
27	7	1	175	0.132	
28	7	1	44	0.263	
28	7	1	46	0.183	
28	7	1	151	0.249	
28	7	1	59	0.354	
28	7	1	130	0.124	
29	7	1	44	0.063	
29	7	1	70	0.060	
29	7	1	250	0.060	
29	7	1	146	0.030	
29	7	1	128	0.049	
30	7	1	163	0.091	
30	7	1	126	0.066	
30	7	1	250	0.064	
30	7	1	250	0.036	
30	7	1	250	0.050	
31	7	1	68	0.105	
31	7	1	64	0.122	
31	7	1	92	0.074	
31	7	1	90	0.057	
31	7	1	90	0.074	
32	7	1	65	0.122	
32	7	1	96	0.069	
32	7	1	250	0.144	
32	7	1	147	0.086	
32	7	1	206	0.045	
33	7	1	84	0.070	
33	7	1	60	0.080	
33	7	1	250	0.088	
33	7	1	99	0.064	
33	7	1	250	0.049	
34	7	1	112	0.056	
34	7	1	71	0.090	
34	7	1	113	0.087	
34	7	1	165	0.244	
34	7	1	75	0.107	
35	7	1	53	0.093	
35	7	1	70	0.091	
35	7	1	250	0.047	
35	7	1	250	0.050	
35	7	1	250	0.056	
36	7	1	51	0.269	
36	7	1	48	0.129	
36	7	1	250	0.046	
36	7	1	250	0.038	
36	7	1	143	0.084	
37	7	1	184	0.044	
37	7	1	134	0.051	
37	7	1	250	0.035	
37	7	1	110	0.113	
37	7	1	250	0.466	
38	7	1	71	0.113	
38	7	1	93	0.159	
38	7	1	83	0.092	
38	7	1	183	0.127	
38	7	1	191	0.057	
39	7	1	53	0.136	
39	7	1	50	0.169	
39	7	1	69	0.121	
39	7	1	117	0.079	
39	7	1	121	0.065	
40	7	1	45	0.382	
40	7	1	45	0.382	
40	7	1	45	0.346	
40	7	1	45	0.346	
40	7	1	45	0.373	
41	7	1	45	0.275	
41	7	1	45	0.275	
41	7	1	49	0.360	
41	7	1	47	0.338	
41	7	1	48	0.333	
42	7	1	47	0.635	
42	7	1	47	0.635	
42	7	1	45	0.647	
42	7	1	45	0.647	
42	7	1	45	0.647	
43	7	1	57	0.127	
43	7	1	58	0.133	
43	7	0	126	0.014	
43	7	1	250	0.069	
43	7	1	250	0.063	
44	7	1	86	0.075	
44	7	1	67	0.051	
44	7	1	144	0.051	
44	7	1	123	0.060	
44	7	1	132	0.113	
45	7	1	66	0.083	
45	7	1	85	0.115	
45	7	1	153	0.097	
45	7	1	141	0.122	
45	7	1	116	0.133	
46	7	1	83	0.127	
46	7	1	72	0.106	
46	7	1	86	0.129	
46	7	1	86	0.088	
46	7	1	100	0.088	
47	7	1	96	0.080	
47	7	1	105	0.063	
47	7	1	95	0.053	
47	7	1	87	0.044	
47	7	1	120	0.057	
48	7	1	81	0.109	
48	7	1	95	0.084	
48	7	1	250	0.036	
48	7	1	214	0.065	
48	7	1	134	0.133	
49	7	1	138	0.052	
49	7	1	118	0.066	
49	7	1	243	0.043	
49	7	1	250	0.056	
49	7	1	250	0.072	
50	7	1	47	0.109	
50	7	1	47	0.109	
50	7	1	92	0.207	
50	7	1	90	0.254	
50	7	1	103	0.137	
51	7	1	55	0.204	
51	7	1	57	0.238	
51	7	1	250	0.069	
51	7	1	81	0.168	
51	7	1	81	0.194	
52	7	1	49	0.172	
52	7	1	103	0.076	
52	7	1	250	0.030	
52	7	1	250	0.026	
52	7	1	250	0.047	
53	7	1	56	0.150	
53	7	1	58	0.114	
53	7	1	120	0.078	
53	7	1	148	0.072	
53	7	1	114	0.054	
54	7	1	52	0.168	
54	7	1	51	0.218	
54	7	1	106	0.166	
54	7	1	170	0.083	
54	7	1	86	0.229	
55	7	1	93	0.101	
55	7	1	129	0.114	
55	7	1	168	0.045	
55	7	1	140	0.046	
55	7	1	183	0.045	
56	7	1	64	0.127	
56	7	1	72	0.116	
56	7	0	156	0.015	
56	7	1	229	0.024	
56	7	1	204	0.032	
57	7	1	103	0.073	
57	7	1	106	0.104	
57	7	1	250	0.058	
57	7	1	169	0.109	
57	7	1	240	0.070	
58	7	1	73	0.096	
58	7	1	40	0.093	
58	7	1	250	0.054	
58	7	1	250	0.049	
58	7	1	250	0.063	
59	7	1	82	0.067	
59	7	1	100	0.081	
59	7	1	173	0.047	
59	7	1	78	0.102	
59	7	1	118	0.071	
60	7	1	103	0.066	
60	7	1	96	0.076	
60	7	1	131	0.080	
60	7	1	87	0.094	
60	7	1	97	0.062	
61	7	1	50	0.422	
61	7	1	50	0.422	
61	7	1	45	0.417	
61	7	1	45	0.419	
61	7	1	45	0.419	
62	7	1	101	0.066	
62	7	1	123	0.075	
62	7	1	142	0.041	
62	7	1	122	0.067	
62	7	1	134	0.042	
63	7	1	60	0.171	
63	7	1	54	0.138	
63	7	1	141	0.113	
63	7	1	250	0.056	
63	7	1	87	0.083	
64	7	1	54	0.089	
64	7	1	59	0.098	
64	7	1	105	0.108	
64	7	1	111	0.106	
64	7	1	115	0.062	
65	7	1	46	0.241	
65	7	1	47	0.301	
65	7	1	101	0.069	
65	7	1	135	0.076	
65	7	1	105	0.058	
66	7	1	63	0.143	
66	7	1	62	0.148	
66	7	1	116	0.080	
66	7	1	141	0.101	
66	7	1	142	0.065	
67	7	1	51	0.416	
67	7	1	50	0.418	
67	7	1	178	0.223	
67	7	1	88	0.233	
67	7	1	116	0.428	
68	7	1	90	0.147	
68	7	1	54	0.174	
68	7	1	81	0.262	
68	7	1	99	0.143	
68	7	1	75	0.303	
69	7	1	127	0.039	
69	7	1	123	0.051	
69	7	1	102	0.059	
69	7	1	93	0.117	
69	7	1	138	0.068	
70	7	1	76	0.187	
70	7	1	94	0.146	
70	7	1	250	0.046	
70	7	1	250	0.050	
70	7	1	250	0.052	
71	7	1	136	0.080	
71	7	1	73	0.123	
71	7	1	180	0.025	
71	7	1	250	0.026	
71	7	0	119	0.000	
72	7	1	45	0.185	
72	7	1	45	0.178	
72	7	1	154	0.155	
72	7	1	125	0.172	
72	7	1	150	0.095	
73	7	1	139	0.159	
73	7	1	97	0.141	
73	7	1	250	0.049	
73	7	1	250	1.583	
73	7	1	250	0.046	
74	7	1	62	0.122	
74	7	1	60	0.190	
74	7	1	103	0.162	
74	7	1	93	0.176	
74	7	1	98	0.076	
75	7	1	77	0.440	
75	7	1	64	0.397	
75	7	1	250	0.045	
75	7	1	250	0.056	
75	7	1	250	0.035	
76	7	1	117	0.099	
76	7	1	78	0.097	
76	7	1	250	0.047	
76	7	1	250	0.105	
76	7	1	216	0.065	
77	7	1	90	0.181	
77	7	1	72	0.216	
77	7	1	250	0.242	
77	7	0	189	0.027	
77	7	1	108	0.037	
78	7	1	158	0.123	
78	7	1	114	0.071	
78	7	1	127	0.033	
78	7	1	140	0.041	
78	7	1	250	0.068	
79	7	1	106	0.079	
79	7	1	102	0.074	
79	7	1	68	0.217	
79	7	1	69	0.233	
79	7	1	58	0.366	
80	7	1	51	0.063	
80	7	1	51	0.077	
80	7	1	250	0.056	
80	7	1	250	0.160	
80	7	1	122	0.103	
81	7	1	104	0.127	
81	7	1	118	0.067	
81	7	1	186	0.068	
81	7	1	250	0.067	
81	7	1	191	0.040	
82	7	1	101	0.092	
82	7	1	108	0.065	
82	7	1	246	0.096	
82	7	1	250	0.064	
82	7	1	250	0.064	
83	7	1	48	0.277	
83	7	1	48	0.277	
83	7	1	142	0.152	
83	7	1	205	0.108	
83	7	1	153	0.110	
84	7	1	65	0.215	
84	7	1	57	0.171	
84	7	1	97	0.244	
84	7	1	97	0.082	
84	7	1	126	0.045	
85	7	1	93	0.108	
85	7	1	58	0.132	
85	7	1	155	0.048	
85	7	1	177	0.072	
85	7	1	250	0.066	
86	7	1	139	0.068	
86	7	1	114	0.077	
86	7	1	122	0.089	
86	7	1	158	0.056	
86	7	1	199	0.088	
87	7	1	68	0.246	
87	7	1	95	0.397	
87	7	1	101	0.105	
87	7	1	134	0.105	
87	7	1	122	0.099	
88	7	1	52	0.269	
88	7	1	63	0.142	
88	7	1	89	0.053	
88	7	1	94	0.085	
88	7	1	127	0.073	
89	7	1	111	0.069	
89	7	1	132	0.059	
89	7	1	143	0.085	
89	7	1	111	0.087	
89	7	1	117	0.080	
90	7	1	57	0.176	
90	7	1	55	0.244	
90	7	1	66	0.190	
90	7	1	59	0.263	
90	7	1	103	0.154	
91	7	1	80	0.219	
91	7	1	111	0.103	
91	7	1	250	0.366	
91	7	1	160	0.100	
91	7	1	250	0.057	
92	7	1	46	0.121	
92	7	1	47	0.126	
92	7	1	98	0.151	
92	7	1	104	0.142	
92	7	1	90	0.129	
93	7	1	48	0.818	
93	7	1	48	0.818	
93	7	1	63	0.806	
93	7	1	74	0.806	
93	7	1	65	0.806	
94	7	1	45	0.413	
94	7	1	45	0.399	
94	7	1	47	0.499	
94	7	1	46	0.470	
94	7	1	46	0.470	
95	7	1	63	0.140	
95	7	1	60	0.180	
95	7	1	139	0.063	
95	7	1	87	0.180	
95	7	1	154	0.183	
96	7	1	61	0.184	
96	7	1	54	0.198	
96	7	1	127	0.107	
96	7	1	248	0.117	
96	7	1	167	0.067	
97	7	1	96	0.059	
97	7	1	99	0.058	
97	7	1	79	0.093	
97	7	1	86	0.061	
97	7	1	115	0.076	
98	7	1	80	0.131	
98	7	1	104	0.131	
98	7	1	135	0.073	
98	7	1	89	0.127	
98	7	1	119	0.132	
99	7	1	101	0.096	
99	7	1	86	0.084	
99	7	1	136	0.103	
99	7	1	215	0.040	
99	7	1	123	0.109	
100	7	1	94	0.104	
100	7	1	91	0.121	
100	7	1	143	0.081	
100	7	1	151	0.058	
100	7	1	131	0.157	
101	7	1	51	0.220	
101	7	1	50	0.194	
101	7	1	250	0.058	
101	7	1	250	0.059	
101	7	1	250	0.040	
102	7	1	46	0.149	
102	7	1	46	0.103	
102	7	1	121	0.100	
102	7	1	174	0.077	
102	7	1	121	0.097	
103	7	1	211	0.055	
103	7	1	80	0.103	
103	7	1	250	0.060	
103	7	1	175	0.086	
103	7	1	250	0.039	
104	7	1	153	0.080	
104	7	1	120	0.087	
104	7	1	88	0.094	
104	7	1	91	0.101	
104	7	1	94	0.089	
105	7	1	108	0.054	
105	7	1	115	0.068	
105	7	1	128	0.059	
105	7	1	117	0.097	
105	7	1	84	0.094	
106	7	1	70	0.095	
106	7	1	164	0.074	
106	7	1	250	0.044	
106	7	1	250	0.044	
106	7	1	250	0.035	
107	7	1	151	0.117	
107	7	1	67	0.077	
107	7	1	124	0.018	
107	7	1	139	0.006	
107	7	1	152	0.018	
108	7	1	45	0.242	
108	7	1	46	0.166	
108	7	1	142	0.132	
108	7	1	103	0.349	
108	7	1	70	0.175	
109	7	1	75	0.185	
109	7	1	61	0.172	
109	7	1	126	0.084	
109	7	1	62	0.162	
109	7	1	86	0.107	
110	7	1	66	0.073	
110	7	1	56	0.147	
110	7	1	154	0.134	
110	7	1	250	0.068	
110	7	1	250	0.056	
111	7	1	117	0.102	
111	7	1	107	0.079	
111	7	1	250	0.068	
111	7	1	181	0.101	
111	7	1	250	0.062	
112	7	1	164	0.071	
112	7	1	139	0.051	
112	7	1	107	0.068	
112	7	1	83	0.067	
112	7	1	115	0.066	
113	7	1	102	0.085	
113	7	1	113	0.054	
113	7	1	117	0.086	
113	7	1	168	0.077	
113	7	1	99	0.095	
114	7	1	91	0.077	
114	7	1	95	0.082	
114	7	1	112	0.114	
114	7	1	147	0.063	
114	7	1	127	0.074	
115	7	1	113	0.106	
115	7	1	119	0.107	
115	7	1	250	0.066	
115	7	1	129	0.074	
115	7	1	137	0.059	
116	7	1	81	0.104	
116	7	1	77	0.211	
116	7	1	99	0.138	
116	7	1	117	0.172	
116	7	1	129	0.157	
117	7	1	39	0.071	
117	7	1	30	0.048	
117	7	1	29	0.051	
117	7	1	33	0.069	
117	7	1	29	0.070	
118	7	1	204	0.087	
118	7	1	116	0.079	
118	7	1	250	0.052	
118	7	1	207	0.111	
118	7	1	250	0.040	
119	7	1	82	0.077	
119	7	1	119	0.074	
119	7	1	250	0.052	
119	7	1	131	0.032	
119	7	1	135	0.032	
120	7	1	166	0.041	
120	7	1	196	0.086	
120	7	1	84	0.050	
120	7	1	164	0.086	
120	7	1	124	0.056	
121	7	1	94	0.087	
121	7	1	77	0.095	
121	7	1	92	0.049	
121	7	1	83	0.076	
121	7	1	149	0.063	
122	7	1	133	0.046	
122	7	1	120	0.087	
122	7	1	250	0.051	
122	7	1	250	0.108	
122	7	1	250	0.090	
123	7	1	92	0.119	
123	7	1	135	0.075	
123	7	1	128	0.080	
123	7	1	90	0.115	
123	7	1	142	0.057	
124	7	1	136	0.101	
124	7	1	83	0.124	
124	7	1	114	0.104	
124	7	1	190	0.070	
124	7	1	164	0.127	
125	7	1	58	0.083	
125	7	1	61	0.123	
125	7	1	108	0.084	
125	7	1	141	0.045	
125	7	1	133	0.058	
126	7	1	138	0.080	
126	7	1	87	0.089	
126	7	1	184	0.076	
126	7	1	214	0.050	
126	7	1	211	0.056	
127	7	1	99	0.103	
127	7	1	147	0.044	
127	7	1	215	0.042	
127	7	1	250	0.030	
127	7	1	250	0.322	
128	7	1	45	0.212	
128	7	1	46	0.138	
128	7	1	122	0.299	
128	7	1	126	0.294	
128	7	1	176	0.075	
129	7	1	93	0.101	
129	7	1	49	0.114	
129	7	1	156	0.014	
129	7	1	250	0.032	
129	7	1	250	0.071	
130	7	1	134	0.090	
130	7	1	61	0.126	
130	7	1	250	0.048	
130	7	1	250	0.115	
130	7	1	250	0.054	
131	7	1	82	0.139	
131	7	1	76	0.138	
131	7	1	88	0.145	
131	7	1	89	0.106	
131	7	1	183	0.044	
132	7	1	114	0.119	
132	7	1	206	0.065	
132	7	1	133	0.077	
132	7	1	120	0.108	
132	7	1	90	0.104	
133	7	1	86	0.055	
133	7	1	134	0.075	
133	7	1	250	0.051	
133	7	1	156	0.060	
133	7	1	236	0.038	
134	7	1	70	0.138	
134	7	1	90	0.143	
134	7	1	108	0.086	
134	7	1	83	0.080	
134	7	1	106	0.098	
135	7	1	47	0.186	
135	7	1	46	0.179	
135	7	1	60	0.318	
135	7	1	53	0.233	
135	7	1	59	0.312	
136	7	1	111	0.082	
136	7	1	129	0.079	
136	7	1	119	0.114	
136	7	1	108	0.106	
136	7	1	127	0.095	
137	7	1	95	0.058	
137	7	1	83	0.073	
137	7	1	174	0.048	
137	7	1	146	0.064	
137	7	1	209	0.100	
138	7	1	140	0.061	
138	7	1	113	0.089	
138	7	1	171	0.080	
138	7	1	133	0.080	
138	7	1	120	0.111	
139	7	1	97	0.095	
139	7	1	96	0.099	
139	7	1	77	0.152	
139	7	1	74	0.107	
139	7	1	153	0.096	
140	7	1	78	0.105	
140	7	1	82	0.110	
140	7	1	173	0.101	
140	7	1	118	0.093	
140	7	1	132	0.115	
141	7	1	63	0.124	
141	7	1	58	0.136	
141	7	1	121	0.066	
141	7	1	89	0.061	
141	7	1	86	0.078	
142	7	1	71	0.098	
142	7	1	97	0.096	
142	7	1	101	0.113	
142	7	1	108	0.092	
142	7	1	88	0.100	
143	7	1	93	0.159	
143	7	1	118	0.068	
143	7	1	225	0.038	
143	7	1	250	0.038	
143	7	1	250	1.073	
144	7	1	117	0.063	
144	7	1	104	0.093	
144	7	1	163	0.043	
144	7	1	225	0.063	
144	7	1	182	0.049	
145	7	1	59	0.169	
145	7	1	94	0.112	
145	7	1	134	0.083	
145	7	1	80	0.092	
145	7	1	94	0.099	
146	7	1	49	0.171	
146	7	1	50	0.164	
146	7	1	70	0.250	
146	7	1	58	0.218	
146	7	1	61	0.175	
147	7	1	106	0.076	
147	7	1	66	0.084	
147	7	1	201	0.115	
147	7	1	193	0.062	
147	7	1	206	0.110	
148	7	1	128	0.060	
148	7	1	95	0.125	
148	7	1	123	0.080	
148	7	1	121	0.086	
148	7	1	197	0.034	
149	7	1	126	0.101	
149	7	1	64	0.132	
149	7	1	202	0.049	
149	7	1	134	0.043	
149	7	1	195	0.049	
150	7	1	105	0.065	
150	7	1	125	0.089	
150	7	1	208	0.127	
150	7	1	215	0.137	
150	7	1	155	0.077	
151	7	1	114	0.075	
151	7	1	113	0.106	
151	7	1	250	0.064	
151	7	1	178	0.030	
151	7	0	207	0.019	
152	7	1	58	0.119	
152	7	1	48	0.136	
152	7	1	88	0.120	
152	7	1	104	0.082	
152	7	1	102	0.072	
153	7	1	101	0.049	
153	7	0	40	0.015	
153	7	1	101	0.067	
153	7	1	118	0.048	
153	7	1	130	0.076	
154	7	1	110	0.096	
154	7	1	66	0.114	
154	7	1	129	0.041	
154	7	0	112	0.000	
154	7	1	165	0.021	
155	7	1	80	0.099	
155	7	1	63	0.136	
155	7	1	250	0.072	
155	7	1	250	0.448	
155	7	1	250	0.028	
156	7	1	90	0.177	
156	7	1	75	0.151	
156	7	1	119	0.273	
156	7	1	159	0.235	
156	7	0	238	0.013	
157	7	1	96	0.061	
157	7	1	103	0.077	
157	7	1	121	0.074	
157	7	1	120	0.063	
157	7	1	110	0.074	
158	7	1	66	0.054	
158	7	1	87	0.074	
158	7	1	132	0.074	
158	7	1	120	0.066	
158	7	1	102	0.085	
159	7	1	66	0.190	
159	7	1	78	0.188	
159	7	1	89	0.224	
159	7	1	85	0.218	
159	7	1	250	0.083	
160	7	1	100	0.086	
160	7	1	131	0.075	
160	7	1	250	0.062	
160	7	1	127	0.085	
160	7	1	190	0.071	
161	7	1	75	0.142	
161	7	1	50	0.200	
161	7	1	63	0.192	
161	7	1	119	0.159	
161	7	1	58	0.236	
162	7	1	174	0.044	
162	7	1	104	0.058	
162	7	1	151	0.067	
162	7	1	141	0.078	
162	7	1	215	0.052	
163	7	1	78	0.093	
163	7	1	158	0.070	
163	7	1	250	0.144	
163	7	1	198	0.067	
163	7	1	202	0.040	
164	7	1	71	0.098	
164	7	1	98	0.104	
164	7	1	92	0.014	
164	7	1	102	0.057	
164	7	0	131	0.000	
165	7	1	106	0.072	
165	7	1	101	0.080	
165	7	1	148	0.073	
165	7	1	96	0.068	
165	7	1	114	0.071	
166	7	1	119	0.108	
166	7	1	71	0.075	
166	7	1	118	0.089	
166	7	1	145	0.111	
166	7	1	140	0.087	
167	7	1	65	0.052	
167	7	1	45	0.070	
167	7	1	117	0.073	
167	7	1	169	0.055	
167	7	1	192	0.053	
168	7	1	188	0.056	
168	7	1	104	0.081	
168	7	1	250	0.055	
168	7	1	250	0.053	
168	7	1	250	0.045	
169	7	1	112	0.025	
169	7	1	102	0.064	
169	7	1	205	0.039	
169	7	1	250	0.041	
169	7	1	218	0.047	
170	7	1	126	0.072	
170	7	1	93	0.091	
170	7	1	250	0.065	
170	7	1	206	0.088	
170	7	1	250	0.058	
171	7	1	85	0.066	
171	7	1	84	0.102	
171	7	1	113	0.065	
171	7	1	139	0.085	
171	7	1	152	0.083	
172	7	1	92	0.078	
172	7	1	115	0.062	
172	7	1	161	0.047	
172	7	1	124	0.069	
172	7	1	135	0.040	
173	7	1	102	0.101	
173	7	1	174	0.094	
173	7	1	158	0.047	
173	7	1	125	0.071	
173	7	1	163	0.088	
174	7	1	127	0.111	
174	7	1	134	0.122	
174	7	1	250	0.041	
174	7	1	250	0.060	
174	7	1	250	0.067	
175	7	1	224	0.078	
175	7	1	194	0.066	
175	7	1	133	0.040	
175	7	1	193	0.078	
175	7	1	230	0.050	
176	7	1	35	0.138	
176	7	1	85	0.064	
176	7	1	105	0.082	
176	7	1	147	0.128	
176	7	1	129	0.132	
177	7	1	66	0.088	
177	7	1	67	0.106	
177	7	1	212	0.054	
177	7	1	126	0.102	
177	7	1	129	0.124	
178	7	1	146	0.067	
178	7	1	155	0.059	
178	7	1	166	0.090	
178	7	1	228	0.055	
178	7	1	192	0.021	
179	7	1	190	0.060	
179	7	1	151	0.036	
179	7	1	250	0.048	
179	7	0	142	0.022	
179	7	1	250	0.116	
180	7	1	100	0.065	
180	7	1	108	0.052	
180	7	1	155	0.060	
180	7	1	131	0.074	
180	7	1	79	0.065	
181	7	1	174	0.062	
181	7	1	121	0.068	
181	7	1	250	0.062	
181	7	0	227	0.032	
181	7	0	87	0.011	
182	7	1	125	0.028	
182	7	1	115	0.063	
182	7	1	169	0.044	
182	7	1	220	0.061	
182	7	1	183	0.072	
183	7	1	96	0.096	
183	7	1	131	0.085	
183	7	1	119	0.057	
183	7	1	250	0.097	
183	7	0	103	0.019	
184	7	1	76	0.110	
184	7	1	76	0.107	
184	7	1	147	0.105	
184	7	1	149	0.060	
184	7	1	176	0.059	
185	7	1	70	0.079	
185	7	1	81	0.122	
185	7	1	124	0.104	
185	7	1	89	0.128	
185	7	1	75	0.155	
186	7	1	39	0.078	
186	7	1	93	0.071	
186	7	1	250	0.044	
186	7	1	250	0.058	
186	7	1	250	0.037	
187	7	1	69	0.069	
187	7	1	71	0.059	
187	7	1	109	0.082	
187	7	1	188	0.050	
187	7	1	101	0.047	
188	7	1	104	0.119	
188	7	1	97	0.112	
188	7	1	104	0.114	
188	7	1	205	0.084	
188	7	1	158	0.120	
189	7	1	107	0.076	
189	7	1	82	0.071	
189	7	1	157	0.058	
189	7	0	147	0.003	
189	7	1	213	0.057	
190	7	1	159	0.064	
190	7	1	153	0.044	
190	7	1	99	0.082	
190	7	1	133	0.054	
190	7	1	152	0.049	
191	7	1	83	0.084	
191	7	1	77	0.084	
191	7	1	84	0.120	
191	7	1	135	0.078	
191	7	1	183	0.051	
192	7	1	77	0.056	
192	7	1	81	0.048	
192	7	1	117	0.049	
192	7	1	70	0.081	
192	7	1	80	0.098	
193	7	1	122	0.059	
193	7	1	156	0.063	
193	7	1	149	0.054	
193	7	1	116	0.081	
193	7	1	80	0.118	
194	7	1	174	0.071	
194	7	1	128	0.071	
194	7	1	84	0.071	
194	7	1	160	0.076	
194	7	1	131	0.081	
195	7	1	152	0.079	
195	7	1	112	0.092	
195	7	1	146	0.074	
195	7	1	93	0.094	
195	7	1	112	0.123	
196	7	1	89	0.063	
196	7	1	202	0.052	
196	7	1	250	0.063	
196	7	1	162	0.081	
196	7	1	116	0.071	
197	7	1	136	0.088	
197	7	1	168	0.072	
197	7	0	222	0.001	
197	7	1	177	0.083	
197	7	0	229	0.005	
198	7	1	71	0.113	
198	7	1	89	0.091	
198	7	1	124	0.123	
198	7	1	129	0.075	
198	7	1	80	0.110	
199	7	1	91	0.070	
199	7	1	90	0.055	
199	7	1	121	0.066	
199	7	1	106	0.072	
199	7	1	154	0.059	
200	7	1	121	0.075	
200	7	1	141	0.069	
200	7	1	250	0.052	
200	7	0	193	0.010	
200	7	1	250	0.033	
201	7	1	96	0.098	
201	7	1	102	0.061	
201	7	1	141	0.090	
201	7	1	133	0.070	
201	7	1	134	0.102	
202	7	1	92	0.112	
202	7	1	112	0.063	
202	7	1	101	0.118	
202	7	1	114	0.146	
202	7	1	132	0.095	
203	7	1	73	0.064	
203	7	1	58	0.031	
203	7	1	93	0.062	
203	7	1	93	0.047	
203	7	1	94	0.061	
204	7	1	131	0.094	
204	7	1	64	0.063	
204	7	1	250	0.289	
204	7	1	250	0.031	
204	7	1	240	0.066	
205	7	1	93	0.053	
205	7	1	91	0.110	
205	7	1	187	0.062	
205	7	1	140	0.038	
205	7	1	108	0.013	
206	7	1	128	0.077	
206	7	1	170	0.090	
206	7	1	113	0.082	
206	7	1	98	0.100	
206	7	1	124	0.080	
207	7	1	117	0.061	
207	7	1	81	0.107	
207	7	1	250	0.074	
207	7	1	117	0.034	
207	7	1	111	0.039	
208	7	1	68	0.087	
208	7	1	82	0.100	
208	7	1	153	0.084	
208	7	1	250	0.075	
208	7	1	125	0.064	
209	7	1	64	0.069	
209	7	1	101	0.117	
209	7	1	95	0.123	
209	7	1	169	0.141	
209	7	1	128	0.094	
210	7	1	130	0.080	
210	7	1	83	0.118	
210	7	1	250	0.072	
210	7	1	250	0.070	
210	7	1	250	0.068	
211	7	1	77	0.077	
211	7	1	105	0.074	
211	7	1	100	0.056	
211	7	1	144	0.055	
211	7	1	146	0.049	
212	7	1	83	0.146	
212	7	1	57	0.096	
212	7	1	133	0.111	
212	7	1	95	0.078	
212	7	1	134	0.076	
213	7	1	115	0.076	
213	7	1	76	0.089	
213	7	1	103	0.108	
213	7	1	90	0.069	
213	7	1	103	0.112	
214	7	1	132	0.067	
214	7	1	142	0.069	
214	7	1	119	0.052	
214	7	1	164	0.082	
214	7	1	250	0.089	
215	7	1	132	0.096	
215	7	1	164	0.102	
215	7	1	190	0.073	
215	7	1	250	0.046	
215	7	1	225	0.042	
216	7	1	106	0.052	
216	7	1	125	0.093	
216	7	1	169	0.168	
216	7	1	105	0.103	
216	7	1	185	0.118	
217	7	1	144	0.096	
217	7	1	137	0.084	
217	7	1	250	0.059	
217	7	1	192	0.080	
217	7	1	185	0.086	
218	7	1	86	0.090	
218	7	1	80	0.080	
218	7	1	92	0.082	
218	7	1	119	0.084	
218	7	1	110	0.088	
219	7	1	158	0.064	
219	7	1	178	0.060	
219	7	1	154	0.063	
219	7	1	113	0.066	
219	7	1	107	0.072	
220	7	1	48	0.056	
220	7	1	66	0.053	
220	7	1	118	0.058	
220	7	1	162	0.050	
220	7	1	172	0.058	
221	7	1	63	0.066	
221	7	1	87	0.054	
221	7	1	150	0.056	
221	7	1	117	0.061	
221	7	0	128	0.000	
222	7	1	66	0.064	
222	7	1	24	0.108	
222	7	1	66	0.075	
222	7	1	92	0.072	
222	7	1	250	0.050	
223	7	1	99	0.069	
223	7	1	130	0.104	
223	7	1	139	0.097	
223	7	1	148	0.045	
223	7	1	174	0.099	
224	7	1	103	0.092	
224	7	1	113	0.101	
224	7	1	250	0.037	
224	7	1	145	0.020	
224	7	1	250	0.060	
225	7	1	90	0.069	
225	7	1	57	0.100	
225	7	1	250	0.051	
225	7	1	250	0.208	
225	7	1	149	0.063	
226	7	1	72	0.077	
226	7	1	63	0.099	
226	7	1	169	0.114	
226	7	1	175	0.138	
226	7	1	250	0.082	
227	7	1	142	0.057	
227	7	1	99	0.121	
227	7	1	250	0.059	
227	7	1	134	0.082	
227	7	1	117	0.073	
228	7	1	70	0.032	
228	7	1	46	0.033	
228	7	1	218	0.070	
228	7	1	250	0.068	
228	7	1	232	0.065	
229	7	1	102	0.070	
229	7	1	87	0.074	
229	7	1	87	0.066	
229	7	1	99	0.064	
229	7	1	108	0.074	
230	7	1	94	0.090	
230	7	1	75	0.035	
230	7	1	194	0.051	
230	7	1	198	0.070	
230	7	1	232	0.018	
231	7	1	54	0.096	
231	7	1	58	0.089	
231	7	1	145	0.061	
231	7	1	125	0.066	
231	7	1	124	0.050	
232	7	1	103	0.091	
232	7	1	83	0.112	
232	7	1	169	0.050	
232	7	1	215	0.079	
232	7	1	237	0.096	
233	7	1	47	0.161	
233	7	1	48	0.179	
233	7	1	151	0.114	
233	7	1	104	0.224	
233	7	1	173	0.295	
234	7	1	82	0.106	
234	7	1	103	0.105	
234	7	1	82	0.069	
234	7	1	40	0.144	
234	7	1	96	0.086	
235	7	1	125	0.057	
235	7	1	78	0.087	
235	7	1	112	0.110	
235	7	1	131	0.088	
235	7	1	157	0.083	
236	7	1	64	0.084	
236	7	1	57	0.105	
236	7	1	124	0.141	
236	7	1	94	0.142	
236	7	1	113	0.182	
237	7	1	74	0.128	
237	7	1	133	0.060	
237	7	1	146	0.055	
237	7	1	194	0.061	
237	7	1	136	0.073	
238	7	1	52	0.068	
238	7	1	40	0.096	
238	7	1	144	0.089	
238	7	1	160	0.043	
238	7	1	135	0.065	
239	7	1	93	0.138	
239	7	1	58	0.199	
239	7	1	100	0.166	
239	7	1	133	0.156	
239	7	1	73	0.045	
240	7	1	56	0.164	
240	7	1	54	0.141	
240	7	1	157	0.099	
240	7	1	228	0.164	
240	7	1	118	0.151	
241	7	1	128	0.103	
241	7	1	117	0.083	
241	7	1	147	0.056	
241	7	1	123	0.079	
241	7	1	136	0.052	
242	7	1	164	0.079	
242	7	1	185	0.067	
242	7	1	209	0.072	
242	7	1	203	0.023	
242	7	1	118	0.068	
243	7	1	55	0.102	
243	7	1	123	0.074	
243	7	1	136	0.063	
243	7	1	144	0.074	
243	7	1	139	0.055	
244	7	1	144	0.077	
244	7	1	121	0.079	
244	7	1	250	0.046	
244	7	1	250	0.045	
244	7	1	156	0.053	
245	7	1	176	0.070	
245	7	1	179	0.060	
245	7	1	250	0.018	
245	7	1	250	0.046	
245	7	1	250	0.038	
246	7	1	130	0.086	
246	7	1	186	0.062	
246	7	1	132	0.078	
246	7	1	151	0.050	
246	7	1	108	0.089	
247	7	1	53	0.181	
247	7	1	75	0.110	
247	7	1	115	0.175	
247	7	1	109	0.139	
247	7	1	110	0.087	
248	7	1	123	0.070	
248	7	1	154	0.071	
248	7	1	141	0.063	
248	7	1	112	0.095	
248	7	1	95	0.067	
249	7	1	64	0.026	
249	7	1	88	0.037	
249	7	1	112	0.047	
249	7	1	88	0.009	
249	7	1	119	0.011	
250	7	1	116	0.019	
250	7	1	135	0.022	
250	7	1	119	0.039	
250	7	1	127	0.056	
250	7	1	124	0.033	
251	7	1	75	0.097	
251	7	1	97	0.138	
251	7	1	250	0.034	
251	7	1	250	0.034	
251	7	1	250	0.038	
252	7	1	70	0.098	
252	7	1	75	0.077	
252	7	1	86	0.089	
252	7	1	121	0.082	
252	7	1	75	0.100	
253	7	1	97	0.082	
253	7	1	80	0.100	
253	7	1	142	0.067	
253	7	1	144	0.080	
253	7	1	135	0.088	
254	7	1	145	0.109	
254	7	1	100	0.051	
254	7	1	250	0.051	
254	7	1	250	0.048	
254	7	1	250	0.048	
255	7	1	62	0.088	
255	7	1	192	0.085	
255	7	1	250	1.611	
255	7	1	250	0.079	
255	7	1	250	1.651	
256	7	1	104	0.037	
256	7	1	112	0.050	
256	7	1	100	0.074	
256	7	1	119	0.049	
256	7	1	94	0.074	
257	7	1	51	0.165	
257	7	1	54	0.160	
257	7	1	239	0.070	
257	7	1	126	0.080	
257	7	1	119	0.058	
258	7	1	144	0.073	
258	7	1	145	0.071	
258	7	1	155	0.055	
258	7	1	161	0.053	
258	7	1	111	0.078	
259	7	1	64	0.150	
259	7	1	113	0.120	
259	7	1	168	0.049	
259	7	1	119	0.084	
259	7	1	91	0.116	
260	7	1	98	0.075	
260	7	1	110	0.102	
260	7	1	112	0.093	
260	7	1	152	0.040	
260	7	1	127	0.055	
261	7	1	150	0.091	
261	7	1	114	0.084	
261	7	1	143	0.100	
261	7	1	172	0.060	
261	7	1	92	0.098	
262	7	1	116	0.089	
262	7	1	90	0.080	
262	7	1	90	0.148	
262	7	1	250	0.659	
262	7	1	137	0.099	
263	7	1	75	0.092	
263	7	1	191	0.060	
263	7	1	91	0.113	
263	7	1	136	0.067	
263	7	1	91	0.106	
264	7	1	139	0.090	
264	7	1	197	0.051	
264	7	1	250	0.057	
264	7	1	217	0.050	
264	7	1	168	0.056	
265	7	1	40	0.115	
265	7	1	44	0.096	
265	7	1	120	0.045	
265	7	1	102	0.081	
265	7	1	114	0.066	
266	7	1	100	0.058	
266	7	1	101	0.063	
266	7	1	165	0.088	
266	7	1	104	0.063	
266	7	1	123	0.057	
267	7	1	83	0.079	
267	7	1	32	0.076	
267	7	1	142	0.072	
267	7	1	182	0.077	
267	7	1	160	0.069	
268	7	1	96	0.090	
268	7	1	107	0.078	
268	7	1	98	0.068	
268	7	1	108	0.064	
268	7	1	104	0.056	
269	7	1	84	0.096	
269	7	1	100	0.070	
269	7	1	240	0.072	
269	7	1	250	0.041	
269	7	1	157	0.096	
270	7	1	145	0.110	
270	7	1	163	0.087	
270	7	1	145	0.075	
270	7	1	184	0.110	
270	7	1	161	0.105	
271	7	1	202	0.078	
271	7	1	230	0.055	
271	7	1	166	0.101	
271	7	1	236	0.090	
271	7	1	250	0.056	
272	7	1	72	0.053	
272	7	1	122	0.045	
272	7	1	154	0.041	
272	7	1	131	0.048	
272	7	1	82	0.031	
273	7	1	47	0.069	
273	7	1	114	0.078	
273	7	1	250	0.110	
273	7	1	159	0.143	
273	7	0	135	0.017	
274	7	1	73	0.132	
274	7	1	72	0.110	
274	7	1	165	0.138	
274	7	1	226	0.084	
274	7	1	82	0.141	
275	7	1	88	0.063	
275	7	1	94	0.063	
275	7	1	171	0.068	
275	7	1	100	0.052	
275	7	1	120	0.062	
276	7	1	147	0.072	
276	7	1	94	0.078	
276	7	1	156	0.030	
276	7	1	137	0.029	
276	7	0	234	0.029	
277	7	1	156	0.073	
277	7	1	156	0.080	
277	7	1	250	0.049	
277	7	1	250	0.046	
277	7	1	250	0.052	
278	7	1	91	0.085	
278	7	1	114	0.088	
278	7	1	159	0.101	
278	7	1	102	0.114	
278	7	1	132	0.109	
279	7	1	191	0.057	
279	7	1	205	0.049	
279	7	1	169	0.043	
279	7	1	194	0.046	
279	7	1	132	0.061	
280	7	1	64	0.074	
280	7	1	79	0.094	
280	7	1	127	0.075	
280	7	1	166	0.064	
280	7	1	153	0.087	
281	7	1	96	0.044	
281	7	1	129	0.055	
281	7	1	193	0.048	
281	7	1	210	0.084	
281	7	1	250	0.058	
282	7	1	175	0.055	
282	7	1	126	0.049	
282	7	1	250	0.053	
282	7	1	156	0.047	
282	7	1	229	0.068	
283	7	1	57	0.075	
283	7	1	54	0.053	
283	7	1	80	0.053	
283	7	1	60	0.052	
283	7	1	63	0.060	
284	7	1	97	0.081	
284	7	1	126	0.076	
284	7	1	106	0.095	
284	7	1	111	0.070	
284	7	1	100	0.089	
285	7	1	88	0.101	
285	7	1	100	0.077	
285	7	1	130	0.045	
285	7	1	140	0.078	
285	7	1	141	0.087	
286	7	1	94	0.091	
286	7	1	104	0.082	
286	7	1	122	0.074	
286	7	1	131	0.066	
286	7	1	94	0.073	
287	7	1	148	0.065	
287	7	1	166	0.071	
287	7	1	150	0.051	
287	7	1	107	0.059	
287	7	1	154	0.076	
288	7	1	58	0.072	
288	7	1	108	0.088	
288	7	1	90	0.097	
288	7	1	135	0.086	
288	7	1	71	0.091	
289	7	1	78	0.072	
289	7	1	90	0.081	
289	7	1	101	0.085	
289	7	1	96	0.119	
289	7	1	125	0.074	
290	7	1	97	0.082	
290	7	1	95	0.081	
290	7	1	167	0.058	
290	7	1	118	0.057	
290	7	1	112	0.090	
291	7	1	55	0.196	
291	7	1	50	0.157	
291	7	1	116	0.096	
291	7	1	111	0.182	
291	7	1	72	0.164	
292	7	1	92	0.068	
292	7	1	43	0.062	
292	7	1	137	0.081	
292	7	1	140	0.092	
292	7	1	144	0.080	
293	7	1	29	0.142	
293	7	1	137	0.058	
293	7	1	250	0.033	
293	7	1	250	0.045	
293	7	1	250	0.036	
294	7	1	70	0.079	
294	7	1	37	0.115	
294	7	1	94	0.139	
294	7	1	149	0.088	
294	7	1	121	0.083	
295	7	1	149	0.076	
295	7	1	169	0.055	
295	7	1	69	0.038	
295	7	1	250	0.052	
295	7	1	250	0.034	
296	7	1	77	0.132	
296	7	1	68	0.098	
296	7	1	92	0.094	
296	7	1	175	0.053	
296	7	1	131	0.060	
297	7	1	108	0.062	
297	7	1	173	0.043	
297	7	1	89	0.113	
297	7	1	154	0.049	
297	7	1	143	0.050	
298	7	1	133	0.058	
298	7	1	127	0.068	
298	7	1	129	0.075	
298	7	1	151	0.069	
298	7	1	114	0.050	
299	7	1	129	0.099	
299	7	1	144	0.050	
299	7	1	183	0.047	
299	7	1	177	0.046	
299	7	1	110	0.097	
0	8	1	77	0.056	
0	8	1	86	0.144	
0	8	0	82	0.002	
0	8	1	228	0.054	
0	8	1	250	0.090	
1	8	1	74	0.186	
1	8	1	85	0.172	
1	8	1	250	0.059	
1	8	1	250	0.069	
1	8	1	250	0.136	
2	8	1	150	0.097	
2	8	1	155	0.093	
2	8	1	237	0.129	
2	8	1	239	0.125	
2	8	1	235	0.118	
3	8	1	60	0.229	
3	8	1	66	0.230	
3	8	1	250	0.097	
3	8	1	250	0.063	
3	8	1	250	0.063	
4	8	1	74	0.128	
4	8	1	93	0.111	
4	8	1	104	0.093	
4	8	1	112	0.088	
4	8	1	104	0.113	
5	8	1	56	0.448	
5	8	1	56	0.448	
5	8	1	243	0.344	
5	8	1	247	0.249	
5	8	1	250	0.244	
6	8	1	93	0.165	
6	8	1	95	0.115	
6	8	1	250	0.030	
6	8	1	244	0.052	
6	8	0	45	0.000	
7	8	1	84	0.128	
7	8	1	98	0.082	
7	8	0	82	0.014	
7	8	1	250	0.249	
7	8	1	108	0.131	
8	8	1	66	0.157	
8	8	1	72	0.105	
8	8	1	250	0.085	
8	8	1	250	0.095	
8	8	1	241	0.138	
9	8	1	68	0.323	
9	8	1	68	0.314	
9	8	1	250	0.072	
9	8	1	250	0.205	
9	8	1	250	0.072	
10	8	1	68	0.193	
10	8	1	60	0.187	
10	8	1	250	0.055	
10	8	1	250	0.071	
10	8	1	250	0.087	
11	8	1	68	0.279	
11	8	1	68	0.279	
11	8	1	250	0.167	
11	8	1	250	0.148	
11	8	1	250	0.148	
12	8	1	81	0.137	
12	8	1	88	0.139	
12	8	1	250	0.552	
12	8	1	250	0.096	
12	8	1	250	0.657	
13	8	1	82	0.125	
13	8	1	78	0.147	
13	8	1	250	0.054	
13	8	0	100	0.000	
13	8	0	156	0.000	
14	8	1	74	0.153	
14	8	1	75	0.158	
14	8	1	250	0.048	
14	8	1	250	0.131	
14	8	1	250	0.097	
15	8	1	61	0.192	
15	8	1	61	0.195	
15	8	1	250	0.073	
15	8	1	250	0.056	
15	8	1	250	0.093	
16	8	1	77	0.112	
16	8	1	75	0.085	
16	8	1	236	0.093	
16	8	1	228	0.096	
16	8	1	237	0.076	
17	8	1	74	0.142	
17	8	1	88	0.135	
17	8	1	250	0.063	
17	8	1	250	0.162	
17	8	1	250	0.081	
18	8	1	66	0.211	
18	8	1	66	0.211	
18	8	1	60	0.321	
18	8	1	61	0.325	
18	8	1	61	0.325	
19	8	1	98	0.125	
19	8	1	101	0.113	
19	8	1	250	0.119	
19	8	1	250	0.109	
19	8	1	250	0.100	
20	8	1	61	0.256	
20	8	1	61	0.258	
20	8	1	250	0.081	
20	8	1	250	0.128	
20	8	1	250	0.152	
21	8	1	77	0.289	
21	8	1	86	0.186	
21	8	1	250	0.136	
21	8	1	243	0.142	
21	8	1	250	0.119	
22	8	1	64	0.126	
22	8	1	64	0.126	
22	8	1	250	0.439	
22	8	1	250	0.396	
22	8	1	250	0.075	
23	8	1	47	0.091	
23	8	1	42	0.085	
23	8	1	87	0.144	
23	8	1	78	0.137	
23	8	1	79	0.117	
24	8	1	74	0.147	
24	8	1	67	0.184	
24	8	1	250	0.546	
24	8	1	250	0.079	
24	8	1	174	0.081	
25	8	1	69	0.117	
25	8	1	61	0.149	
25	8	1	250	0.891	
25	8	1	250	0.953	
25	8	1	250	1.106	
26	8	1	78	0.198	
26	8	1	88	0.093	
26	8	1	250	0.031	
26	8	1	250	0.064	
26	8	1	91	0.104	
27	8	1	65	0.196	
27	8	1	65	0.196	
27	8	1	250	0.129	
27	8	1	250	0.089	
27	8	0	125	0.000	
28	8	1	69	0.144	
28	8	1	77	0.132	
28	8	0	151	0.000	
28	8	1	250	0.189	
28	8	0	136	0.000	
29	8	1	95	0.125	
29	8	1	105	0.124	
29	8	1	250	0.186	
29	8	1	250	0.201	
29	8	1	250	0.206	
30	8	1	92	0.136	
30	8	1	83	0.182	
30	8	1	250	1.019	
30	8	1	250	0.714	
30	8	1	250	0.849	
31	8	1	65	0.237	
31	8	1	64	0.193	
31	8	1	250	0.128	
31	8	1	250	0.081	
31	8	1	250	0.073	
32	8	1	67	0.250	
32	8	1	64	0.218	
32	8	1	207	0.227	
32	8	1	225	0.040	
32	8	0	137	0.023	
33	8	1	91	0.088	
33	8	1	100	0.077	
33	8	0	160	0.000	
33	8	0	153	0.005	
33	8	0	122	0.013	
34	8	1	70	0.247	
34	8	1	69	0.256	
34	8	1	250	0.250	
34	8	1	250	0.238	
34	8	1	250	0.215	
35	8	1	91	0.083	
35	8	1	87	0.105	
35	8	1	104	0.082	
35	8	1	201	0.059	
35	8	1	250	0.041	
36	8	1	59	0.206	
36	8	1	61	0.292	
36	8	1	250	0.266	
36	8	1	250	0.266	
36	8	1	233	0.260	
37	8	1	103	0.130	
37	8	1	87	0.097	
37	8	0	147	0.013	
37	8	1	250	0.069	
37	8	1	233	0.049	
38	8	1	80	0.100	
38	8	1	82	0.097	
38	8	1	250	0.049	
38	8	1	245	0.076	
38	8	1	250	0.058	
39	8	1	75	0.103	
39	8	1	73	0.079	
39	8	1	96	0.158	
39	8	1	91	0.116	
39	8	1	232	0.044	
40	8	1	63	0.554	
40	8	1	64	0.555	
40	8	1	250	0.498	
40	8	1	250	0.580	
40	8	1	250	0.698	
41	8	1	59	0.267	
41	8	1	59	0.250	
41	8	1	250	0.201	
41	8	1	250	0.122	
41	8	1	250	0.176	
42	8	1	59	0.638	
42	8	1	59	0.638	
42	8	1	250	0.251	
42	8	1	250	0.282	
42	8	1	250	0.279	
43	8	1	91	0.117	
43	8	1	105	0.105	
43	8	1	250	0.064	
43	8	1	250	0.075	
43	8	1	250	0.076	
44	8	1	101	0.109	
44	8	1	100	0.082	
44	8	1	250	0.096	
44	8	0	143	0.009	
44	8	1	233	0.087	
45	8	1	83	0.062	
45	8	1	70	0.096	
45	8	1	250	0.045	
45	8	1	250	0.056	
45	8	0	166	0.025	
46	8	1	107	0.091	
46	8	1	98	0.063	
46	8	1	250	0.062	
46	8	1	228	0.036	
46	8	1	250	0.070	
47	8	1	250	0.064	
47	8	1	250	0.056	
47	8	1	250	0.086	
47	8	1	250	0.402	
47	8	1	250	0.113	
48	8	1	91	0.097	
48	8	1	86	0.081	
48	8	1	250	0.539	
48	8	1	250	0.161	
48	8	1	250	0.144	
49	8	1	94	0.111	
49	8	1	87	0.121	
49	8	1	250	0.081	
49	8	1	250	0.242	
49	8	1	250	0.172	
50	8	1	70	0.183	
50	8	1	71	0.234	
50	8	1	250	0.152	
50	8	1	250	0.079	
50	8	1	250	0.299	
51	8	1	68	0.267	
51	8	1	68	0.148	
51	8	1	250	0.246	
51	8	1	250	0.070	
51	8	0	167	0.000	
52	8	1	72	0.160	
52	8	1	66	0.176	
52	8	1	250	0.366	
52	8	1	250	0.086	
52	8	1	250	0.405	
53	8	1	75	0.112	
53	8	1	89	0.124	
53	8	1	214	0.069	
53	8	1	250	0.692	
53	8	0	232	0.014	
54	8	1	61	0.250	
54	8	1	62	0.250	
54	8	1	250	0.190	
54	8	1	250	0.472	
54	8	1	250	0.467	
55	8	1	250	0.069	
55	8	1	250	0.066	
55	8	1	250	0.043	
55	8	1	250	0.032	
55	8	1	250	0.067	
56	8	1	104	0.093	
56	8	1	94	0.073	
56	8	1	250	0.439	
56	8	1	250	0.387	
56	8	1	250	0.362	
57	8	1	117	0.102	
57	8	1	143	0.075	
57	8	1	250	0.057	
57	8	1	250	0.066	
57	8	1	226	0.059	
58	8	1	99	0.111	
58	8	1	115	0.118	
58	8	1	250	0.173	
58	8	1	250	0.157	
58	8	1	250	0.138	
59	8	1	111	0.097	
59	8	1	162	0.092	
59	8	1	239	0.070	
59	8	0	166	0.000	
59	8	0	232	0.017	
60	8	1	87	0.065	
60	8	1	109	0.078	
60	8	1	211	0.057	
60	8	1	250	0.066	
60	8	1	96	0.083	
61	8	1	60	0.334	
61	8	1	60	0.334	
61	8	1	250	0.190	
61	8	1	250	0.216	
61	8	1	250	0.348	
62	8	1	101	0.096	
62	8	1	101	0.097	
62	8	1	250	0.068	
62	8	1	232	0.063	
62	8	1	243	0.062	
63	8	1	81	0.121	
63	8	1	87	0.135	
63	8	1	235	0.047	
63	8	1	250	0.082	
63	8	0	148	0.004	
64	8	1	73	0.150	
64	8	1	55	0.105	
64	8	1	244	0.102	
64	8	1	233	0.029	
64	8	1	250	0.030	
65	8	1	66	0.276	
65	8	1	65	0.196	
65	8	0	147	0.000	
65	8	0	137	0.020	
65	8	0	147	0.000	
66	8	1	117	0.105	
66	8	1	146	0.074	
66	8	1	229	0.039	
66	8	1	231	0.091	
66	8	1	250	0.068	
67	8	1	59	0.434	
67	8	1	59	0.465	
67	8	1	250	0.458	
67	8	1	250	0.498	
67	8	1	250	0.078	
68	8	1	66	0.226	
68	8	1	71	0.204	
68	8	1	75	0.191	
68	8	1	78	0.200	
68	8	1	80	0.278	
69	8	1	92	0.126	
69	8	1	88	0.121	
69	8	1	170	0.028	
69	8	1	227	0.076	
69	8	1	250	0.059	
70	8	1	78	0.222	
70	8	1	76	0.237	
70	8	1	225	0.068	
70	8	1	221	0.066	
70	8	1	210	0.178	
71	8	1	70	0.093	
71	8	1	71	0.100	
71	8	0	212	0.021	
71	8	0	222	0.001	
71	8	1	250	0.059	
72	8	1	67	0.165	
72	8	1	65	0.185	
72	8	1	250	0.207	
72	8	1	250	0.083	
72	8	1	250	0.073	
73	8	1	69	0.127	
73	8	1	78	0.158	
73	8	1	250	0.792	
73	8	1	250	0.094	
73	8	1	250	0.103	
74	8	1	81	0.099	
74	8	1	83	0.105	
74	8	1	250	0.175	
74	8	1	226	0.164	
74	8	1	250	0.082	
75	8	1	56	0.462	
75	8	1	56	0.442	
75	8	1	245	0.112	
75	8	1	230	0.064	
75	8	1	249	0.065	
76	8	1	73	0.092	
76	8	1	62	0.125	
76	8	0	115	0.000	
76	8	1	250	0.020	
76	8	0	99	0.008	
77	8	1	58	0.195	
77	8	1	58	0.191	
77	8	1	250	0.293	
77	8	1	250	0.274	
77	8	1	250	0.320	
78	8	1	75	0.142	
78	8	1	78	0.126	
78	8	1	250	0.080	
78	8	1	228	0.066	
78	8	1	228	0.043	
79	8	1	65	0.264	
79	8	1	65	0.296	
79	8	1	68	0.246	
79	8	1	73	0.164	
79	8	1	64	0.277	
80	8	1	84	0.151	
80	8	1	74	0.137	
80	8	1	110	0.071	
80	8	1	160	0.069	
80	8	1	145	0.108	
81	8	1	85	0.122	
81	8	1	89	0.133	
81	8	1	250	0.106	
81	8	1	250	0.149	
81	8	1	249	0.087	
82	8	1	162	0.076	
82	8	1	147	0.079	
82	8	1	223	0.060	
82	8	1	213	0.027	
82	8	1	217	0.083	
83	8	1	69	0.218	
83	8	1	69	0.227	
83	8	0	181	0.000	
83	8	1	250	0.027	
83	8	1	250	0.031	
84	8	1	77	0.151	
84	8	1	71	0.191	
84	8	1	250	0.177	
84	8	1	250	0.189	
84	8	1	250	0.196	
85	8	1	73	0.111	
85	8	1	80	0.100	
85	8	1	216	0.052	
85	8	0	232	0.012	
85	8	0	223	0.012	
86	8	1	97	0.140	
86	8	1	87	0.111	
86	8	1	250	0.035	
86	8	0	206	0.013	
86	8	1	250	0.105	
87	8	1	62	0.392	
87	8	1	62	0.316	
87	8	1	218	0.095	
87	8	1	232	0.108	
87	8	1	210	0.108	
88	8	1	67	0.315	
88	8	1	63	0.148	
88	8	1	161	0.074	
88	8	1	156	0.052	
88	8	1	166	0.137	
89	8	1	86	0.103	
89	8	1	88	0.117	
89	8	1	250	0.085	
89	8	1	250	0.110	
89	8	1	250	0.106	
90	8	1	67	0.287	
90	8	1	61	0.327	
90	8	1	250	0.230	
90	8	1	250	0.186	
90	8	1	250	0.291	
91	8	1	72	0.235	
91	8	1	66	0.225	
91	8	1	90	0.257	
91	8	1	138	0.262	
91	8	1	127	0.104	
92	8	1	91	0.112	
92	8	1	97	0.087	
92	8	0	79	0.000	
92	8	0	108	0.000	
92	8	0	98	0.017	
93	8	1	60	0.789	
93	8	1	60	0.786	
93	8	1	250	0.157	
93	8	1	250	0.489	
93	8	1	250	0.385	
94	8	1	59	0.368	
94	8	1	59	0.368	
94	8	1	250	0.538	
94	8	1	250	0.640	
94	8	1	250	0.640	
95	8	1	80	0.147	
95	8	1	84	0.116	
95	8	1	250	0.037	
95	8	1	250	0.048	
95	8	0	109	0.001	
96	8	1	103	0.109	
96	8	1	102	0.148	
96	8	1	250	0.059	
96	8	1	250	0.055	
96	8	1	250	0.112	
97	8	1	92	0.103	
97	8	1	75	0.095	
97	8	1	250	0.234	
97	8	1	250	0.083	
97	8	1	250	0.093	
98	8	1	104	0.144	
98	8	1	105	0.138	
98	8	1	39	0.097	
98	8	1	81	0.148	
98	8	1	250	0.021	
99	8	1	86	0.082	
99	8	1	80	0.084	
99	8	1	250	0.056	
99	8	0	222	0.029	
99	8	1	209	0.094	
100	8	1	83	0.128	
100	8	1	74	0.151	
100	8	0	84	0.001	
100	8	0	126	0.019	
100	8	0	99	0.000	
101	8	1	67	0.103	
101	8	1	65	0.127	
101	8	0	125	0.020	
101	8	0	115	0.015	
101	8	1	250	0.082	
102	8	1	69	0.130	
102	8	1	84	0.151	
102	8	1	250	0.127	
102	8	1	230	0.095	
102	8	1	250	0.100	
103	8	1	100	0.104	
103	8	1	103	0.117	
103	8	1	235	0.072	
103	8	1	250	0.065	
103	8	1	250	0.081	
104	8	1	250	0.067	
104	8	1	250	0.066	
104	8	0	126	0.000	
104	8	0	112	0.000	
104	8	0	123	0.000	
105	8	1	87	0.119	
105	8	1	82	0.154	
105	8	1	219	0.046	
105	8	1	250	0.036	
105	8	1	228	0.078	
106	8	1	84	0.116	
106	8	1	87	0.129	
106	8	1	250	0.060	
106	8	1	223	0.127	
106	8	1	250	0.126	
107	8	1	64	0.235	
107	8	1	64	0.166	
107	8	1	250	0.072	
107	8	1	250	0.068	
107	8	1	250	0.125	
108	8	1	61	0.213	
108	8	1	60	0.214	
108	8	1	250	0.081	
108	8	1	250	0.277	
108	8	1	250	0.323	
109	8	1	79	0.156	
109	8	1	71	0.184	
109	8	1	250	0.060	
109	8	1	250	0.069	
109	8	1	250	0.099	
110	8	1	89	0.111	
110	8	1	90	0.128	
110	8	1	147	0.148	
110	8	1	250	0.079	
110	8	1	250	0.064	
111	8	1	99	0.077	
111	8	1	132	0.099	
111	8	1	212	0.051	
111	8	1	250	0.052	
111	8	1	226	0.051	
112	8	1	250	0.100	
112	8	1	250	0.065	
112	8	1	248	0.068	
112	8	0	197	0.017	
112	8	1	203	0.065	
113	8	1	83	0.052	
113	8	1	97	0.077	
113	8	1	145	0.028	
113	8	0	117	0.000	
113	8	0	113	0.014	
114	8	1	250	0.085	
114	8	1	217	0.087	
114	8	1	238	0.062	
114	8	1	106	0.081	
114	8	1	233	0.053	
115	8	1	68	0.095	
115	8	1	97	0.088	
115	8	1	103	0.093	
115	8	1	97	0.101	
115	8	1	63	0.107	
116	8	1	78	0.216	
116	8	1	79	0.196	
116	8	1	250	0.125	
116	8	1	250	0.093	
116	8	1	250	0.089	
117	8	1	44	0.108	
117	8	1	45	0.133	
117	8	1	241	0.067	
117	8	1	231	0.103	
117	8	1	234	0.039	
118	8	1	93	0.135	
118	8	1	81	0.125	
118	8	1	250	0.070	
118	8	1	250	0.050	
118	8	0	236	0.000	
119	8	1	87	0.137	
119	8	1	103	0.111	
119	8	1	199	0.057	
119	8	1	235	0.086	
119	8	1	250	0.083	
120	8	1	115	0.096	
120	8	1	124	0.088	
120	8	1	250	0.162	
120	8	1	241	0.083	
120	8	0	179	0.020	
121	8	1	92	0.130	
121	8	1	102	0.073	
121	8	1	250	0.059	
121	8	1	250	1.134	
121	8	1	230	0.036	
122	8	1	66	0.129	
122	8	1	65	0.168	
122	8	1	250	0.070	
122	8	1	250	0.409	
122	8	1	250	0.028	
123	8	1	123	0.147	
123	8	1	136	0.149	
123	8	1	114	0.079	
123	8	1	113	0.091	
123	8	1	91	0.145	
124	8	1	100	0.139	
124	8	1	250	0.082	
124	8	0	215	0.000	
124	8	1	238	0.026	
124	8	1	250	0.052	
125	8	1	75	0.116	
125	8	1	84	0.130	
125	8	1	247	0.093	
125	8	0	136	0.019	
125	8	0	194	0.003	
126	8	1	111	0.121	
126	8	1	91	0.094	
126	8	1	250	0.088	
126	8	1	250	0.077	
126	8	1	250	0.046	
127	8	1	66	0.131	
127	8	1	75	0.112	
127	8	1	246	0.133	
127	8	1	250	0.092	
127	8	1	250	1.008	
128	8	1	64	0.110	
128	8	1	60	0.145	
128	8	1	250	0.043	
128	8	1	250	0.117	
128	8	0	185	0.019	
129	8	1	87	0.121	
129	8	1	76	0.112	
129	8	1	158	0.068	
129	8	1	235	0.080	
129	8	1	250	0.072	
130	8	1	63	0.143	
130	8	1	63	0.154	
130	8	1	250	0.040	
130	8	1	250	0.072	
130	8	1	250	0.049	
131	8	1	85	0.133	
131	8	1	69	0.091	
131	8	1	250	0.079	
131	8	0	202	0.006	
131	8	1	250	0.050	
132	8	1	86	0.149	
132	8	1	98	0.107	
132	8	1	214	0.084	
132	8	1	250	0.051	
132	8	1	232	0.092	
133	8	1	65	0.163	
133	8	1	61	0.111	
133	8	0	173	0.024	
133	8	1	250	0.043	
133	8	1	250	0.069	
134	8	1	85	0.122	
134	8	1	92	0.115	
134	8	0	178	0.022	
134	8	0	154	0.020	
134	8	1	250	0.232	
135	8	1	62	0.176	
135	8	1	62	0.180	
135	8	1	250	0.151	
135	8	1	250	0.174	
135	8	0	111	0.000	
136	8	1	96	0.109	
136	8	1	113	0.103	
136	8	1	153	0.034	
136	8	1	153	0.034	
136	8	1	250	0.059	
137	8	1	112	0.096	
137	8	1	99	0.094	
137	8	1	250	0.124	
137	8	1	250	0.091	
137	8	1	250	0.181	
138	8	1	126	0.100	
138	8	1	118	0.095	
138	8	1	239	0.038	
138	8	1	200	0.015	
138	8	1	199	0.041	
139	8	1	81	0.094	
139	8	1	77	0.106	
139	8	1	76	0.170	
139	8	1	82	0.148	
139	8	1	83	0.143	
140	8	1	250	0.071	
140	8	1	250	0.071	
140	8	1	250	0.090	
140	8	1	250	0.079	
140	8	1	250	0.051	
141	8	1	66	0.081	
141	8	1	81	0.114	
141	8	1	250	0.052	
141	8	1	250	0.067	
141	8	1	250	0.036	
142	8	1	108	0.087	
142	8	1	117	0.076	
142	8	1	81	0.101	
142	8	1	81	0.110	
142	8	1	83	0.109	
143	8	1	89	0.130	
143	8	1	92	0.123	
143	8	1	250	0.144	
143	8	1	250	0.035	
143	8	1	250	0.126	
144	8	1	146	0.072	
144	8	1	250	0.054	
144	8	1	250	0.102	
144	8	1	109	0.082	
144	8	1	250	0.019	
145	8	1	60	0.206	
145	8	1	60	0.194	
145	8	1	250	0.342	
145	8	1	250	0.221	
145	8	1	250	0.050	
146	8	1	64	0.198	
146	8	1	64	0.196	
146	8	1	250	0.111	
146	8	1	250	0.083	
146	8	1	250	0.072	
147	8	1	79	0.099	
147	8	1	84	0.141	
147	8	0	169	0.001	
147	8	0	155	0.014	
147	8	1	245	0.083	
148	8	1	250	0.072	
148	8	1	250	0.074	
148	8	1	250	0.164	
148	8	1	250	0.184	
148	8	1	250	0.195	
149	8	1	94	0.103	
149	8	1	99	0.075	
149	8	1	250	0.107	
149	8	1	109	0.060	
149	8	1	108	0.064	
150	8	1	103	0.114	
150	8	1	98	0.126	
150	8	1	189	0.059	
150	8	1	250	0.081	
150	8	1	248	0.069	
151	8	1	250	0.069	
151	8	1	66	0.081	
151	8	1	250	0.041	
151	8	1	166	0.048	
151	8	1	141	0.042	
152	8	1	75	0.169	
152	8	1	90	0.114	
152	8	1	250	0.168	
152	8	0	89	0.033	
152	8	0	89	0.018	
153	8	1	117	0.081	
153	8	1	89	0.087	
153	8	1	250	0.090	
153	8	1	250	0.046	
153	8	1	250	0.147	
154	8	1	77	0.084	
154	8	1	87	0.090	
154	8	1	250	0.033	
154	8	1	250	0.078	
154	8	0	107	0.018	
155	8	1	61	0.097	
155	8	1	75	0.105	
155	8	1	250	0.058	
155	8	0	98	0.001	
155	8	0	131	0.019	
156	8	1	61	0.151	
156	8	1	63	0.169	
156	8	1	250	0.062	
156	8	1	250	0.109	
156	8	1	250	0.088	
157	8	1	133	0.069	
157	8	1	250	0.073	
157	8	1	250	0.087	
157	8	1	250	0.073	
157	8	1	250	0.108	
158	8	1	112	0.120	
158	8	1	119	0.116	
158	8	1	106	0.072	
158	8	1	112	0.092	
158	8	1	100	0.084	
159	8	1	69	0.156	
159	8	1	74	0.112	
159	8	1	250	0.108	
159	8	0	116	0.000	
159	8	1	250	0.089	
160	8	1	90	0.089	
160	8	1	93	0.088	
160	8	1	237	0.015	
160	8	1	209	0.080	
160	8	1	218	0.076	
161	8	1	60	0.182	
161	8	1	60	0.193	
161	8	0	166	0.000	
161	8	1	250	0.077	
161	8	1	250	0.348	
162	8	1	86	0.147	
162	8	1	88	0.093	
162	8	0	141	0.014	
162	8	0	139	0.013	
162	8	1	241	0.032	
163	8	1	250	0.062	
163	8	1	250	0.062	
163	8	1	250	0.229	
163	8	1	250	0.166	
163	8	1	250	0.069	
164	8	1	82	0.081	
164	8	1	93	0.084	
164	8	1	128	0.095	
164	8	1	250	0.054	
164	8	1	102	0.052	
165	8	1	250	0.060	
165	8	1	250	0.067	
165	8	0	131	0.002	
165	8	0	206	0.000	
165	8	0	107	0.020	
166	8	1	80	0.126	
166	8	1	85	0.103	
166	8	0	116	0.013	
166	8	0	80	0.015	
166	8	0	121	0.022	
167	8	1	75	0.117	
167	8	1	63	0.114	
167	8	1	58	0.072	
167	8	1	67	0.078	
167	8	1	65	0.079	
168	8	1	105	0.109	
168	8	1	110	0.112	
168	8	1	250	1.007	
168	8	1	241	0.126	
168	8	1	250	0.082	
169	8	1	250	0.067	
169	8	1	233	0.108	
169	8	1	229	0.068	
169	8	1	250	0.049	
169	8	0	119	0.016	
170	8	1	86	0.088	
170	8	1	99	0.085	
170	8	1	214	0.093	
170	8	1	183	0.078	
170	8	1	211	0.081	
171	8	1	97	0.100	
171	8	1	112	0.089	
171	8	1	250	0.050	
171	8	0	183	0.017	
171	8	1	250	0.065	
172	8	1	159	0.082	
172	8	1	112	0.071	
172	8	0	92	0.017	
172	8	1	250	0.056	
172	8	1	250	0.050	
173	8	1	97	0.134	
173	8	1	107	0.112	
173	8	1	250	0.269	
173	8	1	250	0.204	
173	8	1	250	0.172	
174	8	1	78	0.154	
174	8	1	74	0.173	
174	8	1	250	0.065	
174	8	1	250	0.073	
174	8	0	107	0.000	
175	8	1	79	0.086	
175	8	1	105	0.094	
175	8	1	112	0.091	
175	8	1	100	0.094	
175	8	1	101	0.095	
176	8	1	98	0.125	
176	8	1	107	0.123	
176	8	1	250	0.132	
176	8	1	250	0.074	
176	8	1	250	0.120	
177	8	1	86	0.149	
177	8	1	89	0.090	
177	8	1	250	0.104	
177	8	1	250	0.135	
177	8	1	220	0.085	
178	8	1	101	0.103	
178	8	1	93	0.081	
178	8	1	247	0.102	
178	8	1	235	0.045	
178	8	1	250	0.100	
179	8	1	250	0.092	
179	8	1	250	0.072	
179	8	1	98	0.111	
179	8	1	98	0.088	
179	8	1	97	0.125	
180	8	1	135	0.090	
180	8	1	250	0.075	
180	8	1	250	0.070	
180	8	1	250	0.064	
180	8	1	215	0.013	
181	8	1	154	0.094	
181	8	1	142	0.099	
181	8	1	250	0.055	
181	8	1	250	0.059	
181	8	0	141	0.024	
182	8	1	194	0.068	
182	8	1	114	0.035	
182	8	1	250	0.072	
182	8	1	250	0.354	
182	8	1	250	0.046	
183	8	1	83	0.093	
183	8	1	88	0.088	
183	8	1	249	0.069	
183	8	1	250	0.074	
183	8	1	250	0.098	
184	8	1	99	0.107	
184	8	1	89	0.116	
184	8	1	149	0.066	
184	8	1	250	0.166	
184	8	1	250	0.099	
185	8	1	112	0.118	
185	8	1	104	0.090	
185	8	1	232	0.135	
185	8	1	233	0.104	
185	8	1	249	0.111	
186	8	1	109	0.104	
186	8	1	97	0.094	
186	8	1	250	0.093	
186	8	1	250	0.130	
186	8	1	250	0.094	
187	8	1	95	0.135	
187	8	1	88	0.119	
187	8	1	250	0.062	
187	8	0	119	0.005	
187	8	1	250	0.079	
188	8	1	250	0.065	
188	8	1	250	0.073	
188	8	1	250	0.052	
188	8	1	250	0.052	
188	8	1	219	0.031	
189	8	1	70	0.070	
189	8	1	75	0.075	
189	8	1	250	0.068	
189	8	1	204	0.033	
189	8	1	235	0.058	
190	8	1	114	0.117	
190	8	1	125	0.116	
190	8	1	91	0.140	
190	8	1	105	0.145	
190	8	1	92	0.076	
191	8	1	88	0.084	
191	8	1	250	0.051	
191	8	1	250	0.078	
191	8	1	195	0.110	
191	8	1	198	0.069	
192	8	1	93	0.127	
192	8	1	100	0.127	
192	8	1	250	0.073	
192	8	1	250	0.070	
192	8	1	250	0.076	
193	8	1	250	0.070	
193	8	1	250	0.068	
193	8	1	103	0.039	
193	8	1	157	0.118	
193	8	1	128	0.079	
194	8	1	112	0.118	
194	8	1	123	0.117	
194	8	1	250	0.062	
194	8	1	250	0.063	
194	8	1	250	0.068	
195	8	1	250	0.054	
195	8	1	250	0.050	
195	8	1	231	0.075	
195	8	1	236	0.087	
195	8	1	234	0.100	
196	8	1	250	0.076	
196	8	1	250	0.068	
196	8	1	220	0.041	
196	8	0	130	0.000	
196	8	1	237	0.050	
197	8	1	86	0.120	
197	8	1	100	0.086	
197	8	1	250	0.035	
197	8	1	250	0.255	
197	8	1	250	0.088	
198	8	1	86	0.074	
198	8	1	96	0.088	
198	8	1	86	0.077	
198	8	1	91	0.065	
198	8	1	79	0.111	
199	8	1	119	0.094	
199	8	1	102	0.092	
199	8	1	250	0.073	
199	8	1	250	0.092	
199	8	1	250	0.081	
200	8	1	73	0.130	
200	8	1	68	0.120	
200	8	1	233	0.070	
200	8	0	186	0.003	
200	8	1	213	0.030	
201	8	1	102	0.090	
201	8	1	109	0.081	
201	8	1	85	0.094	
201	8	1	85	0.100	
201	8	1	86	0.095	
202	8	1	95	0.124	
202	8	1	95	0.077	
202	8	1	250	0.054	
202	8	0	141	0.026	
202	8	1	250	0.038	
203	8	1	83	0.080	
203	8	1	92	0.132	
203	8	1	250	0.325	
203	8	0	83	0.000	
203	8	1	250	0.307	
204	8	1	143	0.079	
204	8	1	130	0.071	
204	8	1	136	0.031	
204	8	1	250	0.120	
204	8	1	250	0.118	
205	8	1	122	0.073	
205	8	1	148	0.101	
205	8	1	250	0.078	
205	8	1	250	0.074	
205	8	1	120	0.092	
206	8	1	124	0.093	
206	8	1	122	0.078	
206	8	1	212	0.056	
206	8	1	202	0.047	
206	8	1	250	0.065	
207	8	1	189	0.081	
207	8	1	124	0.097	
207	8	1	112	0.117	
207	8	1	100	0.119	
207	8	1	105	0.115	
208	8	1	144	0.089	
208	8	1	136	0.086	
208	8	1	103	0.064	
208	8	1	99	0.060	
208	8	1	100	0.067	
209	8	1	135	0.068	
209	8	1	94	0.091	
209	8	1	236	0.126	
209	8	1	249	0.111	
209	8	1	211	0.087	
210	8	1	112	0.088	
210	8	1	250	0.079	
210	8	1	237	0.059	
210	8	1	240	0.064	
210	8	1	231	0.046	
211	8	1	136	0.079	
211	8	1	50	0.103	
211	8	1	231	0.066	
211	8	1	227	0.050	
211	8	1	116	0.079	
212	8	1	68	0.097	
212	8	1	75	0.133	
212	8	1	250	0.092	
212	8	0	166	0.005	
212	8	1	250	0.036	
213	8	1	250	0.048	
213	8	1	250	0.051	
213	8	0	146	0.014	
213	8	0	161	0.025	
213	8	0	72	0.002	
214	8	1	178	0.083	
214	8	1	170	0.058	
214	8	1	250	0.088	
214	8	1	218	0.061	
214	8	1	239	0.095	
215	8	1	110	0.091	
215	8	1	93	0.118	
215	8	1	181	0.063	
215	8	1	157	0.061	
215	8	0	151	0.006	
216	8	1	74	0.136	
216	8	1	76	0.133	
216	8	1	213	0.032	
216	8	0	110	0.000	
216	8	0	171	0.009	
217	8	1	154	0.080	
217	8	1	191	0.053	
217	8	1	246	0.057	
217	8	0	171	0.015	
217	8	1	235	0.083	
218	8	1	93	0.082	
218	8	1	87	0.114	
218	8	1	238	0.090	
218	8	1	241	0.063	
218	8	0	133	0.019	
219	8	1	79	0.112	
219	8	1	75	0.137	
219	8	1	250	0.087	
219	8	1	250	0.119	
219	8	1	250	0.071	
220	8	1	93	0.070	
220	8	1	95	0.069	
220	8	1	183	0.061	
220	8	1	250	0.053	
220	8	1	136	0.032	
221	8	1	250	0.099	
221	8	1	250	0.083	
221	8	1	250	0.089	
221	8	1	250	0.088	
221	8	1	225	0.093	
222	8	1	35	0.212	
222	8	1	87	0.083	
222	8	1	163	0.047	
222	8	1	250	0.109	
222	8	1	138	0.041	
223	8	1	107	0.085	
223	8	1	103	0.097	
223	8	1	245	0.055	
223	8	1	218	0.068	
223	8	1	114	0.117	
224	8	1	158	0.089	
224	8	1	250	0.055	
224	8	1	250	0.291	
224	8	1	250	0.091	
224	8	1	250	0.099	
225	8	1	129	0.074	
225	8	1	250	0.072	
225	8	0	172	0.000	
225	8	1	250	0.040	
225	8	0	246	0.000	
226	8	1	250	0.052	
226	8	1	250	0.051	
226	8	0	133	0.018	
226	8	1	250	0.033	
226	8	1	250	0.031	
227	8	1	120	0.099	
227	8	1	108	0.103	
227	8	1	250	0.041	
227	8	1	250	0.067	
227	8	1	250	0.067	
228	8	1	116	0.117	
228	8	1	114	0.114	
228	8	1	250	0.065	
228	8	1	250	0.041	
228	8	1	250	0.093	
229	8	1	103	0.068	
229	8	1	81	0.092	
229	8	0	217	0.026	
229	8	1	250	0.063	
229	8	1	246	0.063	
230	8	1	250	0.054	
230	8	1	250	0.075	
230	8	0	111	0.000	
230	8	0	127	0.013	
230	8	0	123	0.000	
231	8	1	72	0.121	
231	8	1	80	0.128	
231	8	1	245	0.046	
231	8	1	207	0.049	
231	8	1	237	0.047	
232	8	1	83	0.090	
232	8	1	69	0.129	
232	8	0	157	0.002	
232	8	1	250	0.092	
232	8	1	250	0.077	
233	8	1	63	0.167	
233	8	1	63	0.168	
233	8	1	250	0.065	
233	8	1	250	0.059	
233	8	1	250	0.068	
234	8	1	98	0.102	
234	8	1	100	0.067	
234	8	1	86	0.125	
234	8	1	96	0.100	
234	8	1	90	0.126	
235	8	1	117	0.083	
235	8	1	145	0.088	
235	8	1	250	0.050	
235	8	1	216	0.070	
235	8	1	245	0.078	
236	8	1	69	0.172	
236	8	1	67	0.155	
236	8	1	250	0.107	
236	8	1	250	0.129	
236	8	1	153	0.052	
237	8	1	250	0.053	
237	8	1	250	0.122	
237	8	1	250	0.036	
237	8	0	161	0.008	
237	8	1	250	0.054	
238	8	1	112	0.131	
238	8	1	101	0.142	
238	8	1	250	0.112	
238	8	1	250	0.087	
238	8	1	250	0.177	
239	8	1	92	0.196	
239	8	1	86	0.260	
239	8	1	250	0.064	
239	8	1	250	0.084	
239	8	1	250	0.076	
240	8	1	85	0.165	
240	8	1	82	0.195	
240	8	1	250	0.114	
240	8	1	250	0.093	
240	8	1	250	0.054	
241	8	1	176	0.079	
241	8	1	192	0.071	
241	8	0	111	0.002	
241	8	1	229	0.052	
241	8	0	106	0.009	
242	8	1	250	0.060	
242	8	1	250	0.063	
242	8	1	250	0.187	
242	8	1	157	0.055	
242	8	1	250	0.078	
243	8	1	250	0.155	
243	8	1	250	0.131	
243	8	1	250	0.046	
243	8	1	144	0.049	
243	8	0	152	0.000	
244	8	1	162	0.077	
244	8	1	196	0.070	
244	8	1	250	0.142	
244	8	1	250	0.868	
244	8	1	236	0.073	
245	8	1	81	0.097	
245	8	1	77	0.116	
245	8	1	60	0.082	
245	8	1	90	0.077	
245	8	1	91	0.084	
246	8	1	130	0.082	
246	8	1	140	0.078	
246	8	1	250	0.082	
246	8	1	250	0.114	
246	8	1	250	0.171	
247	8	1	72	0.169	
247	8	1	64	0.223	
247	8	1	243	0.156	
247	8	1	250	0.410	
247	8	1	250	0.584	
248	8	1	106	0.134	
248	8	1	106	0.096	
248	8	1	225	0.074	
248	8	1	214	0.054	
248	8	1	250	0.122	
249	8	1	77	0.102	
249	8	1	96	0.115	
249	8	1	250	0.080	
249	8	1	250	0.097	
249	8	1	250	0.044	
250	8	1	141	0.079	
250	8	1	143	0.098	
250	8	1	250	0.129	
250	8	1	250	0.066	
250	8	1	250	0.089	
251	8	1	79	0.088	
251	8	1	79	0.097	
251	8	1	250	0.112	
251	8	1	250	0.073	
251	8	1	250	0.060	
252	8	1	102	0.075	
252	8	1	165	0.073	
252	8	1	201	0.064	
252	8	0	107	0.000	
252	8	1	234	0.057	
253	8	1	250	0.068	
253	8	1	250	0.058	
253	8	1	250	0.090	
253	8	0	158	0.000	
253	8	1	249	0.030	
254	8	1	88	0.057	
254	8	1	91	0.130	
254	8	1	232	0.058	
254	8	1	250	0.047	
254	8	1	250	0.076	
255	8	1	250	0.046	
255	8	1	250	0.060	
255	8	1	250	0.057	
255	8	1	250	0.124	
255	8	1	250	0.144	
256	8	1	87	0.064	
256	8	1	105	0.090	
256	8	1	245	0.073	
256	8	0	140	0.000	
256	8	0	119	0.000	
257	8	1	65	0.186	
257	8	1	66	0.215	
257	8	1	75	0.174	
257	8	1	243	0.043	
257	8	1	209	0.138	
258	8	1	123	0.094	
258	8	1	107	0.095	
258	8	1	108	0.073	
258	8	1	96	0.070	
258	8	1	77	0.073	
259	8	1	80	0.127	
259	8	1	78	0.154	
259	8	1	250	0.038	
259	8	1	237	0.032	
259	8	1	188	0.071	
260	8	1	250	0.061	
260	8	1	250	0.052	
260	8	1	247	0.073	
260	8	1	250	0.068	
260	8	1	250	0.063	
261	8	1	120	0.087	
261	8	1	140	0.096	
261	8	1	244	0.087	
261	8	1	250	0.069	
261	8	1	107	0.106	
262	8	1	206	0.071	
262	8	1	250	0.095	
262	8	1	250	0.063	
262	8	1	250	0.094	
262	8	1	179	0.062	
263	8	1	93	0.077	
263	8	1	107	0.063	
263	8	1	234	0.081	
263	8	1	250	0.110	
263	8	1	250	0.097	
264	8	1	126	0.088	
264	8	1	92	0.115	
264	8	1	250	0.117	
264	8	1	250	0.114	
264	8	1	194	0.024	
265	8	1	54	0.113	
265	8	1	143	0.089	
265	8	1	250	0.051	
265	8	1	155	0.065	
265	8	1	250	0.085	
266	8	1	117	0.090	
266	8	1	115	0.119	
266	8	0	111	0.000	
266	8	1	250	0.076	
266	8	1	250	0.152	
267	8	1	115	0.088	
267	8	1	116	0.076	
267	8	1	250	0.081	
267	8	1	169	0.092	
267	8	1	164	0.100	
268	8	1	250	0.064	
268	8	1	250	0.067	
268	8	1	250	0.065	
268	8	1	250	0.038	
268	8	1	250	0.063	
269	8	1	77	0.097	
269	8	1	91	0.087	
269	8	1	250	0.061	
269	8	1	250	0.038	
269	8	0	158	0.000	
270	8	1	64	0.085	
270	8	1	65	0.208	
270	8	1	250	0.086	
270	8	1	250	0.298	
270	8	1	250	0.103	
271	8	1	106	0.109	
271	8	1	95	0.104	
271	8	1	250	0.152	
271	8	1	250	0.065	
271	8	1	250	0.157	
272	8	1	137	0.046	
272	8	1	250	0.060	
272	8	1	139	0.058	
272	8	1	250	0.151	
272	8	1	250	0.143	
273	8	1	250	0.069	
273	8	1	249	0.086	
273	8	0	216	0.009	
273	8	0	219	0.021	
273	8	0	144	0.011	
274	8	1	89	0.104	
274	8	1	89	0.106	
274	8	1	250	0.202	
274	8	1	250	0.081	
274	8	1	250	0.158	
275	8	1	250	0.068	
275	8	1	250	0.064	
275	8	1	250	0.084	
275	8	1	250	0.137	
275	8	1	250	0.058	
276	8	1	111	0.092	
276	8	1	143	0.103	
276	8	1	250	0.099	
276	8	0	170	0.016	
276	8	1	250	0.047	
277	8	1	250	0.065	
277	8	1	126	0.080	
277	8	0	195	0.000	
277	8	1	250	0.108	
277	8	1	250	0.213	
278	8	1	106	0.072	
278	8	1	108	0.087	
278	8	1	227	0.032	
278	8	0	106	0.015	
278	8	0	195	0.000	
279	8	1	105	0.104	
279	8	1	130	0.086	
279	8	0	124	0.014	
279	8	1	250	0.057	
279	8	1	250	0.068	
280	8	1	85	0.108	
280	8	1	79	0.115	
280	8	1	233	0.109	
280	8	1	211	0.058	
280	8	1	250	0.056	
281	8	1	84	0.079	
281	8	1	101	0.085	
281	8	1	250	0.277	
281	8	1	250	0.051	
281	8	0	154	0.023	
282	8	1	250	0.072	
282	8	1	250	0.066	
282	8	1	241	0.091	
282	8	1	237	0.082	
282	8	1	159	0.078	
283	8	1	75	0.092	
283	8	1	250	0.047	
283	8	1	221	0.032	
283	8	1	83	0.044	
283	8	1	250	0.041	
284	8	1	100	0.097	
284	8	1	103	0.110	
284	8	1	250	0.076	
284	8	1	250	0.060	
284	8	1	250	0.065	
285	8	1	250	0.065	
285	8	1	250	0.080	
285	8	1	250	0.322	
285	8	1	250	0.160	
285	8	1	250	0.271	
286	8	1	83	0.101	
286	8	1	95	0.092	
286	8	1	250	0.168	
286	8	1	250	0.091	
286	8	0	227	0.000	
287	8	1	137	0.098	
287	8	1	99	0.090	
287	8	1	114	0.101	
287	8	1	99	0.108	
287	8	1	102	0.065	
288	8	1	54	0.090	
288	8	1	45	0.092	
288	8	1	250	0.078	
288	8	0	221	0.000	
288	8	1	250	0.121	
289	8	1	45	0.146	
289	8	1	96	0.131	
289	8	1	80	0.089	
289	8	1	94	0.101	
289	8	1	88	0.126	
290	8	1	133	0.113	
290	8	1	121	0.127	
290	8	1	115	0.088	
290	8	1	112	0.116	
290	8	1	99	0.129	
291	8	1	71	0.146	
291	8	1	72	0.232	
291	8	1	250	0.117	
291	8	1	250	0.130	
291	8	1	250	0.164	
292	8	1	95	0.093	
292	8	1	95	0.092	
292	8	1	250	0.077	
292	8	1	250	0.147	
292	8	1	250	0.052	
293	8	1	68	0.094	
293	8	1	194	0.080	
293	8	1	119	0.112	
293	8	1	106	0.119	
293	8	1	117	0.117	
294	8	1	159	0.071	
294	8	1	250	0.071	
294	8	0	224	0.014	
294	8	1	250	0.203	
294	8	0	217	0.000	
295	8	1	95	0.099	
295	8	1	101	0.101	
295	8	1	250	0.118	
295	8	0	97	0.017	
295	8	0	143	0.000	
296	8	1	103	0.107	
296	8	1	63	0.082	
296	8	1	250	0.077	
296	8	1	250	0.141	
296	8	1	250	0.069	
297	8	1	131	0.069	
297	8	1	128	0.067	
297	8	1	250	0.052	
297	8	1	224	0.052	
297	8	0	131	0.000	
298	8	1	99	0.091	
298	8	1	120	0.080	
298	8	1	83	0.107	
298	8	1	96	0.110	
298	8	1	98	0.106	
299	8	1	163	0.078	
299	8	1	108	0.075	
299	8	1	213	0.046	
299	8	1	233	0.067	
299	8	1	228	0.072	
0	9	1	117	0.086	
0	9	1	108	0.080	
0	9	0	105	0.000	
0	9	1	250	0.064	
0	9	1	250	0.055	
1	9	1	96	0.108	
1	9	1	93	0.165	
1	9	1	250	0.048	
1	9	1	250	0.079	
1	9	0	171	0.018	
2	9	1	85	0.095	
2	9	1	89	0.103	
2	9	1	250	0.155	
2	9	1	110	0.044	
2	9	1	250	0.071	
3	9	1	70	0.233	
3	9	1	74	0.206	
3	9	1	250	0.209	
3	9	1	250	0.086	
3	9	1	250	0.206	
4	9	1	64	0.103	
4	9	1	64	0.118	
4	9	1	250	0.050	
4	9	0	138	0.000	
4	9	1	250	0.066	
5	9	1	68	0.282	
5	9	1	72	0.303	
5	9	1	250	0.256	
5	9	1	250	0.277	
5	9	1	250	0.682	
6	9	1	73	0.178	
6	9	1	87	0.105	
6	9	1	250	0.073	
6	9	1	250	0.036	
6	9	0	75	0.021	
7	9	1	91	0.090	
7	9	1	104	0.115	
7	9	1	250	0.270	
7	9	1	250	0.227	
7	9	1	203	0.120	
8	9	1	99	0.082	
8	9	1	87	0.146	
8	9	1	223	0.100	
8	9	1	250	0.065	
8	9	0	168	0.007	
9	9	1	71	0.223	
9	9	1	73	0.309	
9	9	0	126	0.000	
9	9	1	250	0.042	
9	9	1	245	0.090	
10	9	1	82	0.273	
10	9	1	82	0.212	
10	9	1	250	0.202	
10	9	1	250	0.026	
10	9	1	250	0.263	
11	9	1	75	0.267	
11	9	1	75	0.267	
11	9	1	250	0.192	
11	9	1	250	0.189	
11	9	1	250	0.179	
12	9	1	89	0.160	
12	9	1	93	0.129	
12	9	1	250	0.117	
12	9	1	250	0.049	
12	9	0	187	0.000	
13	9	1	76	0.158	
13	9	1	77	0.131	
13	9	1	250	0.050	
13	9	0	122	0.000	
13	9	0	96	0.000	
14	9	1	73	0.215	
14	9	1	76	0.235	
14	9	1	250	0.099	
14	9	1	250	0.091	
14	9	1	250	0.085	
15	9	1	70	0.186	
15	9	1	70	0.181	
15	9	1	250	0.120	
15	9	1	250	0.040	
15	9	1	250	0.059	
16	9	1	94	0.049	
16	9	1	91	0.217	
16	9	1	232	0.095	
16	9	1	232	0.068	
16	9	1	237	0.076	
17	9	1	87	0.107	
17	9	1	88	0.112	
17	9	1	250	0.097	
17	9	1	250	0.103	
17	9	1	250	0.136	
18	9	1	69	0.237	
18	9	1	68	0.225	
18	9	1	250	0.302	
18	9	1	250	0.308	
18	9	1	250	0.150	
19	9	1	84	0.116	
19	9	1	141	0.141	
19	9	1	93	0.146	
19	9	1	96	0.156	
19	9	1	101	0.135	
20	9	1	69	0.267	
20	9	1	69	0.249	
20	9	1	250	0.105	
20	9	0	121	0.000	
20	9	1	250	0.122	
21	9	1	85	0.182	
21	9	1	85	0.382	
21	9	1	250	0.205	
21	9	1	250	0.141	
21	9	1	250	0.077	
22	9	1	79	0.112	
22	9	1	87	0.104	
22	9	1	250	0.175	
22	9	1	250	0.281	
22	9	0	121	0.000	
23	9	1	38	0.108	
23	9	1	39	0.089	
23	9	1	248	0.100	
23	9	1	241	0.122	
23	9	1	221	0.075	
24	9	1	95	0.134	
24	9	1	114	0.106	
24	9	1	250	0.217	
24	9	1	250	0.236	
24	9	1	250	0.206	
25	9	1	68	0.216	
25	9	1	68	0.258	
25	9	1	250	0.082	
25	9	1	250	0.075	
25	9	1	250	0.103	
26	9	1	74	0.175	
26	9	1	71	0.212	
26	9	1	250	0.124	
26	9	1	250	0.261	
26	9	1	250	0.194	
27	9	1	78	0.194	
27	9	1	78	0.194	
27	9	0	91	0.000	
27	9	1	230	0.165	
27	9	1	237	0.126	
28	9	1	68	0.176	
28	9	1	68	0.224	
28	9	0	136	0.000	
28	9	0	104	0.000	
28	9	1	250	0.083	
29	9	1	99	0.168	
29	9	1	112	0.171	
29	9	1	250	0.101	
29	9	1	250	0.096	
29	9	1	250	0.103	
30	9	1	85	0.134	
30	9	1	82	0.142	
30	9	1	250	0.178	
30	9	1	250	0.991	
30	9	1	250	0.068	
31	9	1	71	0.221	
31	9	1	77	0.230	
31	9	1	250	0.425	
31	9	1	250	0.065	
31	9	1	250	0.177	
32	9	1	74	0.163	
32	9	1	75	0.204	
32	9	1	250	0.351	
32	9	1	250	0.244	
32	9	1	250	0.271	
33	9	1	105	0.083	
33	9	1	130	0.068	
33	9	1	161	0.047	
33	9	1	188	0.030	
33	9	1	171	0.031	
34	9	1	88	0.104	
34	9	1	79	0.249	
34	9	1	250	0.273	
34	9	1	250	0.169	
34	9	1	250	0.765	
35	9	1	250	0.070	
35	9	1	104	0.075	
35	9	1	250	0.089	
35	9	1	250	0.154	
35	9	1	239	0.096	
36	9	1	86	0.101	
36	9	1	72	0.139	
36	9	1	250	0.366	
36	9	1	250	0.194	
36	9	1	250	0.207	
37	9	1	98	0.098	
37	9	1	101	0.136	
37	9	1	250	0.220	
37	9	1	250	0.065	
37	9	0	235	0.015	
38	9	1	91	0.092	
38	9	1	110	0.114	
38	9	1	250	0.133	
38	9	1	250	0.072	
38	9	1	250	0.276	
39	9	1	87	0.083	
39	9	1	83	0.080	
39	9	1	250	0.051	
39	9	1	250	0.221	
39	9	1	250	0.128	
40	9	1	67	0.408	
40	9	1	67	0.396	
40	9	1	250	0.193	
40	9	1	250	0.101	
40	9	1	250	0.096	
41	9	1	70	0.152	
41	9	1	70	0.176	
41	9	1	250	0.284	
41	9	1	250	0.210	
41	9	1	250	0.169	
42	9	1	68	0.738	
42	9	1	68	0.738	
42	9	1	250	0.363	
42	9	1	250	0.354	
42	9	1	250	0.363	
43	9	1	89	0.119	
43	9	1	100	0.158	
43	9	1	157	0.062	
43	9	1	250	0.075	
43	9	1	167	0.069	
44	9	1	106	0.137	
44	9	1	109	0.090	
44	9	1	250	0.026	
44	9	1	224	0.103	
44	9	1	250	0.209	
45	9	1	68	0.094	
45	9	1	57	0.083	
45	9	1	250	0.137	
45	9	1	240	0.042	
45	9	1	241	0.057	
46	9	1	119	0.103	
46	9	1	250	0.084	
46	9	1	250	0.043	
46	9	1	250	0.065	
46	9	1	250	0.039	
47	9	1	126	0.083	
47	9	1	112	0.082	
47	9	1	95	0.084	
47	9	1	113	0.073	
47	9	1	104	0.071	
48	9	1	99	0.078	
48	9	1	108	0.089	
48	9	1	229	0.145	
48	9	1	250	0.137	
48	9	1	250	0.150	
49	9	1	119	0.125	
49	9	1	76	0.125	
49	9	1	250	0.541	
49	9	1	250	0.190	
49	9	1	250	0.091	
50	9	1	90	0.139	
50	9	1	86	0.113	
50	9	1	250	0.103	
50	9	1	250	0.083	
50	9	0	204	0.000	
51	9	1	74	0.173	
51	9	1	77	0.235	
51	9	0	186	0.000	
51	9	1	250	0.068	
51	9	1	250	0.054	
52	9	1	73	0.166	
52	9	1	75	0.120	
52	9	0	108	0.019	
52	9	1	250	0.082	
52	9	1	250	0.059	
53	9	1	89	0.067	
53	9	1	87	0.096	
53	9	1	235	0.107	
53	9	1	233	0.106	
53	9	1	246	0.076	
54	9	1	78	0.273	
54	9	1	69	0.447	
54	9	1	250	0.247	
54	9	1	250	0.693	
54	9	1	250	0.500	
55	9	1	99	0.095	
55	9	1	91	0.085	
55	9	1	227	0.064	
55	9	1	244	0.068	
55	9	1	239	0.041	
56	9	1	101	0.080	
56	9	1	92	0.087	
56	9	1	250	0.091	
56	9	1	250	0.019	
56	9	1	187	0.052	
57	9	1	104	0.092	
57	9	1	128	0.080	
57	9	1	250	0.074	
57	9	1	250	0.044	
57	9	0	132	0.010	
58	9	1	111	0.104	
58	9	1	102	0.099	
58	9	1	250	0.079	
58	9	1	250	0.045	
58	9	1	241	0.077	
59	9	1	107	0.101	
59	9	1	114	0.095	
59	9	1	250	0.137	
59	9	1	250	0.050	
59	9	1	250	0.140	
60	9	1	120	0.082	
60	9	1	119	0.087	
60	9	1	250	0.066	
60	9	1	250	0.115	
60	9	1	250	0.035	
61	9	1	68	0.323	
61	9	1	68	0.298	
61	9	1	250	0.520	
61	9	1	250	0.629	
61	9	1	250	0.587	
62	9	1	159	0.072	
62	9	1	152	0.098	
62	9	0	124	0.004	
62	9	1	226	0.068	
62	9	0	119	0.022	
63	9	1	91	0.128	
63	9	1	84	0.141	
63	9	1	250	0.059	
63	9	1	250	0.081	
63	9	1	250	0.080	
64	9	1	77	0.113	
64	9	1	80	0.125	
64	9	1	250	0.102	
64	9	1	244	0.043	
64	9	0	189	0.000	
65	9	1	70	0.323	
65	9	1	70	0.297	
65	9	1	250	0.064	
65	9	1	250	0.072	
65	9	1	250	0.142	
66	9	1	92	0.069	
66	9	1	91	0.093	
66	9	1	241	0.108	
66	9	1	250	0.104	
66	9	1	250	0.131	
67	9	1	65	0.473	
67	9	1	65	0.499	
67	9	1	250	0.124	
67	9	1	230	0.082	
67	9	1	250	0.147	
68	9	1	93	0.109	
68	9	1	89	0.150	
68	9	1	250	0.211	
68	9	1	228	0.093	
68	9	1	250	0.244	
69	9	1	100	0.150	
69	9	1	101	0.144	
69	9	1	220	0.089	
69	9	1	250	0.075	
69	9	0	143	0.000	
70	9	1	71	0.206	
70	9	1	76	0.238	
70	9	1	250	0.071	
70	9	1	230	0.157	
70	9	1	249	0.073	
71	9	1	82	0.108	
71	9	1	78	0.104	
71	9	1	250	0.065	
71	9	1	250	0.039	
71	9	1	250	0.215	
72	9	1	70	0.200	
72	9	1	70	0.200	
72	9	0	152	0.000	
72	9	0	156	0.017	
72	9	1	250	0.057	
73	9	1	92	0.133	
73	9	1	87	0.167	
73	9	1	250	0.193	
73	9	1	250	0.162	
73	9	1	250	0.138	
74	9	1	82	0.099	
74	9	1	73	0.170	
74	9	1	250	0.070	
74	9	1	250	0.050	
74	9	1	250	0.258	
75	9	1	68	0.419	
75	9	1	68	0.419	
75	9	1	250	0.160	
75	9	1	250	0.167	
75	9	1	250	0.161	
76	9	1	74	0.078	
76	9	1	79	0.097	
76	9	0	166	0.000	
76	9	0	116	0.025	
76	9	0	161	0.012	
77	9	1	87	0.122	
77	9	1	73	0.123	
77	9	0	139	0.000	
77	9	1	146	0.097	
77	9	1	142	0.028	
78	9	1	85	0.149	
78	9	1	79	0.148	
78	9	0	190	0.000	
78	9	0	129	0.020	
78	9	1	250	0.109	
79	9	1	95	0.096	
79	9	1	91	0.119	
79	9	1	250	0.085	
79	9	1	250	0.032	
79	9	1	241	0.241	
80	9	1	88	0.138	
80	9	1	82	0.143	
80	9	1	250	0.105	
80	9	1	250	0.167	
80	9	1	250	0.103	
81	9	1	127	0.089	
81	9	1	107	0.088	
81	9	0	79	0.013	
81	9	0	113	0.024	
81	9	1	211	0.055	
82	9	1	148	0.081	
82	9	1	250	0.068	
82	9	0	192	0.013	
82	9	1	250	0.075	
82	9	1	250	0.088	
83	9	1	72	0.232	
83	9	1	70	0.195	
83	9	1	238	0.096	
83	9	1	250	0.066	
83	9	1	250	0.082	
84	9	1	73	0.162	
84	9	1	75	0.203	
84	9	1	250	0.407	
84	9	1	250	0.217	
84	9	1	250	0.221	
85	9	1	87	0.097	
85	9	1	81	0.100	
85	9	0	162	0.013	
85	9	0	197	0.015	
85	9	1	250	0.127	
86	9	1	87	0.115	
86	9	1	91	0.133	
86	9	1	250	0.056	
86	9	1	250	0.696	
86	9	1	246	0.068	
87	9	1	75	0.199	
87	9	1	75	0.239	
87	9	1	250	0.100	
87	9	1	250	0.134	
87	9	1	250	0.157	
88	9	1	75	0.251	
88	9	1	74	0.311	
88	9	1	250	0.181	
88	9	1	250	0.191	
88	9	1	250	0.215	
89	9	1	123	0.102	
89	9	1	112	0.107	
89	9	1	250	0.035	
89	9	0	208	0.000	
89	9	1	238	0.119	
90	9	1	71	0.292	
90	9	1	71	0.279	
90	9	1	245	0.247	
90	9	1	250	0.946	
90	9	1	250	0.379	
91	9	1	78	0.232	
91	9	1	80	0.251	
91	9	1	250	0.114	
91	9	1	232	0.088	
91	9	1	230	0.171	
92	9	1	80	0.130	
92	9	1	127	0.066	
92	9	0	122	0.015	
92	9	0	219	0.025	
92	9	0	137	0.022	
93	9	1	67	0.797	
93	9	1	67	0.797	
93	9	1	250	0.360	
93	9	1	250	0.328	
93	9	1	250	0.498	
94	9	1	68	0.356	
94	9	1	68	0.357	
94	9	0	195	0.000	
94	9	0	157	0.000	
94	9	1	250	0.095	
95	9	1	86	0.134	
95	9	1	85	0.103	
95	9	1	243	0.056	
95	9	0	130	0.001	
95	9	0	144	0.006	
96	9	1	126	0.141	
96	9	1	89	0.132	
96	9	0	153	0.000	
96	9	1	250	0.086	
96	9	1	147	0.062	
97	9	1	105	0.125	
97	9	1	112	0.082	
97	9	1	250	0.024	
97	9	1	250	0.240	
97	9	1	250	0.254	
98	9	1	108	0.111	
98	9	1	98	0.147	
98	9	0	174	0.000	
98	9	1	250	0.073	
98	9	0	131	0.009	
99	9	1	91	0.094	
99	9	1	101	0.084	
99	9	1	229	0.070	
99	9	1	212	0.060	
99	9	1	196	0.058	
100	9	1	93	0.102	
100	9	1	83	0.126	
100	9	0	97	0.007	
100	9	0	79	0.018	
100	9	0	77	0.007	
101	9	1	75	0.122	
101	9	1	79	0.117	
101	9	1	250	0.075	
101	9	1	250	0.045	
101	9	1	250	0.038	
102	9	1	82	0.165	
102	9	1	84	0.147	
102	9	1	250	0.202	
102	9	1	250	0.185	
102	9	1	250	0.191	
103	9	1	108	0.155	
103	9	1	96	0.118	
103	9	1	250	0.073	
103	9	1	235	0.084	
103	9	1	222	0.053	
104	9	1	154	0.069	
104	9	1	133	0.108	
104	9	1	250	0.068	
104	9	1	180	0.104	
104	9	1	250	0.046	
105	9	1	123	0.119	
105	9	1	118	0.115	
105	9	1	250	0.141	
105	9	1	250	0.144	
105	9	1	250	0.140	
106	9	1	85	0.116	
106	9	1	82	0.141	
106	9	1	238	0.137	
106	9	1	249	0.163	
106	9	1	247	0.124	
107	9	1	109	0.101	
107	9	1	101	0.154	
107	9	1	250	0.337	
107	9	1	250	0.538	
107	9	1	250	0.071	
108	9	1	81	0.125	
108	9	1	81	0.112	
108	9	1	243	0.151	
108	9	1	240	0.143	
108	9	1	239	0.051	
109	9	1	71	0.165	
109	9	1	76	0.149	
109	9	1	250	0.473	
109	9	1	250	0.036	
109	9	1	250	0.210	
110	9	1	89	0.104	
110	9	1	101	0.114	
110	9	1	250	0.106	
110	9	1	118	0.172	
110	9	1	250	0.123	
111	9	1	135	0.095	
111	9	1	174	0.107	
111	9	1	250	0.031	
111	9	1	250	0.052	
111	9	1	250	0.059	
112	9	1	250	0.098	
112	9	1	250	0.054	
112	9	1	250	0.074	
112	9	1	250	0.076	
112	9	1	250	0.182	
113	9	1	123	0.092	
113	9	1	143	0.107	
113	9	0	89	0.000	
113	9	1	250	0.053	
113	9	1	250	0.092	
114	9	1	187	0.089	
114	9	1	190	0.092	
114	9	1	98	0.125	
114	9	1	103	0.045	
114	9	1	250	0.057	
115	9	1	250	0.073	
115	9	1	107	0.096	
115	9	1	229	0.058	
115	9	1	228	0.071	
115	9	1	250	0.050	
116	9	1	77	0.204	
116	9	1	77	0.167	
116	9	1	250	0.407	
116	9	1	250	0.039	
116	9	1	250	0.029	
117	9	1	99	0.145	
117	9	1	116	0.086	
117	9	1	250	0.065	
117	9	1	250	0.095	
117	9	1	201	0.056	
118	9	1	103	0.111	
118	9	1	93	0.126	
118	9	0	90	0.026	
118	9	1	231	0.095	
118	9	1	230	0.095	
119	9	1	108	0.068	
119	9	1	97	0.081	
119	9	1	250	0.112	
119	9	1	250	0.059	
119	9	1	250	0.049	
120	9	1	89	0.133	
120	9	1	89	0.136	
120	9	1	247	0.073	
120	9	1	243	0.076	
120	9	1	245	0.048	
121	9	1	100	0.088	
121	9	1	97	0.127	
121	9	1	247	0.054	
121	9	0	146	0.000	
121	9	1	250	0.545	
122	9	1	76	0.134	
122	9	1	74	0.206	
122	9	0	112	0.008	
122	9	0	147	0.013	
122	9	0	86	0.019	
123	9	1	124	0.159	
123	9	1	116	0.165	
123	9	1	250	0.059	
123	9	1	250	0.055	
123	9	1	232	0.080	
124	9	1	76	0.128	
124	9	1	79	0.115	
124	9	1	250	0.053	
124	9	1	250	0.023	
124	9	1	250	0.073	
125	9	1	116	0.076	
125	9	1	104	0.114	
125	9	1	250	0.044	
125	9	1	111	0.055	
125	9	1	108	0.126	
126	9	1	250	0.065	
126	9	1	250	0.062	
126	9	1	250	0.102	
126	9	1	250	0.055	
126	9	1	249	0.086	
127	9	1	98	0.102	
127	9	1	110	0.092	
127	9	1	250	0.276	
127	9	1	250	0.062	
127	9	1	250	0.094	
128	9	1	71	0.154	
128	9	1	79	0.088	
128	9	1	250	0.054	
128	9	0	242	0.000	
128	9	1	250	0.112	
129	9	1	107	0.114	
129	9	1	99	0.144	
129	9	1	158	0.049	
129	9	1	233	0.060	
129	9	1	112	0.058	
130	9	1	89	0.202	
130	9	1	80	0.161	
130	9	1	250	0.100	
130	9	1	250	0.142	
130	9	1	250	0.184	
131	9	1	90	0.167	
131	9	1	80	0.116	
131	9	1	250	0.280	
131	9	1	250	0.066	
131	9	1	250	0.069	
132	9	1	87	0.140	
132	9	1	93	0.175	
132	9	0	160	0.000	
132	9	1	215	0.133	
132	9	1	237	0.048	
133	9	1	82	0.135	
133	9	1	99	0.133	
133	9	1	244	0.092	
133	9	1	250	0.064	
133	9	1	223	0.065	
134	9	1	136	0.103	
134	9	1	105	0.103	
134	9	1	248	0.067	
134	9	1	250	0.040	
134	9	0	162	0.005	
135	9	1	69	0.195	
135	9	1	69	0.226	
135	9	0	221	0.009	
135	9	1	250	0.071	
135	9	1	250	0.088	
136	9	1	124	0.119	
136	9	1	130	0.109	
136	9	1	212	0.104	
136	9	0	138	0.004	
136	9	1	176	0.039	
137	9	1	250	0.085	
137	9	1	250	0.073	
137	9	1	250	0.045	
137	9	0	208	0.030	
137	9	1	250	0.077	
138	9	1	143	0.077	
138	9	1	137	0.127	
138	9	1	234	0.038	
138	9	1	238	0.046	
138	9	1	244	0.065	
139	9	1	80	0.105	
139	9	1	79	0.101	
139	9	1	217	0.047	
139	9	0	111	0.000	
139	9	1	200	0.063	
140	9	1	124	0.059	
140	9	1	250	0.089	
140	9	1	250	0.074	
140	9	1	189	0.084	
140	9	1	236	0.062	
141	9	1	87	0.089	
141	9	1	86	0.093	
141	9	1	250	0.044	
141	9	1	250	0.019	
141	9	1	250	0.168	
142	9	1	86	0.090	
142	9	1	80	0.097	
142	9	1	191	0.102	
142	9	1	210	0.062	
142	9	1	250	0.065	
143	9	1	85	0.122	
143	9	1	76	0.144	
143	9	1	235	0.099	
143	9	1	245	0.085	
143	9	1	250	0.095	
144	9	1	88	0.085	
144	9	1	105	0.080	
144	9	1	250	0.081	
144	9	0	232	0.000	
144	9	1	250	0.065	
145	9	1	76	0.115	
145	9	1	81	0.115	
145	9	0	112	0.000	
145	9	0	118	0.000	
145	9	0	100	0.000	
146	9	1	70	0.232	
146	9	1	73	0.185	
146	9	1	250	0.442	
146	9	1	250	0.346	
146	9	1	250	0.064	
147	9	1	92	0.087	
147	9	1	90	0.106	
147	9	1	250	0.131	
147	9	1	250	0.092	
147	9	1	250	0.080	
148	9	1	95	0.081	
148	9	1	250	0.054	
148	9	1	250	0.091	
148	9	1	240	0.111	
148	9	1	250	0.180	
149	9	1	76	0.107	
149	9	1	75	0.131	
149	9	1	249	0.161	
149	9	1	250	0.261	
149	9	1	237	0.200	
150	9	1	117	0.079	
150	9	1	110	0.123	
150	9	1	250	0.146	
150	9	1	225	0.076	
150	9	1	250	0.081	
151	9	1	105	0.077	
151	9	1	95	0.086	
151	9	1	180	0.110	
151	9	0	172	0.019	
151	9	1	250	0.195	
152	9	1	79	0.201	
152	9	1	87	0.161	
152	9	1	230	0.055	
152	9	0	139	0.009	
152	9	1	226	0.054	
153	9	1	110	0.083	
153	9	1	85	0.111	
153	9	1	85	0.078	
153	9	1	83	0.066	
153	9	1	94	0.078	
154	9	1	90	0.137	
154	9	1	103	0.101	
154	9	1	250	0.084	
154	9	1	250	0.082	
154	9	1	160	0.086	
155	9	1	105	0.121	
155	9	1	105	0.121	
155	9	1	250	0.210	
155	9	1	235	0.021	
155	9	1	250	0.210	
156	9	1	103	0.100	
156	9	1	86	0.121	
156	9	1	250	0.480	
156	9	1	250	0.059	
156	9	1	250	0.073	
157	9	1	250	0.060	
157	9	1	165	0.078	
157	9	1	250	0.074	
157	9	1	250	0.085	
157	9	1	250	0.091	
158	9	1	102	0.113	
158	9	1	106	0.098	
158	9	1	250	0.094	
158	9	1	250	0.068	
158	9	1	243	0.046	
159	9	1	74	0.141	
159	9	1	76	0.141	
159	9	1	250	0.167	
159	9	1	250	0.182	
159	9	1	250	0.043	
160	9	1	88	0.088	
160	9	1	90	0.096	
160	9	0	174	0.001	
160	9	1	185	0.081	
160	9	1	248	0.061	
161	9	1	68	0.212	
161	9	1	69	0.271	
161	9	1	250	0.094	
161	9	1	250	0.227	
161	9	1	250	0.116	
162	9	1	121	0.072	
162	9	1	120	0.109	
162	9	1	250	0.068	
162	9	1	250	0.099	
162	9	0	98	0.024	
163	9	1	140	0.077	
163	9	1	250	0.064	
163	9	1	246	0.039	
163	9	1	250	0.019	
163	9	1	250	0.054	
164	9	1	85	0.108	
164	9	1	85	0.117	
164	9	1	250	0.070	
164	9	1	250	0.096	
164	9	1	250	0.048	
165	9	1	105	0.073	
165	9	1	85	0.067	
165	9	1	249	0.080	
165	9	0	130	0.002	
165	9	1	245	0.090	
166	9	1	96	0.114	
166	9	1	97	0.089	
166	9	1	160	0.094	
166	9	1	235	0.095	
166	9	1	250	0.088	
167	9	1	80	0.093	
167	9	1	48	0.071	
167	9	1	195	0.042	
167	9	1	181	0.052	
167	9	1	201	0.043	
168	9	1	113	0.104	
168	9	1	105	0.058	
168	9	1	250	0.040	
168	9	1	250	0.072	
168	9	1	218	0.050	
169	9	1	133	0.101	
169	9	1	78	0.088	
169	9	1	228	0.035	
169	9	0	143	0.004	
169	9	1	250	0.201	
170	9	1	88	0.066	
170	9	1	101	0.104	
170	9	1	250	0.051	
170	9	1	250	0.088	
170	9	1	216	0.080	
171	9	1	90	0.126	
171	9	1	105	0.051	
171	9	1	250	0.070	
171	9	1	250	0.072	
171	9	1	250	0.093	
172	9	1	120	0.084	
172	9	1	250	0.061	
172	9	0	204	0.011	
172	9	1	245	0.034	
172	9	0	146	0.000	
173	9	1	110	0.096	
173	9	1	109	0.106	
173	9	0	188	0.004	
173	9	1	250	0.335	
173	9	1	250	0.063	
174	9	1	101	0.088	
174	9	1	79	0.186	
174	9	0	149	0.006	
174	9	1	250	0.039	
174	9	0	182	0.002	
175	9	1	165	0.099	
175	9	1	183	0.089	
175	9	1	116	0.033	
175	9	1	116	0.031	
175	9	1	96	0.052	
176	9	1	102	0.116	
176	9	1	94	0.157	
176	9	1	250	0.084	
176	9	1	234	0.093	
176	9	1	250	0.281	
177	9	1	126	0.096	
177	9	1	116	0.120	
177	9	1	250	0.117	
177	9	1	250	0.032	
177	9	1	138	0.042	
178	9	1	92	0.086	
178	9	1	90	0.155	
178	9	1	250	0.459	
178	9	1	250	0.229	
178	9	1	250	0.063	
179	9	1	197	0.058	
179	9	1	152	0.097	
179	9	1	250	0.131	
179	9	1	250	0.097	
179	9	1	250	0.119	
180	9	1	250	0.052	
180	9	1	250	0.072	
180	9	1	250	0.090	
180	9	1	244	0.060	
180	9	0	153	0.006	
181	9	1	108	0.121	
181	9	1	125	0.090	
181	9	1	219	0.075	
181	9	0	112	0.000	
181	9	1	240	0.073	
182	9	1	250	0.097	
182	9	1	154	0.070	
182	9	0	162	0.008	
182	9	0	195	0.022	
182	9	1	154	0.069	
183	9	1	101	0.105	
183	9	1	100	0.136	
183	9	1	250	0.084	
183	9	1	250	0.073	
183	9	1	250	0.085	
184	9	1	116	0.081	
184	9	1	106	0.100	
184	9	1	250	0.078	
184	9	1	250	0.277	
184	9	1	250	0.079	
185	9	1	89	0.096	
185	9	0	63	0.000	
185	9	1	250	0.212	
185	9	1	250	0.096	
185	9	1	250	0.085	
186	9	1	110	0.095	
186	9	1	144	0.094	
186	9	1	250	0.086	
186	9	1	250	0.069	
186	9	1	250	0.075	
187	9	1	132	0.094	
187	9	1	134	0.102	
187	9	1	250	0.050	
187	9	1	250	0.115	
187	9	1	171	0.013	
188	9	1	92	0.121	
188	9	1	115	0.099	
188	9	1	250	0.067	
188	9	1	250	0.088	
188	9	1	250	0.118	
189	9	1	62	0.132	
189	9	1	112	0.082	
189	9	1	233	0.055	
189	9	0	173	0.014	
189	9	1	154	0.040	
190	9	1	122	0.098	
190	9	1	114	0.156	
190	9	1	99	0.072	
190	9	1	114	0.152	
190	9	1	110	0.112	
191	9	1	117	0.085	
191	9	1	118	0.082	
191	9	0	169	0.000	
191	9	1	250	0.088	
191	9	1	250	0.077	
192	9	1	140	0.075	
192	9	1	153	0.091	
192	9	1	247	0.078	
192	9	1	242	0.067	
192	9	1	250	0.062	
193	9	1	48	0.118	
193	9	1	250	0.067	
193	9	1	249	0.085	
193	9	1	122	0.106	
193	9	1	250	0.079	
194	9	1	126	0.069	
194	9	1	125	0.113	
194	9	1	250	0.169	
194	9	1	250	0.298	
194	9	0	162	0.000	
195	9	1	121	0.090	
195	9	1	108	0.090	
195	9	1	250	0.080	
195	9	0	196	0.002	
195	9	0	192	0.000	
196	9	1	99	0.092	
196	9	1	75	0.097	
196	9	1	250	0.053	
196	9	0	118	0.017	
196	9	1	250	0.061	
197	9	1	75	0.085	
197	9	1	107	0.073	
197	9	1	250	0.019	
197	9	1	250	0.095	
197	9	1	250	0.179	
198	9	1	83	0.092	
198	9	1	86	0.110	
198	9	1	250	0.144	
198	9	1	250	0.048	
198	9	1	250	0.077	
199	9	1	67	0.076	
199	9	1	79	0.083	
199	9	1	226	0.038	
199	9	1	243	0.066	
199	9	1	208	0.050	
200	9	1	97	0.110	
200	9	1	94	0.101	
200	9	1	250	0.203	
200	9	1	250	0.033	
200	9	1	246	0.031	
201	9	1	91	0.090	
201	9	1	98	0.061	
201	9	1	250	0.066	
201	9	1	250	0.109	
201	9	0	137	0.000	
202	9	1	68	0.147	
202	9	1	76	0.094	
202	9	1	250	0.229	
202	9	1	249	0.063	
202	9	1	250	0.028	
203	9	1	91	0.071	
203	9	1	96	0.108	
203	9	1	250	0.057	
203	9	1	250	0.095	
203	9	1	250	0.040	
204	9	1	90	0.110	
204	9	1	112	0.101	
204	9	1	240	0.085	
204	9	1	175	0.082	
204	9	1	170	0.094	
205	9	1	142	0.094	
205	9	1	166	0.075	
205	9	1	250	0.036	
205	9	1	208	0.055	
205	9	1	244	0.075	
206	9	1	250	0.050	
206	9	1	250	0.071	
206	9	1	250	0.102	
206	9	0	148	0.000	
206	9	0	99	0.000	
207	9	1	99	0.067	
207	9	1	103	0.111	
207	9	1	250	0.076	
207	9	0	198	0.020	
207	9	1	250	0.086	
208	9	1	80	0.131	
208	9	1	80	0.127	
208	9	0	217	0.017	
208	9	1	250	0.110	
208	9	1	250	0.081	
209	9	1	67	0.105	
209	9	1	89	0.098	
209	9	1	211	0.109	
209	9	1	250	0.079	
209	9	1	250	0.076	
210	9	1	172	0.077	
210	9	1	250	0.105	
210	9	1	244	0.055	
210	9	1	222	0.040	
210	9	1	250	0.088	
211	9	1	126	0.084	
211	9	1	96	0.104	
211	9	1	250	0.065	
211	9	1	228	0.059	
211	9	1	250	0.062	
212	9	1	79	0.085	
212	9	1	76	0.092	
212	9	1	250	0.682	
212	9	1	250	0.112	
212	9	1	250	0.132	
213	9	1	107	0.070	
213	9	1	145	0.067	
213	9	1	250	0.071	
213	9	1	166	0.068	
213	9	1	250	0.094	
214	9	1	151	0.072	
214	9	1	138	0.087	
214	9	1	250	0.032	
214	9	1	250	0.108	
214	9	1	250	0.067	
215	9	1	103	0.137	
215	9	1	109	0.103	
215	9	1	250	0.086	
215	9	1	250	0.082	
215	9	1	206	0.107	
216	9	1	93	0.173	
216	9	1	93	0.172	
216	9	1	250	0.089	
216	9	1	250	0.114	
216	9	1	240	0.095	
217	9	1	94	0.098	
217	9	1	107	0.094	
217	9	1	216	0.051	
217	9	1	250	0.057	
217	9	1	250	0.065	
218	9	1	83	0.089	
218	9	1	75	0.106	
218	9	1	250	0.058	
218	9	1	234	0.061	
218	9	1	250	0.074	
219	9	1	91	0.123	
219	9	1	97	0.077	
219	9	1	244	0.105	
219	9	1	247	0.094	
219	9	1	240	0.088	
220	9	1	250	0.077	
220	9	1	95	0.085	
220	9	1	210	0.053	
220	9	1	227	0.066	
220	9	1	225	0.032	
221	9	1	250	0.079	
221	9	1	250	0.082	
221	9	1	250	0.060	
221	9	1	250	0.091	
221	9	1	195	0.049	
222	9	1	94	0.073	
222	9	1	92	0.118	
222	9	1	164	0.049	
222	9	1	250	0.084	
222	9	1	181	0.059	
223	9	1	146	0.081	
223	9	1	135	0.087	
223	9	0	118	0.026	
223	9	0	158	0.020	
223	9	1	115	0.132	
224	9	1	59	0.073	
224	9	1	99	0.096	
224	9	1	190	0.079	
224	9	1	212	0.042	
224	9	1	250	0.117	
225	9	1	154	0.073	
225	9	1	45	0.087	
225	9	1	250	0.058	
225	9	1	250	0.034	
225	9	1	250	0.050	
226	9	1	79	0.102	
226	9	1	74	0.125	
226	9	0	135	0.000	
226	9	1	250	0.049	
226	9	1	250	0.088	
227	9	1	147	0.075	
227	9	1	109	0.100	
227	9	1	240	0.057	
227	9	1	250	0.065	
227	9	0	176	0.020	
228	9	1	179	0.073	
228	9	1	153	0.090	
228	9	1	250	0.143	
228	9	1	250	0.057	
228	9	1	152	0.058	
229	9	1	95	0.074	
229	9	1	95	0.088	
229	9	1	245	0.019	
229	9	1	250	0.036	
229	9	1	250	0.049	
230	9	1	250	0.071	
230	9	1	250	0.057	
230	9	0	101	0.001	
230	9	0	137	0.001	
230	9	0	197	0.000	
231	9	1	93	0.132	
231	9	1	97	0.146	
231	9	1	250	0.100	
231	9	0	219	0.020	
231	9	1	250	0.186	
232	9	1	79	0.021	
232	9	1	106	0.081	
232	9	1	250	0.069	
232	9	1	250	0.098	
232	9	1	250	0.055	
233	9	1	68	0.168	
233	9	1	68	0.206	
233	9	1	250	0.359	
233	9	0	187	0.000	
233	9	1	250	0.020	
234	9	1	93	0.073	
234	9	1	115	0.092	
234	9	1	250	0.040	
234	9	1	219	0.091	
234	9	1	195	0.091	
235	9	1	109	0.096	
235	9	1	99	0.094	
235	9	1	241	0.068	
235	9	1	227	0.078	
235	9	1	222	0.090	
236	9	1	81	0.131	
236	9	1	84	0.117	
236	9	0	164	0.007	
236	9	1	250	0.069	
236	9	1	250	0.095	
237	9	1	52	0.124	
237	9	1	250	0.109	
237	9	1	249	0.054	
237	9	1	158	0.048	
237	9	1	138	0.061	
238	9	1	217	0.089	
238	9	1	231	0.084	
238	9	1	250	0.050	
238	9	1	218	0.052	
238	9	0	247	0.000	
239	9	1	75	0.270	
239	9	1	83	0.203	
239	9	1	250	0.033	
239	9	1	250	0.059	
239	9	1	245	0.157	
240	9	1	86	0.186	
240	9	1	86	0.168	
240	9	0	187	0.000	
240	9	0	229	0.000	
240	9	0	202	0.005	
241	9	1	93	0.081	
241	9	1	89	0.103	
241	9	1	206	0.024	
241	9	1	208	0.072	
241	9	1	189	0.061	
242	9	1	196	0.064	
242	9	1	162	0.078	
242	9	1	100	0.119	
242	9	1	105	0.082	
242	9	1	109	0.082	
243	9	1	250	0.141	
243	9	1	250	0.051	
243	9	1	250	0.098	
243	9	1	250	0.074	
243	9	1	250	0.087	
244	9	1	250	0.070	
244	9	1	250	0.065	
244	9	1	250	0.039	
244	9	1	250	0.055	
244	9	1	246	0.066	
245	9	1	183	0.059	
245	9	1	118	0.088	
245	9	1	250	0.082	
245	9	1	250	0.070	
245	9	1	250	0.065	
246	9	1	250	0.075	
246	9	1	250	0.074	
246	9	1	242	0.059	
246	9	1	250	0.266	
246	9	1	250	0.064	
247	9	1	76	0.148	
247	9	1	87	0.229	
247	9	1	250	0.030	
247	9	1	250	0.088	
247	9	0	201	0.025	
248	9	1	114	0.131	
248	9	1	105	0.109	
248	9	1	250	0.220	
248	9	1	250	0.072	
248	9	1	209	0.038	
249	9	1	151	0.108	
249	9	1	157	0.118	
249	9	1	105	0.075	
249	9	1	226	0.043	
249	9	1	113	0.062	
250	9	1	162	0.066	
250	9	1	137	0.089	
250	9	1	233	0.048	
250	9	1	220	0.038	
250	9	1	194	0.070	
251	9	1	103	0.097	
251	9	1	98	0.113	
251	9	1	220	0.082	
251	9	1	229	0.092	
251	9	1	250	0.188	
252	9	1	130	0.069	
252	9	1	102	0.080	
252	9	1	250	0.063	
252	9	1	250	0.064	
252	9	1	250	0.064	
253	9	1	250	0.065	
253	9	1	250	0.050	
253	9	1	250	0.069	
253	9	0	114	0.023	
253	9	1	201	0.058	
254	9	1	113	0.095	
254	9	1	115	0.072	
254	9	1	250	0.030	
254	9	1	250	0.042	
254	9	1	227	0.070	
255	9	1	250	0.067	
255	9	1	124	0.086	
255	9	0	109	0.023	
255	9	1	250	0.067	
255	9	1	250	0.047	
256	9	1	105	0.092	
256	9	1	107	0.080	
256	9	0	190	0.003	
256	9	0	190	0.000	
256	9	0	148	0.000	
257	9	1	104	0.093	
257	9	1	107	0.103	
257	9	1	250	0.066	
257	9	1	250	0.096	
257	9	1	250	0.046	
258	9	1	109	0.067	
258	9	1	79	0.078	
258	9	1	230	0.049	
258	9	1	250	0.137	
258	9	1	238	0.058	
259	9	1	109	0.101	
259	9	1	96	0.134	
259	9	1	214	0.072	
259	9	1	220	0.132	
259	9	1	217	0.135	
260	9	1	250	0.063	
260	9	1	174	0.033	
260	9	1	218	0.068	
260	9	1	250	0.067	
260	9	1	236	0.063	
261	9	1	151	0.090	
261	9	1	157	0.085	
261	9	1	225	0.054	
261	9	1	250	0.058	
261	9	1	250	0.089	
262	9	1	250	0.067	
262	9	1	250	0.084	
262	9	1	250	0.078	
262	9	1	250	0.068	
262	9	1	116	0.048	
263	9	1	110	0.073	
263	9	1	106	0.090	
263	9	1	112	0.097	
263	9	1	108	0.087	
263	9	1	115	0.090	
264	9	1	95	0.115	
264	9	1	96	0.097	
264	9	1	250	0.041	
264	9	1	207	0.048	
264	9	1	250	0.152	
265	9	1	147	0.112	
265	9	1	158	0.082	
265	9	1	227	0.099	
265	9	1	250	0.050	
265	9	1	250	0.063	
266	9	1	97	0.092	
266	9	1	100	0.102	
266	9	0	134	0.000	
266	9	1	110	0.054	
266	9	0	120	0.000	
267	9	1	49	0.078	
267	9	1	250	0.072	
267	9	1	99	0.085	
267	9	1	92	0.102	
267	9	1	77	0.075	
268	9	1	111	0.100	
268	9	1	111	0.079	
268	9	1	250	0.041	
268	9	1	250	0.041	
268	9	1	250	0.051	
269	9	1	80	0.085	
269	9	1	104	0.079	
269	9	1	250	0.030	
269	9	1	250	0.071	
269	9	1	249	0.064	
270	9	1	79	0.130	
270	9	1	73	0.157	
270	9	1	240	0.072	
270	9	1	235	0.068	
270	9	1	244	0.118	
271	9	1	127	0.068	
271	9	1	250	0.069	
271	9	0	138	0.027	
271	9	1	222	0.046	
271	9	1	250	0.060	
272	9	1	250	0.072	
272	9	1	250	0.055	
272	9	1	239	0.055	
272	9	0	231	0.000	
272	9	0	222	0.004	
273	9	1	48	0.121	
273	9	1	171	0.096	
273	9	1	190	0.077	
273	9	1	172	0.071	
273	9	1	250	0.062	
274	9	1	69	0.134	
274	9	1	69	0.134	
274	9	1	250	0.111	
274	9	1	250	0.052	
274	9	1	250	0.091	
275	9	1	250	0.066	
275	9	1	250	0.063	
275	9	1	250	0.130	
275	9	1	250	0.055	
275	9	1	250	0.033	
276	9	1	250	0.077	
276	9	1	250	0.079	
276	9	1	250	0.049	
276	9	1	97	0.021	
276	9	1	80	0.034	
277	9	1	121	0.086	
277	9	1	125	0.077	
277	9	1	100	0.108	
277	9	1	110	0.093	
277	9	1	107	0.111	
278	9	1	164	0.071	
278	9	1	140	0.075	
278	9	0	132	0.017	
278	9	0	97	0.023	
278	9	1	226	0.112	
279	9	1	250	0.071	
279	9	1	250	0.074	
279	9	1	250	0.071	
279	9	1	250	0.087	
279	9	0	132	0.000	
280	9	1	219	0.084	
280	9	1	250	0.064	
280	9	0	137	0.022	
280	9	1	230	0.063	
280	9	1	222	0.042	
281	9	1	135	0.099	
281	9	1	120	0.058	
281	9	1	250	0.055	
281	9	1	250	0.026	
281	9	1	250	0.058	
282	9	1	68	0.093	
282	9	1	250	0.060	
282	9	1	250	0.044	
282	9	1	250	0.061	
282	9	1	200	0.055	
283	9	1	119	0.088	
283	9	1	250	0.075	
283	9	1	192	0.014	
283	9	1	250	0.048	
283	9	1	250	0.077	
284	9	1	165	0.065	
284	9	1	96	0.082	
284	9	1	241	0.088	
284	9	1	249	0.072	
284	9	1	241	0.077	
285	9	1	60	0.077	
285	9	1	129	0.065	
285	9	1	247	0.024	
285	9	1	250	0.076	
285	9	1	250	0.066	
286	9	1	115	0.098	
286	9	1	145	0.091	
286	9	1	250	0.054	
286	9	1	237	0.062	
286	9	1	65	0.122	
287	9	1	147	0.087	
287	9	1	84	0.076	
287	9	1	110	0.086	
287	9	1	115	0.076	
287	9	1	75	0.086	
288	9	1	134	0.050	
288	9	1	100	0.071	
288	9	1	250	0.296	
288	9	1	250	0.312	
288	9	1	250	0.064	
289	9	1	111	0.099	
289	9	1	64	0.117	
289	9	1	93	0.122	
289	9	1	89	0.144	
289	9	1	59	0.114	
290	9	1	110	0.113	
290	9	1	128	0.094	
290	9	1	158	0.039	
290	9	1	248	0.076	
290	9	1	250	0.073	
291	9	1	85	0.109	
291	9	1	75	0.149	
291	9	1	250	0.084	
291	9	1	250	0.139	
291	9	1	250	0.071	
292	9	1	128	0.111	
292	9	1	134	0.114	
292	9	1	101	0.129	
292	9	1	105	0.108	
292	9	1	104	0.119	
293	9	1	116	0.110	
293	9	1	44	0.137	
293	9	1	250	0.303	
293	9	1	206	0.063	
293	9	1	250	0.072	
294	9	1	126	0.071	
294	9	1	250	0.064	
294	9	0	244	0.001	
294	9	0	159	0.015	
294	9	0	226	0.000	
295	9	1	125	0.080	
295	9	1	108	0.094	
295	9	1	250	0.045	
295	9	1	250	0.028	
295	9	1	250	0.023	
296	9	1	105	0.102	
296	9	1	95	0.114	
296	9	0	146	0.018	
296	9	1	250	0.066	
296	9	0	224	0.012	
297	9	1	125	0.059	
297	9	1	104	0.067	
297	9	1	250	0.409	
297	9	1	250	0.067	
297	9	1	250	0.064	
298	9	1	187	0.065	
298	9	1	144	0.100	
298	9	1	250	0.072	
298	9	1	250	0.107	
298	9	1	250	0.137	
299	9	1	122	0.094	
299	9	1	104	0.089	
299	9	1	198	0.053	
299	9	1	184	0.029	
299	9	1	182	0.062	
