Below are the simulation results for the test trials
WORLD	TASK	SUCCESS	STEPS	LOWEST_CLEARANCE
0	6	1	85	0.087	
0	6	1	92	0.081	
0	6	1	74	0.080	
0	6	1	75	0.082	
0	6	1	84	0.082	
1	6	1	75	0.119	
1	6	1	75	0.144	
1	6	1	74	0.110	
1	6	1	73	0.114	
1	6	1	73	0.122	
2	6	1	72	0.112	
2	6	1	92	0.086	
2	6	1	76	0.113	
2	6	1	72	0.092	
2	6	1	75	0.108	
3	6	1	76	0.164	
3	6	1	85	0.211	
3	6	1	74	0.148	
3	6	1	74	0.143	
3	6	1	78	0.186	
4	6	1	100	0.090	
4	6	1	94	0.071	
4	6	1	82	0.089	
4	6	1	82	0.093	
4	6	1	77	0.084	
5	6	1	73	0.193	
5	6	1	73	0.193	
5	6	1	73	0.206	
5	6	1	76	0.208	
5	6	1	73	0.203	
6	6	1	78	0.107	
6	6	1	79	0.078	
6	6	1	75	0.097	
6	6	1	80	0.105	
6	6	1	91	0.073	
7	6	1	78	0.101	
7	6	1	75	0.099	
7	6	1	75	0.104	
7	6	1	75	0.102	
7	6	1	74	0.101	
8	6	1	73	0.121	
8	6	1	72	0.139	
8	6	1	73	0.125	
8	6	1	73	0.150	
8	6	1	73	0.144	
9	6	1	73	0.176	
9	6	1	74	0.171	
9	6	1	72	0.150	
9	6	1	74	0.125	
9	6	1	73	0.172	
10	6	1	94	0.097	
10	6	1	75	0.183	
10	6	1	72	0.086	
10	6	1	71	0.083	
10	6	1	73	0.098	
11	6	1	73	0.248	
11	6	1	73	0.248	
11	6	1	73	0.152	
11	6	1	74	0.171	
11	6	1	74	0.171	
12	6	1	83	0.096	
12	6	1	98	0.088	
12	6	1	70	0.053	
12	6	1	70	0.065	
12	6	1	70	0.069	
13	6	1	78	0.118	
13	6	1	75	0.130	
13	6	1	72	0.109	
13	6	1	70	0.136	
13	6	1	72	0.130	
14	6	1	78	0.130	
14	6	1	80	0.137	
14	6	1	77	0.114	
14	6	1	75	0.088	
14	6	1	76	0.135	
15	6	1	74	0.182	
15	6	1	74	0.172	
15	6	1	73	0.121	
15	6	1	73	0.120	
15	6	1	72	0.160	
16	6	1	73	0.113	
16	6	1	72	0.134	
16	6	1	77	0.098	
16	6	1	72	0.103	
16	6	1	72	0.094	
17	6	1	76	0.167	
17	6	1	75	0.158	
17	6	1	75	0.134	
17	6	1	74	0.106	
17	6	1	74	0.120	
18	6	1	75	0.180	
18	6	1	78	0.113	
18	6	1	72	0.155	
18	6	1	72	0.154	
18	6	1	72	0.155	
19	6	1	92	0.073	
19	6	1	110	0.066	
19	6	1	81	0.075	
19	6	1	76	0.047	
19	6	1	75	0.109	
20	6	1	73	0.238	
20	6	1	74	0.234	
20	6	1	72	0.149	
20	6	1	72	0.121	
20	6	1	72	0.142	
21	6	1	77	0.159	
21	6	1	75	0.165	
21	6	1	75	0.145	
21	6	1	74	0.139	
21	6	1	77	0.114	
22	6	1	76	0.129	
22	6	1	76	0.120	
22	6	1	75	0.080	
22	6	1	73	0.092	
22	6	1	73	0.110	
23	6	1	37	0.087	
23	6	1	83	0.120	
23	6	1	88	0.088	
23	6	1	33	0.088	
23	6	1	80	0.088	
24	6	1	82	0.146	
24	6	1	85	0.126	
24	6	1	76	0.107	
24	6	1	82	0.091	
24	6	1	75	0.125	
25	6	1	74	0.197	
25	6	1	74	0.197	
25	6	1	72	0.130	
25	6	1	72	0.111	
25	6	1	72	0.111	
26	6	1	76	0.140	
26	6	1	75	0.112	
26	6	1	74	0.096	
26	6	1	72	0.075	
26	6	1	73	0.115	
27	6	1	72	0.218	
27	6	1	78	0.125	
27	6	1	72	0.116	
27	6	1	73	0.083	
27	6	1	72	0.090	
28	6	1	77	0.183	
28	6	1	76	0.213	
28	6	1	72	0.147	
28	6	1	72	0.144	
28	6	1	74	0.103	
29	6	1	52	0.038	
29	6	1	52	0.052	
29	6	1	46	0.058	
29	6	1	46	0.074	
29	6	1	46	0.070	
30	6	1	84	0.150	
30	6	1	81	0.123	
30	6	1	78	0.132	
30	6	1	77	0.140	
30	6	1	79	0.100	
31	6	1	83	0.098	
31	6	1	78	0.160	
31	6	1	75	0.116	
31	6	1	78	0.098	
31	6	1	72	0.153	
32	6	1	77	0.089	
32	6	1	76	0.108	
32	6	1	77	0.093	
32	6	1	74	0.113	
32	6	1	77	0.093	
33	6	1	44	0.053	
33	6	1	50	0.069	
33	6	1	37	0.056	
33	6	1	43	0.066	
33	6	1	92	0.039	
34	6	1	75	0.166	
34	6	1	74	0.112	
34	6	1	75	0.129	
34	6	1	73	0.239	
34	6	1	75	0.165	
35	6	1	74	0.119	
35	6	1	75	0.069	
35	6	1	72	0.097	
35	6	1	74	0.117	
35	6	1	72	0.108	
36	6	1	73	0.214	
36	6	1	73	0.184	
36	6	1	73	0.223	
36	6	1	72	0.182	
36	6	1	73	0.229	
37	6	1	79	0.087	
37	6	1	81	0.088	
37	6	1	72	0.049	
37	6	1	73	0.127	
37	6	1	75	0.082	
38	6	1	101	0.047	
38	6	1	88	0.059	
38	6	1	77	0.063	
38	6	1	74	0.080	
38	6	1	76	0.064	
39	6	1	76	0.089	
39	6	1	74	0.111	
39	6	1	73	0.111	
39	6	1	73	0.143	
39	6	1	74	0.131	
40	6	1	72	0.351	
40	6	1	72	0.352	
40	6	1	72	0.341	
40	6	1	72	0.340	
40	6	1	72	0.345	
41	6	1	72	0.226	
41	6	1	72	0.239	
41	6	1	72	0.228	
41	6	1	72	0.229	
41	6	1	72	0.229	
42	6	1	72	0.649	
42	6	1	72	0.649	
42	6	1	72	0.651	
42	6	1	72	0.641	
42	6	1	72	0.642	
43	6	1	113	0.067	
43	6	1	106	0.065	
43	6	1	76	0.088	
43	6	1	79	0.105	
43	6	1	77	0.104	
44	6	1	76	0.133	
44	6	1	75	0.123	
44	6	1	75	0.077	
44	6	1	74	0.089	
44	6	1	73	0.103	
45	6	1	75	0.104	
45	6	1	75	0.089	
45	6	1	73	0.111	
45	6	1	74	0.076	
45	6	1	74	0.102	
46	6	1	80	0.088	
46	6	1	78	0.090	
46	6	1	73	0.073	
46	6	1	75	0.092	
46	6	1	75	0.112	
47	6	1	79	0.087	
47	6	1	82	0.085	
47	6	1	77	0.063	
47	6	1	77	0.089	
47	6	1	75	0.040	
48	6	1	79	0.096	
48	6	1	75	0.150	
48	6	1	75	0.095	
48	6	1	75	0.098	
48	6	1	75	0.104	
49	6	1	92	0.080	
49	6	1	88	0.076	
49	6	1	82	0.105	
49	6	1	49	0.129	
49	6	1	77	0.115	
50	6	1	73	0.128	
50	6	1	73	0.144	
50	6	1	71	0.128	
50	6	1	72	0.126	
50	6	1	71	0.121	
51	6	1	73	0.191	
51	6	1	71	0.181	
51	6	1	72	0.192	
51	6	1	72	0.203	
51	6	1	72	0.194	
52	6	1	78	0.175	
52	6	1	78	0.162	
52	6	1	74	0.131	
52	6	1	75	0.104	
52	6	1	74	0.159	
53	6	1	75	0.127	
53	6	1	74	0.146	
53	6	1	73	0.117	
53	6	1	75	0.110	
53	6	1	73	0.143	
54	6	1	72	0.153	
54	6	1	74	0.131	
54	6	1	76	0.168	
54	6	1	75	0.196	
54	6	1	76	0.181	
55	6	1	75	0.121	
55	6	1	77	0.096	
55	6	1	80	0.086	
55	6	1	80	0.086	
55	6	1	76	0.102	
56	6	1	78	0.103	
56	6	1	71	0.151	
56	6	1	73	0.096	
56	6	1	73	0.136	
56	6	1	72	0.102	
57	6	1	110	0.067	
57	6	1	82	0.126	
57	6	1	77	0.132	
57	6	1	77	0.102	
57	6	1	78	0.099	
58	6	1	114	0.055	
58	6	1	44	0.051	
58	6	1	78	0.094	
58	6	1	41	0.071	
58	6	1	64	0.072	
59	6	1	78	0.102	
59	6	1	77	0.093	
59	6	1	74	0.047	
59	6	1	75	0.084	
59	6	1	74	0.080	
60	6	1	87	0.062	
60	6	1	75	0.067	
60	6	1	73	0.086	
60	6	1	72	0.094	
60	6	1	73	0.080	
61	6	1	72	0.395	
61	6	1	72	0.395	
61	6	1	72	0.394	
61	6	1	72	0.399	
61	6	1	72	0.394	
62	6	1	91	0.065	
62	6	1	97	0.069	
62	6	1	76	0.077	
62	6	1	79	0.077	
62	6	1	82	0.062	
63	6	1	77	0.140	
63	6	1	76	0.095	
63	6	1	72	0.156	
63	6	1	74	0.083	
63	6	1	72	0.163	
64	6	1	75	0.164	
64	6	1	77	0.093	
64	6	1	73	0.065	
64	6	1	73	0.067	
64	6	1	74	0.123	
65	6	1	84	0.085	
65	6	1	74	0.155	
65	6	1	74	0.111	
65	6	1	74	0.131	
65	6	1	74	0.138	
66	6	1	73	0.136	
66	6	1	73	0.130	
66	6	1	73	0.082	
66	6	1	73	0.086	
66	6	1	73	0.135	
67	6	1	72	0.349	
67	6	1	72	0.352	
67	6	1	72	0.354	
67	6	1	72	0.352	
67	6	1	72	0.354	
68	6	1	72	0.180	
68	6	1	72	0.183	
68	6	1	73	0.158	
68	6	1	75	0.102	
68	6	1	72	0.158	
69	6	1	85	0.078	
69	6	1	80	0.115	
69	6	1	71	0.078	
69	6	1	76	0.087	
69	6	1	74	0.087	
70	6	1	72	0.172	
70	6	1	71	0.233	
70	6	1	72	0.109	
70	6	1	72	0.125	
70	6	1	72	0.148	
71	6	1	88	0.090	
71	6	1	79	0.098	
71	6	1	73	0.097	
71	6	1	73	0.097	
71	6	1	73	0.097	
72	6	1	72	0.219	
72	6	1	72	0.226	
72	6	1	72	0.228	
72	6	1	72	0.226	
72	6	1	72	0.229	
73	6	1	73	0.130	
73	6	1	78	0.119	
73	6	1	73	0.114	
73	6	1	75	0.099	
73	6	1	73	0.132	
74	6	1	79	0.115	
74	6	1	80	0.082	
74	6	1	73	0.121	
74	6	1	73	0.122	
74	6	1	73	0.110	
75	6	1	72	0.350	
75	6	1	72	0.347	
75	6	1	72	0.351	
75	6	1	72	0.342	
75	6	1	72	0.342	
76	6	1	79	0.139	
76	6	1	79	0.132	
76	6	1	72	0.120	
76	6	1	73	0.133	
76	6	1	71	0.113	
77	6	1	72	0.158	
77	6	1	72	0.158	
77	6	1	72	0.137	
77	6	1	72	0.126	
77	6	1	72	0.137	
78	6	1	74	0.078	
78	6	1	74	0.089	
78	6	1	74	0.129	
78	6	1	73	0.113	
78	6	1	77	0.103	
79	6	1	78	0.151	
79	6	1	76	0.158	
79	6	1	74	0.113	
79	6	1	75	0.129	
79	6	1	75	0.091	
80	6	1	34	0.095	
80	6	1	34	0.091	
80	6	1	34	0.111	
80	6	1	73	0.123	
80	6	1	34	0.067	
81	6	1	80	0.129	
81	6	1	78	0.111	
81	6	1	73	0.107	
81	6	1	73	0.068	
81	6	1	74	0.107	
82	6	1	73	0.085	
82	6	1	73	0.085	
82	6	1	75	0.094	
82	6	1	74	0.107	
82	6	1	75	0.096	
83	6	1	75	0.143	
83	6	1	77	0.139	
83	6	1	75	0.127	
83	6	1	75	0.134	
83	6	1	77	0.183	
84	6	1	73	0.179	
84	6	1	80	0.085	
84	6	1	72	0.090	
84	6	1	74	0.100	
84	6	1	72	0.052	
85	6	1	89	0.099	
85	6	1	85	0.119	
85	6	1	73	0.080	
85	6	1	73	0.111	
85	6	1	34	0.136	
86	6	1	93	0.088	
86	6	1	90	0.053	
86	6	1	73	0.114	
86	6	1	74	0.108	
86	6	1	74	0.124	
87	6	1	78	0.073	
87	6	1	77	0.119	
87	6	1	74	0.114	
87	6	1	74	0.076	
87	6	1	74	0.099	
88	6	1	77	0.075	
88	6	1	73	0.121	
88	6	1	73	0.123	
88	6	1	72	0.133	
88	6	1	73	0.125	
89	6	1	81	0.093	
89	6	1	88	0.072	
89	6	1	79	0.095	
89	6	1	73	0.123	
89	6	1	75	0.100	
90	6	1	75	0.153	
90	6	1	79	0.099	
90	6	1	74	0.103	
90	6	1	73	0.122	
90	6	1	73	0.139	
91	6	1	73	0.109	
91	6	1	72	0.117	
91	6	1	74	0.152	
91	6	1	74	0.152	
91	6	1	74	0.152	
92	6	1	80	0.149	
92	6	1	78	0.123	
92	6	1	74	0.098	
92	6	1	73	0.077	
92	6	1	72	0.125	
93	6	1	72	0.796	
93	6	1	73	0.796	
93	6	1	72	0.797	
93	6	1	72	0.797	
93	6	1	72	0.797	
94	6	1	72	0.399	
94	6	1	72	0.392	
94	6	1	72	0.396	
94	6	1	72	0.397	
94	6	1	72	0.396	
95	6	1	74	0.136	
95	6	1	77	0.096	
95	6	1	73	0.118	
95	6	1	74	0.114	
95	6	1	71	0.095	
96	6	1	83	0.160	
96	6	1	84	0.143	
96	6	1	75	0.112	
96	6	1	75	0.092	
96	6	1	73	0.067	
97	6	1	74	0.055	
97	6	1	75	0.086	
97	6	1	73	0.087	
97	6	1	73	0.074	
97	6	1	73	0.082	
98	6	1	74	0.133	
98	6	1	71	0.148	
98	6	1	71	0.095	
98	6	1	33	0.047	
98	6	1	70	0.113	
99	6	1	82	0.116	
99	6	1	84	0.130	
99	6	1	75	0.096	
99	6	1	77	0.116	
99	6	1	76	0.086	
100	6	1	76	0.131	
100	6	1	72	0.132	
100	6	1	75	0.127	
100	6	1	73	0.115	
100	6	1	73	0.125	
101	6	1	77	0.283	
101	6	1	73	0.311	
101	6	1	74	0.155	
101	6	1	72	0.117	
101	6	1	74	0.161	
102	6	1	74	0.163	
102	6	1	74	0.139	
102	6	1	75	0.134	
102	6	1	73	0.118	
102	6	1	75	0.133	
103	6	1	79	0.071	
103	6	1	78	0.064	
103	6	1	75	0.125	
103	6	1	75	0.110	
103	6	1	79	0.098	
104	6	1	92	0.109	
104	6	1	81	0.102	
104	6	1	76	0.069	
104	6	1	73	0.124	
104	6	1	73	0.097	
105	6	1	45	0.073	
105	6	1	77	0.161	
105	6	1	75	0.128	
105	6	1	78	0.082	
105	6	1	79	0.127	
106	6	1	86	0.093	
106	6	1	78	0.152	
106	6	1	81	0.101	
106	6	1	77	0.115	
106	6	1	75	0.121	
107	6	1	74	0.153	
107	6	1	75	0.097	
107	6	1	73	0.112	
107	6	1	71	0.095	
107	6	1	72	0.117	
108	6	1	74	0.162	
108	6	1	73	0.164	
108	6	1	72	0.144	
108	6	1	72	0.150	
108	6	1	72	0.150	
109	6	1	81	0.174	
109	6	1	85	0.163	
109	6	1	74	0.131	
109	6	1	74	0.142	
109	6	1	75	0.083	
110	6	1	78	0.145	
110	6	1	75	0.169	
110	6	1	75	0.186	
110	6	1	75	0.163	
110	6	1	87	0.147	
111	6	1	89	0.114	
111	6	1	91	0.107	
111	6	1	96	0.084	
111	6	1	95	0.064	
111	6	1	61	0.084	
112	6	1	115	0.001	
112	6	1	116	0.046	
112	6	1	74	0.071	
112	6	1	43	0.070	
112	6	1	74	0.049	
113	6	1	80	0.081	
113	6	1	79	0.058	
113	6	1	92	0.071	
113	6	1	54	0.077	
113	6	1	81	0.070	
114	6	1	106	0.067	
114	6	1	116	0.078	
114	6	1	73	0.089	
114	6	1	73	0.088	
114	6	1	75	0.086	
115	6	1	88	0.093	
115	6	1	88	0.091	
115	6	1	72	0.100	
115	6	1	39	0.120	
115	6	1	74	0.115	
116	6	1	74	0.112	
116	6	1	71	0.135	
116	6	1	74	0.091	
116	6	1	71	0.074	
116	6	1	73	0.126	
117	6	1	94	0.047	
117	6	1	117	0.053	
117	6	1	89	0.068	
117	6	1	77	0.062	
117	6	1	84	0.086	
118	6	1	88	0.104	
118	6	1	94	0.070	
118	6	1	74	0.071	
118	6	1	75	0.088	
118	6	1	77	0.089	
119	6	1	99	0.069	
119	6	1	95	0.080	
119	6	1	44	0.106	
119	6	1	79	0.069	
119	6	1	77	0.079	
120	6	1	87	0.131	
120	6	1	94	0.089	
120	6	1	78	0.105	
120	6	1	76	0.101	
120	6	1	77	0.112	
121	6	1	93	0.111	
121	6	1	103	0.091	
121	6	1	75	0.140	
121	6	1	74	0.157	
121	6	1	75	0.124	
122	6	1	78	0.138	
122	6	1	77	0.155	
122	6	1	73	0.098	
122	6	1	73	0.107	
122	6	1	73	0.114	
123	6	1	85	0.043	
123	6	1	115	0.058	
123	6	1	76	0.073	
123	6	1	74	0.079	
123	6	1	75	0.077	
124	6	1	85	0.133	
124	6	1	77	0.135	
124	6	1	73	0.126	
124	6	1	75	0.104	
124	6	1	74	0.122	
125	6	1	91	0.063	
125	6	1	97	0.057	
125	6	1	73	0.116	
125	6	1	71	0.099	
125	6	1	71	0.082	
126	6	1	76	0.116	
126	6	1	78	0.100	
126	6	1	74	0.091	
126	6	1	74	0.125	
126	6	1	74	0.121	
127	6	1	81	0.091	
127	6	1	76	0.078	
127	6	1	74	0.093	
127	6	1	76	0.093	
127	6	1	75	0.104	
128	6	1	75	0.148	
128	6	1	78	0.107	
128	6	1	72	0.115	
128	6	1	73	0.114	
128	6	1	72	0.082	
129	6	1	78	0.102	
129	6	1	73	0.114	
129	6	1	73	0.080	
129	6	1	34	0.127	
129	6	1	34	0.089	
130	6	1	74	0.113	
130	6	1	73	0.132	
130	6	1	73	0.115	
130	6	1	72	0.119	
130	6	1	72	0.119	
131	6	1	74	0.131	
131	6	1	84	0.080	
131	6	1	71	0.107	
131	6	1	73	0.089	
131	6	1	71	0.133	
132	6	1	76	0.150	
132	6	1	79	0.124	
132	6	1	72	0.108	
132	6	1	76	0.098	
132	6	1	72	0.091	
133	6	1	91	0.123	
133	6	1	95	0.094	
133	6	1	77	0.091	
133	6	1	76	0.132	
133	6	1	78	0.107	
134	6	1	101	0.090	
134	6	1	77	0.099	
134	6	1	78	0.106	
134	6	1	74	0.107	
134	6	1	75	0.085	
135	6	1	74	0.135	
135	6	1	73	0.173	
135	6	1	72	0.104	
135	6	1	72	0.175	
135	6	1	72	0.177	
136	6	1	94	0.080	
136	6	1	88	0.099	
136	6	1	78	0.053	
136	6	1	75	0.110	
136	6	1	59	0.068	
137	6	1	95	0.065	
137	6	1	92	0.056	
137	6	1	75	0.075	
137	6	1	83	0.087	
137	6	1	83	0.088	
138	6	1	83	0.090	
138	6	1	83	0.086	
138	6	1	83	0.105	
138	6	1	87	0.067	
138	6	1	82	0.074	
139	6	1	72	0.140	
139	6	1	74	0.120	
139	6	1	73	0.119	
139	6	1	73	0.107	
139	6	1	70	0.126	
140	6	1	77	0.102	
140	6	1	76	0.120	
140	6	1	75	0.072	
140	6	1	73	0.125	
140	6	1	74	0.057	
141	6	1	95	0.081	
141	6	1	88	0.104	
141	6	1	73	0.094	
141	6	1	73	0.125	
141	6	1	72	0.118	
142	6	1	74	0.135	
142	6	1	80	0.081	
142	6	1	73	0.104	
142	6	1	72	0.081	
142	6	1	73	0.107	
143	6	1	87	0.091	
143	6	1	96	0.093	
143	6	1	75	0.155	
143	6	1	74	0.109	
143	6	1	76	0.103	
144	6	1	76	0.122	
144	6	1	81	0.085	
144	6	1	77	0.109	
144	6	1	74	0.111	
144	6	1	72	0.116	
145	6	1	78	0.152	
145	6	1	76	0.152	
145	6	1	73	0.137	
145	6	1	75	0.092	
145	6	1	74	0.138	
146	6	1	73	0.166	
146	6	1	73	0.161	
146	6	1	73	0.145	
146	6	1	73	0.145	
146	6	1	73	0.147	
147	6	1	76	0.123	
147	6	1	78	0.140	
147	6	1	72	0.091	
147	6	1	73	0.099	
147	6	1	70	0.102	
148	6	1	90	0.073	
148	6	1	81	0.086	
148	6	1	75	0.100	
148	6	1	75	0.077	
148	6	1	77	0.092	
149	6	1	79	0.153	
149	6	1	83	0.084	
149	6	1	73	0.084	
149	6	1	75	0.099	
149	6	1	72	0.111	
150	6	1	78	0.081	
150	6	1	81	0.090	
150	6	1	74	0.102	
150	6	1	74	0.083	
150	6	1	77	0.097	
151	6	1	80	0.115	
151	6	1	79	0.111	
151	6	1	73	0.109	
151	6	1	83	0.065	
151	6	1	72	0.084	
152	6	1	73	0.116	
152	6	1	78	0.124	
152	6	1	73	0.220	
152	6	1	72	0.118	
152	6	1	73	0.148	
153	6	1	72	0.071	
153	6	1	88	0.069	
153	6	0	60	0.000	
153	6	1	56	0.071	
153	6	1	57	0.050	
154	6	1	79	0.117	
154	6	1	76	0.130	
154	6	1	73	0.077	
154	6	1	75	0.092	
154	6	1	74	0.069	
155	6	1	72	0.117	
155	6	1	72	0.142	
155	6	1	72	0.141	
155	6	1	74	0.104	
155	6	1	75	0.127	
156	6	1	77	0.134	
156	6	1	75	0.191	
156	6	1	73	0.121	
156	6	1	72	0.140	
156	6	1	73	0.125	
157	6	1	83	0.096	
157	6	1	82	0.077	
157	6	1	77	0.090	
157	6	1	76	0.112	
157	6	1	76	0.075	
158	6	1	110	0.073	
158	6	1	121	0.053	
158	6	1	80	0.085	
158	6	1	77	0.067	
158	6	1	53	0.080	
159	6	1	80	0.109	
159	6	1	80	0.118	
159	6	1	73	0.080	
159	6	1	72	0.088	
159	6	1	72	0.097	
160	6	1	83	0.067	
160	6	1	88	0.070	
160	6	1	73	0.090	
160	6	1	72	0.096	
160	6	1	73	0.123	
161	6	1	72	0.152	
161	6	1	72	0.138	
161	6	1	72	0.126	
161	6	1	72	0.126	
161	6	1	72	0.151	
162	6	1	76	0.127	
162	6	1	75	0.134	
162	6	1	73	0.063	
162	6	1	73	0.061	
162	6	1	73	0.071	
163	6	1	93	0.110	
163	6	1	105	0.074	
163	6	1	75	0.094	
163	6	1	78	0.081	
163	6	1	39	0.084	
164	6	1	84	0.138	
164	6	1	90	0.077	
164	6	1	72	0.080	
164	6	1	73	0.127	
164	6	1	71	0.127	
165	6	1	94	0.074	
165	6	1	98	0.089	
165	6	1	73	0.066	
165	6	1	74	0.072	
165	6	1	74	0.087	
166	6	1	77	0.122	
166	6	1	79	0.117	
166	6	1	78	0.121	
166	6	1	78	0.120	
166	6	1	80	0.121	
167	6	1	41	0.046	
167	6	1	39	0.048	
167	6	1	34	0.045	
167	6	1	33	0.054	
167	6	1	33	0.033	
168	6	1	85	0.091	
168	6	1	116	0.077	
168	6	1	77	0.089	
168	6	1	74	0.062	
168	6	1	76	0.078	
169	6	1	108	0.045	
169	6	1	78	0.071	
169	6	1	49	0.065	
169	6	1	90	0.047	
169	6	1	78	0.073	
170	6	1	78	0.086	
170	6	1	89	0.072	
170	6	1	73	0.125	
170	6	1	72	0.107	
170	6	1	72	0.055	
171	6	1	93	0.068	
171	6	1	91	0.094	
171	6	1	76	0.065	
171	6	1	76	0.054	
171	6	1	75	0.083	
172	6	1	75	0.091	
172	6	1	74	0.114	
172	6	1	74	0.104	
172	6	1	74	0.083	
172	6	1	74	0.083	
173	6	1	83	0.066	
173	6	1	86	0.113	
173	6	1	75	0.068	
173	6	1	71	0.065	
173	6	1	71	0.084	
174	6	1	75	0.144	
174	6	1	88	0.133	
174	6	1	73	0.106	
174	6	1	72	0.114	
174	6	1	73	0.127	
175	6	1	102	0.076	
175	6	1	35	0.090	
175	6	1	80	0.114	
175	6	1	83	0.051	
175	6	1	76	0.074	
176	6	1	93	0.085	
176	6	1	81	0.149	
176	6	1	76	0.097	
176	6	1	77	0.160	
176	6	1	80	0.104	
177	6	1	89	0.063	
177	6	1	91	0.079	
177	6	1	76	0.111	
177	6	1	73	0.095	
177	6	1	73	0.070	
178	6	1	81	0.100	
178	6	1	87	0.102	
178	6	1	80	0.083	
178	6	1	78	0.097	
178	6	1	76	0.109	
179	6	1	97	0.071	
179	6	1	91	0.101	
179	6	1	73	0.076	
179	6	1	80	0.069	
179	6	1	72	0.051	
180	6	1	86	0.079	
180	6	1	110	0.060	
180	6	1	80	0.100	
180	6	1	79	0.055	
180	6	1	75	0.088	
181	6	1	75	0.072	
181	6	1	74	0.120	
181	6	1	48	0.094	
181	6	1	44	0.100	
181	6	1	75	0.098	
182	6	1	93	0.065	
182	6	1	94	0.086	
182	6	1	77	0.078	
182	6	1	83	0.077	
182	6	1	80	0.069	
183	6	1	102	0.077	
183	6	1	101	0.083	
183	6	1	78	0.117	
183	6	1	75	0.083	
183	6	1	74	0.111	
184	6	1	82	0.140	
184	6	1	77	0.139	
184	6	1	73	0.126	
184	6	1	74	0.143	
184	6	1	73	0.113	
185	6	1	85	0.090	
185	6	1	84	0.155	
185	6	1	72	0.116	
185	6	1	71	0.112	
185	6	1	73	0.088	
186	6	1	83	0.068	
186	6	1	102	0.081	
186	6	1	77	0.097	
186	6	1	73	0.073	
186	6	1	73	0.091	
187	6	1	115	0.100	
187	6	1	110	0.064	
187	6	1	73	0.079	
187	6	1	74	0.061	
187	6	1	38	0.089	
188	6	1	76	0.104	
188	6	1	76	0.120	
188	6	1	72	0.109	
188	6	1	72	0.128	
188	6	1	72	0.109	
189	6	1	72	0.063	
189	6	1	75	0.081	
189	6	1	73	0.088	
189	6	1	72	0.091	
189	6	1	72	0.065	
190	6	1	91	0.096	
190	6	1	95	0.056	
190	6	1	73	0.109	
190	6	1	74	0.078	
190	6	1	74	0.097	
191	6	1	93	0.074	
191	6	1	129	0.074	
191	6	1	45	0.098	
191	6	1	81	0.100	
191	6	1	78	0.083	
192	6	1	95	0.073	
192	6	1	39	0.083	
192	6	1	35	0.090	
192	6	1	35	0.077	
192	6	1	35	0.108	
193	6	1	78	0.084	
193	6	1	75	0.079	
193	6	1	77	0.085	
193	6	1	82	0.111	
193	6	1	78	0.101	
194	6	1	104	0.070	
194	6	1	98	0.080	
194	6	1	73	0.091	
194	6	1	74	0.093	
194	6	1	77	0.109	
195	6	1	76	0.091	
195	6	1	75	0.101	
195	6	1	72	0.079	
195	6	1	71	0.111	
195	6	1	71	0.115	
196	6	1	85	0.084	
196	6	1	81	0.072	
196	6	1	76	0.056	
196	6	1	73	0.096	
196	6	1	74	0.079	
197	6	1	78	0.158	
197	6	1	76	0.138	
197	6	1	75	0.118	
197	6	1	79	0.092	
197	6	1	76	0.126	
198	6	1	84	0.083	
198	6	1	87	0.082	
198	6	1	71	0.111	
198	6	1	72	0.079	
198	6	1	72	0.108	
199	6	1	110	0.076	
199	6	1	108	0.094	
199	6	1	77	0.097	
199	6	1	75	0.080	
199	6	1	74	0.092	
200	6	1	77	0.147	
200	6	1	81	0.142	
200	6	1	73	0.117	
200	6	1	74	0.140	
200	6	1	73	0.141	
201	6	1	80	0.089	
201	6	1	79	0.099	
201	6	1	73	0.100	
201	6	1	73	0.080	
201	6	1	73	0.102	
202	6	1	72	0.138	
202	6	1	78	0.107	
202	6	1	73	0.092	
202	6	1	73	0.099	
202	6	1	74	0.102	
203	6	1	91	0.081	
203	6	1	85	0.083	
203	6	1	84	0.059	
203	6	1	79	0.053	
203	6	1	82	0.055	
204	6	1	76	0.079	
204	6	1	80	0.106	
204	6	1	55	0.069	
204	6	1	35	0.090	
204	6	1	39	0.120	
205	6	1	122	0.059	
205	6	1	108	0.068	
205	6	1	85	0.067	
205	6	1	80	0.090	
205	6	1	47	0.070	
206	6	1	81	0.067	
206	6	1	82	0.102	
206	6	1	74	0.094	
206	6	1	73	0.095	
206	6	1	76	0.101	
207	6	1	59	0.064	
207	6	1	58	0.065	
207	6	1	46	0.079	
207	6	1	80	0.081	
207	6	1	77	0.076	
208	6	1	82	0.081	
208	6	1	81	0.081	
208	6	1	71	0.064	
208	6	1	74	0.107	
208	6	1	71	0.087	
209	6	1	83	0.114	
209	6	1	75	0.120	
209	6	1	73	0.109	
209	6	1	73	0.120	
209	6	1	73	0.143	
210	6	1	77	0.075	
210	6	1	76	0.101	
210	6	1	73	0.089	
210	6	1	75	0.111	
210	6	1	77	0.094	
211	6	1	85	0.053	
211	6	1	84	0.082	
211	6	1	71	0.085	
211	6	1	73	0.087	
211	6	1	86	0.047	
212	6	1	76	0.107	
212	6	1	77	0.141	
212	6	1	75	0.139	
212	6	1	73	0.133	
212	6	1	74	0.108	
213	6	1	87	0.083	
213	6	1	106	0.093	
213	6	1	78	0.106	
213	6	1	72	0.122	
213	6	1	76	0.116	
214	6	1	49	0.077	
214	6	1	79	0.091	
214	6	1	81	0.060	
214	6	1	83	0.067	
214	6	1	76	0.065	
215	6	1	85	0.120	
215	6	1	85	0.116	
215	6	1	81	0.104	
215	6	1	79	0.137	
215	6	1	82	0.105	
216	6	1	74	0.120	
216	6	1	79	0.136	
216	6	1	71	0.109	
216	6	1	75	0.139	
216	6	1	74	0.110	
217	6	1	97	0.092	
217	6	1	90	0.086	
217	6	1	74	0.084	
217	6	1	76	0.107	
217	6	1	76	0.084	
218	6	1	76	0.078	
218	6	1	77	0.107	
218	6	1	72	0.066	
218	6	1	74	0.076	
218	6	1	72	0.078	
219	6	1	76	0.110	
219	6	1	80	0.094	
219	6	1	74	0.082	
219	6	1	74	0.060	
219	6	1	74	0.089	
220	6	1	58	0.054	
220	6	1	50	0.086	
220	6	1	50	0.067	
220	6	1	50	0.057	
220	6	1	50	0.052	
221	6	1	78	0.056	
221	6	1	78	0.049	
221	6	1	72	0.041	
221	6	1	86	0.071	
221	6	1	82	0.065	
222	6	1	33	0.090	
222	6	1	31	0.070	
222	6	1	34	0.118	
222	6	1	34	0.111	
222	6	1	31	0.054	
223	6	1	80	0.086	
223	6	1	77	0.088	
223	6	1	74	0.105	
223	6	1	73	0.097	
223	6	1	75	0.052	
224	6	1	74	0.068	
224	6	1	73	0.116	
224	6	1	72	0.094	
224	6	1	39	0.069	
224	6	1	81	0.093	
225	6	1	82	0.081	
225	6	1	83	0.068	
225	6	1	75	0.121	
225	6	1	35	0.088	
225	6	1	75	0.093	
226	6	1	74	0.139	
226	6	1	73	0.145	
226	6	1	74	0.112	
226	6	1	73	0.103	
226	6	1	78	0.116	
227	6	1	87	0.072	
227	6	1	79	0.047	
227	6	1	72	0.066	
227	6	1	73	0.090	
227	6	1	73	0.084	
228	6	1	66	0.102	
228	6	1	59	0.060	
228	6	1	55	0.054	
228	6	1	98	0.064	
228	6	1	90	0.074	
229	6	1	78	0.055	
229	6	1	78	0.071	
229	6	1	73	0.093	
229	6	1	74	0.060	
229	6	1	77	0.058	
230	6	1	91	0.075	
230	6	1	85	0.052	
230	6	1	74	0.101	
230	6	1	78	0.076	
230	6	1	71	0.068	
231	6	1	91	0.126	
231	6	1	84	0.137	
231	6	1	74	0.124	
231	6	1	75	0.114	
231	6	1	75	0.128	
232	6	1	94	0.078	
232	6	1	79	0.102	
232	6	1	72	0.109	
232	6	1	71	0.097	
232	6	1	73	0.118	
233	6	1	75	0.318	
233	6	1	74	0.218	
233	6	1	72	0.187	
233	6	1	72	0.186	
233	6	1	72	0.186	
234	6	1	86	0.115	
234	6	1	95	0.116	
234	6	1	75	0.084	
234	6	1	74	0.122	
234	6	1	75	0.121	
235	6	1	79	0.121	
235	6	1	87	0.104	
235	6	1	77	0.120	
235	6	1	77	0.088	
235	6	1	81	0.116	
236	6	1	74	0.143	
236	6	1	73	0.124	
236	6	1	73	0.156	
236	6	1	73	0.133	
236	6	1	72	0.124	
237	6	1	83	0.073	
237	6	1	83	0.079	
237	6	1	74	0.071	
237	6	1	77	0.075	
237	6	1	75	0.078	
238	6	1	78	0.120	
238	6	1	80	0.101	
238	6	1	53	0.110	
238	6	1	74	0.103	
238	6	1	54	0.106	
239	6	1	85	0.191	
239	6	1	78	0.202	
239	6	1	37	0.112	
239	6	1	76	0.072	
239	6	1	73	0.191	
240	6	1	76	0.200	
240	6	1	75	0.211	
240	6	1	76	0.126	
240	6	1	74	0.151	
240	6	1	74	0.138	
241	6	1	76	0.130	
241	6	1	80	0.079	
241	6	1	76	0.089	
241	6	1	73	0.032	
241	6	1	73	0.043	
242	6	1	88	0.093	
242	6	1	104	0.072	
242	6	1	84	0.076	
242	6	1	74	0.053	
242	6	1	73	0.068	
243	6	1	88	0.073	
243	6	1	89	0.060	
243	6	1	85	0.076	
243	6	1	78	0.066	
243	6	1	77	0.070	
244	6	1	109	0.049	
244	6	1	120	0.057	
244	6	1	72	0.083	
244	6	1	73	0.072	
244	6	1	79	0.054	
245	6	1	86	0.036	
245	6	1	81	0.059	
245	6	1	72	0.052	
245	6	1	74	0.080	
245	6	1	73	0.081	
246	6	1	109	0.052	
246	6	1	103	0.066	
246	6	1	73	0.079	
246	6	1	73	0.064	
246	6	1	38	0.103	
247	6	1	72	0.171	
247	6	1	79	0.086	
247	6	1	71	0.163	
247	6	1	72	0.118	
247	6	1	73	0.123	
248	6	1	92	0.081	
248	6	1	98	0.094	
248	6	1	75	0.031	
248	6	1	73	0.043	
248	6	1	72	0.047	
249	6	1	97	0.082	
249	6	1	94	0.088	
249	6	1	78	0.064	
249	6	1	80	0.072	
249	6	1	77	0.072	
250	6	1	84	0.072	
250	6	1	80	0.057	
250	6	1	77	0.081	
250	6	1	73	0.044	
250	6	1	45	0.097	
251	6	1	75	0.113	
251	6	1	74	0.087	
251	6	1	72	0.083	
251	6	1	72	0.112	
251	6	1	74	0.091	
252	6	1	80	0.102	
252	6	1	82	0.103	
252	6	1	72	0.089	
252	6	1	72	0.088	
252	6	1	72	0.088	
253	6	1	86	0.083	
253	6	1	104	0.095	
253	6	1	36	0.122	
253	6	1	77	0.113	
253	6	1	74	0.089	
254	6	1	78	0.114	
254	6	1	81	0.058	
254	6	1	79	0.096	
254	6	1	81	0.122	
254	6	1	82	0.062	
255	6	1	86	0.065	
255	6	1	66	0.087	
255	6	1	80	0.089	
255	6	1	76	0.092	
255	6	1	54	0.078	
256	6	1	87	0.096	
256	6	1	87	0.084	
256	6	1	71	0.078	
256	6	1	72	0.097	
256	6	1	74	0.075	
257	6	1	74	0.199	
257	6	1	74	0.153	
257	6	1	74	0.065	
257	6	1	75	0.096	
257	6	1	74	0.149	
258	6	1	85	0.059	
258	6	1	82	0.058	
258	6	1	104	0.040	
258	6	1	71	0.056	
258	6	1	73	0.054	
259	6	1	74	0.151	
259	6	1	71	0.187	
259	6	1	71	0.171	
259	6	1	73	0.181	
259	6	1	71	0.150	
260	6	1	75	0.055	
260	6	1	113	0.054	
260	6	1	84	0.098	
260	6	1	83	0.084	
260	6	1	57	0.069	
261	6	1	82	0.090	
261	6	1	90	0.088	
261	6	1	75	0.095	
261	6	1	74	0.103	
261	6	1	73	0.072	
262	6	1	101	0.078	
262	6	1	112	0.079	
262	6	1	74	0.059	
262	6	1	74	0.045	
262	6	1	75	0.075	
263	6	1	77	0.127	
263	6	1	76	0.135	
263	6	1	75	0.085	
263	6	1	72	0.086	
263	6	1	72	0.109	
264	6	1	72	0.086	
264	6	1	72	0.052	
264	6	1	71	0.069	
264	6	1	73	0.087	
264	6	1	71	0.079	
265	6	1	110	0.045	
265	6	1	114	0.059	
265	6	1	44	0.100	
265	6	1	81	0.060	
265	6	1	44	0.141	
266	6	1	83	0.102	
266	6	1	84	0.102	
266	6	1	79	0.097	
266	6	1	78	0.076	
266	6	1	77	0.102	
267	6	1	78	0.122	
267	6	1	87	0.099	
267	6	1	75	0.071	
267	6	1	73	0.101	
267	6	1	76	0.103	
268	6	1	85	0.082	
268	6	1	80	0.074	
268	6	1	75	0.099	
268	6	1	75	0.057	
268	6	1	73	0.075	
269	6	1	78	0.092	
269	6	1	78	0.094	
269	6	1	73	0.117	
269	6	1	71	0.122	
269	6	1	75	0.092	
270	6	1	74	0.140	
270	6	1	74	0.128	
270	6	1	75	0.131	
270	6	1	73	0.150	
270	6	1	73	0.119	
271	6	1	54	0.059	
271	6	1	91	0.094	
271	6	1	44	0.092	
271	6	1	82	0.098	
271	6	1	51	0.097	
272	6	1	109	0.055	
272	6	1	89	0.069	
272	6	1	64	0.065	
272	6	1	60	0.065	
272	6	1	64	0.058	
273	6	1	120	0.080	
273	6	1	112	0.078	
273	6	1	37	0.101	
273	6	1	33	0.099	
273	6	1	92	0.081	
274	6	1	73	0.102	
274	6	1	73	0.142	
274	6	1	73	0.112	
274	6	1	73	0.092	
274	6	1	73	0.101	
275	6	1	76	0.059	
275	6	1	114	0.045	
275	6	1	55	0.054	
275	6	1	78	0.058	
275	6	1	69	0.069	
276	6	1	73	0.070	
276	6	1	82	0.085	
276	6	1	82	0.080	
276	6	1	44	0.064	
276	6	1	54	0.062	
277	6	1	81	0.116	
277	6	1	82	0.095	
277	6	1	76	0.115	
277	6	1	76	0.099	
277	6	1	74	0.077	
278	6	1	92	0.072	
278	6	1	85	0.096	
278	6	1	73	0.089	
278	6	1	76	0.089	
278	6	1	78	0.070	
279	6	1	93	0.058	
279	6	1	84	0.055	
279	6	1	78	0.074	
279	6	1	81	0.068	
279	6	1	85	0.075	
280	6	1	104	0.106	
280	6	1	89	0.119	
280	6	1	94	0.098	
280	6	1	76	0.082	
280	6	1	73	0.093	
281	6	1	114	0.061	
281	6	1	109	0.064	
281	6	1	89	0.095	
281	6	1	51	0.076	
281	6	1	89	0.109	
282	6	1	127	0.076	
282	6	1	115	0.025	
282	6	1	81	0.077	
282	6	1	88	0.064	
282	6	1	79	0.088	
283	6	1	38	0.045	
283	6	1	40	0.054	
283	6	1	39	0.060	
283	6	1	38	0.057	
283	6	1	40	0.042	
284	6	1	90	0.072	
284	6	1	90	0.086	
284	6	1	72	0.113	
284	6	1	72	0.076	
284	6	1	74	0.096	
285	6	1	119	0.056	
285	6	1	110	0.075	
285	6	1	82	0.086	
285	6	1	95	0.082	
285	6	1	82	0.072	
286	6	1	92	0.076	
286	6	1	90	0.100	
286	6	1	76	0.078	
286	6	1	82	0.095	
286	6	1	74	0.096	
287	6	1	105	0.108	
287	6	1	98	0.068	
287	6	1	77	0.100	
287	6	1	49	0.094	
287	6	1	78	0.088	
288	6	1	92	0.054	
288	6	1	127	0.056	
288	6	1	75	0.085	
288	6	1	76	0.075	
288	6	1	77	0.081	
289	6	1	91	0.116	
289	6	1	89	0.082	
289	6	1	84	0.103	
289	6	1	76	0.111	
289	6	1	79	0.085	
290	6	1	114	0.075	
290	6	1	116	0.058	
290	6	1	78	0.089	
290	6	1	77	0.077	
290	6	1	79	0.097	
291	6	1	75	0.200	
291	6	1	71	0.231	
291	6	1	72	0.129	
291	6	1	71	0.138	
291	6	1	71	0.203	
292	6	1	79	0.081	
292	6	1	91	0.099	
292	6	1	86	0.071	
292	6	1	76	0.106	
292	6	1	79	0.057	
293	6	1	96	0.052	
293	6	1	102	0.059	
293	6	1	76	0.077	
293	6	1	75	0.066	
293	6	1	76	0.063	
294	6	1	84	0.125	
294	6	1	98	0.103	
294	6	1	96	0.082	
294	6	1	87	0.088	
294	6	1	94	0.059	
295	6	1	96	0.056	
295	6	1	92	0.057	
295	6	1	44	0.093	
295	6	1	74	0.036	
295	6	1	81	0.081	
296	6	1	78	0.123	
296	6	1	79	0.110	
296	6	1	73	0.103	
296	6	1	73	0.098	
296	6	1	73	0.123	
297	6	1	94	0.061	
297	6	1	77	0.069	
297	6	1	77	0.069	
297	6	1	76	0.068	
297	6	1	75	0.058	
298	6	1	99	0.080	
298	6	1	93	0.090	
298	6	1	78	0.092	
298	6	1	44	0.080	
298	6	1	76	0.107	
299	6	1	77	0.073	
299	6	1	83	0.078	
299	6	1	73	0.110	
299	6	1	86	0.096	
299	6	1	83	0.098	
0	7	1	51	0.091	
0	7	1	51	0.091	
0	7	1	83	0.121	
0	7	1	53	0.075	
0	7	1	49	0.164	
1	7	1	49	0.144	
1	7	1	50	0.145	
1	7	1	49	0.116	
1	7	1	49	0.084	
1	7	1	80	0.154	
2	7	1	58	0.065	
2	7	1	58	0.070	
2	7	1	71	0.107	
2	7	1	48	0.099	
2	7	1	55	0.099	
3	7	1	45	0.229	
3	7	1	45	0.227	
3	7	1	45	0.208	
3	7	1	45	0.208	
3	7	1	45	0.208	
4	7	1	69	0.041	
4	7	1	78	0.069	
4	7	1	58	0.081	
4	7	1	54	0.075	
4	7	1	61	0.060	
5	7	1	45	0.218	
5	7	1	45	0.218	
5	7	1	45	0.218	
5	7	1	45	0.230	
5	7	1	45	0.230	
6	7	1	57	0.068	
6	7	1	134	0.058	
6	7	1	51	0.074	
6	7	1	50	0.086	
6	7	1	52	0.075	
7	7	1	51	0.111	
7	7	1	54	0.083	
7	7	1	51	0.085	
7	7	1	52	0.090	
7	7	1	51	0.091	
8	7	1	47	0.175	
8	7	1	46	0.129	
8	7	1	45	0.137	
8	7	1	45	0.136	
8	7	1	46	0.156	
9	7	1	45	0.251	
9	7	1	45	0.254	
9	7	1	45	0.140	
9	7	1	44	0.129	
9	7	1	45	0.218	
10	7	1	47	0.216	
10	7	1	46	0.232	
10	7	1	46	0.183	
10	7	1	47	0.206	
10	7	1	46	0.190	
11	7	1	46	0.204	
11	7	1	46	0.204	
11	7	1	46	0.236	
11	7	1	46	0.236	
11	7	1	46	0.236	
12	7	1	61	0.096	
12	7	1	57	0.107	
12	7	1	56	0.102	
12	7	1	49	0.069	
12	7	1	48	0.098	
13	7	1	48	0.142	
13	7	1	50	0.130	
13	7	1	45	0.134	
13	7	1	46	0.140	
13	7	1	46	0.111	
14	7	1	56	0.154	
14	7	1	51	0.202	
14	7	1	51	0.170	
14	7	1	49	0.120	
14	7	1	49	0.181	
15	7	1	49	0.251	
15	7	1	46	0.316	
15	7	1	46	0.200	
15	7	1	46	0.218	
15	7	1	46	0.218	
16	7	1	54	0.119	
16	7	1	60	0.139	
16	7	1	31	0.082	
16	7	1	55	0.094	
16	7	1	55	0.124	
17	7	1	46	0.184	
17	7	1	46	0.217	
17	7	1	47	0.181	
17	7	1	46	0.224	
17	7	1	46	0.238	
18	7	1	46	0.266	
18	7	1	46	0.294	
18	7	1	46	0.175	
18	7	1	46	0.175	
18	7	1	46	0.175	
19	7	1	58	0.051	
19	7	1	52	0.068	
19	7	1	50	0.042	
19	7	1	60	0.081	
19	7	1	54	0.059	
20	7	1	48	0.259	
20	7	1	46	0.264	
20	7	1	47	0.131	
20	7	1	47	0.163	
20	7	1	47	0.195	
21	7	1	54	0.227	
21	7	1	53	0.223	
21	7	1	47	0.185	
21	7	1	48	0.203	
21	7	1	46	0.215	
22	7	1	44	0.084	
22	7	1	48	0.119	
22	7	1	45	0.113	
22	7	1	45	0.115	
22	7	1	45	0.127	
23	7	1	24	0.123	
23	7	1	47	0.086	
23	7	1	52	0.085	
23	7	1	45	0.092	
23	7	1	45	0.092	
24	7	1	55	0.116	
24	7	1	51	0.116	
24	7	1	52	0.097	
24	7	1	50	0.055	
24	7	1	32	0.123	
25	7	1	46	0.215	
25	7	1	46	0.215	
25	7	1	46	0.189	
25	7	1	46	0.259	
25	7	1	46	0.259	
26	7	1	47	0.151	
26	7	1	50	0.187	
26	7	1	45	0.136	
26	7	1	45	0.130	
26	7	1	45	0.147	
27	7	1	45	0.116	
27	7	1	45	0.116	
27	7	1	48	0.134	
27	7	1	48	0.134	
27	7	1	48	0.134	
28	7	1	46	0.294	
28	7	1	46	0.289	
28	7	1	44	0.247	
28	7	1	44	0.167	
28	7	1	44	0.247	
29	7	0	28	0.000	
29	7	0	32	0.000	
29	7	1	81	0.022	
29	7	0	32	0.000	
29	7	1	25	0.093	
30	7	1	58	0.103	
30	7	1	59	0.106	
30	7	1	54	0.079	
30	7	1	53	0.061	
30	7	1	53	0.068	
31	7	1	47	0.271	
31	7	1	48	0.229	
31	7	1	46	0.116	
31	7	1	46	0.116	
31	7	1	46	0.120	
32	7	1	46	0.171	
32	7	1	46	0.171	
32	7	1	30	0.083	
32	7	1	44	0.093	
32	7	1	117	0.043	
33	7	1	44	0.063	
33	7	1	139	0.063	
33	7	1	24	0.050	
33	7	1	39	0.058	
33	7	1	32	0.065	
34	7	1	46	0.164	
34	7	1	45	0.129	
34	7	1	45	0.147	
34	7	1	46	0.175	
34	7	1	47	0.160	
35	7	1	48	0.109	
35	7	1	48	0.109	
35	7	1	45	0.126	
35	7	1	45	0.126	
35	7	1	45	0.126	
36	7	1	45	0.209	
36	7	1	46	0.203	
36	7	1	45	0.218	
36	7	1	45	0.224	
36	7	1	45	0.219	
37	7	1	49	0.055	
37	7	1	48	0.087	
37	7	1	46	0.077	
37	7	1	54	0.092	
37	7	1	46	0.085	
38	7	1	60	0.089	
38	7	1	72	0.070	
38	7	1	50	0.088	
38	7	1	48	0.062	
38	7	1	50	0.095	
39	7	1	45	0.160	
39	7	1	45	0.099	
39	7	1	45	0.166	
39	7	1	45	0.151	
39	7	1	45	0.100	
40	7	1	45	0.319	
40	7	1	45	0.319	
40	7	1	45	0.338	
40	7	1	45	0.355	
40	7	1	46	0.338	
41	7	1	45	0.251	
41	7	1	45	0.233	
41	7	1	45	0.238	
41	7	1	45	0.238	
41	7	1	45	0.238	
42	7	1	45	0.639	
42	7	1	45	0.639	
42	7	1	45	0.600	
42	7	1	45	0.600	
42	7	1	45	0.600	
43	7	1	59	0.080	
43	7	1	65	0.070	
43	7	1	68	0.052	
43	7	1	50	0.100	
43	7	1	53	0.096	
44	7	1	59	0.071	
44	7	1	47	0.049	
44	7	1	49	0.096	
44	7	1	47	0.065	
44	7	1	51	0.090	
45	7	1	30	0.131	
45	7	1	59	0.102	
45	7	1	46	0.092	
45	7	1	41	0.075	
45	7	1	28	0.075	
46	7	1	52	0.087	
46	7	1	53	0.116	
46	7	1	52	0.120	
46	7	1	60	0.110	
46	7	1	53	0.126	
47	7	1	83	0.070	
47	7	1	52	0.061	
47	7	1	51	0.051	
47	7	1	52	0.080	
47	7	1	51	0.053	
48	7	1	47	0.064	
48	7	1	46	0.094	
48	7	1	48	0.159	
48	7	1	48	0.130	
48	7	1	48	0.119	
49	7	1	59	0.084	
49	7	1	56	0.125	
49	7	1	55	0.091	
49	7	1	54	0.063	
49	7	1	34	0.093	
50	7	1	49	0.211	
50	7	1	49	0.211	
50	7	1	45	0.129	
50	7	1	47	0.277	
50	7	1	45	0.111	
51	7	1	45	0.108	
51	7	1	46	0.240	
51	7	1	46	0.223	
51	7	1	45	0.200	
51	7	1	46	0.223	
52	7	1	53	0.292	
52	7	1	50	0.273	
52	7	1	46	0.148	
52	7	1	45	0.127	
52	7	1	47	0.179	
53	7	1	47	0.186	
53	7	1	47	0.186	
53	7	1	49	0.176	
53	7	1	50	0.154	
53	7	1	50	0.154	
54	7	1	47	0.422	
54	7	1	47	0.354	
54	7	1	47	0.390	
54	7	1	47	0.402	
54	7	1	47	0.447	
55	7	1	49	0.104	
55	7	1	51	0.106	
55	7	1	46	0.114	
55	7	1	46	0.114	
55	7	1	47	0.099	
56	7	1	47	0.144	
56	7	1	45	0.158	
56	7	1	45	0.095	
56	7	1	45	0.121	
56	7	1	46	0.114	
57	7	1	53	0.133	
57	7	1	88	0.149	
57	7	1	60	0.109	
57	7	1	49	0.120	
57	7	1	59	0.131	
58	7	1	60	0.087	
58	7	1	31	0.034	
58	7	1	61	0.076	
58	7	1	64	0.051	
58	7	1	60	0.080	
59	7	1	130	0.058	
59	7	1	86	0.068	
59	7	1	53	0.065	
59	7	1	50	0.080	
59	7	1	47	0.055	
60	7	1	48	0.055	
60	7	1	52	0.059	
60	7	1	47	0.093	
60	7	1	80	0.044	
60	7	1	47	0.093	
61	7	1	45	0.389	
61	7	1	45	0.389	
61	7	1	45	0.368	
61	7	1	45	0.419	
61	7	1	45	0.419	
62	7	1	77	0.100	
62	7	1	68	0.091	
62	7	1	53	0.069	
62	7	1	55	0.065	
62	7	1	52	0.051	
63	7	1	52	0.097	
63	7	1	55	0.169	
63	7	1	51	0.123	
63	7	1	51	0.052	
63	7	1	51	0.096	
64	7	1	48	0.092	
64	7	1	50	0.104	
64	7	1	52	0.128	
64	7	1	58	0.127	
64	7	1	49	0.117	
65	7	1	46	0.199	
65	7	1	46	0.166	
65	7	1	46	0.280	
65	7	1	46	0.214	
65	7	1	46	0.280	
66	7	1	45	0.154	
66	7	1	45	0.143	
66	7	1	45	0.135	
66	7	1	45	0.141	
66	7	1	45	0.137	
67	7	1	45	0.356	
67	7	1	45	0.356	
67	7	1	45	0.340	
67	7	1	45	0.340	
67	7	1	45	0.340	
68	7	1	55	0.115	
68	7	1	57	0.142	
68	7	1	51	0.096	
68	7	1	53	0.128	
68	7	1	51	0.159	
69	7	1	51	0.137	
69	7	1	52	0.097	
69	7	1	55	0.122	
69	7	1	126	0.062	
69	7	1	49	0.100	
70	7	1	48	0.281	
70	7	1	49	0.263	
70	7	1	48	0.175	
70	7	1	48	0.256	
70	7	1	48	0.266	
71	7	1	45	0.165	
71	7	1	45	0.165	
71	7	1	47	0.135	
71	7	1	46	0.133	
71	7	1	45	0.133	
72	7	1	45	0.283	
72	7	1	45	0.290	
72	7	1	45	0.241	
72	7	1	45	0.226	
72	7	1	45	0.183	
73	7	1	61	0.118	
73	7	1	55	0.124	
73	7	1	58	0.073	
73	7	1	52	0.102	
73	7	1	49	0.130	
74	7	1	51	0.121	
74	7	1	49	0.140	
74	7	1	47	0.133	
74	7	1	46	0.101	
74	7	1	47	0.090	
75	7	1	45	0.345	
75	7	1	45	0.324	
75	7	1	45	0.324	
75	7	1	45	0.357	
75	7	1	45	0.357	
76	7	1	47	0.155	
76	7	1	48	0.151	
76	7	1	44	0.166	
76	7	1	45	0.137	
76	7	1	45	0.147	
77	7	1	48	0.252	
77	7	1	46	0.257	
77	7	1	45	0.221	
77	7	1	46	0.205	
77	7	1	46	0.205	
78	7	1	49	0.101	
78	7	1	54	0.085	
78	7	1	45	0.117	
78	7	1	35	0.111	
78	7	1	46	0.147	
79	7	1	46	0.268	
79	7	1	46	0.197	
79	7	1	47	0.199	
79	7	1	44	0.215	
79	7	1	47	0.263	
80	7	1	53	0.088	
80	7	1	53	0.146	
80	7	1	48	0.088	
80	7	1	47	0.089	
80	7	1	54	0.089	
81	7	1	45	0.177	
81	7	1	46	0.158	
81	7	1	46	0.156	
81	7	1	46	0.160	
81	7	1	46	0.144	
82	7	1	62	0.079	
82	7	1	71	0.070	
82	7	1	60	0.074	
82	7	1	51	0.107	
82	7	1	61	0.082	
83	7	1	45	0.125	
83	7	1	47	0.153	
83	7	1	46	0.198	
83	7	1	46	0.198	
83	7	1	46	0.198	
84	7	1	48	0.174	
84	7	1	48	0.149	
84	7	1	48	0.093	
84	7	1	47	0.121	
84	7	1	48	0.114	
85	7	1	24	0.163	
85	7	1	52	0.109	
85	7	1	46	0.087	
85	7	1	49	0.090	
85	7	1	48	0.131	
86	7	1	65	0.099	
86	7	1	59	0.116	
86	7	1	55	0.052	
86	7	1	49	0.110	
86	7	1	54	0.067	
87	7	1	47	0.211	
87	7	1	46	0.165	
87	7	1	47	0.131	
87	7	1	47	0.148	
87	7	1	46	0.124	
88	7	1	48	0.178	
88	7	1	46	0.240	
88	7	1	46	0.148	
88	7	1	46	0.144	
88	7	1	46	0.228	
89	7	1	54	0.084	
89	7	1	54	0.116	
89	7	1	61	0.094	
89	7	1	47	0.112	
89	7	1	48	0.094	
90	7	1	48	0.251	
90	7	1	48	0.240	
90	7	1	46	0.164	
90	7	1	45	0.170	
90	7	1	45	0.171	
91	7	1	59	0.141	
91	7	1	55	0.141	
91	7	1	52	0.169	
91	7	1	50	0.161	
91	7	1	49	0.127	
92	7	1	46	0.127	
92	7	1	47	0.149	
92	7	1	45	0.103	
92	7	1	45	0.111	
92	7	1	45	0.111	
93	7	1	45	0.804	
93	7	1	45	0.804	
93	7	1	45	0.804	
93	7	1	45	0.804	
93	7	1	45	0.804	
94	7	1	45	0.417	
94	7	1	45	0.417	
94	7	1	45	0.406	
94	7	1	45	0.406	
94	7	1	45	0.406	
95	7	1	44	0.196	
95	7	1	46	0.185	
95	7	1	45	0.152	
95	7	1	44	0.174	
95	7	1	46	0.131	
96	7	1	50	0.163	
96	7	1	50	0.169	
96	7	1	48	0.090	
96	7	1	48	0.100	
96	7	1	48	0.176	
97	7	1	56	0.122	
97	7	1	51	0.132	
97	7	1	50	0.123	
97	7	1	82	0.132	
97	7	1	49	0.112	
98	7	1	53	0.103	
98	7	1	49	0.145	
98	7	1	28	0.052	
98	7	1	63	0.087	
98	7	1	50	0.109	
99	7	1	66	0.051	
99	7	1	58	0.084	
99	7	1	54	0.121	
99	7	1	54	0.111	
99	7	1	63	0.144	
100	7	1	46	0.209	
100	7	1	53	0.131	
100	7	1	45	0.126	
100	7	1	45	0.126	
100	7	1	44	0.150	
101	7	1	48	0.250	
101	7	1	48	0.258	
101	7	1	47	0.206	
101	7	1	46	0.152	
101	7	1	47	0.206	
102	7	1	46	0.187	
102	7	1	45	0.137	
102	7	1	45	0.155	
102	7	1	45	0.170	
102	7	1	46	0.105	
103	7	1	62	0.104	
103	7	1	172	0.065	
103	7	1	50	0.087	
103	7	1	52	0.116	
103	7	1	53	0.138	
104	7	1	48	0.116	
104	7	1	51	0.121	
104	7	1	46	0.104	
104	7	1	46	0.094	
104	7	1	47	0.115	
105	7	1	61	0.076	
105	7	1	62	0.112	
105	7	1	52	0.096	
105	7	1	29	0.081	
105	7	1	58	0.073	
106	7	1	47	0.136	
106	7	1	48	0.167	
106	7	1	48	0.148	
106	7	1	45	0.164	
106	7	1	46	0.132	
107	7	1	54	0.152	
107	7	1	53	0.139	
107	7	1	46	0.138	
107	7	1	45	0.099	
107	7	1	48	0.101	
108	7	1	46	0.200	
108	7	1	46	0.207	
108	7	1	46	0.196	
108	7	1	46	0.196	
108	7	1	46	0.196	
109	7	1	55	0.134	
109	7	1	52	0.158	
109	7	1	46	0.122	
109	7	1	48	0.115	
109	7	1	46	0.104	
110	7	1	52	0.198	
110	7	1	50	0.166	
110	7	1	49	0.147	
110	7	1	51	0.145	
110	7	1	51	0.089	
111	7	1	83	0.066	
111	7	1	85	0.090	
111	7	1	48	0.067	
111	7	1	64	0.088	
111	7	1	71	0.070	
112	7	1	59	0.082	
112	7	1	54	0.058	
112	7	1	28	0.080	
112	7	1	53	0.038	
112	7	1	29	0.065	
113	7	1	45	0.098	
113	7	1	60	0.087	
113	7	1	30	0.110	
113	7	1	55	0.081	
113	7	1	53	0.081	
114	7	1	81	0.070	
114	7	1	59	0.080	
114	7	1	50	0.088	
114	7	1	71	0.113	
114	7	1	51	0.096	
115	7	1	52	0.140	
115	7	1	56	0.095	
115	7	1	45	0.136	
115	7	1	45	0.105	
115	7	1	45	0.092	
116	7	1	54	0.138	
116	7	1	48	0.134	
116	7	1	44	0.067	
116	7	1	45	0.099	
116	7	1	51	0.147	
117	7	1	60	0.052	
117	7	1	64	0.060	
117	7	1	29	0.105	
117	7	1	30	0.121	
117	7	1	29	0.082	
118	7	1	58	0.105	
118	7	1	58	0.107	
118	7	1	62	0.137	
118	7	1	58	0.057	
118	7	1	28	0.040	
119	7	1	61	0.064	
119	7	1	62	0.067	
119	7	1	53	0.061	
119	7	1	56	0.086	
119	7	1	56	0.051	
120	7	1	51	0.117	
120	7	1	54	0.104	
120	7	1	50	0.098	
120	7	1	54	0.097	
120	7	1	49	0.072	
121	7	1	52	0.164	
121	7	1	58	0.129	
121	7	1	53	0.110	
121	7	1	54	0.115	
121	7	1	49	0.043	
122	7	1	51	0.168	
122	7	1	48	0.163	
122	7	1	46	0.128	
122	7	1	46	0.128	
122	7	1	45	0.143	
123	7	1	54	0.162	
123	7	1	55	0.138	
123	7	1	55	0.111	
123	7	1	105	0.059	
123	7	1	23	0.274	
124	7	1	55	0.140	
124	7	1	57	0.117	
124	7	1	68	0.128	
124	7	1	49	0.132	
124	7	1	50	0.094	
125	7	1	67	0.076	
125	7	1	76	0.090	
125	7	1	44	0.083	
125	7	1	47	0.125	
125	7	1	47	0.101	
126	7	1	50	0.097	
126	7	1	54	0.125	
126	7	1	76	0.087	
126	7	1	47	0.113	
126	7	1	120	0.065	
127	7	1	56	0.116	
127	7	1	61	0.090	
127	7	1	49	0.073	
127	7	1	29	0.102	
127	7	1	37	0.107	
128	7	1	46	0.178	
128	7	1	46	0.167	
128	7	1	45	0.187	
128	7	1	45	0.193	
128	7	1	45	0.188	
129	7	1	25	0.101	
129	7	1	54	0.132	
129	7	1	64	0.094	
129	7	1	21	0.062	
129	7	1	24	0.138	
130	7	1	47	0.147	
130	7	1	49	0.171	
130	7	1	48	0.143	
130	7	1	46	0.151	
130	7	1	48	0.145	
131	7	1	53	0.188	
131	7	1	52	0.166	
131	7	1	46	0.107	
131	7	1	46	0.119	
131	7	1	45	0.112	
132	7	1	49	0.143	
132	7	1	49	0.170	
132	7	1	46	0.160	
132	7	1	47	0.155	
132	7	1	47	0.140	
133	7	1	59	0.139	
133	7	1	56	0.100	
133	7	1	95	0.059	
133	7	1	48	0.100	
133	7	1	48	0.115	
134	7	1	50	0.108	
134	7	1	50	0.154	
134	7	1	112	0.095	
134	7	1	47	0.146	
134	7	1	47	0.146	
135	7	1	47	0.290	
135	7	1	47	0.306	
135	7	1	45	0.169	
135	7	1	46	0.119	
135	7	1	45	0.165	
136	7	1	54	0.079	
136	7	1	53	0.107	
136	7	1	55	0.085	
136	7	1	66	0.103	
136	7	1	51	0.078	
137	7	1	50	0.104	
137	7	1	50	0.099	
137	7	1	54	0.081	
137	7	1	55	0.084	
137	7	1	53	0.073	
138	7	1	62	0.099	
138	7	1	65	0.088	
138	7	1	58	0.082	
138	7	1	62	0.068	
138	7	1	57	0.094	
139	7	1	48	0.178	
139	7	1	46	0.134	
139	7	1	44	0.132	
139	7	1	48	0.162	
139	7	1	44	0.073	
140	7	1	64	0.090	
140	7	1	65	0.114	
140	7	1	52	0.104	
140	7	1	51	0.117	
140	7	1	54	0.100	
141	7	1	45	0.066	
141	7	1	47	0.094	
141	7	1	44	0.107	
141	7	1	47	0.139	
141	7	1	44	0.067	
142	7	1	46	0.099	
142	7	1	46	0.108	
142	7	1	45	0.148	
142	7	1	46	0.147	
142	7	1	45	0.135	
143	7	1	57	0.086	
143	7	1	43	0.097	
143	7	1	53	0.073	
143	7	1	53	0.065	
143	7	1	53	0.083	
144	7	1	58	0.078	
144	7	1	52	0.119	
144	7	1	54	0.105	
144	7	1	46	0.098	
144	7	1	46	0.126	
145	7	1	47	0.183	
145	7	1	47	0.211	
145	7	1	46	0.149	
145	7	1	46	0.149	
145	7	1	46	0.149	
146	7	1	46	0.285	
146	7	1	45	0.226	
146	7	1	46	0.279	
146	7	1	46	0.092	
146	7	1	46	0.121	
147	7	1	47	0.144	
147	7	1	48	0.128	
147	7	1	45	0.159	
147	7	1	46	0.116	
147	7	1	44	0.118	
148	7	1	55	0.104	
148	7	1	54	0.094	
148	7	1	48	0.078	
148	7	1	46	0.083	
148	7	1	49	0.044	
149	7	1	47	0.194	
149	7	1	46	0.124	
149	7	1	47	0.111	
149	7	1	48	0.156	
149	7	1	46	0.106	
150	7	1	62	0.138	
150	7	1	61	0.109	
150	7	1	54	0.093	
150	7	1	52	0.119	
150	7	1	52	0.102	
151	7	1	55	0.089	
151	7	1	60	0.091	
151	7	1	45	0.098	
151	7	1	45	0.121	
151	7	1	49	0.079	
152	7	1	45	0.215	
152	7	1	46	0.185	
152	7	1	45	0.109	
152	7	1	45	0.186	
152	7	1	45	0.162	
153	7	1	49	0.039	
153	7	1	85	0.084	
153	7	1	40	0.046	
153	7	1	36	0.024	
153	7	1	34	0.064	
154	7	1	57	0.143	
154	7	1	61	0.132	
154	7	1	49	0.084	
154	7	1	49	0.090	
154	7	1	49	0.087	
155	7	1	51	0.154	
155	7	1	52	0.173	
155	7	1	44	0.078	
155	7	1	44	0.171	
155	7	1	44	0.096	
156	7	1	51	0.283	
156	7	1	50	0.266	
156	7	1	45	0.141	
156	7	1	44	0.156	
156	7	1	45	0.157	
157	7	1	61	0.084	
157	7	1	64	0.081	
157	7	1	54	0.071	
157	7	1	55	0.078	
157	7	1	103	0.093	
158	7	1	68	0.074	
158	7	1	60	0.050	
158	7	1	38	0.081	
158	7	1	39	0.065	
158	7	1	63	0.065	
159	7	1	45	0.094	
159	7	1	45	0.095	
159	7	1	45	0.091	
159	7	1	45	0.157	
159	7	1	45	0.085	
160	7	1	46	0.101	
160	7	1	52	0.108	
160	7	1	45	0.125	
160	7	1	45	0.098	
160	7	1	44	0.108	
161	7	1	45	0.168	
161	7	1	45	0.168	
161	7	1	44	0.167	
161	7	1	44	0.177	
161	7	1	44	0.230	
162	7	1	66	0.128	
162	7	1	53	0.112	
162	7	1	25	0.152	
162	7	1	47	0.095	
162	7	1	45	0.045	
163	7	1	65	0.083	
163	7	1	73	0.079	
163	7	1	53	0.106	
163	7	1	36	0.092	
163	7	1	25	0.141	
164	7	1	48	0.111	
164	7	1	55	0.105	
164	7	1	46	0.091	
164	7	1	45	0.107	
164	7	1	47	0.102	
165	7	1	59	0.103	
165	7	1	60	0.076	
165	7	1	46	0.088	
165	7	1	47	0.075	
165	7	1	49	0.088	
166	7	1	45	0.113	
166	7	1	45	0.113	
166	7	1	45	0.127	
166	7	1	45	0.119	
166	7	1	45	0.119	
167	7	1	24	0.061	
167	7	1	29	0.106	
167	7	1	27	0.041	
167	7	1	26	0.031	
167	7	1	27	0.047	
168	7	1	54	0.129	
168	7	1	54	0.119	
168	7	1	48	0.094	
168	7	1	53	0.100	
168	7	1	52	0.112	
169	7	0	49	0.025	
169	7	1	129	0.046	
169	7	1	39	0.071	
169	7	1	65	0.053	
169	7	1	80	0.049	
170	7	1	48	0.124	
170	7	1	47	0.123	
170	7	1	46	0.102	
170	7	1	51	0.140	
170	7	1	47	0.127	
171	7	1	69	0.066	
171	7	1	57	0.042	
171	7	1	30	0.085	
171	7	1	29	0.126	
171	7	1	61	0.048	
172	7	1	56	0.054	
172	7	1	119	0.070	
172	7	1	47	0.093	
172	7	1	46	0.083	
172	7	1	48	0.068	
173	7	1	58	0.096	
173	7	1	57	0.102	
173	7	1	46	0.087	
173	7	1	48	0.110	
173	7	1	48	0.100	
174	7	1	47	0.114	
174	7	1	47	0.134	
174	7	1	47	0.135	
174	7	1	47	0.142	
174	7	1	47	0.135	
175	7	1	68	0.090	
175	7	1	58	0.086	
175	7	1	28	0.081	
175	7	1	55	0.095	
175	7	1	61	0.083	
176	7	1	52	0.144	
176	7	1	53	0.045	
176	7	1	51	0.113	
176	7	1	53	0.110	
176	7	1	51	0.132	
177	7	1	59	0.099	
177	7	1	61	0.093	
177	7	1	54	0.084	
177	7	1	54	0.077	
177	7	1	53	0.063	
178	7	1	49	0.147	
178	7	1	50	0.098	
178	7	1	46	0.079	
178	7	1	47	0.076	
178	7	1	50	0.120	
179	7	1	64	0.104	
179	7	1	51	0.093	
179	7	1	36	0.055	
179	7	1	52	0.085	
179	7	1	54	0.072	
180	7	1	29	0.080	
180	7	1	29	0.052	
180	7	1	55	0.072	
180	7	1	58	0.042	
180	7	1	30	0.062	
181	7	1	35	0.089	
181	7	1	54	0.098	
181	7	1	50	0.056	
181	7	1	60	0.054	
181	7	1	49	0.042	
182	7	1	80	0.074	
182	7	1	60	0.048	
182	7	1	34	0.047	
182	7	1	57	0.069	
182	7	1	88	0.049	
183	7	1	67	0.108	
183	7	1	77	0.072	
183	7	1	54	0.153	
183	7	1	51	0.083	
183	7	1	52	0.066	
184	7	1	60	0.132	
184	7	1	57	0.104	
184	7	1	52	0.101	
184	7	1	54	0.112	
184	7	1	54	0.126	
185	7	1	46	0.112	
185	7	1	46	0.147	
185	7	1	46	0.099	
185	7	1	46	0.147	
185	7	1	46	0.152	
186	7	1	57	0.083	
186	7	1	99	0.047	
186	7	1	52	0.093	
186	7	1	29	0.088	
186	7	1	29	0.083	
187	7	1	64	0.050	
187	7	1	137	0.067	
187	7	1	26	0.094	
187	7	1	48	0.101	
187	7	1	46	0.100	
188	7	1	62	0.112	
188	7	1	56	0.119	
188	7	1	53	0.103	
188	7	1	53	0.108	
188	7	1	51	0.101	
189	7	1	62	0.068	
189	7	1	60	0.055	
189	7	1	46	0.103	
189	7	1	46	0.120	
189	7	1	32	0.103	
190	7	1	60	0.100	
190	7	1	56	0.081	
190	7	1	51	0.106	
190	7	1	54	0.123	
190	7	1	52	0.084	
191	7	1	55	0.080	
191	7	1	61	0.094	
191	7	1	58	0.025	
191	7	1	51	0.073	
191	7	1	50	0.098	
192	7	1	50	0.044	
192	7	1	55	0.044	
192	7	1	24	0.112	
192	7	1	25	0.092	
192	7	1	24	0.107	
193	7	1	51	0.087	
193	7	1	54	0.077	
193	7	1	54	0.048	
193	7	1	45	0.079	
193	7	1	61	0.058	
194	7	1	65	0.086	
194	7	1	89	0.051	
194	7	1	54	0.055	
194	7	1	67	0.056	
194	7	1	57	0.097	
195	7	1	49	0.082	
195	7	1	49	0.061	
195	7	1	46	0.096	
195	7	1	46	0.096	
195	7	1	46	0.076	
196	7	1	47	0.107	
196	7	1	44	0.114	
196	7	1	45	0.133	
196	7	1	37	0.054	
196	7	1	47	0.079	
197	7	1	52	0.098	
197	7	1	51	0.138	
197	7	1	62	0.086	
197	7	1	51	0.109	
197	7	1	50	0.067	
198	7	1	57	0.092	
198	7	1	51	0.103	
198	7	1	45	0.044	
198	7	1	47	0.054	
198	7	0	36	0.029	
199	7	1	51	0.084	
199	7	1	48	0.077	
199	7	1	48	0.088	
199	7	1	53	0.100	
199	7	1	29	0.091	
200	7	1	51	0.168	
200	7	1	56	0.145	
200	7	1	46	0.128	
200	7	1	46	0.136	
200	7	1	46	0.129	
201	7	0	29	0.030	
201	7	1	60	0.089	
201	7	1	44	0.053	
201	7	1	46	0.100	
201	7	1	45	0.119	
202	7	1	51	0.211	
202	7	1	48	0.214	
202	7	1	48	0.090	
202	7	1	49	0.153	
202	7	1	48	0.129	
203	7	1	55	0.057	
203	7	1	66	0.046	
203	7	1	66	0.038	
203	7	1	58	0.108	
203	7	1	53	0.050	
204	7	1	61	0.100	
204	7	1	61	0.102	
204	7	1	49	0.092	
204	7	1	52	0.078	
204	7	1	53	0.104	
205	7	1	109	0.056	
205	7	1	134	0.038	
205	7	1	83	0.067	
205	7	1	108	0.073	
205	7	1	75	0.067	
206	7	1	58	0.102	
206	7	1	60	0.106	
206	7	1	47	0.102	
206	7	1	47	0.110	
206	7	1	47	0.100	
207	7	1	57	0.057	
207	7	1	89	0.075	
207	7	1	49	0.070	
207	7	1	51	0.049	
207	7	1	48	0.054	
208	7	1	49	0.076	
208	7	1	49	0.098	
208	7	1	47	0.074	
208	7	1	80	0.063	
208	7	1	46	0.038	
209	7	1	48	0.168	
209	7	1	48	0.176	
209	7	1	47	0.094	
209	7	1	48	0.142	
209	7	1	46	0.133	
210	7	1	85	0.051	
210	7	1	55	0.076	
210	7	1	45	0.102	
210	7	1	49	0.077	
210	7	1	46	0.099	
211	7	1	122	0.079	
211	7	1	86	0.046	
211	7	1	53	0.073	
211	7	1	54	0.086	
211	7	1	48	0.085	
212	7	1	48	0.130	
212	7	1	48	0.130	
212	7	1	47	0.115	
212	7	1	49	0.134	
212	7	1	47	0.137	
213	7	1	62	0.117	
213	7	1	61	0.104	
213	7	1	50	0.104	
213	7	1	51	0.119	
213	7	1	62	0.074	
214	7	1	50	0.005	
214	7	0	37	0.000	
214	7	1	65	0.065	
214	7	1	50	0.035	
214	7	1	65	0.047	
215	7	1	61	0.094	
215	7	1	58	0.104	
215	7	1	47	0.082	
215	7	1	49	0.101	
215	7	1	49	0.036	
216	7	1	55	0.159	
216	7	1	54	0.182	
216	7	1	49	0.114	
216	7	1	49	0.131	
216	7	1	49	0.136	
217	7	1	55	0.112	
217	7	1	56	0.104	
217	7	1	53	0.125	
217	7	1	34	0.083	
217	7	1	51	0.064	
218	7	1	61	0.094	
218	7	1	57	0.071	
218	7	1	48	0.091	
218	7	1	46	0.052	
218	7	1	49	0.107	
219	7	1	58	0.122	
219	7	1	58	0.104	
219	7	1	48	0.115	
219	7	1	50	0.127	
219	7	1	49	0.075	
220	7	1	37	0.053	
220	7	0	32	0.000	
220	7	1	36	0.053	
220	7	0	31	0.000	
220	7	1	34	0.034	
221	7	1	66	0.072	
221	7	1	104	0.055	
221	7	1	36	0.058	
221	7	1	32	0.076	
221	7	1	71	0.054	
222	7	1	24	0.229	
222	7	1	24	0.070	
222	7	1	57	0.086	
222	7	1	21	0.072	
222	7	1	21	0.090	
223	7	1	53	0.117	
223	7	1	53	0.088	
223	7	1	47	0.067	
223	7	1	62	0.097	
223	7	1	47	0.066	
224	7	1	56	0.117	
224	7	1	100	0.094	
224	7	1	47	0.108	
224	7	1	23	0.182	
224	7	1	50	0.097	
225	7	1	27	0.095	
225	7	1	53	0.091	
225	7	1	24	0.105	
225	7	1	50	0.048	
225	7	1	50	0.085	
226	7	1	46	0.150	
226	7	1	46	0.106	
226	7	1	45	0.147	
226	7	1	44	0.122	
226	7	1	44	0.094	
227	7	1	65	0.087	
227	7	1	84	0.144	
227	7	1	52	0.118	
227	7	1	50	0.104	
227	7	1	49	0.104	
228	7	1	39	0.085	
228	7	1	37	0.082	
228	7	1	60	0.068	
228	7	1	39	0.073	
228	7	1	37	0.089	
229	7	1	60	0.104	
229	7	1	51	0.088	
229	7	1	46	0.074	
229	7	1	46	0.085	
229	7	1	48	0.099	
230	7	1	167	0.102	
230	7	1	93	0.096	
230	7	1	50	0.057	
230	7	1	92	0.053	
230	7	1	21	0.074	
231	7	1	57	0.126	
231	7	1	57	0.110	
231	7	1	51	0.133	
231	7	1	49	0.055	
231	7	1	50	0.142	
232	7	1	55	0.067	
232	7	1	59	0.078	
232	7	1	47	0.122	
232	7	1	47	0.111	
232	7	1	47	0.094	
233	7	1	47	0.324	
233	7	1	49	0.279	
233	7	1	46	0.214	
233	7	1	46	0.215	
233	7	1	46	0.151	
234	7	1	66	0.084	
234	7	1	51	0.111	
234	7	1	46	0.122	
234	7	1	47	0.126	
234	7	1	47	0.126	
235	7	1	55	0.115	
235	7	1	68	0.099	
235	7	1	24	0.147	
235	7	1	30	0.108	
235	7	1	58	0.127	
236	7	1	46	0.169	
236	7	1	46	0.186	
236	7	1	46	0.148	
236	7	1	46	0.123	
236	7	1	46	0.142	
237	7	1	103	0.072	
237	7	1	80	0.076	
237	7	1	25	0.068	
237	7	1	56	0.069	
237	7	1	55	0.045	
238	7	1	76	0.092	
238	7	1	107	0.083	
238	7	1	35	0.083	
238	7	1	34	0.148	
238	7	1	34	0.099	
239	7	1	55	0.203	
239	7	1	62	0.126	
239	7	1	52	0.061	
239	7	1	52	0.071	
239	7	1	50	0.088	
240	7	1	52	0.202	
240	7	1	53	0.202	
240	7	1	48	0.157	
240	7	1	49	0.132	
240	7	1	49	0.133	
241	7	1	71	0.096	
241	7	1	68	0.080	
241	7	1	28	0.078	
241	7	1	57	0.092	
241	7	1	57	0.125	
242	7	1	46	0.091	
242	7	1	45	0.103	
242	7	1	50	0.088	
242	7	1	50	0.087	
242	7	1	53	0.057	
243	7	1	145	0.061	
243	7	1	82	0.076	
243	7	1	61	0.073	
243	7	1	60	0.060	
243	7	1	44	0.048	
244	7	1	50	0.063	
244	7	1	49	0.053	
244	7	1	46	0.075	
244	7	1	49	0.081	
244	7	1	49	0.070	
245	7	1	58	0.096	
245	7	1	55	0.069	
245	7	1	49	0.064	
245	7	1	47	0.096	
245	7	1	49	0.075	
246	7	1	65	0.063	
246	7	1	66	0.073	
246	7	1	50	0.070	
246	7	1	51	0.071	
246	7	1	50	0.069	
247	7	1	45	0.233	
247	7	1	45	0.152	
247	7	1	46	0.157	
247	7	1	44	0.175	
247	7	1	49	0.172	
248	7	1	56	0.070	
248	7	1	71	0.081	
248	7	1	74	0.079	
248	7	1	38	0.077	
248	7	1	45	0.063	
249	7	1	104	0.043	
249	7	1	59	0.029	
249	7	1	53	0.077	
249	7	1	54	0.080	
249	7	1	52	0.080	
250	7	1	25	0.060	
250	7	1	67	0.088	
250	7	1	26	0.074	
250	7	1	59	0.094	
250	7	1	59	0.075	
251	7	1	44	0.114	
251	7	1	45	0.081	
251	7	1	45	0.113	
251	7	1	44	0.118	
251	7	1	44	0.100	
252	7	1	45	0.082	
252	7	1	45	0.082	
252	7	1	46	0.107	
252	7	1	45	0.100	
252	7	1	46	0.107	
253	7	1	51	0.086	
253	7	1	54	0.092	
253	7	1	52	0.107	
253	7	1	62	0.079	
253	7	1	53	0.085	
254	7	1	60	0.091	
254	7	1	58	0.125	
254	7	1	55	0.113	
254	7	1	58	0.111	
254	7	1	57	0.111	
255	7	1	49	0.074	
255	7	1	43	0.079	
255	7	1	59	0.066	
255	7	1	35	0.042	
255	7	1	26	0.040	
256	7	1	57	0.084	
256	7	1	62	0.071	
256	7	1	52	0.100	
256	7	1	53	0.088	
256	7	1	50	0.060	
257	7	1	49	0.134	
257	7	1	50	0.160	
257	7	1	90	0.091	
257	7	1	48	0.190	
257	7	1	49	0.167	
258	7	1	156	0.042	
258	7	1	70	0.072	
258	7	1	47	0.072	
258	7	1	47	0.065	
258	7	1	50	0.054	
259	7	1	48	0.097	
259	7	1	48	0.174	
259	7	1	57	0.201	
259	7	1	69	0.080	
259	7	1	49	0.175	
260	7	1	62	0.075	
260	7	1	63	0.085	
260	7	1	60	0.100	
260	7	1	63	0.119	
260	7	1	39	0.061	
261	7	1	49	0.121	
261	7	1	50	0.101	
261	7	1	46	0.081	
261	7	1	47	0.130	
261	7	1	46	0.122	
262	7	1	70	0.097	
262	7	1	69	0.100	
262	7	1	25	0.072	
262	7	1	25	0.081	
262	7	0	25	0.002	
263	7	1	48	0.089	
263	7	1	49	0.088	
263	7	1	46	0.101	
263	7	1	26	0.054	
263	7	1	45	0.139	
264	7	1	51	0.104	
264	7	1	50	0.117	
264	7	1	48	0.112	
264	7	1	46	0.120	
264	7	1	46	0.147	
265	7	1	28	0.080	
265	7	1	29	0.046	
265	7	1	27	0.103	
265	7	1	70	0.048	
265	7	1	61	0.037	
266	7	1	78	0.093	
266	7	1	70	0.076	
266	7	1	56	0.077	
266	7	1	63	0.089	
266	7	1	53	0.091	
267	7	1	48	0.062	
267	7	1	50	0.097	
267	7	1	51	0.073	
267	7	1	49	0.106	
267	7	1	47	0.113	
268	7	1	23	0.272	
268	7	1	63	0.075	
268	7	1	48	0.084	
268	7	1	56	0.085	
268	7	1	51	0.119	
269	7	1	53	0.099	
269	7	1	55	0.052	
269	7	1	46	0.112	
269	7	1	46	0.124	
269	7	1	48	0.123	
270	7	1	67	0.151	
270	7	1	45	0.163	
270	7	1	44	0.188	
270	7	1	44	0.154	
270	7	1	44	0.103	
271	7	1	105	0.054	
271	7	1	72	0.083	
271	7	1	54	0.079	
271	7	1	30	0.070	
271	7	1	31	0.056	
272	7	1	33	0.058	
272	7	1	69	0.059	
272	7	1	49	0.033	
272	7	1	29	0.124	
272	7	1	69	0.055	
273	7	1	69	0.085	
273	7	1	27	0.101	
273	7	1	55	0.069	
273	7	1	54	0.052	
273	7	1	26	0.073	
274	7	1	49	0.208	
274	7	1	53	0.166	
274	7	1	45	0.142	
274	7	1	45	0.121	
274	7	1	45	0.119	
275	7	1	47	0.089	
275	7	1	42	0.089	
275	7	1	45	0.068	
275	7	1	41	0.080	
275	7	0	43	0.000	
276	7	1	24	0.191	
276	7	1	38	0.043	
276	7	1	29	0.071	
276	7	1	29	0.068	
276	7	1	54	0.050	
277	7	1	60	0.119	
277	7	1	55	0.109	
277	7	1	56	0.066	
277	7	1	61	0.091	
277	7	1	49	0.131	
278	7	1	52	0.099	
278	7	1	57	0.091	
278	7	1	54	0.099	
278	7	1	49	0.114	
278	7	1	68	0.086	
279	7	1	64	0.040	
279	7	1	91	0.053	
279	7	1	82	0.060	
279	7	1	84	0.085	
279	7	1	112	0.040	
280	7	1	80	0.105	
280	7	1	62	0.126	
280	7	0	36	0.023	
280	7	1	52	0.091	
280	7	1	51	0.073	
281	7	1	67	0.059	
281	7	1	65	0.109	
281	7	1	62	0.116	
281	7	1	61	0.102	
281	7	1	38	0.098	
282	7	1	67	0.073	
282	7	1	73	0.119	
282	7	1	31	0.084	
282	7	1	31	0.084	
282	7	1	66	0.070	
283	7	1	49	0.043	
283	7	1	44	0.050	
283	7	1	27	0.044	
283	7	1	26	0.064	
283	7	1	29	0.044	
284	7	1	52	0.118	
284	7	1	48	0.132	
284	7	1	46	0.064	
284	7	1	46	0.111	
284	7	1	47	0.118	
285	7	1	70	0.090	
285	7	1	72	0.069	
285	7	1	97	0.053	
285	7	1	64	0.093	
285	7	1	30	0.094	
286	7	1	63	0.099	
286	7	1	57	0.092	
286	7	1	58	0.094	
286	7	1	59	0.059	
286	7	1	50	0.078	
287	7	1	85	0.068	
287	7	1	74	0.059	
287	7	1	58	0.072	
287	7	1	63	0.081	
287	7	1	58	0.097	
288	7	1	54	0.110	
288	7	1	30	0.101	
288	7	1	55	0.081	
288	7	1	52	0.072	
288	7	1	54	0.090	
289	7	1	55	0.139	
289	7	1	55	0.138	
289	7	1	98	0.144	
289	7	1	51	0.103	
289	7	1	94	0.066	
290	7	1	65	0.058	
290	7	1	78	0.060	
290	7	1	30	0.057	
290	7	1	40	0.045	
290	7	1	59	0.052	
291	7	1	46	0.183	
291	7	1	46	0.129	
291	7	1	46	0.115	
291	7	1	92	0.125	
291	7	1	45	0.161	
292	7	1	57	0.036	
292	7	1	60	0.083	
292	7	1	59	0.094	
292	7	1	56	0.043	
292	7	1	59	0.055	
293	7	1	65	0.099	
293	7	0	33	0.029	
293	7	0	33	0.003	
293	7	0	33	0.007	
293	7	0	33	0.003	
294	7	1	65	0.073	
294	7	1	105	0.089	
294	7	1	128	0.063	
294	7	1	39	0.060	
294	7	1	61	0.079	
295	7	1	66	0.079	
295	7	1	62	0.095	
295	7	1	35	0.094	
295	7	1	59	0.092	
295	7	1	70	0.050	
296	7	1	49	0.141	
296	7	1	50	0.178	
296	7	1	47	0.111	
296	7	1	46	0.118	
296	7	1	46	0.095	
297	7	1	66	0.049	
297	7	0	30	0.000	
297	7	1	57	0.077	
297	7	1	86	0.059	
297	7	1	68	0.049	
298	7	1	33	0.055	
298	7	1	70	0.077	
298	7	1	48	0.075	
298	7	1	55	0.098	
298	7	1	55	0.081	
299	7	1	68	0.064	
299	7	1	129	0.055	
299	7	1	48	0.107	
299	7	1	49	0.112	
299	7	1	48	0.087	
0	8	1	63	0.179	
0	8	1	76	0.094	
0	8	1	62	0.139	
0	8	1	54	0.112	
0	8	1	62	0.137	
1	8	1	73	0.173	
1	8	1	70	0.233	
1	8	1	68	0.170	
1	8	1	62	0.170	
1	8	1	62	0.147	
2	8	1	71	0.041	
2	8	1	63	0.117	
2	8	1	61	0.092	
2	8	1	61	0.104	
2	8	1	131	0.103	
3	8	1	60	0.248	
3	8	1	70	0.202	
3	8	1	60	0.239	
3	8	1	60	0.260	
3	8	1	60	0.220	
4	8	1	89	0.141	
4	8	1	79	0.062	
4	8	1	76	0.121	
4	8	1	78	0.121	
4	8	1	82	0.126	
5	8	1	59	0.233	
5	8	1	59	0.270	
5	8	1	59	0.245	
5	8	1	59	0.221	
5	8	1	59	0.245	
6	8	1	106	0.111	
6	8	1	64	0.176	
6	8	1	131	0.113	
6	8	1	62	0.146	
6	8	1	64	0.150	
7	8	1	64	0.097	
7	8	1	69	0.112	
7	8	1	62	0.132	
7	8	1	69	0.101	
7	8	1	69	0.087	
8	8	1	66	0.171	
8	8	1	65	0.182	
8	8	1	62	0.148	
8	8	1	62	0.177	
8	8	1	62	0.175	
9	8	1	60	0.186	
9	8	1	60	0.192	
9	8	1	60	0.199	
9	8	1	60	0.255	
9	8	1	60	0.245	
10	8	1	61	0.200	
10	8	1	60	0.201	
10	8	1	60	0.170	
10	8	1	60	0.172	
10	8	1	60	0.168	
11	8	1	60	0.272	
11	8	1	60	0.268	
11	8	1	59	0.228	
11	8	1	59	0.228	
11	8	1	59	0.228	
12	8	1	64	0.134	
12	8	1	63	0.132	
12	8	1	61	0.166	
12	8	1	61	0.165	
12	8	1	61	0.116	
13	8	1	62	0.120	
13	8	1	62	0.156	
13	8	1	61	0.131	
13	8	1	60	0.139	
13	8	1	61	0.103	
14	8	1	60	0.171	
14	8	1	61	0.179	
14	8	1	62	0.227	
14	8	1	61	0.198	
14	8	1	61	0.194	
15	8	1	62	0.255	
15	8	1	62	0.276	
15	8	1	61	0.193	
15	8	1	61	0.182	
15	8	1	61	0.176	
16	8	1	64	0.150	
16	8	1	73	0.176	
16	8	1	65	0.113	
16	8	1	63	0.176	
16	8	1	64	0.163	
17	8	1	61	0.258	
17	8	1	61	0.262	
17	8	1	60	0.191	
17	8	1	60	0.178	
17	8	1	60	0.164	
18	8	1	59	0.285	
18	8	1	59	0.285	
18	8	1	59	0.209	
18	8	1	59	0.209	
18	8	1	59	0.207	
19	8	1	77	0.130	
19	8	1	73	0.160	
19	8	1	66	0.115	
19	8	1	66	0.136	
19	8	1	68	0.147	
20	8	1	60	0.245	
20	8	1	60	0.245	
20	8	1	60	0.242	
20	8	1	60	0.216	
20	8	1	60	0.220	
21	8	1	62	0.177	
21	8	1	62	0.247	
21	8	1	62	0.197	
21	8	1	63	0.282	
21	8	1	62	0.227	
22	8	1	64	0.163	
22	8	1	68	0.189	
22	8	1	61	0.129	
22	8	1	61	0.161	
22	8	1	61	0.119	
23	8	1	68	0.154	
23	8	1	67	0.180	
23	8	1	63	0.147	
23	8	1	65	0.138	
23	8	1	65	0.157	
24	8	1	67	0.131	
24	8	1	72	0.119	
24	8	1	63	0.167	
24	8	1	63	0.163	
24	8	1	65	0.187	
25	8	1	59	0.247	
25	8	1	59	0.247	
25	8	1	59	0.167	
25	8	1	59	0.167	
25	8	1	59	0.167	
26	8	1	67	0.236	
26	8	1	67	0.237	
26	8	1	60	0.204	
26	8	1	60	0.204	
26	8	1	61	0.223	
27	8	1	61	0.194	
27	8	1	60	0.198	
27	8	1	59	0.231	
27	8	1	59	0.231	
27	8	1	60	0.236	
28	8	1	60	0.281	
28	8	1	59	0.271	
28	8	1	59	0.228	
28	8	1	60	0.235	
28	8	1	60	0.235	
29	8	1	96	0.099	
29	8	1	98	0.116	
29	8	1	42	0.080	
29	8	1	44	0.071	
29	8	1	41	0.109	
30	8	1	63	0.165	
30	8	1	64	0.153	
30	8	1	65	0.156	
30	8	1	64	0.108	
30	8	1	65	0.171	
31	8	1	60	0.194	
31	8	1	60	0.199	
31	8	1	60	0.217	
31	8	1	60	0.228	
31	8	1	60	0.189	
32	8	1	60	0.231	
32	8	1	60	0.233	
32	8	1	60	0.237	
32	8	1	60	0.220	
32	8	1	60	0.237	
33	8	1	43	0.084	
33	8	1	42	0.083	
33	8	1	32	0.063	
33	8	1	49	0.083	
33	8	1	35	0.058	
34	8	1	60	0.217	
34	8	1	61	0.247	
34	8	1	60	0.192	
34	8	1	60	0.198	
34	8	1	60	0.207	
35	8	1	61	0.117	
35	8	1	60	0.104	
35	8	1	59	0.113	
35	8	1	61	0.102	
35	8	1	65	0.113	
36	8	1	59	0.198	
36	8	1	60	0.238	
36	8	1	59	0.221	
36	8	1	59	0.188	
36	8	1	59	0.210	
37	8	1	78	0.132	
37	8	1	67	0.134	
37	8	1	63	0.098	
37	8	1	130	0.079	
37	8	1	61	0.103	
38	8	1	77	0.103	
38	8	1	77	0.112	
38	8	1	63	0.108	
38	8	1	68	0.151	
38	8	1	68	0.122	
39	8	1	60	0.203	
39	8	1	61	0.110	
39	8	1	59	0.162	
39	8	1	59	0.162	
39	8	1	59	0.162	
40	8	1	59	0.344	
40	8	1	59	0.347	
40	8	1	59	0.344	
40	8	1	59	0.343	
40	8	1	59	0.344	
41	8	1	59	0.292	
41	8	1	59	0.342	
41	8	1	59	0.243	
41	8	1	59	0.248	
41	8	1	59	0.235	
42	8	1	59	0.638	
42	8	1	59	0.638	
42	8	1	59	0.638	
42	8	1	59	0.638	
42	8	1	59	0.638	
43	8	1	83	0.178	
43	8	1	68	0.184	
43	8	1	77	0.098	
43	8	1	73	0.101	
43	8	1	75	0.142	
44	8	1	67	0.108	
44	8	1	68	0.086	
44	8	1	60	0.087	
44	8	1	65	0.086	
44	8	1	62	0.143	
45	8	1	66	0.095	
45	8	1	67	0.144	
45	8	1	89	0.084	
45	8	1	62	0.122	
45	8	1	62	0.125	
46	8	1	79	0.101	
46	8	1	74	0.120	
46	8	1	67	0.110	
46	8	1	67	0.094	
46	8	1	67	0.081	
47	8	1	107	0.089	
47	8	1	76	0.090	
47	8	1	67	0.073	
47	8	1	71	0.082	
47	8	1	68	0.089	
48	8	1	66	0.164	
48	8	1	126	0.149	
48	8	1	65	0.150	
48	8	1	65	0.149	
48	8	1	65	0.152	
49	8	1	71	0.147	
49	8	1	71	0.167	
49	8	1	63	0.114	
49	8	1	65	0.090	
49	8	1	68	0.127	
50	8	1	68	0.151	
50	8	1	71	0.225	
50	8	1	66	0.222	
50	8	1	66	0.202	
50	8	1	70	0.163	
51	8	1	60	0.224	
51	8	1	60	0.220	
51	8	1	61	0.273	
51	8	1	61	0.275	
51	8	1	60	0.254	
52	8	1	63	0.265	
52	8	1	62	0.243	
52	8	1	60	0.143	
52	8	1	60	0.143	
52	8	1	60	0.148	
53	8	1	66	0.121	
53	8	1	65	0.119	
53	8	1	65	0.115	
53	8	1	65	0.110	
53	8	1	67	0.097	
54	8	1	60	0.349	
54	8	1	59	0.254	
54	8	1	60	0.254	
54	8	1	60	0.255	
54	8	1	60	0.255	
55	8	1	74	0.078	
55	8	1	74	0.078	
55	8	1	63	0.107	
55	8	1	63	0.110	
55	8	1	63	0.117	
56	8	1	63	0.152	
56	8	1	63	0.199	
56	8	1	63	0.143	
56	8	1	63	0.165	
56	8	1	63	0.210	
57	8	1	78	0.142	
57	8	1	77	0.125	
57	8	1	69	0.101	
57	8	1	67	0.068	
57	8	1	69	0.142	
58	8	1	82	0.084	
58	8	1	73	0.106	
58	8	1	69	0.114	
58	8	1	72	0.077	
58	8	1	59	0.068	
59	8	1	71	0.065	
59	8	1	76	0.073	
59	8	1	64	0.090	
59	8	1	68	0.074	
59	8	1	65	0.062	
60	8	1	70	0.091	
60	8	1	77	0.076	
60	8	1	60	0.081	
60	8	1	61	0.111	
60	8	1	59	0.108	
61	8	1	59	0.381	
61	8	1	59	0.385	
61	8	1	59	0.381	
61	8	1	59	0.385	
61	8	1	59	0.385	
62	8	1	82	0.052	
62	8	1	78	0.054	
62	8	1	64	0.111	
62	8	1	64	0.092	
62	8	1	64	0.111	
63	8	1	67	0.181	
63	8	1	66	0.145	
63	8	1	67	0.169	
63	8	1	66	0.202	
63	8	1	64	0.180	
64	8	1	65	0.185	
64	8	1	64	0.165	
64	8	1	62	0.143	
64	8	1	63	0.169	
64	8	1	64	0.158	
65	8	1	60	0.277	
65	8	1	60	0.276	
65	8	1	60	0.270	
65	8	1	60	0.266	
65	8	1	59	0.238	
66	8	1	63	0.182	
66	8	1	63	0.162	
66	8	1	62	0.108	
66	8	1	62	0.108	
66	8	1	61	0.150	
67	8	1	59	0.349	
67	8	1	59	0.340	
67	8	1	59	0.349	
67	8	1	59	0.349	
67	8	1	59	0.340	
68	8	1	61	0.254	
68	8	1	62	0.253	
68	8	1	60	0.201	
68	8	1	66	0.205	
68	8	1	60	0.208	
69	8	1	62	0.140	
69	8	1	63	0.145	
69	8	1	60	0.136	
69	8	1	65	0.116	
69	8	1	76	0.137	
70	8	1	63	0.237	
70	8	1	63	0.232	
70	8	1	63	0.275	
70	8	1	63	0.261	
70	8	1	63	0.225	
71	8	1	59	0.197	
71	8	1	59	0.203	
71	8	1	59	0.152	
71	8	1	59	0.145	
71	8	1	59	0.152	
72	8	1	60	0.251	
72	8	1	59	0.209	
72	8	1	59	0.214	
72	8	1	59	0.212	
72	8	1	59	0.206	
73	8	1	65	0.200	
73	8	1	66	0.215	
73	8	1	63	0.157	
73	8	1	61	0.180	
73	8	1	60	0.169	
74	8	1	61	0.183	
74	8	1	61	0.186	
74	8	1	61	0.210	
74	8	1	60	0.138	
74	8	1	61	0.135	
75	8	1	59	0.360	
75	8	1	59	0.360	
75	8	1	59	0.366	
75	8	1	59	0.366	
75	8	1	59	0.360	
76	8	1	65	0.137	
76	8	1	66	0.163	
76	8	1	61	0.155	
76	8	1	61	0.143	
76	8	1	61	0.164	
77	8	1	60	0.291	
77	8	1	60	0.247	
77	8	1	60	0.189	
77	8	1	60	0.188	
77	8	1	60	0.189	
78	8	1	67	0.159	
78	8	1	69	0.117	
78	8	1	63	0.166	
78	8	1	65	0.167	
78	8	1	66	0.156	
79	8	1	60	0.243	
79	8	1	60	0.285	
79	8	1	61	0.271	
79	8	1	60	0.253	
79	8	1	60	0.263	
80	8	1	68	0.167	
80	8	1	80	0.126	
80	8	1	66	0.134	
80	8	1	69	0.097	
80	8	1	65	0.122	
81	8	1	67	0.145	
81	8	1	70	0.139	
81	8	1	59	0.156	
81	8	1	60	0.127	
81	8	1	60	0.149	
82	8	1	80	0.087	
82	8	1	72	0.054	
82	8	1	64	0.087	
82	8	1	75	0.069	
82	8	1	94	0.103	
83	8	1	61	0.223	
83	8	1	61	0.223	
83	8	1	61	0.185	
83	8	1	61	0.184	
83	8	1	61	0.184	
84	8	1	60	0.232	
84	8	1	60	0.212	
84	8	1	59	0.185	
84	8	1	59	0.196	
84	8	1	59	0.179	
85	8	1	77	0.153	
85	8	1	68	0.150	
85	8	1	64	0.099	
85	8	1	63	0.111	
85	8	1	63	0.135	
86	8	1	86	0.128	
86	8	1	81	0.148	
86	8	1	64	0.126	
86	8	0	50	0.000	
86	8	1	64	0.164	
87	8	1	59	0.262	
87	8	1	60	0.244	
87	8	1	59	0.226	
87	8	1	60	0.302	
87	8	1	59	0.228	
88	8	1	60	0.241	
88	8	1	60	0.245	
88	8	1	60	0.262	
88	8	1	61	0.262	
88	8	1	60	0.262	
89	8	1	63	0.154	
89	8	1	62	0.168	
89	8	1	60	0.124	
89	8	1	63	0.126	
89	8	1	60	0.141	
90	8	1	60	0.316	
90	8	1	60	0.210	
90	8	1	60	0.212	
90	8	1	60	0.278	
90	8	1	60	0.278	
91	8	1	63	0.250	
91	8	1	63	0.251	
91	8	1	63	0.226	
91	8	1	63	0.153	
91	8	1	63	0.226	
92	8	1	60	0.186	
92	8	1	60	0.188	
92	8	1	59	0.136	
92	8	1	60	0.142	
92	8	1	59	0.150	
93	8	1	59	0.792	
93	8	1	59	0.792	
93	8	1	59	0.792	
93	8	1	59	0.792	
93	8	1	59	0.792	
94	8	1	59	0.385	
94	8	1	59	0.385	
94	8	1	59	0.385	
94	8	1	59	0.385	
94	8	1	59	0.385	
95	8	1	62	0.173	
95	8	1	64	0.184	
95	8	1	60	0.153	
95	8	1	60	0.159	
95	8	1	59	0.162	
96	8	1	65	0.211	
96	8	1	66	0.158	
96	8	1	64	0.119	
96	8	1	71	0.144	
96	8	1	64	0.127	
97	8	1	60	0.075	
97	8	1	67	0.130	
97	8	1	59	0.098	
97	8	1	59	0.098	
97	8	1	61	0.092	
98	8	1	67	0.202	
98	8	1	70	0.160	
98	8	1	60	0.138	
98	8	1	61	0.141	
98	8	1	62	0.130	
99	8	1	70	0.159	
99	8	1	71	0.165	
99	8	1	96	0.105	
99	8	1	29	0.232	
99	8	1	74	0.095	
100	8	1	63	0.210	
100	8	1	62	0.195	
100	8	1	60	0.140	
100	8	1	61	0.147	
100	8	1	60	0.140	
101	8	1	60	0.196	
101	8	1	60	0.218	
101	8	1	65	0.237	
101	8	1	59	0.222	
101	8	1	60	0.171	
102	8	1	63	0.164	
102	8	1	61	0.177	
102	8	1	61	0.109	
102	8	1	61	0.164	
102	8	1	61	0.157	
103	8	1	82	0.112	
103	8	1	74	0.132	
103	8	1	66	0.150	
103	8	1	68	0.145	
103	8	1	65	0.126	
104	8	1	69	0.091	
104	8	1	73	0.115	
104	8	1	76	0.101	
104	8	1	62	0.113	
104	8	1	65	0.126	
105	8	1	69	0.124	
105	8	1	72	0.141	
105	8	1	68	0.120	
105	8	1	67	0.125	
105	8	1	71	0.188	
106	8	1	66	0.179	
106	8	1	68	0.187	
106	8	1	62	0.156	
106	8	1	63	0.131	
106	8	1	63	0.146	
107	8	1	63	0.270	
107	8	1	63	0.221	
107	8	1	62	0.199	
107	8	1	62	0.168	
107	8	1	62	0.113	
108	8	1	59	0.194	
108	8	1	59	0.193	
108	8	1	59	0.292	
108	8	1	59	0.194	
108	8	1	59	0.292	
109	8	1	66	0.228	
109	8	1	66	0.153	
109	8	1	70	0.208	
109	8	1	75	0.169	
109	8	1	62	0.185	
110	8	1	64	0.192	
110	8	1	62	0.189	
110	8	1	61	0.156	
110	8	1	62	0.180	
110	8	1	61	0.179	
111	8	1	108	0.074	
111	8	1	105	0.099	
111	8	1	52	0.100	
111	8	1	52	0.101	
111	8	1	82	0.108	
112	8	1	81	0.056	
112	8	1	87	0.058	
112	8	1	69	0.073	
112	8	1	39	0.113	
112	8	1	62	0.088	
113	8	1	68	0.131	
113	8	1	69	0.149	
113	8	1	68	0.127	
113	8	1	79	0.118	
113	8	1	67	0.050	
114	8	1	79	0.104	
114	8	1	69	0.139	
114	8	1	131	0.104	
114	8	1	76	0.102	
114	8	1	67	0.125	
115	8	1	76	0.109	
115	8	1	72	0.085	
115	8	1	60	0.071	
115	8	1	34	0.151	
115	8	1	67	0.091	
116	8	1	62	0.230	
116	8	1	62	0.202	
116	8	1	61	0.160	
116	8	1	61	0.147	
116	8	1	61	0.149	
117	8	1	81	0.116	
117	8	1	84	0.169	
117	8	1	36	0.160	
117	8	1	69	0.137	
117	8	1	73	0.133	
118	8	1	83	0.154	
118	8	1	82	0.160	
118	8	1	67	0.095	
118	8	1	68	0.138	
118	8	1	66	0.126	
119	8	1	41	0.117	
119	8	1	76	0.169	
119	8	1	88	0.076	
119	8	1	82	0.130	
119	8	1	84	0.039	
120	8	1	76	0.173	
120	8	1	74	0.197	
120	8	1	69	0.112	
120	8	1	71	0.128	
120	8	1	69	0.134	
121	8	1	66	0.120	
121	8	1	63	0.122	
121	8	1	65	0.110	
121	8	1	65	0.118	
121	8	1	65	0.090	
122	8	1	61	0.224	
122	8	1	63	0.176	
122	8	1	61	0.171	
122	8	1	61	0.129	
122	8	1	61	0.176	
123	8	1	71	0.116	
123	8	1	74	0.136	
123	8	1	66	0.119	
123	8	1	67	0.099	
123	8	1	73	0.099	
124	8	1	93	0.132	
124	8	1	79	0.136	
124	8	1	80	0.107	
124	8	1	68	0.161	
124	8	1	68	0.158	
125	8	1	69	0.158	
125	8	1	65	0.158	
125	8	1	65	0.158	
125	8	1	62	0.146	
125	8	1	62	0.200	
126	8	1	69	0.126	
126	8	1	65	0.125	
126	8	1	64	0.099	
126	8	1	64	0.086	
126	8	1	63	0.102	
127	8	1	72	0.146	
127	8	1	124	0.125	
127	8	1	69	0.107	
127	8	1	66	0.135	
127	8	1	64	0.136	
128	8	1	60	0.251	
128	8	1	60	0.280	
128	8	1	59	0.184	
128	8	1	59	0.149	
128	8	1	59	0.158	
129	8	1	79	0.148	
129	8	1	75	0.099	
129	8	1	29	0.116	
129	8	1	30	0.118	
129	8	1	74	0.120	
130	8	1	61	0.203	
130	8	1	61	0.265	
130	8	1	60	0.201	
130	8	1	65	0.198	
130	8	1	63	0.199	
131	8	1	69	0.208	
131	8	1	62	0.120	
131	8	1	62	0.146	
131	8	1	62	0.179	
131	8	1	63	0.154	
132	8	1	66	0.157	
132	8	1	62	0.138	
132	8	1	63	0.153	
132	8	1	62	0.187	
132	8	1	62	0.154	
133	8	1	69	0.178	
133	8	1	96	0.171	
133	8	1	63	0.154	
133	8	1	63	0.168	
133	8	1	67	0.101	
134	8	1	68	0.130	
134	8	1	82	0.170	
134	8	1	61	0.104	
134	8	1	61	0.133	
134	8	1	61	0.133	
135	8	1	62	0.198	
135	8	1	62	0.198	
135	8	1	60	0.199	
135	8	1	60	0.199	
135	8	1	60	0.199	
136	8	1	79	0.111	
136	8	1	75	0.120	
136	8	1	73	0.100	
136	8	1	76	0.131	
136	8	1	71	0.113	
137	8	1	109	0.054	
137	8	1	95	0.099	
137	8	1	67	0.067	
137	8	1	146	0.069	
137	8	1	73	0.100	
138	8	1	93	0.088	
138	8	1	76	0.119	
138	8	1	74	0.088	
138	8	1	74	0.081	
138	8	1	77	0.089	
139	8	1	65	0.145	
139	8	1	67	0.162	
139	8	1	62	0.153	
139	8	1	60	0.180	
139	8	1	64	0.149	
140	8	1	72	0.108	
140	8	1	70	0.105	
140	8	1	65	0.107	
140	8	1	67	0.063	
140	8	1	73	0.097	
141	8	1	65	0.131	
141	8	1	65	0.144	
141	8	1	61	0.135	
141	8	1	61	0.146	
141	8	1	59	0.160	
142	8	1	100	0.127	
142	8	1	67	0.114	
142	8	1	60	0.081	
142	8	1	63	0.132	
142	8	1	60	0.083	
143	8	1	71	0.144	
143	8	1	70	0.112	
143	8	1	67	0.163	
143	8	1	96	0.070	
143	8	1	98	0.063	
144	8	1	70	0.112	
144	8	1	65	0.107	
144	8	1	61	0.058	
144	8	1	62	0.071	
144	8	1	62	0.124	
145	8	1	60	0.170	
145	8	1	60	0.208	
145	8	1	60	0.128	
145	8	1	60	0.131	
145	8	1	59	0.153	
146	8	1	62	0.302	
146	8	1	61	0.233	
146	8	1	61	0.199	
146	8	1	61	0.212	
146	8	1	61	0.278	
147	8	1	64	0.119	
147	8	1	65	0.111	
147	8	1	59	0.149	
147	8	1	63	0.122	
147	8	1	60	0.139	
148	8	1	69	0.096	
148	8	1	71	0.095	
148	8	1	60	0.050	
148	8	1	60	0.050	
148	8	1	60	0.050	
149	8	1	65	0.175	
149	8	1	64	0.166	
149	8	1	63	0.134	
149	8	1	64	0.144	
149	8	1	63	0.113	
150	8	1	77	0.099	
150	8	1	82	0.109	
150	8	1	64	0.109	
150	8	1	66	0.091	
150	8	1	90	0.073	
151	8	1	63	0.114	
151	8	1	62	0.125	
151	8	1	67	0.113	
151	8	1	62	0.125	
151	8	1	62	0.111	
152	8	1	65	0.196	
152	8	1	65	0.245	
152	8	1	61	0.234	
152	8	1	61	0.098	
152	8	1	61	0.207	
153	8	1	55	0.103	
153	8	1	50	0.102	
153	8	1	45	0.045	
153	8	1	60	0.052	
153	8	1	60	0.043	
154	8	1	66	0.150	
154	8	1	66	0.128	
154	8	1	65	0.120	
154	8	1	66	0.122	
154	8	1	65	0.132	
155	8	1	60	0.170	
155	8	1	61	0.165	
155	8	1	60	0.127	
155	8	1	61	0.154	
155	8	1	60	0.133	
156	8	1	62	0.212	
156	8	1	62	0.216	
156	8	1	60	0.117	
156	8	1	60	0.131	
156	8	1	60	0.123	
157	8	1	75	0.069	
157	8	1	63	0.098	
157	8	1	63	0.088	
157	8	1	63	0.111	
157	8	1	62	0.062	
158	8	1	76	0.089	
158	8	1	82	0.085	
158	8	1	94	0.084	
158	8	1	74	0.078	
158	8	1	78	0.063	
159	8	1	60	0.227	
159	8	1	60	0.193	
159	8	1	59	0.189	
159	8	1	59	0.138	
159	8	1	59	0.241	
160	8	1	104	0.090	
160	8	1	70	0.103	
160	8	1	60	0.100	
160	8	1	60	0.103	
160	8	1	60	0.109	
161	8	1	60	0.195	
161	8	1	60	0.166	
161	8	1	60	0.171	
161	8	1	59	0.159	
161	8	1	59	0.162	
162	8	1	67	0.118	
162	8	1	74	0.117	
162	8	1	61	0.157	
162	8	1	66	0.140	
162	8	1	68	0.133	
163	8	1	70	0.115	
163	8	1	72	0.121	
163	8	1	64	0.117	
163	8	1	66	0.087	
163	8	1	73	0.104	
164	8	1	67	0.153	
164	8	1	80	0.151	
164	8	1	60	0.101	
164	8	1	60	0.162	
164	8	1	60	0.162	
165	8	1	74	0.122	
165	8	1	80	0.107	
165	8	1	63	0.072	
165	8	1	67	0.110	
165	8	1	63	0.120	
166	8	1	69	0.125	
166	8	1	66	0.098	
166	8	1	60	0.109	
166	8	1	118	0.127	
166	8	1	61	0.107	
167	8	1	32	0.062	
167	8	1	31	0.050	
167	8	1	32	0.064	
167	8	1	28	0.037	
167	8	1	27	0.045	
168	8	1	73	0.109	
168	8	1	79	0.178	
168	8	1	64	0.176	
168	8	1	66	0.110	
168	8	1	71	0.112	
169	8	1	116	0.049	
169	8	1	131	0.092	
169	8	1	40	0.117	
169	8	1	40	0.094	
169	8	1	64	0.038	
170	8	1	75	0.103	
170	8	1	82	0.152	
170	8	1	60	0.162	
170	8	1	60	0.114	
170	8	1	60	0.114	
171	8	1	80	0.110	
171	8	1	71	0.120	
171	8	1	80	0.112	
171	8	1	67	0.111	
171	8	1	78	0.089	
172	8	1	79	0.075	
172	8	1	75	0.069	
172	8	1	61	0.050	
172	8	1	61	0.086	
172	8	1	67	0.069	
173	8	1	81	0.150	
173	8	1	73	0.145	
173	8	1	65	0.135	
173	8	1	65	0.152	
173	8	1	64	0.114	
174	8	1	63	0.133	
174	8	1	64	0.153	
174	8	1	61	0.131	
174	8	1	61	0.123	
174	8	1	61	0.110	
175	8	1	87	0.065	
175	8	1	83	0.073	
175	8	1	64	0.106	
175	8	1	63	0.059	
175	8	1	64	0.035	
176	8	1	72	0.190	
176	8	1	81	0.172	
176	8	1	68	0.158	
176	8	1	68	0.157	
176	8	1	68	0.144	
177	8	1	76	0.146	
177	8	1	84	0.162	
177	8	1	65	0.111	
177	8	1	64	0.109	
177	8	1	64	0.130	
178	8	1	64	0.100	
178	8	1	63	0.122	
178	8	1	61	0.101	
178	8	1	61	0.131	
178	8	1	62	0.104	
179	8	1	68	0.183	
179	8	1	65	0.104	
179	8	1	63	0.131	
179	8	1	62	0.122	
179	8	1	66	0.096	
180	8	1	80	0.086	
180	8	1	81	0.091	
180	8	1	70	0.102	
180	8	1	73	0.101	
180	8	1	83	0.099	
181	8	1	78	0.099	
181	8	1	70	0.093	
181	8	1	74	0.098	
181	8	1	66	0.078	
181	8	1	64	0.089	
182	8	1	88	0.062	
182	8	1	79	0.083	
182	8	1	74	0.072	
182	8	1	63	0.073	
182	8	1	63	0.049	
183	8	1	80	0.122	
183	8	1	73	0.151	
183	8	1	70	0.129	
183	8	1	70	0.123	
183	8	1	64	0.130	
184	8	1	65	0.143	
184	8	1	69	0.172	
184	8	1	65	0.154	
184	8	1	75	0.121	
184	8	1	69	0.180	
185	8	1	67	0.091	
185	8	1	66	0.122	
185	8	1	63	0.147	
185	8	1	63	0.148	
185	8	1	63	0.153	
186	8	1	69	0.118	
186	8	1	68	0.099	
186	8	1	67	0.118	
186	8	1	70	0.096	
186	8	1	81	0.095	
187	8	1	69	0.105	
187	8	1	71	0.104	
187	8	1	61	0.130	
187	8	1	62	0.097	
187	8	1	61	0.108	
188	8	1	73	0.099	
188	8	1	79	0.088	
188	8	1	65	0.086	
188	8	1	64	0.077	
188	8	1	64	0.100	
189	8	1	67	0.102	
189	8	1	72	0.098	
189	8	1	60	0.117	
189	8	1	60	0.107	
189	8	1	60	0.110	
190	8	1	73	0.141	
190	8	1	74	0.159	
190	8	1	64	0.116	
190	8	1	73	0.127	
190	8	1	65	0.133	
191	8	1	82	0.093	
191	8	1	84	0.068	
191	8	1	75	0.090	
191	8	1	76	0.072	
191	8	1	69	0.106	
192	8	1	81	0.119	
192	8	1	141	0.076	
192	8	1	28	0.162	
192	8	1	82	0.082	
192	8	1	28	0.162	
193	8	1	67	0.108	
193	8	1	78	0.088	
193	8	1	82	0.087	
193	8	1	62	0.076	
193	8	1	63	0.101	
194	8	1	75	0.102	
194	8	1	75	0.125	
194	8	1	63	0.110	
194	8	1	39	0.119	
194	8	1	63	0.075	
195	8	1	71	0.098	
195	8	1	74	0.096	
195	8	1	63	0.102	
195	8	1	63	0.094	
195	8	1	62	0.108	
196	8	1	68	0.103	
196	8	1	62	0.089	
196	8	1	71	0.085	
196	8	1	46	0.102	
196	8	1	62	0.095	
197	8	1	82	0.107	
197	8	1	89	0.140	
197	8	1	66	0.124	
197	8	1	69	0.117	
197	8	1	68	0.117	
198	8	1	65	0.142	
198	8	1	79	0.113	
198	8	1	61	0.106	
198	8	1	61	0.086	
198	8	1	61	0.084	
199	8	1	69	0.059	
199	8	1	121	0.038	
199	8	1	66	0.090	
199	8	1	65	0.070	
199	8	1	63	0.065	
200	8	1	77	0.175	
200	8	1	69	0.151	
200	8	1	60	0.142	
200	8	1	60	0.149	
200	8	1	60	0.117	
201	8	1	66	0.093	
201	8	1	67	0.100	
201	8	1	63	0.101	
201	8	1	63	0.109	
201	8	1	65	0.101	
202	8	1	61	0.141	
202	8	1	67	0.155	
202	8	1	65	0.143	
202	8	1	71	0.141	
202	8	1	70	0.142	
203	8	1	81	0.084	
203	8	1	76	0.117	
203	8	1	78	0.120	
203	8	1	73	0.099	
203	8	1	74	0.080	
204	8	1	79	0.114	
204	8	1	76	0.121	
204	8	1	65	0.114	
204	8	1	63	0.111	
204	8	1	64	0.135	
205	8	1	96	0.107	
205	8	1	80	0.110	
205	8	1	105	0.085	
205	8	1	61	0.117	
205	8	1	98	0.054	
206	8	1	69	0.095	
206	8	1	68	0.101	
206	8	1	62	0.086	
206	8	1	62	0.099	
206	8	1	61	0.108	
207	8	1	77	0.133	
207	8	1	77	0.099	
207	8	1	68	0.110	
207	8	1	39	0.135	
207	8	1	65	0.124	
208	8	1	75	0.057	
208	8	1	68	0.090	
208	8	1	61	0.111	
208	8	1	63	0.097	
208	8	1	63	0.109	
209	8	1	69	0.104	
209	8	1	66	0.142	
209	8	1	66	0.126	
209	8	1	65	0.168	
209	8	1	67	0.140	
210	8	1	88	0.127	
210	8	1	250	0.047	
210	8	1	66	0.121	
210	8	1	62	0.105	
210	8	1	62	0.121	
211	8	1	71	0.137	
211	8	1	63	0.085	
211	8	1	69	0.083	
211	8	1	63	0.085	
211	8	0	55	0.009	
212	8	1	60	0.098	
212	8	1	60	0.098	
212	8	1	61	0.114	
212	8	1	62	0.111	
212	8	1	61	0.114	
213	8	1	126	0.114	
213	8	1	70	0.100	
213	8	1	93	0.093	
213	8	1	65	0.103	
213	8	1	63	0.105	
214	8	1	90	0.052	
214	8	1	82	0.110	
214	8	1	68	0.062	
214	8	1	70	0.075	
214	8	1	80	0.073	
215	8	1	67	0.152	
215	8	1	66	0.148	
215	8	1	65	0.158	
215	8	1	63	0.128	
215	8	1	66	0.143	
216	8	1	70	0.141	
216	8	1	69	0.114	
216	8	1	63	0.146	
216	8	1	64	0.101	
216	8	1	63	0.121	
217	8	1	83	0.088	
217	8	1	80	0.104	
217	8	1	64	0.123	
217	8	1	67	0.083	
217	8	1	67	0.103	
218	8	1	67	0.117	
218	8	1	67	0.082	
218	8	1	82	0.072	
218	8	1	63	0.087	
218	8	1	75	0.066	
219	8	1	65	0.104	
219	8	1	65	0.116	
219	8	1	64	0.125	
219	8	1	66	0.101	
219	8	1	65	0.120	
220	8	1	41	0.062	
220	8	1	51	0.066	
220	8	1	40	0.047	
220	8	1	41	0.060	
220	8	1	50	0.087	
221	8	1	79	0.074	
221	8	1	86	0.061	
221	8	1	80	0.060	
221	8	1	42	0.097	
221	8	1	64	0.061	
222	8	1	78	0.115	
222	8	1	74	0.117	
222	8	1	29	0.135	
222	8	1	66	0.115	
222	8	1	66	0.090	
223	8	1	44	0.141	
223	8	1	68	0.120	
223	8	1	62	0.118	
223	8	1	64	0.124	
223	8	1	63	0.106	
224	8	1	70	0.072	
224	8	1	76	0.096	
224	8	1	66	0.097	
224	8	1	37	0.109	
224	8	1	65	0.106	
225	8	1	67	0.086	
225	8	1	70	0.084	
225	8	1	64	0.116	
225	8	1	64	0.075	
225	8	1	63	0.112	
226	8	1	113	0.146	
226	8	1	61	0.147	
226	8	1	115	0.139	
226	8	1	119	0.147	
226	8	1	60	0.142	
227	8	1	73	0.115	
227	8	1	71	0.120	
227	8	1	67	0.101	
227	8	1	65	0.131	
227	8	1	66	0.115	
228	8	1	50	0.121	
228	8	1	82	0.115	
228	8	1	50	0.123	
228	8	1	80	0.125	
228	8	1	50	0.115	
229	8	1	76	0.075	
229	8	1	80	0.092	
229	8	1	62	0.112	
229	8	1	63	0.101	
229	8	1	63	0.105	
230	8	1	67	0.101	
230	8	1	66	0.103	
230	8	1	66	0.097	
230	8	1	63	0.115	
230	8	1	69	0.082	
231	8	1	65	0.163	
231	8	1	63	0.107	
231	8	1	63	0.163	
231	8	1	62	0.169	
231	8	1	63	0.206	
232	8	1	68	0.122	
232	8	1	71	0.128	
232	8	1	62	0.117	
232	8	1	62	0.106	
232	8	1	62	0.113	
233	8	1	60	0.287	
233	8	1	60	0.338	
233	8	1	59	0.179	
233	8	1	60	0.189	
233	8	1	59	0.179	
234	8	1	62	0.083	
234	8	1	202	0.085	
234	8	1	61	0.075	
234	8	1	66	0.093	
234	8	1	78	0.074	
235	8	1	74	0.059	
235	8	1	77	0.080	
235	8	1	68	0.109	
235	8	1	76	0.115	
235	8	1	75	0.102	
236	8	1	66	0.199	
236	8	1	64	0.162	
236	8	1	61	0.156	
236	8	1	61	0.191	
236	8	1	61	0.169	
237	8	1	250	0.115	
237	8	1	82	0.071	
237	8	1	68	0.067	
237	8	1	62	0.072	
237	8	1	70	0.054	
238	8	1	78	0.084	
238	8	1	45	0.139	
238	8	1	45	0.108	
238	8	1	47	0.120	
238	8	1	45	0.122	
239	8	1	64	0.208	
239	8	1	64	0.209	
239	8	1	64	0.179	
239	8	1	64	0.219	
239	8	1	65	0.190	
240	8	1	70	0.170	
240	8	1	73	0.228	
240	8	1	66	0.160	
240	8	1	69	0.145	
240	8	1	69	0.127	
241	8	1	78	0.080	
241	8	1	73	0.127	
241	8	1	66	0.092	
241	8	1	65	0.097	
241	8	1	76	0.099	
242	8	1	73	0.078	
242	8	1	69	0.124	
242	8	1	63	0.089	
242	8	1	64	0.078	
242	8	1	62	0.098	
243	8	1	81	0.075	
243	8	1	86	0.075	
243	8	1	69	0.074	
243	8	1	69	0.074	
243	8	1	74	0.057	
244	8	1	74	0.065	
244	8	1	78	0.081	
244	8	1	64	0.099	
244	8	1	65	0.100	
244	8	1	64	0.083	
245	8	1	160	0.082	
245	8	1	71	0.080	
245	8	1	66	0.090	
245	8	1	80	0.053	
245	8	1	67	0.109	
246	8	1	72	0.042	
246	8	1	73	0.094	
246	8	1	64	0.061	
246	8	1	66	0.068	
246	8	1	64	0.087	
247	8	1	60	0.161	
247	8	1	61	0.226	
247	8	1	61	0.196	
247	8	1	60	0.118	
247	8	1	61	0.208	
248	8	1	72	0.148	
248	8	1	76	0.122	
248	8	1	39	0.133	
248	8	1	64	0.107	
248	8	1	65	0.116	
249	8	1	74	0.136	
249	8	1	74	0.129	
249	8	1	74	0.095	
249	8	1	66	0.108	
249	8	1	63	0.136	
250	8	1	81	0.078	
250	8	1	89	0.077	
250	8	1	60	0.101	
250	8	1	71	0.086	
250	8	1	64	0.098	
251	8	1	64	0.126	
251	8	1	63	0.124	
251	8	1	60	0.139	
251	8	1	60	0.147	
251	8	1	60	0.128	
252	8	1	68	0.114	
252	8	1	66	0.102	
252	8	1	59	0.118	
252	8	1	64	0.115	
252	8	1	60	0.125	
253	8	1	71	0.100	
253	8	1	78	0.103	
253	8	1	66	0.083	
253	8	1	64	0.069	
253	8	1	30	0.137	
254	8	1	78	0.119	
254	8	1	76	0.117	
254	8	1	71	0.054	
254	8	1	75	0.080	
254	8	1	70	0.139	
255	8	1	77	0.086	
255	8	1	32	0.241	
255	8	1	44	0.096	
255	8	1	78	0.058	
255	8	1	72	0.100	
256	8	1	85	0.102	
256	8	1	86	0.094	
256	8	1	62	0.068	
256	8	1	64	0.101	
256	8	1	63	0.106	
257	8	1	64	0.227	
257	8	1	61	0.201	
257	8	1	61	0.206	
257	8	1	61	0.207	
257	8	1	61	0.199	
258	8	1	90	0.054	
258	8	1	87	0.066	
258	8	1	69	0.051	
258	8	1	61	0.053	
258	8	1	61	0.064	
259	8	1	63	0.196	
259	8	1	70	0.186	
259	8	1	62	0.158	
259	8	1	62	0.142	
259	8	1	62	0.144	
260	8	1	44	0.137	
260	8	1	77	0.084	
260	8	1	83	0.092	
260	8	1	82	0.096	
260	8	1	83	0.068	
261	8	1	77	0.119	
261	8	1	71	0.128	
261	8	1	64	0.085	
261	8	1	61	0.116	
261	8	1	62	0.120	
262	8	1	93	0.115	
262	8	1	86	0.112	
262	8	1	77	0.061	
262	8	1	35	0.180	
262	8	1	35	0.162	
263	8	1	82	0.106	
263	8	1	70	0.107	
263	8	1	60	0.101	
263	8	1	60	0.101	
263	8	1	60	0.101	
264	8	1	82	0.103	
264	8	1	98	0.077	
264	8	1	64	0.091	
264	8	1	63	0.106	
264	8	1	64	0.109	
265	8	0	68	0.027	
265	8	1	84	0.079	
265	8	1	73	0.069	
265	8	1	91	0.082	
265	8	1	88	0.105	
266	8	1	83	0.110	
266	8	1	83	0.148	
266	8	1	93	0.054	
266	8	1	73	0.082	
266	8	1	105	0.051	
267	8	1	65	0.050	
267	8	1	72	0.088	
267	8	1	63	0.118	
267	8	1	63	0.092	
267	8	1	62	0.105	
268	8	1	82	0.100	
268	8	1	72	0.073	
268	8	1	77	0.088	
268	8	1	62	0.097	
268	8	1	63	0.097	
269	8	1	65	0.115	
269	8	1	69	0.119	
269	8	1	63	0.124	
269	8	1	64	0.116	
269	8	1	62	0.092	
270	8	1	64	0.192	
270	8	1	64	0.189	
270	8	1	61	0.195	
270	8	1	61	0.190	
270	8	1	61	0.192	
271	8	1	85	0.080	
271	8	1	85	0.063	
271	8	1	45	0.092	
271	8	1	72	0.053	
271	8	1	93	0.053	
272	8	1	57	0.036	
272	8	1	39	0.105	
272	8	1	35	0.109	
272	8	1	110	0.064	
272	8	1	76	0.121	
273	8	1	33	0.182	
273	8	1	94	0.111	
273	8	1	71	0.066	
273	8	1	72	0.067	
273	8	1	72	0.087	
274	8	1	60	0.187	
274	8	1	60	0.180	
274	8	1	59	0.153	
274	8	1	59	0.153	
274	8	1	59	0.150	
275	8	1	138	0.057	
275	8	1	88	0.062	
275	8	1	97	0.054	
275	8	1	64	0.056	
275	8	1	57	0.058	
276	8	1	40	0.080	
276	8	1	75	0.090	
276	8	1	78	0.070	
276	8	1	29	0.124	
276	8	0	57	0.001	
277	8	1	75	0.135	
277	8	1	80	0.131	
277	8	1	76	0.089	
277	8	1	64	0.095	
277	8	1	65	0.085	
278	8	1	78	0.096	
278	8	1	82	0.121	
278	8	1	70	0.099	
278	8	1	65	0.078	
278	8	1	66	0.080	
279	8	1	85	0.097	
279	8	1	85	0.096	
279	8	1	72	0.082	
279	8	1	69	0.070	
279	8	1	83	0.050	
280	8	1	81	0.092	
280	8	1	77	0.106	
280	8	1	64	0.056	
280	8	1	39	0.112	
280	8	1	70	0.103	
281	8	1	98	0.111	
281	8	1	93	0.114	
281	8	1	84	0.075	
281	8	1	79	0.100	
281	8	1	97	0.092	
282	8	1	128	0.083	
282	8	1	104	0.092	
282	8	1	91	0.073	
282	8	1	84	0.078	
282	8	1	90	0.105	
283	8	1	41	0.079	
283	8	1	45	0.072	
283	8	1	38	0.043	
283	8	1	31	0.098	
283	8	1	50	0.066	
284	8	1	72	0.131	
284	8	1	71	0.094	
284	8	1	68	0.110	
284	8	1	69	0.109	
284	8	1	79	0.092	
285	8	1	83	0.088	
285	8	1	92	0.100	
285	8	1	58	0.069	
285	8	1	88	0.091	
285	8	1	74	0.057	
286	8	1	72	0.089	
286	8	1	77	0.074	
286	8	1	77	0.042	
286	8	1	43	0.099	
286	8	1	72	0.049	
287	8	1	83	0.077	
287	8	1	89	0.094	
287	8	1	78	0.099	
287	8	1	67	0.085	
287	8	1	73	0.089	
288	8	1	78	0.073	
288	8	1	48	0.053	
288	8	1	69	0.100	
288	8	1	69	0.094	
288	8	1	69	0.088	
289	8	1	73	0.161	
289	8	1	74	0.138	
289	8	1	69	0.167	
289	8	1	68	0.149	
289	8	1	65	0.148	
290	8	1	76	0.117	
290	8	1	78	0.093	
290	8	1	72	0.136	
290	8	1	70	0.135	
290	8	1	64	0.094	
291	8	1	61	0.165	
291	8	1	61	0.147	
291	8	1	61	0.200	
291	8	1	61	0.182	
291	8	1	60	0.190	
292	8	1	83	0.104	
292	8	1	76	0.129	
292	8	1	70	0.074	
292	8	1	34	0.131	
292	8	1	69	0.119	
293	8	1	87	0.113	
293	8	1	78	0.116	
293	8	1	68	0.090	
293	8	1	80	0.108	
293	8	1	80	0.070	
294	8	1	76	0.119	
294	8	1	87	0.108	
294	8	1	79	0.103	
294	8	1	90	0.092	
294	8	1	107	0.080	
295	8	1	80	0.097	
295	8	1	83	0.086	
295	8	1	68	0.083	
295	8	1	77	0.056	
295	8	1	67	0.069	
296	8	1	68	0.103	
296	8	1	68	0.166	
296	8	1	62	0.114	
296	8	1	62	0.121	
296	8	1	64	0.097	
297	8	1	250	0.037	
297	8	1	106	0.050	
297	8	1	83	0.075	
297	8	1	71	0.075	
297	8	1	71	0.052	
298	8	1	81	0.078	
298	8	1	86	0.081	
298	8	1	66	0.117	
298	8	1	67	0.127	
298	8	1	82	0.097	
299	8	1	89	0.064	
299	8	1	101	0.066	
299	8	1	65	0.097	
299	8	1	106	0.080	
299	8	1	69	0.081	
0	9	1	71	0.203	
0	9	1	74	0.155	
0	9	1	71	0.182	
0	9	1	70	0.148	
0	9	1	73	0.166	
1	9	1	72	0.245	
1	9	1	75	0.183	
1	9	1	73	0.189	
1	9	1	71	0.193	
1	9	1	71	0.174	
2	9	1	69	0.084	
2	9	1	68	0.079	
2	9	1	74	0.116	
2	9	1	69	0.103	
2	9	1	70	0.122	
3	9	1	72	0.257	
3	9	1	68	0.178	
3	9	1	67	0.202	
3	9	1	68	0.239	
3	9	1	68	0.208	
4	9	1	97	0.105	
4	9	1	95	0.122	
4	9	1	86	0.075	
4	9	1	85	0.148	
4	9	1	80	0.056	
5	9	1	68	0.226	
5	9	1	68	0.226	
5	9	1	68	0.263	
5	9	1	68	0.261	
5	9	1	68	0.263	
6	9	1	76	0.246	
6	9	1	81	0.173	
6	9	1	134	0.092	
6	9	1	70	0.125	
6	9	1	71	0.156	
7	9	1	73	0.137	
7	9	1	76	0.071	
7	9	1	75	0.084	
7	9	1	74	0.098	
7	9	1	250	0.135	
8	9	1	77	0.158	
8	9	1	72	0.142	
8	9	1	71	0.150	
8	9	1	71	0.155	
8	9	1	70	0.174	
9	9	1	68	0.271	
9	9	1	68	0.207	
9	9	1	68	0.230	
9	9	1	68	0.204	
9	9	1	68	0.244	
10	9	1	68	0.224	
10	9	1	68	0.208	
10	9	1	68	0.185	
10	9	1	69	0.189	
10	9	1	69	0.190	
11	9	1	68	0.256	
11	9	1	68	0.256	
11	9	1	68	0.224	
11	9	1	68	0.224	
11	9	1	68	0.224	
12	9	1	93	0.190	
12	9	1	98	0.128	
12	9	1	70	0.127	
12	9	1	71	0.159	
12	9	1	69	0.122	
13	9	1	71	0.107	
13	9	1	75	0.105	
13	9	1	71	0.105	
13	9	1	70	0.111	
13	9	1	72	0.108	
14	9	1	70	0.236	
14	9	1	79	0.257	
14	9	1	69	0.176	
14	9	1	69	0.184	
14	9	1	69	0.179	
15	9	1	70	0.261	
15	9	1	70	0.264	
15	9	1	70	0.197	
15	9	1	70	0.182	
15	9	1	70	0.178	
16	9	1	74	0.210	
16	9	1	80	0.240	
16	9	1	73	0.170	
16	9	1	74	0.172	
16	9	1	74	0.136	
17	9	1	70	0.232	
17	9	1	70	0.216	
17	9	1	69	0.157	
17	9	1	69	0.147	
17	9	1	69	0.156	
18	9	1	69	0.250	
18	9	1	68	0.260	
18	9	1	68	0.194	
18	9	1	68	0.181	
18	9	1	68	0.177	
19	9	1	94	0.095	
19	9	1	85	0.126	
19	9	1	75	0.106	
19	9	1	80	0.101	
19	9	1	79	0.113	
20	9	1	68	0.161	
20	9	1	68	0.160	
20	9	1	68	0.153	
20	9	1	68	0.153	
20	9	1	68	0.161	
21	9	1	71	0.240	
21	9	1	70	0.260	
21	9	1	71	0.234	
21	9	1	70	0.243	
21	9	1	70	0.245	
22	9	1	69	0.094	
22	9	1	73	0.123	
22	9	1	68	0.154	
22	9	1	69	0.154	
22	9	1	69	0.159	
23	9	1	70	0.115	
23	9	1	70	0.115	
23	9	1	71	0.117	
23	9	1	70	0.168	
23	9	1	35	0.117	
24	9	1	73	0.181	
24	9	1	72	0.182	
24	9	1	72	0.123	
24	9	1	72	0.125	
24	9	1	71	0.125	
25	9	1	68	0.224	
25	9	1	68	0.224	
25	9	1	68	0.183	
25	9	1	68	0.181	
25	9	1	68	0.183	
26	9	1	69	0.212	
26	9	1	69	0.231	
26	9	1	69	0.162	
26	9	1	69	0.146	
26	9	1	69	0.172	
27	9	1	68	0.192	
27	9	1	69	0.194	
27	9	1	68	0.189	
27	9	1	68	0.189	
27	9	1	69	0.178	
28	9	1	68	0.300	
28	9	1	68	0.319	
28	9	1	68	0.193	
28	9	1	71	0.160	
28	9	1	68	0.199	
29	9	1	109	0.064	
29	9	1	108	0.073	
29	9	1	43	0.094	
29	9	1	48	0.083	
29	9	1	45	0.046	
30	9	1	77	0.144	
30	9	1	84	0.200	
30	9	1	74	0.195	
30	9	1	73	0.191	
30	9	1	73	0.127	
31	9	1	69	0.233	
31	9	1	69	0.236	
31	9	1	69	0.204	
31	9	1	69	0.234	
31	9	1	69	0.229	
32	9	1	68	0.257	
32	9	1	69	0.246	
32	9	1	69	0.208	
32	9	1	69	0.244	
32	9	1	68	0.239	
33	9	1	46	0.056	
33	9	1	37	0.062	
33	9	1	41	0.052	
33	9	1	41	0.055	
33	9	1	74	0.056	
34	9	1	69	0.266	
34	9	1	69	0.194	
34	9	1	69	0.246	
34	9	1	69	0.221	
34	9	1	69	0.257	
35	9	1	74	0.102	
35	9	1	70	0.108	
35	9	1	71	0.116	
35	9	1	69	0.113	
35	9	1	68	0.093	
36	9	1	69	0.199	
36	9	1	70	0.231	
36	9	1	67	0.225	
36	9	1	67	0.225	
36	9	1	67	0.225	
37	9	1	88	0.133	
37	9	1	82	0.116	
37	9	1	71	0.137	
37	9	1	71	0.146	
37	9	1	70	0.136	
38	9	1	81	0.130	
38	9	1	81	0.108	
38	9	1	71	0.096	
38	9	1	71	0.105	
38	9	1	71	0.138	
39	9	1	68	0.168	
39	9	1	71	0.175	
39	9	1	68	0.188	
39	9	1	69	0.174	
39	9	1	69	0.154	
40	9	1	67	0.352	
40	9	1	67	0.352	
40	9	1	67	0.352	
40	9	1	67	0.352	
40	9	1	67	0.342	
41	9	1	68	0.289	
41	9	1	68	0.293	
41	9	1	67	0.219	
41	9	1	67	0.215	
41	9	1	67	0.220	
42	9	1	67	0.656	
42	9	1	67	0.656	
42	9	1	67	0.672	
42	9	1	67	0.656	
42	9	1	67	0.656	
43	9	1	79	0.187	
43	9	1	74	0.179	
43	9	1	87	0.120	
43	9	1	73	0.122	
43	9	1	89	0.122	
44	9	1	125	0.104	
44	9	1	75	0.143	
44	9	1	74	0.124	
44	9	1	71	0.097	
44	9	1	78	0.104	
45	9	1	78	0.048	
45	9	1	76	0.095	
45	9	1	70	0.105	
45	9	1	69	0.133	
45	9	1	69	0.117	
46	9	1	87	0.085	
46	9	1	85	0.099	
46	9	1	75	0.131	
46	9	1	78	0.095	
46	9	1	79	0.105	
47	9	1	80	0.062	
47	9	1	77	0.090	
47	9	1	82	0.083	
47	9	1	72	0.087	
47	9	1	82	0.084	
48	9	1	77	0.159	
48	9	1	76	0.173	
48	9	1	88	0.177	
48	9	1	74	0.155	
48	9	1	79	0.139	
49	9	1	82	0.176	
49	9	1	84	0.156	
49	9	1	71	0.145	
49	9	1	71	0.117	
49	9	1	71	0.128	
50	9	1	74	0.249	
50	9	1	75	0.213	
50	9	1	74	0.173	
50	9	1	74	0.154	
50	9	1	75	0.153	
51	9	1	70	0.249	
51	9	1	74	0.188	
51	9	1	74	0.188	
51	9	1	69	0.248	
51	9	1	76	0.234	
52	9	1	69	0.128	
52	9	1	69	0.145	
52	9	1	69	0.144	
52	9	1	69	0.151	
52	9	1	69	0.154	
53	9	1	73	0.164	
53	9	1	73	0.160	
53	9	1	72	0.164	
53	9	1	72	0.168	
53	9	1	72	0.174	
54	9	1	68	0.289	
54	9	1	68	0.301	
54	9	1	68	0.290	
54	9	1	68	0.301	
54	9	1	68	0.301	
55	9	1	74	0.112	
55	9	1	74	0.112	
55	9	1	70	0.125	
55	9	1	73	0.116	
55	9	1	71	0.100	
56	9	1	72	0.242	
56	9	1	72	0.256	
56	9	1	72	0.247	
56	9	1	71	0.219	
56	9	1	71	0.246	
57	9	1	81	0.113	
57	9	1	92	0.079	
57	9	1	77	0.137	
57	9	1	74	0.094	
57	9	1	77	0.092	
58	9	1	100	0.136	
58	9	1	88	0.145	
58	9	1	84	0.055	
58	9	1	80	0.089	
58	9	1	81	0.115	
59	9	1	123	0.073	
59	9	1	51	0.002	
59	9	1	76	0.075	
59	9	1	71	0.076	
59	9	1	71	0.083	
60	9	1	84	0.098	
60	9	1	72	0.099	
60	9	1	68	0.102	
60	9	1	71	0.101	
60	9	1	70	0.107	
61	9	1	68	0.392	
61	9	1	68	0.392	
61	9	1	68	0.392	
61	9	1	67	0.401	
61	9	1	67	0.401	
62	9	1	95	0.065	
62	9	1	90	0.083	
62	9	1	75	0.074	
62	9	1	73	0.108	
62	9	1	74	0.091	
63	9	1	70	0.141	
63	9	1	75	0.172	
63	9	1	71	0.155	
63	9	1	70	0.171	
63	9	1	74	0.140	
64	9	1	72	0.180	
64	9	1	72	0.171	
64	9	1	71	0.135	
64	9	1	71	0.128	
64	9	1	71	0.134	
65	9	1	68	0.214	
65	9	1	68	0.233	
65	9	1	68	0.227	
65	9	1	68	0.238	
65	9	1	68	0.240	
66	9	1	77	0.125	
66	9	1	81	0.143	
66	9	1	70	0.143	
66	9	1	70	0.172	
66	9	1	70	0.151	
67	9	1	67	0.345	
67	9	1	67	0.362	
67	9	1	67	0.362	
67	9	1	67	0.362	
67	9	1	67	0.345	
68	9	1	71	0.224	
68	9	1	70	0.201	
68	9	1	71	0.177	
68	9	1	71	0.186	
68	9	1	71	0.203	
69	9	1	74	0.112	
69	9	1	77	0.133	
69	9	1	74	0.158	
69	9	1	69	0.129	
69	9	1	70	0.155	
70	9	1	71	0.173	
70	9	1	71	0.219	
70	9	1	72	0.293	
70	9	1	71	0.220	
70	9	1	71	0.198	
71	9	1	68	0.233	
71	9	1	70	0.233	
71	9	1	68	0.179	
71	9	1	68	0.150	
71	9	1	68	0.149	
72	9	1	68	0.195	
72	9	1	67	0.229	
72	9	1	67	0.229	
72	9	1	67	0.229	
72	9	1	68	0.188	
73	9	1	79	0.222	
73	9	1	73	0.213	
73	9	1	71	0.198	
73	9	1	70	0.189	
73	9	1	70	0.158	
74	9	1	75	0.199	
74	9	1	70	0.212	
74	9	1	69	0.182	
74	9	1	69	0.161	
74	9	1	68	0.153	
75	9	1	67	0.353	
75	9	1	67	0.357	
75	9	1	67	0.357	
75	9	1	67	0.357	
75	9	1	67	0.357	
76	9	1	73	0.177	
76	9	1	74	0.184	
76	9	1	70	0.188	
76	9	1	71	0.125	
76	9	1	71	0.161	
77	9	1	68	0.208	
77	9	1	68	0.208	
77	9	1	68	0.198	
77	9	1	68	0.188	
77	9	1	68	0.186	
78	9	1	38	0.141	
78	9	1	84	0.109	
78	9	1	71	0.133	
78	9	1	71	0.142	
78	9	1	71	0.127	
79	9	1	69	0.245	
79	9	1	70	0.227	
79	9	1	68	0.229	
79	9	1	68	0.207	
79	9	1	68	0.229	
80	9	1	74	0.152	
80	9	1	31	0.138	
80	9	1	72	0.150	
80	9	1	72	0.136	
80	9	1	73	0.125	
81	9	1	75	0.125	
81	9	1	70	0.131	
81	9	1	69	0.129	
81	9	1	69	0.152	
81	9	1	69	0.140	
82	9	1	73	0.105	
82	9	1	82	0.084	
82	9	1	68	0.086	
82	9	1	69	0.086	
82	9	1	74	0.072	
83	9	1	70	0.241	
83	9	1	70	0.252	
83	9	1	70	0.228	
83	9	1	70	0.248	
83	9	1	70	0.188	
84	9	1	68	0.171	
84	9	1	68	0.210	
84	9	1	68	0.173	
84	9	1	68	0.173	
84	9	1	68	0.173	
85	9	1	74	0.171	
85	9	1	78	0.131	
85	9	1	73	0.111	
85	9	1	73	0.175	
85	9	1	72	0.185	
86	9	1	84	0.121	
86	9	1	81	0.112	
86	9	1	73	0.158	
86	9	1	76	0.162	
86	9	1	74	0.154	
87	9	1	69	0.324	
87	9	1	68	0.257	
87	9	1	69	0.281	
87	9	1	68	0.263	
87	9	1	69	0.306	
88	9	1	68	0.292	
88	9	1	69	0.243	
88	9	1	68	0.249	
88	9	1	68	0.273	
88	9	1	68	0.239	
89	9	1	69	0.149	
89	9	1	69	0.149	
89	9	1	69	0.172	
89	9	1	75	0.073	
89	9	1	69	0.137	
90	9	1	68	0.221	
90	9	1	69	0.268	
90	9	1	69	0.215	
90	9	1	68	0.190	
90	9	1	68	0.224	
91	9	1	72	0.241	
91	9	1	71	0.233	
91	9	1	71	0.187	
91	9	1	71	0.195	
91	9	1	71	0.227	
92	9	1	68	0.116	
92	9	1	68	0.180	
92	9	1	69	0.139	
92	9	1	68	0.150	
92	9	1	68	0.134	
93	9	1	67	0.797	
93	9	1	67	0.797	
93	9	1	67	0.797	
93	9	1	67	0.797	
93	9	1	67	0.793	
94	9	1	68	0.400	
94	9	1	67	0.372	
94	9	1	67	0.372	
94	9	1	67	0.372	
94	9	1	67	0.372	
95	9	1	71	0.194	
95	9	1	69	0.185	
95	9	1	68	0.167	
95	9	1	68	0.192	
95	9	1	68	0.187	
96	9	1	76	0.213	
96	9	1	76	0.229	
96	9	1	73	0.127	
96	9	1	74	0.139	
96	9	1	74	0.143	
97	9	1	69	0.131	
97	9	1	69	0.110	
97	9	1	92	0.131	
97	9	1	70	0.090	
97	9	1	68	0.100	
98	9	1	70	0.154	
98	9	1	69	0.149	
98	9	1	71	0.122	
98	9	1	69	0.122	
98	9	1	69	0.132	
99	9	1	89	0.114	
99	9	1	80	0.146	
99	9	1	75	0.139	
99	9	1	75	0.111	
99	9	1	76	0.139	
100	9	1	71	0.206	
100	9	1	70	0.221	
100	9	1	69	0.182	
100	9	1	69	0.175	
100	9	1	69	0.164	
101	9	1	69	0.247	
101	9	1	68	0.277	
101	9	1	68	0.179	
101	9	1	68	0.160	
101	9	1	68	0.171	
102	9	1	75	0.159	
102	9	1	71	0.182	
102	9	1	70	0.162	
102	9	1	70	0.144	
102	9	1	70	0.142	
103	9	1	82	0.130	
103	9	1	92	0.133	
103	9	1	74	0.104	
103	9	1	74	0.125	
103	9	1	73	0.103	
104	9	1	76	0.100	
104	9	1	82	0.121	
104	9	1	70	0.121	
104	9	1	69	0.101	
104	9	1	73	0.116	
105	9	1	86	0.148	
105	9	1	81	0.170	
105	9	1	72	0.146	
105	9	1	71	0.130	
105	9	1	73	0.101	
106	9	1	70	0.169	
106	9	1	70	0.163	
106	9	1	70	0.169	
106	9	1	70	0.167	
106	9	1	70	0.169	
107	9	1	71	0.191	
107	9	1	72	0.200	
107	9	1	71	0.169	
107	9	1	70	0.152	
107	9	1	71	0.211	
108	9	1	68	0.155	
108	9	1	68	0.155	
108	9	1	68	0.237	
108	9	1	68	0.237	
108	9	1	68	0.235	
109	9	1	74	0.197	
109	9	1	70	0.259	
109	9	1	69	0.144	
109	9	1	70	0.190	
109	9	1	69	0.138	
110	9	1	74	0.073	
110	9	1	73	0.126	
110	9	1	70	0.189	
110	9	1	70	0.154	
110	9	1	74	0.187	
111	9	1	108	0.076	
111	9	1	110	0.142	
111	9	1	92	0.113	
111	9	1	54	0.098	
111	9	1	98	0.087	
112	9	1	90	0.060	
112	9	1	89	0.058	
112	9	1	71	0.070	
112	9	1	69	0.074	
112	9	1	71	0.078	
113	9	1	94	0.135	
113	9	1	88	0.114	
113	9	1	79	0.135	
113	9	1	78	0.135	
113	9	1	80	0.152	
114	9	1	83	0.114	
114	9	1	92	0.067	
114	9	1	74	0.118	
114	9	1	71	0.082	
114	9	1	72	0.084	
115	9	1	69	0.129	
115	9	1	71	0.129	
115	9	1	69	0.094	
115	9	1	69	0.115	
115	9	1	69	0.106	
116	9	1	70	0.202	
116	9	1	70	0.200	
116	9	1	69	0.175	
116	9	1	69	0.179	
116	9	1	69	0.177	
117	9	1	88	0.117	
117	9	1	84	0.135	
117	9	1	95	0.116	
117	9	1	84	0.103	
117	9	1	78	0.124	
118	9	1	79	0.096	
118	9	1	78	0.135	
118	9	1	81	0.137	
118	9	1	79	0.133	
118	9	1	82	0.124	
119	9	1	85	0.127	
119	9	1	79	0.129	
119	9	1	78	0.095	
119	9	1	78	0.106	
119	9	1	84	0.109	
120	9	1	79	0.141	
120	9	1	77	0.110	
120	9	1	75	0.144	
120	9	1	73	0.112	
120	9	1	74	0.092	
121	9	1	73	0.118	
121	9	1	76	0.161	
121	9	1	75	0.122	
121	9	1	74	0.099	
121	9	1	98	0.088	
122	9	1	71	0.201	
122	9	1	78	0.171	
122	9	1	69	0.199	
122	9	1	69	0.202	
122	9	1	69	0.171	
123	9	1	89	0.147	
123	9	1	84	0.152	
123	9	1	73	0.111	
123	9	1	81	0.117	
123	9	1	72	0.076	
124	9	1	79	0.157	
124	9	1	86	0.139	
124	9	1	75	0.129	
124	9	1	80	0.147	
124	9	1	75	0.139	
125	9	1	79	0.111	
125	9	1	71	0.160	
125	9	1	81	0.123	
125	9	1	78	0.139	
125	9	1	74	0.180	
126	9	1	75	0.103	
126	9	1	76	0.089	
126	9	1	71	0.101	
126	9	1	74	0.096	
126	9	1	72	0.126	
127	9	1	80	0.131	
127	9	1	79	0.112	
127	9	1	73	0.126	
127	9	1	73	0.131	
127	9	1	79	0.145	
128	9	1	68	0.227	
128	9	1	68	0.269	
128	9	1	68	0.150	
128	9	1	68	0.136	
128	9	1	68	0.149	
129	9	1	76	0.212	
129	9	1	79	0.153	
129	9	1	74	0.106	
129	9	1	72	0.139	
129	9	1	73	0.131	
130	9	1	69	0.208	
130	9	1	73	0.226	
130	9	1	68	0.167	
130	9	1	68	0.151	
130	9	1	68	0.164	
131	9	1	75	0.161	
131	9	1	71	0.165	
131	9	1	71	0.164	
131	9	1	70	0.133	
131	9	1	70	0.136	
132	9	1	74	0.162	
132	9	1	73	0.180	
132	9	1	72	0.127	
132	9	1	71	0.139	
132	9	1	71	0.157	
133	9	1	76	0.128	
133	9	1	75	0.118	
133	9	1	78	0.122	
133	9	1	72	0.146	
133	9	1	84	0.126	
134	9	1	76	0.124	
134	9	1	78	0.176	
134	9	1	70	0.139	
134	9	1	70	0.160	
134	9	1	70	0.147	
135	9	1	69	0.275	
135	9	1	69	0.284	
135	9	1	68	0.215	
135	9	1	68	0.191	
135	9	1	69	0.214	
136	9	1	80	0.140	
136	9	1	84	0.120	
136	9	1	73	0.099	
136	9	1	70	0.130	
136	9	1	78	0.120	
137	9	1	88	0.102	
137	9	1	80	0.087	
137	9	1	94	0.071	
137	9	1	76	0.091	
137	9	1	54	0.111	
138	9	1	96	0.143	
138	9	1	88	0.124	
138	9	1	81	0.121	
138	9	1	80	0.119	
138	9	1	82	0.107	
139	9	1	72	0.132	
139	9	1	73	0.178	
139	9	1	68	0.155	
139	9	1	68	0.143	
139	9	1	68	0.129	
140	9	1	80	0.099	
140	9	1	79	0.113	
140	9	1	76	0.050	
140	9	1	76	0.059	
140	9	1	71	0.125	
141	9	1	68	0.151	
141	9	1	68	0.151	
141	9	1	71	0.156	
141	9	1	76	0.156	
141	9	1	72	0.156	
142	9	1	70	0.120	
142	9	1	69	0.097	
142	9	1	68	0.125	
142	9	1	68	0.058	
142	9	1	68	0.099	
143	9	1	78	0.152	
143	9	1	250	0.171	
143	9	1	80	0.149	
143	9	1	81	0.144	
143	9	1	74	0.168	
144	9	1	77	0.097	
144	9	1	75	0.086	
144	9	1	70	0.105	
144	9	1	70	0.117	
144	9	1	71	0.119	
145	9	1	69	0.183	
145	9	1	79	0.208	
145	9	1	72	0.205	
145	9	1	68	0.157	
145	9	1	68	0.181	
146	9	1	69	0.155	
146	9	1	70	0.253	
146	9	1	70	0.269	
146	9	1	70	0.181	
146	9	1	70	0.183	
147	9	1	79	0.099	
147	9	1	76	0.141	
147	9	1	68	0.111	
147	9	1	70	0.105	
147	9	1	70	0.106	
148	9	1	76	0.100	
148	9	1	70	0.100	
148	9	1	35	0.122	
148	9	1	73	0.108	
148	9	1	70	0.117	
149	9	1	72	0.168	
149	9	1	73	0.129	
149	9	1	73	0.142	
149	9	1	72	0.151	
149	9	1	72	0.124	
150	9	1	80	0.104	
150	9	1	81	0.101	
150	9	1	76	0.121	
150	9	1	75	0.117	
150	9	1	72	0.126	
151	9	1	83	0.113	
151	9	1	75	0.123	
151	9	1	75	0.096	
151	9	1	77	0.090	
151	9	1	73	0.090	
152	9	1	70	0.205	
152	9	1	70	0.187	
152	9	1	70	0.213	
152	9	1	70	0.238	
152	9	1	70	0.168	
153	9	1	77	0.057	
153	9	1	54	0.070	
153	9	1	75	0.030	
153	9	1	93	0.071	
153	9	1	67	0.035	
154	9	1	79	0.138	
154	9	1	76	0.155	
154	9	1	74	0.149	
154	9	1	74	0.147	
154	9	1	74	0.140	
155	9	1	71	0.098	
155	9	1	73	0.175	
155	9	1	69	0.145	
155	9	1	69	0.160	
155	9	1	68	0.127	
156	9	1	69	0.170	
156	9	1	69	0.164	
156	9	1	69	0.142	
156	9	1	69	0.143	
156	9	1	68	0.128	
157	9	1	71	0.073	
157	9	1	75	0.111	
157	9	1	70	0.070	
157	9	1	73	0.099	
157	9	1	75	0.110	
158	9	1	90	0.061	
158	9	1	91	0.082	
158	9	1	91	0.094	
158	9	1	87	0.067	
158	9	1	90	0.059	
159	9	1	68	0.371	
159	9	1	68	0.371	
159	9	1	68	0.298	
159	9	1	73	0.288	
159	9	1	69	0.305	
160	9	1	72	0.113	
160	9	1	84	0.090	
160	9	1	68	0.095	
160	9	1	69	0.098	
160	9	1	69	0.073	
161	9	1	68	0.210	
161	9	1	68	0.216	
161	9	1	69	0.226	
161	9	1	68	0.219	
161	9	1	68	0.215	
162	9	1	81	0.122	
162	9	1	81	0.114	
162	9	1	70	0.108	
162	9	1	73	0.143	
162	9	1	69	0.114	
163	9	1	81	0.133	
163	9	1	75	0.066	
163	9	1	76	0.130	
163	9	1	75	0.105	
163	9	1	80	0.106	
164	9	1	71	0.150	
164	9	1	83	0.157	
164	9	1	68	0.131	
164	9	1	68	0.124	
164	9	1	70	0.133	
165	9	1	78	0.099	
165	9	1	79	0.098	
165	9	1	70	0.116	
165	9	1	76	0.075	
165	9	1	71	0.118	
166	9	1	70	0.097	
166	9	1	72	0.103	
166	9	1	69	0.125	
166	9	1	69	0.126	
166	9	1	70	0.117	
167	9	1	37	0.054	
167	9	1	36	0.062	
167	9	1	31	0.052	
167	9	1	31	0.056	
167	9	1	30	0.069	
168	9	1	73	0.166	
168	9	1	73	0.192	
168	9	1	73	0.157	
168	9	1	73	0.132	
168	9	1	74	0.179	
169	9	1	113	0.050	
169	9	1	79	0.114	
169	9	1	83	0.048	
169	9	1	97	0.100	
169	9	1	79	0.030	
170	9	1	72	0.137	
170	9	1	74	0.161	
170	9	1	68	0.135	
170	9	1	68	0.145	
170	9	1	68	0.120	
171	9	1	89	0.111	
171	9	1	83	0.124	
171	9	1	77	0.113	
171	9	1	78	0.120	
171	9	1	73	0.095	
172	9	1	79	0.104	
172	9	1	80	0.059	
172	9	1	69	0.111	
172	9	1	69	0.114	
172	9	1	70	0.092	
173	9	1	84	0.141	
173	9	1	86	0.112	
173	9	1	77	0.142	
173	9	1	74	0.124	
173	9	1	75	0.135	
174	9	1	71	0.191	
174	9	1	74	0.176	
174	9	1	70	0.139	
174	9	1	71	0.149	
174	9	1	70	0.146	
175	9	1	74	0.080	
175	9	1	75	0.086	
175	9	1	78	0.101	
175	9	1	72	0.054	
175	9	1	77	0.110	
176	9	1	78	0.126	
176	9	1	76	0.154	
176	9	1	77	0.146	
176	9	1	81	0.177	
176	9	1	76	0.172	
177	9	1	77	0.167	
177	9	1	77	0.157	
177	9	1	85	0.149	
177	9	1	71	0.130	
177	9	1	71	0.116	
178	9	1	71	0.162	
178	9	1	73	0.124	
178	9	1	73	0.135	
178	9	1	69	0.101	
178	9	1	70	0.141	
179	9	1	76	0.144	
179	9	1	70	0.130	
179	9	1	70	0.104	
179	9	1	70	0.137	
179	9	1	72	0.132	
180	9	1	36	0.051	
180	9	1	80	0.029	
180	9	1	74	0.085	
180	9	1	75	0.090	
180	9	1	73	0.083	
181	9	1	91	0.083	
181	9	1	85	0.096	
181	9	1	72	0.079	
181	9	1	72	0.096	
181	9	1	72	0.105	
182	9	1	77	0.102	
182	9	1	79	0.094	
182	9	1	89	0.061	
182	9	1	72	0.089	
182	9	1	75	0.098	
183	9	1	70	0.175	
183	9	1	72	0.194	
183	9	1	71	0.142	
183	9	1	78	0.166	
183	9	1	74	0.155	
184	9	1	75	0.185	
184	9	1	75	0.172	
184	9	1	73	0.156	
184	9	1	73	0.143	
184	9	1	73	0.149	
185	9	1	75	0.141	
185	9	1	76	0.124	
185	9	1	126	0.101	
185	9	1	71	0.124	
185	9	1	71	0.147	
186	9	1	82	0.143	
186	9	0	50	0.000	
186	9	1	71	0.101	
186	9	1	74	0.125	
186	9	1	73	0.112	
187	9	1	69	0.115	
187	9	1	71	0.142	
187	9	1	70	0.090	
187	9	1	71	0.116	
187	9	1	71	0.123	
188	9	1	74	0.120	
188	9	1	73	0.122	
188	9	1	72	0.131	
188	9	1	72	0.134	
188	9	1	73	0.054	
189	9	1	81	0.097	
189	9	1	89	0.064	
189	9	1	69	0.094	
189	9	1	68	0.081	
189	9	1	68	0.089	
190	9	1	76	0.127	
190	9	1	82	0.111	
190	9	1	84	0.130	
190	9	1	72	0.160	
190	9	1	74	0.110	
191	9	1	80	0.094	
191	9	1	92	0.028	
191	9	1	78	0.082	
191	9	1	84	0.100	
191	9	1	75	0.090	
192	9	1	34	0.107	
192	9	1	97	0.095	
192	9	1	80	0.086	
192	9	1	86	0.078	
192	9	1	32	0.144	
193	9	1	149	0.114	
193	9	1	84	0.115	
193	9	1	72	0.099	
193	9	1	71	0.123	
193	9	1	73	0.087	
194	9	1	92	0.087	
194	9	1	85	0.082	
194	9	1	74	0.119	
194	9	1	79	0.110	
194	9	1	73	0.061	
195	9	1	76	0.099	
195	9	1	84	0.087	
195	9	1	74	0.104	
195	9	1	75	0.075	
195	9	1	70	0.101	
196	9	1	78	0.126	
196	9	1	75	0.087	
196	9	1	68	0.103	
196	9	1	68	0.102	
196	9	1	51	0.115	
197	9	1	76	0.139	
197	9	1	79	0.147	
197	9	1	76	0.133	
197	9	1	77	0.113	
197	9	1	77	0.150	
198	9	1	69	0.107	
198	9	1	75	0.096	
198	9	1	68	0.123	
198	9	1	69	0.086	
198	9	1	69	0.105	
199	9	1	83	0.072	
199	9	1	83	0.076	
199	9	1	81	0.054	
199	9	1	81	0.093	
199	9	1	73	0.093	
200	9	1	69	0.145	
200	9	1	69	0.145	
200	9	1	68	0.133	
200	9	1	68	0.117	
200	9	1	68	0.117	
201	9	1	72	0.102	
201	9	1	71	0.103	
201	9	1	72	0.105	
201	9	1	71	0.048	
201	9	1	74	0.100	
202	9	1	71	0.125	
202	9	1	82	0.137	
202	9	1	69	0.155	
202	9	1	69	0.152	
202	9	1	69	0.165	
203	9	1	95	0.115	
203	9	1	86	0.090	
203	9	1	81	0.091	
203	9	1	86	0.104	
203	9	1	78	0.103	
204	9	1	95	0.126	
204	9	1	81	0.121	
204	9	1	34	0.102	
204	9	1	71	0.129	
204	9	1	71	0.110	
205	9	1	89	0.069	
205	9	1	100	0.107	
205	9	1	87	0.110	
205	9	1	96	0.095	
205	9	1	111	0.090	
206	9	1	78	0.103	
206	9	1	77	0.070	
206	9	1	72	0.082	
206	9	1	70	0.112	
206	9	1	70	0.116	
207	9	1	94	0.110	
207	9	1	88	0.082	
207	9	1	74	0.119	
207	9	1	75	0.117	
207	9	1	75	0.116	
208	9	1	77	0.111	
208	9	1	72	0.103	
208	9	1	82	0.059	
208	9	1	74	0.096	
208	9	1	74	0.088	
209	9	1	77	0.141	
209	9	1	75	0.108	
209	9	1	74	0.127	
209	9	1	74	0.160	
209	9	1	74	0.114	
210	9	1	75	0.130	
210	9	1	74	0.150	
210	9	1	69	0.088	
210	9	1	71	0.080	
210	9	1	69	0.104	
211	9	1	86	0.072	
211	9	1	85	0.094	
211	9	1	76	0.076	
211	9	1	52	0.114	
211	9	1	69	0.090	
212	9	1	73	0.143	
212	9	1	73	0.143	
212	9	1	70	0.134	
212	9	1	70	0.134	
212	9	1	70	0.134	
213	9	1	81	0.115	
213	9	1	79	0.117	
213	9	1	70	0.099	
213	9	1	73	0.123	
213	9	1	71	0.109	
214	9	1	92	0.088	
214	9	1	90	0.068	
214	9	1	84	0.109	
214	9	1	79	0.070	
214	9	1	99	0.087	
215	9	1	78	0.151	
215	9	1	250	0.324	
215	9	1	250	0.238	
215	9	1	73	0.142	
215	9	1	73	0.110	
216	9	1	74	0.168	
216	9	1	74	0.184	
216	9	1	72	0.105	
216	9	1	72	0.114	
216	9	1	72	0.101	
217	9	1	87	0.101	
217	9	1	81	0.077	
217	9	1	75	0.109	
217	9	1	74	0.108	
217	9	1	76	0.102	
218	9	1	76	0.129	
218	9	1	76	0.119	
218	9	1	70	0.068	
218	9	1	70	0.067	
218	9	1	72	0.068	
219	9	1	88	0.165	
219	9	1	82	0.147	
219	9	1	72	0.136	
219	9	1	72	0.123	
219	9	1	72	0.133	
220	9	1	50	0.053	
220	9	1	46	0.042	
220	9	1	55	0.069	
220	9	1	53	0.086	
220	9	1	91	0.074	
221	9	1	84	0.067	
221	9	1	97	0.052	
221	9	1	105	0.054	
221	9	1	78	0.067	
221	9	1	75	0.075	
222	9	1	30	0.258	
222	9	1	75	0.106	
222	9	1	71	0.115	
222	9	1	70	0.100	
222	9	1	70	0.129	
223	9	1	84	0.107	
223	9	1	90	0.109	
223	9	1	71	0.126	
223	9	1	74	0.105	
223	9	1	71	0.127	
224	9	1	82	0.086	
224	9	1	34	0.184	
224	9	1	73	0.110	
224	9	1	73	0.090	
224	9	1	73	0.094	
225	9	1	76	0.093	
225	9	1	73	0.114	
225	9	1	70	0.090	
225	9	1	74	0.096	
225	9	1	75	0.068	
226	9	1	73	0.105	
226	9	1	70	0.138	
226	9	1	69	0.120	
226	9	1	121	0.147	
226	9	1	69	0.120	
227	9	1	92	0.139	
227	9	1	87	0.143	
227	9	1	76	0.106	
227	9	1	76	0.130	
227	9	1	73	0.120	
228	9	1	109	0.088	
228	9	1	103	0.094	
228	9	1	67	0.129	
228	9	1	111	0.081	
228	9	1	96	0.107	
229	9	1	87	0.094	
229	9	1	85	0.101	
229	9	1	71	0.105	
229	9	1	72	0.086	
229	9	1	73	0.097	
230	9	1	73	0.074	
230	9	1	74	0.062	
230	9	1	72	0.074	
230	9	1	71	0.119	
230	9	1	71	0.082	
231	9	1	81	0.224	
231	9	1	75	0.102	
231	9	1	71	0.196	
231	9	1	73	0.142	
231	9	1	72	0.128	
232	9	1	77	0.108	
232	9	1	76	0.106	
232	9	1	71	0.100	
232	9	1	71	0.134	
232	9	1	71	0.133	
233	9	1	69	0.282	
233	9	1	68	0.248	
233	9	1	68	0.175	
233	9	1	68	0.149	
233	9	1	68	0.157	
234	9	1	84	0.124	
234	9	1	78	0.119	
234	9	1	76	0.102	
234	9	1	71	0.090	
234	9	1	71	0.109	
235	9	1	86	0.122	
235	9	1	84	0.095	
235	9	1	72	0.122	
235	9	1	76	0.102	
235	9	1	81	0.030	
236	9	1	71	0.171	
236	9	1	71	0.177	
236	9	1	70	0.158	
236	9	1	250	0.051	
236	9	1	71	0.151	
237	9	1	75	0.068	
237	9	1	84	0.073	
237	9	1	71	0.061	
237	9	1	85	0.070	
237	9	1	74	0.057	
238	9	1	89	0.093	
238	9	1	93	0.092	
238	9	1	53	0.094	
238	9	1	77	0.115	
238	9	1	75	0.137	
239	9	1	81	0.206	
239	9	1	73	0.166	
239	9	1	74	0.155	
239	9	1	73	0.181	
239	9	1	72	0.172	
240	9	1	79	0.164	
240	9	1	79	0.165	
240	9	1	78	0.154	
240	9	1	78	0.149	
240	9	1	78	0.142	
241	9	1	84	0.133	
241	9	1	82	0.121	
241	9	1	75	0.082	
241	9	1	75	0.120	
241	9	1	74	0.085	
242	9	1	83	0.102	
242	9	1	86	0.090	
242	9	1	71	0.067	
242	9	1	75	0.077	
242	9	1	75	0.077	
243	9	1	99	0.059	
243	9	1	89	0.075	
243	9	1	78	0.073	
243	9	1	86	0.069	
243	9	1	80	0.070	
244	9	1	82	0.068	
244	9	1	83	0.029	
244	9	1	76	0.073	
244	9	1	79	0.042	
244	9	1	73	0.088	
245	9	1	88	0.099	
245	9	1	88	0.064	
245	9	1	74	0.084	
245	9	1	76	0.069	
245	9	1	73	0.086	
246	9	1	75	0.092	
246	9	1	76	0.084	
246	9	1	80	0.052	
246	9	1	72	0.067	
246	9	1	71	0.113	
247	9	1	69	0.203	
247	9	1	70	0.232	
247	9	1	69	0.129	
247	9	1	69	0.137	
247	9	1	69	0.128	
248	9	1	78	0.157	
248	9	1	85	0.085	
248	9	1	72	0.130	
248	9	1	53	0.114	
248	9	1	72	0.130	
249	9	1	76	0.105	
249	9	1	78	0.096	
249	9	1	78	0.122	
249	9	1	74	0.122	
249	9	1	75	0.105	
250	9	1	83	0.002	
250	9	1	103	0.045	
250	9	1	77	0.100	
250	9	1	72	0.079	
250	9	1	83	0.081	
251	9	1	80	0.089	
251	9	1	73	0.125	
251	9	1	69	0.120	
251	9	1	68	0.143	
251	9	1	69	0.133	
252	9	1	71	0.102	
252	9	1	71	0.109	
252	9	1	68	0.119	
252	9	1	69	0.111	
252	9	1	68	0.119	
253	9	1	76	0.094	
253	9	1	77	0.100	
253	9	1	81	0.074	
253	9	1	70	0.101	
253	9	1	74	0.059	
254	9	1	84	0.129	
254	9	1	85	0.113	
254	9	1	82	0.121	
254	9	1	80	0.130	
254	9	1	84	0.109	
255	9	1	87	0.100	
255	9	1	96	0.095	
255	9	1	48	0.090	
255	9	1	77	0.076	
255	9	1	49	0.092	
256	9	1	95	0.094	
256	9	1	91	0.087	
256	9	1	77	0.067	
256	9	1	79	0.101	
256	9	1	73	0.081	
257	9	1	69	0.238	
257	9	1	70	0.213	
257	9	1	69	0.155	
257	9	1	69	0.201	
257	9	1	69	0.198	
258	9	1	82	0.064	
258	9	1	82	0.033	
258	9	1	69	0.036	
258	9	1	70	0.032	
258	9	1	73	0.062	
259	9	1	77	0.201	
259	9	1	73	0.193	
259	9	1	79	0.111	
259	9	1	71	0.178	
259	9	1	71	0.183	
260	9	1	94	0.097	
260	9	1	89	0.101	
260	9	1	92	0.103	
260	9	1	87	0.094	
260	9	1	80	0.100	
261	9	1	86	0.102	
261	9	1	85	0.089	
261	9	1	69	0.110	
261	9	1	70	0.107	
261	9	1	69	0.109	
262	9	1	38	0.193	
262	9	1	95	0.101	
262	9	1	76	0.106	
262	9	1	77	0.094	
262	9	1	77	0.096	
263	9	1	81	0.092	
263	9	1	81	0.107	
263	9	1	69	0.114	
263	9	1	68	0.127	
263	9	1	69	0.116	
264	9	1	81	0.126	
264	9	1	76	0.145	
264	9	1	73	0.143	
264	9	1	73	0.138	
264	9	1	72	0.116	
265	9	1	106	0.087	
265	9	1	102	0.109	
265	9	1	100	0.053	
265	9	1	88	0.105	
265	9	1	88	0.097	
266	9	1	96	0.108	
266	9	1	89	0.114	
266	9	1	77	0.090	
266	9	1	81	0.074	
266	9	1	80	0.069	
267	9	1	77	0.111	
267	9	1	76	0.099	
267	9	1	71	0.113	
267	9	1	72	0.102	
267	9	1	73	0.096	
268	9	1	79	0.089	
268	9	1	85	0.102	
268	9	1	73	0.101	
268	9	1	81	0.060	
268	9	1	72	0.108	
269	9	1	77	0.110	
269	9	1	78	0.106	
269	9	1	70	0.122	
269	9	1	70	0.090	
269	9	1	70	0.117	
270	9	1	73	0.169	
270	9	1	71	0.155	
270	9	1	71	0.173	
270	9	1	71	0.171	
270	9	1	70	0.166	
271	9	1	43	0.010	
271	9	0	42	0.000	
271	9	1	83	0.042	
271	9	0	42	0.000	
271	9	0	41	0.000	
272	9	1	133	0.061	
272	9	1	129	0.064	
272	9	1	96	0.065	
272	9	1	106	0.050	
272	9	1	48	0.016	
273	9	1	81	0.085	
273	9	1	34	0.141	
273	9	1	85	0.097	
273	9	1	33	0.126	
273	9	1	77	0.107	
274	9	1	70	0.227	
274	9	1	80	0.204	
274	9	1	68	0.189	
274	9	1	68	0.163	
274	9	1	69	0.202	
275	9	1	100	0.048	
275	9	1	123	0.057	
275	9	1	61	0.053	
275	9	1	98	0.041	
275	9	1	103	0.035	
276	9	1	98	0.084	
276	9	1	97	0.106	
276	9	1	81	0.069	
276	9	1	76	0.088	
276	9	1	78	0.059	
277	9	1	76	0.113	
277	9	1	85	0.101	
277	9	1	74	0.104	
277	9	1	72	0.053	
277	9	1	81	0.105	
278	9	1	88	0.126	
278	9	1	82	0.092	
278	9	1	75	0.081	
278	9	1	74	0.094	
278	9	1	75	0.112	
279	9	1	83	0.077	
279	9	1	70	0.057	
279	9	1	89	0.093	
279	9	1	77	0.079	
279	9	1	83	0.088	
280	9	1	87	0.100	
280	9	1	89	0.085	
280	9	1	74	0.090	
280	9	1	85	0.074	
280	9	1	90	0.122	
281	9	1	99	0.095	
281	9	1	99	0.110	
281	9	1	62	0.092	
281	9	1	86	0.079	
281	9	1	86	0.086	
282	9	1	93	0.082	
282	9	1	95	0.087	
282	9	1	106	0.082	
282	9	1	97	0.116	
282	9	1	94	0.082	
283	9	1	45	0.080	
283	9	1	44	0.047	
283	9	1	103	0.057	
283	9	1	41	0.048	
283	9	1	40	0.064	
284	9	1	92	0.117	
284	9	1	86	0.118	
284	9	1	76	0.089	
284	9	1	76	0.113	
284	9	1	75	0.089	
285	9	1	110	0.056	
285	9	1	104	0.080	
285	9	1	250	0.084	
285	9	1	73	0.089	
285	9	1	99	0.100	
286	9	1	85	0.100	
286	9	1	82	0.089	
286	9	1	79	0.085	
286	9	1	75	0.091	
286	9	1	72	0.084	
287	9	1	99	0.082	
287	9	1	107	0.111	
287	9	1	81	0.080	
287	9	1	80	0.090	
287	9	1	80	0.076	
288	9	1	85	0.070	
288	9	1	91	0.064	
288	9	1	40	0.120	
288	9	1	78	0.095	
288	9	1	40	0.080	
289	9	1	44	0.124	
289	9	1	77	0.161	
289	9	1	76	0.161	
289	9	1	73	0.134	
289	9	1	44	0.121	
290	9	1	93	0.139	
290	9	1	83	0.145	
290	9	1	80	0.124	
290	9	1	75	0.128	
290	9	1	77	0.138	
291	9	1	69	0.160	
291	9	1	69	0.141	
291	9	1	69	0.144	
291	9	1	69	0.135	
291	9	1	69	0.144	
292	9	1	90	0.115	
292	9	1	89	0.103	
292	9	1	85	0.103	
292	9	1	79	0.077	
292	9	1	80	0.105	
293	9	1	86	0.097	
293	9	1	82	0.087	
293	9	1	77	0.082	
293	9	1	81	0.091	
293	9	1	83	0.108	
294	9	1	92	0.109	
294	9	1	98	0.065	
294	9	1	85	0.119	
294	9	1	45	0.136	
294	9	1	83	0.075	
295	9	1	86	0.095	
295	9	1	88	0.039	
295	9	1	78	0.102	
295	9	1	78	0.077	
295	9	1	85	0.102	
296	9	1	75	0.133	
296	9	1	75	0.141	
296	9	1	72	0.133	
296	9	1	72	0.129	
296	9	1	72	0.129	
297	9	1	111	0.064	
297	9	1	115	0.059	
297	9	1	90	0.063	
297	9	1	49	0.069	
297	9	1	42	0.059	
298	9	1	64	0.141	
298	9	1	87	0.104	
298	9	1	74	0.102	
298	9	1	74	0.078	
298	9	1	73	0.133	
299	9	1	96	0.032	
299	9	1	90	0.020	
299	9	1	75	0.107	
299	9	1	87	0.086	
299	9	1	81	0.115	
