Below are the simulation results for the test trials
WORLD	TASK	SUCCESS	STEPS	LOWEST_CLEARANCE
0	6	1	73	0.143	
0	6	1	91	0.117	
0	6	1	142	0.084	
0	6	1	138	0.082	
0	6	1	116	0.085	
1	6	1	76	0.135	
1	6	1	74	0.157	
1	6	1	88	0.149	
1	6	1	101	0.112	
1	6	1	98	0.094	
2	6	1	75	0.116	
2	6	1	74	0.119	
2	6	1	96	0.081	
2	6	1	90	0.075	
2	6	1	93	0.102	
3	6	1	71	0.230	
3	6	1	73	0.237	
3	6	1	71	0.263	
3	6	1	71	0.257	
3	6	1	72	0.230	
4	6	1	35	0.073	
4	6	1	81	0.095	
4	6	1	38	0.070	
4	6	1	48	0.074	
4	6	1	40	0.060	
5	6	1	68	0.188	
5	6	1	68	0.185	
5	6	1	70	0.240	
5	6	1	72	0.194	
5	6	1	72	0.194	
6	6	1	75	0.105	
6	6	1	76	0.113	
6	6	1	123	0.089	
6	6	1	122	0.079	
6	6	1	130	0.109	
7	6	1	76	0.107	
7	6	1	72	0.100	
7	6	1	91	0.071	
7	6	1	115	0.082	
7	6	1	84	0.074	
8	6	1	71	0.147	
8	6	1	69	0.153	
8	6	1	94	0.109	
8	6	1	75	0.098	
8	6	1	81	0.119	
9	6	1	70	0.155	
9	6	1	71	0.145	
9	6	1	72	0.170	
9	6	1	75	0.204	
9	6	1	71	0.173	
10	6	1	73	0.213	
10	6	1	75	0.212	
10	6	1	79	0.181	
10	6	1	77	0.161	
10	6	1	78	0.126	
11	6	1	72	0.205	
11	6	1	73	0.167	
11	6	1	70	0.232	
11	6	1	70	0.232	
11	6	1	70	0.228	
12	6	1	77	0.103	
12	6	1	85	0.099	
12	6	1	61	0.053	
12	6	1	130	0.101	
12	6	1	132	0.094	
13	6	1	68	0.122	
13	6	1	70	0.147	
13	6	1	96	0.144	
13	6	1	100	0.103	
13	6	1	88	0.090	
14	6	1	82	0.110	
14	6	1	72	0.146	
14	6	1	83	0.165	
14	6	1	88	0.155	
14	6	1	87	0.165	
15	6	1	72	0.269	
15	6	1	71	0.238	
15	6	1	77	0.277	
15	6	1	76	0.183	
15	6	1	73	0.278	
16	6	1	73	0.081	
16	6	1	75	0.157	
16	6	1	93	0.112	
16	6	1	98	0.114	
16	6	1	87	0.099	
17	6	1	71	0.195	
17	6	1	70	0.230	
17	6	1	82	0.239	
17	6	1	95	0.226	
17	6	1	98	0.194	
18	6	1	70	0.190	
18	6	1	71	0.165	
18	6	1	92	0.171	
18	6	1	80	0.291	
18	6	1	81	0.191	
19	6	1	81	0.112	
19	6	1	80	0.110	
19	6	1	138	0.093	
19	6	1	150	0.078	
19	6	1	113	0.075	
20	6	1	69	0.309	
20	6	1	69	0.285	
20	6	1	73	0.306	
20	6	1	75	0.331	
20	6	1	73	0.243	
21	6	1	73	0.113	
21	6	1	72	0.208	
21	6	1	77	0.192	
21	6	1	81	0.146	
21	6	1	73	0.195	
22	6	1	81	0.077	
22	6	1	40	0.064	
22	6	1	50	0.074	
22	6	1	93	0.103	
22	6	1	58	0.071	
23	6	1	33	0.113	
23	6	1	32	0.088	
23	6	1	109	0.153	
23	6	1	59	0.096	
23	6	1	112	0.122	
24	6	1	55	0.074	
24	6	1	74	0.172	
24	6	1	120	0.069	
24	6	1	131	0.116	
24	6	1	118	0.086	
25	6	1	69	0.206	
25	6	1	68	0.219	
25	6	1	75	0.251	
25	6	1	74	0.248	
25	6	1	75	0.330	
26	6	1	73	0.138	
26	6	1	73	0.112	
26	6	1	83	0.094	
26	6	1	85	0.141	
26	6	1	83	0.111	
27	6	1	76	0.122	
27	6	1	75	0.098	
27	6	1	72	0.168	
27	6	1	70	0.195	
27	6	1	72	0.168	
28	6	1	68	0.176	
28	6	1	70	0.252	
28	6	1	70	0.302	
28	6	1	74	0.237	
28	6	1	75	0.205	
29	6	1	39	0.075	
29	6	1	48	0.063	
29	6	1	61	0.069	
29	6	1	44	0.067	
29	6	1	56	0.067	
30	6	1	81	0.113	
30	6	1	76	0.116	
30	6	1	35	0.073	
30	6	1	51	0.074	
30	6	1	97	0.078	
31	6	1	71	0.209	
31	6	1	71	0.205	
31	6	1	80	0.217	
31	6	1	97	0.190	
31	6	1	81	0.219	
32	6	1	70	0.112	
32	6	1	69	0.112	
32	6	1	71	0.117	
32	6	1	71	0.117	
32	6	1	71	0.174	
33	6	1	34	0.070	
33	6	1	38	0.072	
33	6	1	54	0.067	
33	6	1	51	0.061	
33	6	1	48	0.075	
34	6	1	69	0.199	
34	6	1	69	0.195	
34	6	1	91	0.182	
34	6	1	113	0.182	
34	6	1	94	0.171	
35	6	1	54	0.068	
35	6	1	76	0.100	
35	6	1	54	0.055	
35	6	1	83	0.089	
35	6	1	83	0.106	
36	6	1	68	0.210	
36	6	1	69	0.214	
36	6	1	69	0.231	
36	6	1	72	0.210	
36	6	1	69	0.310	
37	6	1	72	0.096	
37	6	1	71	0.094	
37	6	1	90	0.095	
37	6	1	34	0.055	
37	6	1	45	0.057	
38	6	1	79	0.080	
38	6	1	54	0.069	
38	6	1	70	0.064	
38	6	1	59	0.066	
38	6	1	70	0.074	
39	6	1	69	0.165	
39	6	1	71	0.124	
39	6	1	88	0.113	
39	6	1	83	0.095	
39	6	1	88	0.113	
40	6	1	68	0.349	
40	6	1	68	0.365	
40	6	1	68	0.343	
40	6	1	68	0.340	
40	6	1	68	0.325	
41	6	1	68	0.213	
41	6	1	68	0.207	
41	6	1	85	0.294	
41	6	1	82	0.285	
41	6	1	75	0.355	
42	6	1	68	0.659	
42	6	1	68	0.659	
42	6	1	68	0.653	
42	6	1	68	0.654	
42	6	1	68	0.653	
43	6	1	73	0.096	
43	6	1	77	0.096	
43	6	1	66	0.073	
43	6	1	59	0.066	
43	6	1	63	0.071	
44	6	1	74	0.104	
44	6	1	77	0.099	
44	6	1	113	0.079	
44	6	1	123	0.069	
44	6	1	112	0.070	
45	6	1	32	0.124	
45	6	1	69	0.121	
45	6	1	89	0.130	
45	6	1	100	0.125	
45	6	1	92	0.120	
46	6	1	74	0.095	
46	6	1	74	0.111	
46	6	1	42	0.064	
46	6	1	117	0.079	
46	6	1	47	0.069	
47	6	1	43	0.073	
47	6	1	43	0.058	
47	6	1	44	0.054	
47	6	1	44	0.058	
47	6	1	43	0.074	
48	6	1	75	0.110	
48	6	1	78	0.157	
48	6	1	87	0.121	
48	6	1	81	0.087	
48	6	1	80	0.111	
49	6	1	80	0.092	
49	6	1	78	0.153	
49	6	1	125	0.084	
49	6	1	109	0.136	
49	6	1	102	0.098	
50	6	1	71	0.206	
50	6	1	71	0.166	
50	6	1	72	0.261	
50	6	1	75	0.241	
50	6	1	75	0.200	
51	6	1	72	0.155	
51	6	1	70	0.217	
51	6	1	84	0.248	
51	6	1	78	0.231	
51	6	1	80	0.198	
52	6	1	70	0.213	
52	6	1	69	0.184	
52	6	1	93	0.235	
52	6	1	90	0.182	
52	6	1	105	0.164	
53	6	1	75	0.104	
53	6	1	76	0.131	
53	6	1	88	0.120	
53	6	1	84	0.114	
53	6	1	89	0.098	
54	6	1	69	0.270	
54	6	1	69	0.241	
54	6	1	71	0.278	
54	6	1	69	0.328	
54	6	1	70	0.309	
55	6	1	73	0.097	
55	6	1	73	0.078	
55	6	1	100	0.103	
55	6	1	103	0.115	
55	6	1	110	0.118	
56	6	1	73	0.205	
56	6	1	72	0.165	
56	6	1	96	0.211	
56	6	1	95	0.281	
56	6	1	80	0.301	
57	6	1	86	0.086	
57	6	1	88	0.082	
57	6	1	71	0.074	
57	6	1	97	0.106	
57	6	1	105	0.077	
58	6	1	39	0.055	
58	6	1	38	0.062	
58	6	1	108	0.051	
58	6	1	42	0.072	
58	6	1	38	0.072	
59	6	1	32	0.067	
59	6	1	47	0.059	
59	6	1	39	0.060	
59	6	1	44	0.063	
59	6	1	101	0.060	
60	6	1	36	0.065	
60	6	1	77	0.083	
60	6	1	88	0.101	
60	6	1	34	0.067	
60	6	1	39	0.067	
61	6	1	68	0.377	
61	6	1	68	0.389	
61	6	1	68	0.411	
61	6	1	68	0.412	
61	6	1	69	0.412	
62	6	1	99	0.079	
62	6	1	45	0.058	
62	6	1	48	0.053	
62	6	1	45	0.069	
62	6	1	56	0.064	
63	6	1	71	0.145	
63	6	1	70	0.111	
63	6	1	75	0.146	
63	6	1	77	0.105	
63	6	1	77	0.113	
64	6	1	71	0.116	
64	6	1	69	0.159	
64	6	1	96	0.103	
64	6	1	114	0.114	
64	6	1	90	0.144	
65	6	1	69	0.266	
65	6	1	70	0.186	
65	6	1	69	0.298	
65	6	1	68	0.269	
65	6	1	69	0.267	
66	6	1	76	0.109	
66	6	1	74	0.114	
66	6	1	81	0.147	
66	6	1	95	0.115	
66	6	1	85	0.096	
67	6	1	68	0.377	
67	6	1	68	0.364	
67	6	1	68	0.365	
67	6	1	68	0.359	
67	6	1	68	0.359	
68	6	1	72	0.149	
68	6	1	73	0.143	
68	6	1	83	0.222	
68	6	1	91	0.207	
68	6	1	75	0.107	
69	6	1	75	0.134	
69	6	1	78	0.093	
69	6	1	109	0.081	
69	6	1	101	0.079	
69	6	1	43	0.049	
70	6	1	72	0.122	
70	6	1	35	0.073	
70	6	1	71	0.224	
70	6	1	71	0.170	
70	6	1	76	0.120	
71	6	1	70	0.166	
71	6	1	70	0.169	
71	6	1	79	0.198	
71	6	1	84	0.206	
71	6	1	78	0.168	
72	6	1	68	0.223	
72	6	1	69	0.247	
72	6	1	72	0.268	
72	6	1	72	0.242	
72	6	1	76	0.260	
73	6	1	74	0.089	
73	6	1	73	0.170	
73	6	1	101	0.145	
73	6	1	97	0.081	
73	6	1	110	0.109	
74	6	1	72	0.214	
74	6	1	77	0.161	
74	6	1	78	0.169	
74	6	1	78	0.139	
74	6	1	82	0.110	
75	6	1	68	0.355	
75	6	1	68	0.355	
75	6	1	68	0.341	
75	6	1	68	0.341	
75	6	1	68	0.341	
76	6	1	73	0.160	
76	6	1	75	0.163	
76	6	1	90	0.146	
76	6	1	84	0.136	
76	6	1	92	0.088	
77	6	1	71	0.176	
77	6	1	70	0.169	
77	6	1	80	0.252	
77	6	1	73	0.229	
77	6	1	80	0.175	
78	6	1	74	0.084	
78	6	1	73	0.130	
78	6	1	71	0.074	
78	6	1	108	0.130	
78	6	1	108	0.117	
79	6	1	71	0.196	
79	6	1	72	0.147	
79	6	1	83	0.123	
79	6	1	82	0.161	
79	6	1	76	0.167	
80	6	1	80	0.101	
80	6	1	34	0.100	
80	6	1	108	0.109	
80	6	1	104	0.123	
80	6	1	109	0.083	
81	6	1	71	0.118	
81	6	1	72	0.149	
81	6	1	99	0.117	
81	6	1	89	0.090	
81	6	1	98	0.153	
82	6	1	73	0.084	
82	6	1	73	0.089	
82	6	1	54	0.074	
82	6	1	43	0.109	
82	6	1	46	0.055	
83	6	1	69	0.264	
83	6	1	69	0.176	
83	6	1	72	0.244	
83	6	1	76	0.120	
83	6	1	71	0.143	
84	6	1	40	0.071	
84	6	1	73	0.096	
84	6	1	43	0.074	
84	6	1	76	0.154	
84	6	1	91	0.153	
85	6	1	76	0.150	
85	6	1	73	0.123	
85	6	1	94	0.111	
85	6	1	92	0.132	
85	6	1	87	0.124	
86	6	1	99	0.084	
86	6	1	36	0.071	
86	6	1	39	0.072	
86	6	1	50	0.073	
86	6	1	120	0.080	
87	6	1	72	0.093	
87	6	1	69	0.116	
87	6	1	72	0.169	
87	6	1	72	0.158	
87	6	1	49	0.071	
88	6	1	69	0.172	
88	6	1	71	0.122	
88	6	1	72	0.156	
88	6	1	72	0.154	
88	6	1	75	0.143	
89	6	1	73	0.083	
89	6	1	74	0.121	
89	6	1	108	0.086	
89	6	1	93	0.089	
89	6	1	53	0.073	
90	6	1	70	0.120	
90	6	1	70	0.152	
90	6	1	69	0.199	
90	6	1	70	0.191	
90	6	1	70	0.179	
91	6	1	76	0.120	
91	6	1	79	0.109	
91	6	1	74	0.242	
91	6	1	74	0.220	
91	6	1	76	0.180	
92	6	1	70	0.139	
92	6	1	73	0.151	
92	6	1	118	0.115	
92	6	1	119	0.123	
92	6	1	106	0.141	
93	6	1	68	0.794	
93	6	1	68	0.794	
93	6	1	68	0.794	
93	6	1	68	0.794	
93	6	1	68	0.794	
94	6	1	68	0.386	
94	6	1	68	0.386	
94	6	1	68	0.424	
94	6	1	68	0.424	
94	6	1	68	0.404	
95	6	1	72	0.097	
95	6	1	68	0.128	
95	6	1	79	0.090	
95	6	1	77	0.077	
95	6	1	75	0.110	
96	6	1	81	0.098	
96	6	1	82	0.083	
96	6	1	101	0.116	
96	6	1	109	0.117	
96	6	1	118	0.092	
97	6	1	76	0.140	
97	6	1	72	0.120	
97	6	1	87	0.110	
97	6	1	87	0.116	
97	6	1	83	0.116	
98	6	1	77	0.106	
98	6	1	73	0.126	
98	6	1	43	0.078	
98	6	1	104	0.131	
98	6	1	104	0.093	
99	6	1	79	0.121	
99	6	1	79	0.119	
99	6	1	93	0.083	
99	6	1	92	0.111	
99	6	1	42	0.074	
100	6	1	69	0.184	
100	6	1	71	0.076	
100	6	1	82	0.113	
100	6	1	87	0.104	
100	6	1	86	0.101	
101	6	1	72	0.280	
101	6	1	72	0.287	
101	6	1	78	0.375	
101	6	1	80	0.285	
101	6	1	84	0.319	
102	6	1	71	0.160	
102	6	1	71	0.160	
102	6	1	77	0.124	
102	6	1	85	0.076	
102	6	1	74	0.188	
103	6	1	76	0.138	
103	6	1	78	0.121	
103	6	1	102	0.104	
103	6	1	40	0.063	
103	6	1	35	0.096	
104	6	1	73	0.114	
104	6	1	73	0.107	
104	6	1	106	0.099	
104	6	1	110	0.106	
104	6	1	116	0.090	
105	6	1	82	0.084	
105	6	1	49	0.064	
105	6	1	51	0.070	
105	6	1	99	0.127	
105	6	1	46	0.066	
106	6	1	80	0.141	
106	6	1	76	0.174	
106	6	1	105	0.100	
106	6	1	96	0.111	
106	6	1	96	0.147	
107	6	1	77	0.083	
107	6	1	75	0.104	
107	6	1	108	0.146	
107	6	1	115	0.103	
107	6	1	116	0.082	
108	6	1	71	0.150	
108	6	1	71	0.149	
108	6	1	76	0.225	
108	6	1	78	0.232	
108	6	1	76	0.239	
109	6	1	80	0.147	
109	6	1	75	0.123	
109	6	1	89	0.166	
109	6	1	101	0.120	
109	6	1	80	0.242	
110	6	1	75	0.135	
110	6	1	75	0.189	
110	6	1	83	0.123	
110	6	1	77	0.163	
110	6	1	84	0.144	
111	6	1	93	0.084	
111	6	1	85	0.113	
111	6	1	242	0.095	
111	6	1	152	0.074	
111	6	1	87	0.070	
112	6	1	78	0.077	
112	6	1	46	0.067	
112	6	1	94	0.071	
112	6	1	85	0.074	
112	6	1	109	0.071	
113	6	1	86	0.078	
113	6	1	85	0.094	
113	6	1	134	0.076	
113	6	1	72	0.074	
113	6	1	64	0.071	
114	6	1	53	0.062	
114	6	1	85	0.087	
114	6	1	77	0.070	
114	6	1	109	0.079	
114	6	1	62	0.071	
115	6	1	75	0.126	
115	6	1	72	0.110	
115	6	1	99	0.108	
115	6	1	94	0.107	
115	6	1	97	0.100	
116	6	1	74	0.187	
116	6	1	72	0.179	
116	6	1	87	0.157	
116	6	1	95	0.167	
116	6	1	106	0.171	
117	6	1	80	0.104	
117	6	1	58	0.062	
117	6	1	112	0.073	
117	6	1	73	0.072	
117	6	1	86	0.054	
118	6	1	80	0.092	
118	6	1	89	0.080	
118	6	1	91	0.068	
118	6	1	128	0.080	
118	6	1	133	0.083	
119	6	1	85	0.093	
119	6	1	48	0.074	
119	6	1	125	0.077	
119	6	1	126	0.077	
119	6	1	46	0.073	
120	6	1	80	0.110	
120	6	1	83	0.156	
120	6	1	143	0.102	
120	6	1	125	0.097	
120	6	1	134	0.086	
121	6	1	39	0.067	
121	6	1	75	0.147	
121	6	1	98	0.105	
121	6	1	102	0.084	
121	6	1	103	0.089	
122	6	1	69	0.147	
122	6	1	77	0.116	
122	6	1	84	0.088	
122	6	1	80	0.141	
122	6	1	81	0.161	
123	6	1	45	0.074	
123	6	1	59	0.074	
123	6	1	75	0.072	
123	6	1	129	0.088	
123	6	1	76	0.054	
124	6	1	76	0.172	
124	6	1	74	0.170	
124	6	1	86	0.147	
124	6	1	103	0.139	
124	6	1	87	0.115	
125	6	1	73	0.126	
125	6	1	31	0.072	
125	6	1	35	0.074	
125	6	1	34	0.063	
125	6	1	37	0.064	
126	6	1	72	0.117	
126	6	1	82	0.097	
126	6	1	100	0.093	
126	6	1	106	0.077	
126	6	1	89	0.089	
127	6	1	70	0.106	
127	6	1	77	0.096	
127	6	1	53	0.135	
127	6	1	117	0.076	
127	6	1	104	0.096	
128	6	1	71	0.149	
128	6	1	70	0.166	
128	6	1	80	0.173	
128	6	1	76	0.197	
128	6	1	77	0.190	
129	6	1	72	0.107	
129	6	1	31	0.128	
129	6	1	119	0.110	
129	6	1	145	0.078	
129	6	1	128	0.075	
130	6	1	69	0.164	
130	6	1	69	0.163	
130	6	1	73	0.166	
130	6	1	75	0.190	
130	6	1	75	0.160	
131	6	1	72	0.111	
131	6	1	72	0.175	
131	6	1	61	0.056	
131	6	1	92	0.107	
131	6	1	93	0.116	
132	6	1	74	0.106	
132	6	1	77	0.121	
132	6	1	93	0.078	
132	6	1	76	0.118	
132	6	1	80	0.093	
133	6	1	83	0.089	
133	6	1	84	0.116	
133	6	1	91	0.152	
133	6	1	109	0.102	
133	6	1	50	0.068	
134	6	1	79	0.114	
134	6	1	72	0.126	
134	6	1	125	0.082	
134	6	1	104	0.084	
134	6	1	128	0.080	
135	6	1	68	0.221	
135	6	1	69	0.255	
135	6	1	73	0.201	
135	6	1	74	0.320	
135	6	1	75	0.204	
136	6	1	79	0.083	
136	6	1	84	0.089	
136	6	1	82	0.069	
136	6	1	125	0.101	
136	6	1	121	0.081	
137	6	1	55	0.053	
137	6	1	74	0.085	
137	6	1	60	0.065	
137	6	1	73	0.070	
137	6	1	72	0.057	
138	6	1	54	0.071	
138	6	1	91	0.084	
138	6	1	35	0.071	
138	6	1	132	0.083	
138	6	1	122	0.081	
139	6	1	69	0.132	
139	6	1	68	0.131	
139	6	1	93	0.108	
139	6	1	91	0.130	
139	6	1	82	0.182	
140	6	1	50	0.070	
140	6	1	83	0.105	
140	6	1	120	0.096	
140	6	1	116	0.086	
140	6	1	106	0.079	
141	6	1	75	0.095	
141	6	1	87	0.135	
141	6	1	100	0.110	
141	6	1	95	0.078	
141	6	1	85	0.091	
142	6	1	70	0.124	
142	6	1	71	0.106	
142	6	1	53	0.068	
142	6	1	58	0.068	
142	6	1	73	0.099	
143	6	1	82	0.129	
143	6	1	81	0.116	
143	6	1	95	0.118	
143	6	1	95	0.130	
143	6	1	95	0.177	
144	6	1	74	0.093	
144	6	1	79	0.077	
144	6	1	62	0.071	
144	6	1	92	0.076	
144	6	1	66	0.075	
145	6	1	73	0.150	
145	6	1	78	0.134	
145	6	1	91	0.085	
145	6	1	80	0.104	
145	6	1	84	0.094	
146	6	1	70	0.183	
146	6	1	69	0.165	
146	6	1	75	0.155	
146	6	1	81	0.223	
146	6	1	76	0.173	
147	6	1	71	0.119	
147	6	1	70	0.123	
147	6	1	90	0.108	
147	6	1	88	0.118	
147	6	1	81	0.111	
148	6	1	46	0.121	
148	6	1	81	0.098	
148	6	1	94	0.100	
148	6	1	57	0.074	
148	6	1	107	0.082	
149	6	1	73	0.092	
149	6	1	76	0.135	
149	6	1	36	0.072	
149	6	1	91	0.168	
149	6	1	87	0.135	
150	6	1	82	0.097	
150	6	1	74	0.105	
150	6	1	102	0.112	
150	6	1	100	0.111	
150	6	1	109	0.088	
151	6	1	72	0.091	
151	6	1	76	0.117	
151	6	1	101	0.089	
151	6	1	99	0.078	
151	6	1	62	0.068	
152	6	1	69	0.127	
152	6	1	69	0.168	
152	6	1	81	0.132	
152	6	1	76	0.199	
152	6	1	73	0.160	
153	6	1	55	0.109	
153	6	1	64	0.072	
153	6	1	126	0.071	
153	6	1	106	0.070	
153	6	1	103	0.071	
154	6	1	82	0.116	
154	6	1	78	0.170	
154	6	1	111	0.134	
154	6	1	60	0.062	
154	6	1	112	0.093	
155	6	1	79	0.116	
155	6	1	76	0.131	
155	6	1	95	0.129	
155	6	1	87	0.122	
155	6	1	87	0.136	
156	6	1	70	0.193	
156	6	1	72	0.172	
156	6	1	88	0.240	
156	6	1	84	0.286	
156	6	1	95	0.247	
157	6	1	74	0.084	
157	6	1	34	0.072	
157	6	1	47	0.067	
157	6	1	115	0.104	
157	6	1	45	0.067	
158	6	1	82	0.086	
158	6	1	92	0.092	
158	6	1	82	0.068	
158	6	1	88	0.074	
158	6	1	90	0.074	
159	6	1	72	0.196	
159	6	1	72	0.149	
159	6	1	73	0.294	
159	6	1	84	0.196	
159	6	1	73	0.319	
160	6	1	72	0.097	
160	6	1	37	0.070	
160	6	1	51	0.066	
160	6	1	55	0.066	
160	6	1	57	0.072	
161	6	1	68	0.240	
161	6	1	69	0.229	
161	6	1	82	0.232	
161	6	1	79	0.235	
161	6	1	77	0.165	
162	6	1	75	0.101	
162	6	1	50	0.075	
162	6	1	116	0.093	
162	6	1	140	0.085	
162	6	1	123	0.092	
163	6	1	78	0.145	
163	6	1	80	0.101	
163	6	1	102	0.077	
163	6	1	104	0.079	
163	6	1	104	0.078	
164	6	1	73	0.125	
164	6	1	73	0.125	
164	6	1	100	0.088	
164	6	1	104	0.108	
164	6	1	93	0.106	
165	6	1	70	0.084	
165	6	1	95	0.098	
165	6	1	41	0.074	
165	6	1	40	0.075	
165	6	1	129	0.078	
166	6	1	72	0.104	
166	6	1	72	0.127	
166	6	1	105	0.095	
166	6	1	97	0.103	
166	6	1	103	0.098	
167	6	1	40	0.072	
167	6	1	28	0.067	
167	6	1	52	0.072	
167	6	1	53	0.070	
167	6	1	65	0.066	
168	6	1	36	0.074	
168	6	1	79	0.116	
168	6	1	60	0.058	
168	6	1	82	0.073	
168	6	1	50	0.064	
169	6	1	48	0.057	
169	6	1	44	0.073	
169	6	1	46	0.066	
169	6	1	40	0.066	
169	6	1	105	0.081	
170	6	1	77	0.091	
170	6	1	75	0.107	
170	6	1	98	0.099	
170	6	1	103	0.080	
170	6	1	89	0.095	
171	6	1	82	0.090	
171	6	1	82	0.087	
171	6	1	84	0.071	
171	6	1	66	0.071	
171	6	1	65	0.073	
172	6	1	75	0.091	
172	6	1	76	0.084	
172	6	1	49	0.072	
172	6	1	45	0.069	
172	6	1	102	0.094	
173	6	1	69	0.112	
173	6	1	72	0.091	
173	6	1	134	0.103	
173	6	1	52	0.073	
173	6	1	147	0.101	
174	6	1	71	0.166	
174	6	1	70	0.150	
174	6	1	86	0.157	
174	6	1	90	0.166	
174	6	1	96	0.161	
175	6	1	35	0.096	
175	6	1	87	0.094	
175	6	1	96	0.092	
175	6	1	98	0.100	
175	6	1	47	0.072	
176	6	1	84	0.078	
176	6	1	75	0.119	
176	6	1	60	0.064	
176	6	1	125	0.090	
176	6	1	112	0.137	
177	6	1	96	0.079	
177	6	1	82	0.106	
177	6	1	117	0.099	
177	6	1	100	0.073	
177	6	1	109	0.118	
178	6	1	80	0.127	
178	6	1	73	0.166	
178	6	1	103	0.079	
178	6	1	98	0.113	
178	6	1	89	0.108	
179	6	1	71	0.081	
179	6	1	71	0.077	
179	6	1	50	0.075	
179	6	1	43	0.073	
179	6	1	42	0.073	
180	6	1	85	0.086	
180	6	1	34	0.074	
180	6	1	36	0.093	
180	6	1	41	0.068	
180	6	1	41	0.069	
181	6	1	41	0.070	
181	6	1	79	0.077	
181	6	1	126	0.077	
181	6	1	65	0.067	
181	6	1	90	0.098	
182	6	1	58	0.070	
182	6	1	79	0.080	
182	6	1	108	0.081	
182	6	1	53	0.071	
182	6	1	106	0.101	
183	6	1	83	0.097	
183	6	1	87	0.079	
183	6	1	54	0.075	
183	6	1	121	0.082	
183	6	1	113	0.089	
184	6	1	79	0.134	
184	6	1	75	0.157	
184	6	1	65	0.061	
184	6	1	101	0.088	
184	6	1	106	0.087	
185	6	1	74	0.108	
185	6	1	70	0.145	
185	6	1	91	0.115	
185	6	1	88	0.086	
185	6	1	86	0.095	
186	6	1	78	0.098	
186	6	1	74	0.085	
186	6	1	63	0.073	
186	6	1	117	0.085	
186	6	1	138	0.088	
187	6	1	74	0.109	
187	6	1	37	0.067	
187	6	1	75	0.070	
187	6	1	124	0.101	
187	6	1	74	0.064	
188	6	1	74	0.122	
188	6	1	74	0.110	
188	6	1	95	0.110	
188	6	1	86	0.107	
188	6	1	86	0.103	
189	6	1	73	0.101	
189	6	1	74	0.078	
189	6	1	52	0.068	
189	6	1	55	0.070	
189	6	1	121	0.076	
190	6	1	79	0.117	
190	6	1	47	0.073	
190	6	1	68	0.072	
190	6	1	84	0.075	
190	6	1	41	0.068	
191	6	1	53	0.073	
191	6	1	80	0.079	
191	6	1	46	0.066	
191	6	1	47	0.057	
191	6	1	111	0.088	
192	6	1	36	0.083	
192	6	1	37	0.059	
192	6	1	132	0.082	
192	6	1	52	0.073	
192	6	1	57	0.074	
193	6	1	75	0.090	
193	6	1	85	0.091	
193	6	1	150	0.079	
193	6	1	119	0.078	
193	6	1	111	0.068	
194	6	1	53	0.074	
194	6	1	49	0.069	
194	6	1	118	0.051	
194	6	1	114	0.058	
194	6	1	135	0.061	
195	6	1	72	0.103	
195	6	1	71	0.115	
195	6	1	70	0.067	
195	6	1	100	0.077	
195	6	1	102	0.082	
196	6	1	73	0.112	
196	6	1	72	0.085	
196	6	1	45	0.063	
196	6	1	40	0.049	
196	6	1	40	0.074	
197	6	1	79	0.092	
197	6	1	80	0.104	
197	6	1	89	0.102	
197	6	1	86	0.104	
197	6	1	45	0.051	
198	6	1	79	0.110	
198	6	1	81	0.093	
198	6	1	117	0.086	
198	6	1	120	0.083	
198	6	1	103	0.088	
199	6	1	74	0.082	
199	6	1	74	0.101	
199	6	1	72	0.074	
199	6	1	66	0.073	
199	6	1	71	0.068	
200	6	1	73	0.102	
200	6	1	72	0.186	
200	6	1	98	0.123	
200	6	1	93	0.082	
200	6	1	93	0.122	
201	6	1	85	0.090	
201	6	1	77	0.092	
201	6	1	46	0.069	
201	6	1	78	0.087	
201	6	1	75	0.096	
202	6	1	72	0.224	
202	6	1	71	0.184	
202	6	1	116	0.155	
202	6	1	97	0.177	
202	6	1	93	0.167	
203	6	1	58	0.083	
203	6	1	77	0.088	
203	6	1	51	0.071	
203	6	1	105	0.076	
203	6	1	56	0.063	
204	6	1	74	0.105	
204	6	1	80	0.127	
204	6	1	134	0.077	
204	6	1	82	0.067	
204	6	1	100	0.066	
205	6	1	62	0.100	
205	6	1	86	0.087	
205	6	1	56	0.074	
205	6	1	111	0.074	
205	6	1	90	0.069	
206	6	1	73	0.104	
206	6	1	83	0.102	
206	6	1	97	0.075	
206	6	1	99	0.083	
206	6	1	56	0.073	
207	6	1	43	0.066	
207	6	1	47	0.061	
207	6	1	63	0.075	
207	6	1	61	0.082	
207	6	1	79	0.070	
208	6	1	75	0.088	
208	6	1	81	0.086	
208	6	1	91	0.061	
208	6	1	56	0.074	
208	6	1	105	0.069	
209	6	1	72	0.170	
209	6	1	70	0.169	
209	6	1	91	0.134	
209	6	1	84	0.136	
209	6	1	83	0.137	
210	6	1	41	0.050	
210	6	1	72	0.077	
210	6	1	63	0.066	
210	6	1	60	0.051	
210	6	1	127	0.076	
211	6	1	32	0.063	
211	6	1	32	0.072	
211	6	1	89	0.081	
211	6	1	90	0.090	
211	6	1	32	0.071	
212	6	1	73	0.124	
212	6	1	74	0.091	
212	6	1	88	0.092	
212	6	1	44	0.072	
212	6	1	86	0.087	
213	6	1	72	0.113	
213	6	1	76	0.101	
213	6	1	86	0.071	
213	6	1	103	0.072	
213	6	1	110	0.075	
214	6	1	79	0.076	
214	6	1	84	0.091	
214	6	1	160	0.080	
214	6	1	147	0.084	
214	6	1	66	0.073	
215	6	1	52	0.071	
215	6	1	79	0.127	
215	6	1	90	0.158	
215	6	1	88	0.113	
215	6	1	96	0.136	
216	6	1	78	0.163	
216	6	1	76	0.131	
216	6	1	89	0.097	
216	6	1	81	0.140	
216	6	1	85	0.086	
217	6	1	77	0.094	
217	6	1	84	0.089	
217	6	1	106	0.094	
217	6	1	124	0.091	
217	6	1	114	0.083	
218	6	1	40	0.067	
218	6	1	74	0.115	
218	6	1	68	0.074	
218	6	1	61	0.070	
218	6	1	47	0.068	
219	6	1	78	0.084	
219	6	1	73	0.099	
219	6	1	90	0.067	
219	6	1	113	0.099	
219	6	1	61	0.071	
220	6	1	55	0.072	
220	6	1	50	0.068	
220	6	1	62	0.078	
220	6	1	61	0.090	
220	6	1	65	0.090	
221	6	1	59	0.071	
221	6	1	64	0.063	
221	6	1	138	0.072	
221	6	1	101	0.074	
221	6	1	99	0.072	
222	6	1	81	0.080	
222	6	1	92	0.088	
222	6	1	98	0.068	
222	6	1	65	0.119	
222	6	1	88	0.070	
223	6	1	76	0.089	
223	6	1	75	0.100	
223	6	1	87	0.077	
223	6	1	100	0.092	
223	6	1	100	0.079	
224	6	1	37	0.074	
224	6	1	81	0.088	
224	6	1	105	0.079	
224	6	1	97	0.103	
224	6	1	117	0.082	
225	6	1	32	0.064	
225	6	1	79	0.100	
225	6	1	92	0.103	
225	6	1	105	0.078	
225	6	1	113	0.106	
226	6	1	71	0.122	
226	6	1	71	0.132	
226	6	1	92	0.133	
226	6	1	92	0.128	
226	6	1	95	0.125	
227	6	1	82	0.126	
227	6	1	83	0.086	
227	6	1	108	0.056	
227	6	1	113	0.067	
227	6	1	98	0.073	
228	6	1	50	0.108	
228	6	1	49	0.059	
228	6	1	84	0.051	
228	6	1	83	0.067	
228	6	1	60	0.067	
229	6	1	73	0.082	
229	6	1	72	0.091	
229	6	1	64	0.066	
229	6	1	69	0.073	
229	6	1	70	0.068	
230	6	1	80	0.087	
230	6	1	79	0.092	
230	6	1	39	0.070	
230	6	1	39	0.073	
230	6	1	44	0.074	
231	6	1	74	0.170	
231	6	1	77	0.169	
231	6	1	80	0.173	
231	6	1	80	0.161	
231	6	1	83	0.181	
232	6	1	71	0.135	
232	6	1	72	0.087	
232	6	1	108	0.086	
232	6	1	117	0.079	
232	6	1	94	0.115	
233	6	1	69	0.158	
233	6	1	69	0.166	
233	6	1	81	0.190	
233	6	1	80	0.191	
233	6	1	84	0.190	
234	6	1	72	0.112	
234	6	1	79	0.108	
234	6	1	85	0.124	
234	6	1	85	0.088	
234	6	1	82	0.099	
235	6	1	92	0.090	
235	6	1	38	0.086	
235	6	1	111	0.119	
235	6	1	100	0.116	
235	6	1	110	0.089	
236	6	1	69	0.152	
236	6	1	70	0.140	
236	6	1	76	0.154	
236	6	1	79	0.143	
236	6	1	73	0.171	
237	6	1	76	0.076	
237	6	1	77	0.077	
237	6	1	49	0.070	
237	6	1	51	0.065	
237	6	1	52	0.075	
238	6	1	75	0.080	
238	6	1	48	0.120	
238	6	1	73	0.074	
238	6	1	79	0.068	
238	6	1	58	0.066	
239	6	1	77	0.119	
239	6	1	75	0.130	
239	6	1	86	0.097	
239	6	1	84	0.168	
239	6	1	90	0.086	
240	6	1	73	0.157	
240	6	1	71	0.124	
240	6	1	97	0.109	
240	6	1	99	0.108	
240	6	1	87	0.246	
241	6	1	34	0.068	
241	6	1	35	0.074	
241	6	1	57	0.072	
241	6	1	131	0.078	
241	6	1	123	0.082	
242	6	1	87	0.092	
242	6	1	64	0.071	
242	6	1	103	0.074	
242	6	1	122	0.093	
242	6	1	96	0.073	
243	6	1	35	0.065	
243	6	1	39	0.071	
243	6	1	55	0.074	
243	6	1	56	0.062	
243	6	1	46	0.075	
244	6	1	44	0.062	
244	6	1	49	0.061	
244	6	1	65	0.071	
244	6	1	70	0.071	
244	6	1	69	0.059	
245	6	1	81	0.077	
245	6	1	77	0.101	
245	6	1	51	0.070	
245	6	1	85	0.065	
245	6	1	64	0.071	
246	6	1	38	0.066	
246	6	1	78	0.075	
246	6	1	117	0.075	
246	6	1	60	0.074	
246	6	1	57	0.067	
247	6	1	78	0.094	
247	6	1	78	0.106	
247	6	1	89	0.165	
247	6	1	79	0.154	
247	6	1	84	0.149	
248	6	1	75	0.091	
248	6	1	78	0.106	
248	6	1	77	0.055	
248	6	1	120	0.080	
248	6	1	120	0.106	
249	6	1	81	0.104	
249	6	1	78	0.085	
249	6	1	31	0.067	
249	6	1	105	0.092	
249	6	1	54	0.077	
250	6	1	35	0.050	
250	6	1	35	0.071	
250	6	1	42	0.072	
250	6	1	37	0.074	
250	6	1	50	0.072	
251	6	1	71	0.081	
251	6	1	72	0.092	
251	6	1	55	0.059	
251	6	1	82	0.077	
251	6	1	89	0.076	
252	6	1	71	0.114	
252	6	1	70	0.102	
252	6	1	74	0.088	
252	6	1	74	0.088	
252	6	1	74	0.088	
253	6	1	28	0.304	
253	6	1	82	0.099	
253	6	1	44	0.031	
253	6	1	133	0.102	
253	6	1	48	0.073	
254	6	1	41	0.070	
254	6	1	74	0.102	
254	6	1	93	0.097	
254	6	1	101	0.081	
254	6	1	51	0.072	
255	6	1	76	0.091	
255	6	1	76	0.093	
255	6	1	68	0.073	
255	6	1	110	0.069	
255	6	1	72	0.073	
256	6	1	47	0.071	
256	6	1	77	0.079	
256	6	1	42	0.065	
256	6	1	48	0.065	
256	6	1	41	0.072	
257	6	1	73	0.114	
257	6	1	75	0.130	
257	6	1	106	0.133	
257	6	1	87	0.209	
257	6	1	86	0.161	
258	6	1	55	0.069	
258	6	1	57	0.049	
258	6	1	73	0.072	
258	6	1	42	0.070	
258	6	1	40	0.074	
259	6	1	79	0.125	
259	6	1	70	0.202	
259	6	1	81	0.119	
259	6	1	80	0.128	
259	6	1	78	0.127	
260	6	1	42	0.069	
260	6	1	44	0.068	
260	6	1	121	0.082	
260	6	1	112	0.090	
260	6	1	91	0.058	
261	6	1	79	0.076	
261	6	1	74	0.114	
261	6	1	120	0.094	
261	6	1	80	0.075	
261	6	1	59	0.068	
262	6	1	81	0.082	
262	6	1	54	0.061	
262	6	1	62	0.148	
262	6	1	143	0.074	
262	6	1	72	0.145	
263	6	1	72	0.119	
263	6	1	70	0.117	
263	6	1	108	0.094	
263	6	1	118	0.093	
263	6	1	43	0.062	
264	6	1	80	0.076	
264	6	1	81	0.094	
264	6	1	52	0.070	
264	6	1	49	0.073	
264	6	1	55	0.070	
265	6	1	39	0.132	
265	6	1	40	0.103	
265	6	1	52	0.074	
265	6	1	106	0.062	
265	6	1	53	0.069	
266	6	1	89	0.103	
266	6	1	71	0.070	
266	6	1	159	0.094	
266	6	1	117	0.068	
266	6	1	139	0.079	
267	6	1	77	0.102	
267	6	1	59	0.068	
267	6	1	110	0.085	
267	6	1	125	0.079	
267	6	1	135	0.099	
268	6	1	75	0.077	
268	6	1	40	0.070	
268	6	1	62	0.070	
268	6	1	73	0.073	
268	6	1	58	0.073	
269	6	1	83	0.083	
269	6	1	83	0.094	
269	6	1	101	0.092	
269	6	1	102	0.098	
269	6	1	93	0.090	
270	6	1	69	0.148	
270	6	1	70	0.134	
270	6	1	78	0.097	
270	6	1	77	0.111	
270	6	1	79	0.091	
271	6	1	77	0.080	
271	6	1	46	0.092	
271	6	1	104	0.092	
271	6	1	96	0.101	
271	6	1	111	0.089	
272	6	1	59	0.072	
272	6	1	28	0.038	
272	6	1	53	0.066	
272	6	1	59	0.080	
272	6	1	51	0.075	
273	6	1	85	0.101	
273	6	1	32	0.122	
273	6	1	180	0.067	
273	6	1	149	0.071	
273	6	1	152	0.054	
274	6	1	70	0.187	
274	6	1	73	0.177	
274	6	1	84	0.190	
274	6	1	86	0.150	
274	6	1	88	0.170	
275	6	1	38	0.067	
275	6	1	63	0.072	
275	6	1	80	0.074	
275	6	1	63	0.070	
275	6	1	81	0.072	
276	6	1	81	0.077	
276	6	1	40	0.063	
276	6	1	85	0.075	
276	6	1	80	0.092	
276	6	1	163	0.087	
277	6	1	80	0.104	
277	6	1	72	0.130	
277	6	1	68	0.059	
277	6	1	88	0.110	
277	6	1	91	0.115	
278	6	1	49	0.071	
278	6	1	75	0.097	
278	6	1	174	0.075	
278	6	1	104	0.069	
278	6	1	97	0.067	
279	6	1	74	0.075	
279	6	1	35	0.075	
279	6	1	49	0.068	
279	6	1	81	0.073	
279	6	1	250	0.263	
280	6	1	80	0.122	
280	6	1	76	0.112	
280	6	1	107	0.117	
280	6	1	117	0.099	
280	6	1	123	0.081	
281	6	1	95	0.079	
281	6	1	85	0.078	
281	6	1	108	0.075	
281	6	1	114	0.076	
281	6	1	116	0.081	
282	6	1	80	0.075	
282	6	1	100	0.086	
282	6	1	57	0.072	
282	6	1	230	0.078	
282	6	1	57	0.066	
283	6	1	40	0.065	
283	6	1	37	0.073	
283	6	1	45	0.071	
283	6	1	57	0.068	
283	6	1	49	0.071	
284	6	1	45	0.065	
284	6	1	75	0.104	
284	6	1	111	0.079	
284	6	1	78	0.073	
284	6	1	82	0.064	
285	6	1	59	0.072	
285	6	1	89	0.093	
285	6	1	73	0.073	
285	6	1	94	0.074	
285	6	1	61	0.062	
286	6	1	76	0.094	
286	6	1	77	0.095	
286	6	1	109	0.076	
286	6	1	112	0.086	
286	6	1	112	0.096	
287	6	1	55	0.069	
287	6	1	54	0.071	
287	6	1	71	0.073	
287	6	1	149	0.092	
287	6	1	83	0.068	
288	6	1	76	0.079	
288	6	1	39	0.100	
288	6	1	100	0.096	
288	6	1	52	0.062	
288	6	1	53	0.094	
289	6	1	82	0.091	
289	6	1	77	0.111	
289	6	1	80	0.109	
289	6	1	82	0.132	
289	6	1	88	0.113	
290	6	1	76	0.112	
290	6	1	83	0.075	
290	6	1	141	0.089	
290	6	1	137	0.083	
290	6	1	140	0.080	
291	6	1	70	0.199	
291	6	1	69	0.183	
291	6	1	73	0.251	
291	6	1	80	0.228	
291	6	1	73	0.268	
292	6	1	30	0.133	
292	6	1	30	0.121	
292	6	1	131	0.082	
292	6	1	121	0.080	
292	6	1	119	0.075	
293	6	1	79	0.076	
293	6	1	54	0.073	
293	6	1	42	0.071	
293	6	1	39	0.061	
293	6	1	38	0.068	
294	6	1	58	0.075	
294	6	1	89	0.088	
294	6	1	126	0.088	
294	6	1	55	0.062	
294	6	1	132	0.083	
295	6	1	90	0.100	
295	6	1	75	0.089	
295	6	1	64	0.069	
295	6	1	133	0.082	
295	6	1	75	0.069	
296	6	1	73	0.155	
296	6	1	77	0.104	
296	6	1	109	0.086	
296	6	1	109	0.118	
296	6	1	40	0.067	
297	6	1	37	0.065	
297	6	1	36	0.073	
297	6	1	44	0.062	
297	6	1	50	0.071	
297	6	1	51	0.067	
298	6	1	35	0.074	
298	6	1	85	0.078	
298	6	1	51	0.061	
298	6	1	50	0.073	
298	6	1	44	0.074	
299	6	1	78	0.114	
299	6	1	79	0.077	
299	6	1	63	0.063	
299	6	1	155	0.078	
299	6	1	57	0.066	
0	7	1	34	0.068	
0	7	1	60	0.087	
0	7	1	67	0.147	
0	7	1	97	0.078	
0	7	1	37	0.075	
1	7	1	101	0.085	
1	7	1	49	0.139	
1	7	1	119	0.091	
1	7	1	104	0.110	
1	7	1	140	0.097	
2	7	1	47	0.098	
2	7	1	67	0.087	
2	7	1	27	0.063	
2	7	1	27	0.059	
2	7	1	58	0.106	
3	7	1	45	0.206	
3	7	1	44	0.236	
3	7	1	46	0.237	
3	7	1	45	0.241	
3	7	1	45	0.267	
4	7	1	35	0.071	
4	7	1	45	0.071	
4	7	1	35	0.068	
4	7	1	37	0.032	
4	7	1	41	0.045	
5	7	1	43	0.297	
5	7	1	43	0.297	
5	7	1	44	0.329	
5	7	1	44	0.279	
5	7	1	44	0.279	
6	7	1	52	0.109	
6	7	1	59	0.094	
6	7	1	34	0.070	
6	7	1	28	0.072	
6	7	1	80	0.076	
7	7	1	32	0.064	
7	7	1	52	0.089	
7	7	1	46	0.072	
7	7	1	66	0.100	
7	7	1	58	0.084	
8	7	1	46	0.157	
8	7	1	46	0.149	
8	7	1	98	0.176	
8	7	1	47	0.177	
8	7	1	103	0.150	
9	7	1	44	0.192	
9	7	1	44	0.224	
9	7	1	44	0.227	
9	7	1	47	0.347	
9	7	1	46	0.257	
10	7	1	50	0.244	
10	7	1	49	0.187	
10	7	1	46	0.228	
10	7	1	57	0.194	
10	7	1	156	0.229	
11	7	1	45	0.214	
11	7	1	45	0.240	
11	7	1	46	0.294	
11	7	1	44	0.305	
11	7	1	46	0.294	
12	7	1	52	0.146	
12	7	1	60	0.134	
12	7	1	45	0.068	
12	7	1	65	0.075	
12	7	1	55	0.063	
13	7	1	47	0.097	
13	7	1	45	0.145	
13	7	1	30	0.067	
13	7	1	54	0.120	
13	7	1	55	0.117	
14	7	1	53	0.195	
14	7	1	51	0.196	
14	7	1	69	0.129	
14	7	1	53	0.204	
14	7	1	56	0.224	
15	7	1	44	0.103	
15	7	1	46	0.286	
15	7	1	53	0.267	
15	7	1	49	0.302	
15	7	1	53	0.279	
16	7	1	55	0.123	
16	7	1	52	0.097	
16	7	1	148	0.132	
16	7	1	63	0.162	
16	7	1	62	0.077	
17	7	1	47	0.219	
17	7	1	47	0.287	
17	7	1	52	0.373	
17	7	1	58	0.301	
17	7	1	56	0.243	
18	7	1	43	0.250	
18	7	1	43	0.250	
18	7	1	46	0.310	
18	7	1	47	0.310	
18	7	1	132	0.380	
19	7	1	89	0.080	
19	7	1	90	0.101	
19	7	1	141	0.059	
19	7	1	132	0.071	
19	7	1	122	0.096	
20	7	1	44	0.209	
20	7	1	45	0.282	
20	7	1	49	0.309	
20	7	1	46	0.352	
20	7	1	46	0.316	
21	7	1	48	0.282	
21	7	1	48	0.263	
21	7	1	58	0.241	
21	7	1	52	0.279	
21	7	1	53	0.256	
22	7	1	45	0.124	
22	7	1	45	0.107	
22	7	1	102	0.086	
22	7	1	28	0.071	
22	7	1	68	0.141	
23	7	1	24	0.068	
23	7	1	22	0.046	
23	7	1	115	0.148	
23	7	1	145	0.134	
23	7	1	88	0.203	
24	7	1	55	0.134	
24	7	1	52	0.123	
24	7	1	141	0.075	
24	7	1	76	0.111	
24	7	1	99	0.063	
25	7	1	44	0.279	
25	7	1	44	0.279	
25	7	1	45	0.463	
25	7	1	45	0.463	
25	7	1	45	0.463	
26	7	1	48	0.196	
26	7	1	47	0.114	
26	7	1	57	0.139	
26	7	1	48	0.177	
26	7	1	52	0.189	
27	7	1	45	0.178	
27	7	1	45	0.178	
27	7	1	47	0.200	
27	7	1	49	0.208	
27	7	1	49	0.208	
28	7	1	46	0.342	
28	7	1	45	0.290	
28	7	1	47	0.341	
28	7	1	44	0.281	
28	7	1	47	0.275	
29	7	1	31	0.065	
29	7	1	31	0.092	
29	7	1	33	0.030	
29	7	1	33	0.048	
29	7	1	55	0.066	
30	7	1	54	0.091	
30	7	1	54	0.098	
30	7	1	83	0.096	
30	7	1	67	0.143	
30	7	1	68	0.124	
31	7	1	44	0.217	
31	7	1	49	0.176	
31	7	1	146	0.096	
31	7	1	137	0.078	
31	7	1	120	0.133	
32	7	1	50	0.187	
32	7	1	47	0.166	
32	7	1	53	0.191	
32	7	1	52	0.169	
32	7	1	52	0.169	
33	7	1	27	0.056	
33	7	1	26	0.069	
33	7	1	44	0.055	
33	7	1	36	0.087	
33	7	1	52	0.072	
34	7	1	47	0.251	
34	7	1	46	0.233	
34	7	1	52	0.173	
34	7	1	53	0.203	
34	7	1	51	0.179	
35	7	1	45	0.118	
35	7	1	43	0.125	
35	7	1	48	0.096	
35	7	1	47	0.079	
35	7	1	35	0.072	
36	7	1	44	0.291	
36	7	1	44	0.268	
36	7	1	46	0.275	
36	7	1	46	0.272	
36	7	1	45	0.277	
37	7	1	53	0.126	
37	7	1	99	0.077	
37	7	1	70	0.142	
37	7	1	91	0.102	
37	7	1	72	0.150	
38	7	1	59	0.138	
38	7	1	67	0.100	
38	7	1	99	0.067	
38	7	1	117	0.073	
38	7	1	155	0.080	
39	7	1	44	0.142	
39	7	1	44	0.142	
39	7	1	36	0.073	
39	7	1	33	0.075	
39	7	1	58	0.106	
40	7	1	43	0.314	
40	7	1	43	0.363	
40	7	1	43	0.389	
40	7	1	43	0.372	
40	7	1	43	0.370	
41	7	1	43	0.195	
41	7	1	43	0.213	
41	7	1	46	0.378	
41	7	1	46	0.336	
41	7	1	46	0.336	
42	7	1	43	0.648	
42	7	1	43	0.644	
42	7	1	43	0.664	
42	7	1	43	0.664	
42	7	1	43	0.664	
43	7	1	69	0.069	
43	7	1	60	0.110	
43	7	1	44	0.096	
43	7	1	94	0.068	
43	7	1	121	0.070	
44	7	1	51	0.117	
44	7	1	54	0.127	
44	7	1	65	0.069	
44	7	1	73	0.118	
44	7	1	70	0.107	
45	7	1	46	0.129	
45	7	1	55	0.112	
45	7	1	119	0.096	
45	7	1	63	0.059	
45	7	1	47	0.071	
46	7	1	63	0.131	
46	7	1	54	0.113	
46	7	1	34	0.066	
46	7	1	193	0.076	
46	7	1	47	0.069	
47	7	1	28	0.047	
47	7	1	27	0.068	
47	7	1	27	0.069	
47	7	1	41	0.060	
47	7	1	50	0.070	
48	7	1	49	0.127	
48	7	1	48	0.166	
48	7	1	78	0.079	
48	7	1	55	0.141	
48	7	1	53	0.123	
49	7	1	45	0.074	
49	7	1	67	0.099	
49	7	1	63	0.067	
49	7	1	72	0.096	
49	7	1	80	0.134	
50	7	1	48	0.177	
50	7	1	47	0.178	
50	7	1	47	0.354	
50	7	1	47	0.354	
50	7	1	54	0.308	
51	7	1	45	0.180	
51	7	1	44	0.226	
51	7	1	72	0.255	
51	7	1	59	0.285	
51	7	1	51	0.273	
52	7	1	52	0.285	
52	7	1	49	0.272	
52	7	1	139	0.200	
52	7	1	114	0.157	
52	7	1	106	0.234	
53	7	1	46	0.167	
53	7	1	45	0.126	
53	7	1	63	0.161	
53	7	1	64	0.166	
53	7	1	103	0.064	
54	7	1	48	0.127	
54	7	1	48	0.127	
54	7	1	49	0.191	
54	7	1	48	0.204	
54	7	1	53	0.171	
55	7	1	138	0.092	
55	7	1	54	0.111	
55	7	1	69	0.114	
55	7	1	91	0.107	
55	7	1	70	0.116	
56	7	1	50	0.265	
56	7	1	51	0.191	
56	7	1	53	0.349	
56	7	1	63	0.314	
56	7	1	61	0.255	
57	7	1	61	0.136	
57	7	1	69	0.093	
57	7	1	62	0.109	
57	7	1	69	0.130	
57	7	1	62	0.090	
58	7	1	64	0.094	
58	7	1	67	0.093	
58	7	1	118	0.057	
58	7	1	37	0.095	
58	7	1	123	0.067	
59	7	1	117	0.093	
59	7	1	60	0.110	
59	7	1	95	0.083	
59	7	1	122	0.070	
59	7	1	70	0.117	
60	7	1	22	0.062	
60	7	1	22	0.062	
60	7	1	29	0.072	
60	7	1	57	0.084	
60	7	1	33	0.072	
61	7	1	43	0.376	
61	7	1	43	0.396	
61	7	1	43	0.409	
61	7	1	43	0.409	
61	7	1	43	0.422	
62	7	1	59	0.095	
62	7	1	58	0.085	
62	7	1	82	0.070	
62	7	1	54	0.068	
62	7	1	61	0.069	
63	7	1	53	0.164	
63	7	1	60	0.115	
63	7	1	63	0.179	
63	7	1	62	0.107	
63	7	1	66	0.109	
64	7	1	45	0.159	
64	7	1	46	0.192	
64	7	1	51	0.171	
64	7	1	53	0.166	
64	7	1	55	0.180	
65	7	1	44	0.328	
65	7	1	44	0.269	
65	7	1	44	0.351	
65	7	1	43	0.307	
65	7	1	43	0.307	
66	7	1	46	0.155	
66	7	1	46	0.145	
66	7	1	54	0.117	
66	7	1	53	0.118	
66	7	1	51	0.112	
67	7	1	43	0.326	
67	7	1	43	0.354	
67	7	1	43	0.394	
67	7	1	43	0.394	
67	7	1	43	0.394	
68	7	1	49	0.236	
68	7	1	55	0.187	
68	7	1	63	0.193	
68	7	1	56	0.171	
68	7	1	57	0.185	
69	7	1	126	0.076	
69	7	1	78	0.066	
69	7	1	111	0.077	
69	7	1	83	0.135	
69	7	1	78	0.095	
70	7	1	48	0.183	
70	7	1	48	0.115	
70	7	1	53	0.208	
70	7	1	56	0.154	
70	7	1	50	0.201	
71	7	1	46	0.198	
71	7	1	46	0.198	
71	7	1	57	0.214	
71	7	1	57	0.214	
71	7	1	60	0.201	
72	7	1	43	0.281	
72	7	1	43	0.238	
72	7	1	44	0.221	
72	7	1	44	0.291	
72	7	1	44	0.227	
73	7	1	47	0.155	
73	7	1	48	0.115	
73	7	1	64	0.154	
73	7	1	67	0.180	
73	7	1	139	0.098	
74	7	1	49	0.146	
74	7	1	47	0.150	
74	7	1	57	0.138	
74	7	1	51	0.164	
74	7	1	52	0.166	
75	7	1	43	0.375	
75	7	1	43	0.375	
75	7	1	43	0.373	
75	7	1	43	0.379	
75	7	1	43	0.379	
76	7	1	48	0.202	
76	7	1	48	0.178	
76	7	1	55	0.193	
76	7	1	56	0.196	
76	7	1	56	0.160	
77	7	1	45	0.266	
77	7	1	45	0.266	
77	7	1	55	0.310	
77	7	1	59	0.211	
77	7	1	58	0.208	
78	7	1	48	0.088	
78	7	1	31	0.074	
78	7	1	60	0.073	
78	7	1	127	0.095	
78	7	1	139	0.091	
79	7	1	46	0.268	
79	7	1	45	0.242	
79	7	1	46	0.273	
79	7	1	50	0.275	
79	7	1	47	0.215	
80	7	1	24	0.151	
80	7	1	29	0.091	
80	7	1	144	0.097	
80	7	1	126	0.134	
80	7	1	81	0.163	
81	7	1	47	0.188	
81	7	1	45	0.160	
81	7	1	150	0.103	
81	7	1	55	0.101	
81	7	1	62	0.152	
82	7	1	29	0.066	
82	7	1	55	0.086	
82	7	1	60	0.078	
82	7	1	51	0.067	
82	7	1	36	0.066	
83	7	1	47	0.216	
83	7	1	46	0.222	
83	7	1	48	0.232	
83	7	1	48	0.243	
83	7	1	48	0.204	
84	7	1	44	0.164	
84	7	1	46	0.111	
84	7	1	55	0.268	
84	7	1	53	0.224	
84	7	1	58	0.162	
85	7	1	49	0.162	
85	7	1	50	0.158	
85	7	1	80	0.128	
85	7	1	104	0.087	
85	7	1	178	0.135	
86	7	1	65	0.106	
86	7	1	64	0.080	
86	7	1	105	0.078	
86	7	1	108	0.106	
86	7	1	31	0.073	
87	7	1	44	0.240	
87	7	1	46	0.147	
87	7	1	45	0.221	
87	7	1	45	0.156	
87	7	1	44	0.220	
88	7	1	44	0.291	
88	7	1	44	0.221	
88	7	1	45	0.284	
88	7	1	44	0.268	
88	7	1	45	0.235	
89	7	1	45	0.127	
89	7	1	45	0.088	
89	7	1	63	0.121	
89	7	1	39	0.061	
89	7	1	62	0.125	
90	7	1	44	0.231	
90	7	1	45	0.193	
90	7	1	45	0.273	
90	7	1	46	0.281	
90	7	1	45	0.273	
91	7	1	47	0.230	
91	7	1	46	0.177	
91	7	1	47	0.198	
91	7	1	52	0.206	
91	7	1	48	0.199	
92	7	1	50	0.148	
92	7	1	50	0.146	
92	7	1	104	0.103	
92	7	1	113	0.132	
92	7	1	156	0.073	
93	7	1	43	0.804	
93	7	1	43	0.804	
93	7	1	43	0.827	
93	7	1	43	0.827	
93	7	1	43	0.827	
94	7	1	43	0.369	
94	7	1	43	0.369	
94	7	1	43	0.366	
94	7	1	43	0.360	
94	7	1	43	0.358	
95	7	1	43	0.194	
95	7	1	45	0.197	
95	7	1	50	0.126	
95	7	1	56	0.134	
95	7	1	54	0.153	
96	7	1	52	0.196	
96	7	1	55	0.101	
96	7	1	174	0.088	
96	7	1	70	0.144	
96	7	1	75	0.082	
97	7	1	26	0.013	
97	7	1	45	0.119	
97	7	1	26	0.075	
97	7	1	27	0.057	
97	7	1	30	0.059	
98	7	1	46	0.119	
98	7	1	48	0.111	
98	7	1	152	0.090	
98	7	1	128	0.098	
98	7	1	123	0.105	
99	7	1	55	0.163	
99	7	1	52	0.126	
99	7	1	55	0.108	
99	7	1	63	0.081	
99	7	1	59	0.120	
100	7	1	49	0.211	
100	7	1	49	0.212	
100	7	1	53	0.240	
100	7	1	60	0.235	
100	7	1	60	0.232	
101	7	1	47	0.253	
101	7	1	46	0.343	
101	7	1	49	0.359	
101	7	1	51	0.383	
101	7	1	49	0.359	
102	7	1	44	0.136	
102	7	1	45	0.131	
102	7	1	32	0.059	
102	7	1	57	0.163	
102	7	1	69	0.162	
103	7	1	78	0.069	
103	7	1	59	0.129	
103	7	1	81	0.096	
103	7	1	201	0.076	
103	7	1	39	0.068	
104	7	1	50	0.112	
104	7	1	54	0.107	
104	7	1	79	0.100	
104	7	1	69	0.084	
104	7	1	89	0.065	
105	7	1	27	0.074	
105	7	1	27	0.108	
105	7	1	59	0.090	
105	7	1	60	0.079	
105	7	1	34	0.074	
106	7	1	49	0.162	
106	7	1	48	0.162	
106	7	1	61	0.180	
106	7	1	79	0.176	
106	7	1	63	0.107	
107	7	1	55	0.205	
107	7	1	53	0.154	
107	7	1	103	0.155	
107	7	1	151	0.098	
107	7	1	99	0.168	
108	7	1	43	0.248	
108	7	1	43	0.248	
108	7	1	52	0.253	
108	7	1	53	0.249	
108	7	1	53	0.249	
109	7	1	49	0.196	
109	7	1	48	0.216	
109	7	1	69	0.170	
109	7	1	57	0.216	
109	7	1	74	0.128	
110	7	1	46	0.123	
110	7	1	48	0.148	
110	7	1	68	0.157	
110	7	1	86	0.133	
110	7	1	77	0.126	
111	7	1	65	0.087	
111	7	1	68	0.117	
111	7	1	115	0.072	
111	7	1	144	0.067	
111	7	1	123	0.072	
112	7	1	28	0.070	
112	7	1	33	0.062	
112	7	1	105	0.066	
112	7	1	106	0.072	
112	7	1	84	0.063	
113	7	1	84	0.079	
113	7	1	58	0.098	
113	7	1	61	0.074	
113	7	1	119	0.054	
113	7	1	42	0.062	
114	7	1	52	0.080	
114	7	1	54	0.101	
114	7	1	123	0.072	
114	7	1	72	0.066	
114	7	1	55	0.071	
115	7	1	68	0.089	
115	7	1	50	0.108	
115	7	1	62	0.073	
115	7	1	69	0.120	
115	7	1	173	0.097	
116	7	1	47	0.225	
116	7	1	47	0.189	
116	7	1	88	0.239	
116	7	1	155	0.196	
116	7	1	160	0.277	
117	7	1	102	0.061	
117	7	1	40	0.066	
117	7	1	68	0.072	
117	7	1	55	0.070	
117	7	1	56	0.056	
118	7	1	55	0.131	
118	7	1	62	0.106	
118	7	1	91	0.087	
118	7	1	37	0.069	
118	7	1	27	0.075	
119	7	1	41	0.073	
119	7	1	50	0.067	
119	7	1	38	0.075	
119	7	1	56	0.060	
119	7	1	37	0.075	
120	7	1	26	0.061	
120	7	1	55	0.128	
120	7	1	60	0.101	
120	7	1	67	0.088	
120	7	1	70	0.107	
121	7	1	54	0.147	
121	7	1	53	0.130	
121	7	1	156	0.140	
121	7	1	173	0.098	
121	7	1	151	0.081	
122	7	1	32	0.011	
122	7	1	46	0.210	
122	7	1	57	0.142	
122	7	1	54	0.148	
122	7	1	155	0.101	
123	7	1	62	0.090	
123	7	1	54	0.111	
123	7	1	71	0.072	
123	7	1	65	0.068	
123	7	1	124	0.058	
124	7	1	55	0.159	
124	7	1	53	0.140	
124	7	1	79	0.132	
124	7	1	78	0.170	
124	7	1	69	0.145	
125	7	1	55	0.151	
125	7	1	51	0.158	
125	7	1	91	0.085	
125	7	1	42	0.059	
125	7	1	114	0.107	
126	7	1	51	0.106	
126	7	1	51	0.121	
126	7	1	73	0.091	
126	7	1	61	0.061	
126	7	1	76	0.094	
127	7	1	57	0.098	
127	7	1	52	0.118	
127	7	1	72	0.084	
127	7	1	48	0.066	
127	7	1	65	0.092	
128	7	1	45	0.277	
128	7	1	44	0.265	
128	7	1	48	0.296	
128	7	1	48	0.299	
128	7	1	47	0.252	
129	7	1	24	0.122	
129	7	1	24	0.148	
129	7	1	156	0.084	
129	7	1	86	0.072	
129	7	1	87	0.091	
130	7	1	45	0.193	
130	7	1	47	0.207	
130	7	1	46	0.185	
130	7	1	49	0.217	
130	7	1	47	0.219	
131	7	1	48	0.135	
131	7	1	52	0.118	
131	7	1	90	0.108	
131	7	1	79	0.117	
131	7	1	45	0.075	
132	7	1	46	0.131	
132	7	1	47	0.135	
132	7	1	65	0.101	
132	7	1	69	0.143	
132	7	1	91	0.073	
133	7	1	54	0.150	
133	7	1	31	0.049	
133	7	1	72	0.155	
133	7	1	42	0.065	
133	7	1	70	0.130	
134	7	1	49	0.144	
134	7	1	52	0.145	
134	7	1	117	0.082	
134	7	1	34	0.074	
134	7	1	92	0.082	
135	7	1	46	0.260	
135	7	1	45	0.226	
135	7	1	52	0.316	
135	7	1	57	0.190	
135	7	1	161	0.304	
136	7	1	52	0.138	
136	7	1	62	0.123	
136	7	1	75	0.090	
136	7	1	74	0.071	
136	7	1	45	0.064	
137	7	1	53	0.093	
137	7	1	54	0.093	
137	7	1	73	0.066	
137	7	1	108	0.081	
137	7	1	52	0.068	
138	7	1	61	0.077	
138	7	1	61	0.083	
138	7	1	77	0.075	
138	7	1	132	0.076	
138	7	1	193	0.092	
139	7	1	77	0.074	
139	7	1	45	0.142	
139	7	1	84	0.131	
139	7	1	58	0.074	
139	7	1	85	0.118	
140	7	1	92	0.076	
140	7	1	141	0.094	
140	7	1	86	0.071	
140	7	1	179	0.083	
140	7	1	125	0.071	
141	7	1	22	0.074	
141	7	1	22	0.074	
141	7	1	21	0.052	
141	7	1	52	0.099	
141	7	1	22	0.066	
142	7	1	46	0.142	
142	7	1	46	0.093	
142	7	1	49	0.127	
142	7	1	35	0.069	
142	7	1	51	0.112	
143	7	1	55	0.108	
143	7	1	56	0.101	
143	7	1	98	0.076	
143	7	1	73	0.144	
143	7	1	68	0.125	
144	7	1	48	0.104	
144	7	1	52	0.094	
144	7	1	48	0.067	
144	7	1	84	0.091	
144	7	1	208	0.080	
145	7	1	45	0.176	
145	7	1	46	0.181	
145	7	1	69	0.146	
145	7	1	55	0.172	
145	7	1	58	0.193	
146	7	1	45	0.198	
146	7	1	45	0.184	
146	7	1	49	0.230	
146	7	1	48	0.273	
146	7	1	53	0.167	
147	7	1	44	0.102	
147	7	1	45	0.141	
147	7	1	150	0.093	
147	7	1	133	0.117	
147	7	1	50	0.118	
148	7	1	51	0.094	
148	7	1	50	0.093	
148	7	1	33	0.074	
148	7	1	100	0.082	
148	7	1	34	0.102	
149	7	1	51	0.119	
149	7	1	49	0.201	
149	7	1	61	0.143	
149	7	1	175	0.082	
149	7	1	60	0.160	
150	7	1	53	0.127	
150	7	1	91	0.075	
150	7	1	120	0.111	
150	7	1	85	0.145	
150	7	1	35	0.151	
151	7	1	47	0.104	
151	7	1	46	0.100	
151	7	1	109	0.090	
151	7	1	105	0.096	
151	7	1	109	0.073	
152	7	1	46	0.211	
152	7	1	45	0.168	
152	7	1	53	0.174	
152	7	1	53	0.146	
152	7	1	52	0.226	
153	7	1	49	0.085	
153	7	1	45	0.080	
153	7	1	70	0.069	
153	7	1	144	0.082	
153	7	1	94	0.068	
154	7	1	53	0.088	
154	7	1	56	0.106	
154	7	1	99	0.116	
154	7	1	79	0.068	
154	7	1	116	0.129	
155	7	1	48	0.137	
155	7	1	46	0.193	
155	7	1	110	0.130	
155	7	1	62	0.153	
155	7	1	150	0.077	
156	7	1	45	0.177	
156	7	1	45	0.175	
156	7	1	170	0.079	
156	7	1	94	0.250	
156	7	1	210	0.281	
157	7	1	54	0.077	
157	7	1	81	0.085	
157	7	1	64	0.064	
157	7	1	38	0.075	
157	7	1	84	0.087	
158	7	1	39	0.065	
158	7	1	34	0.062	
158	7	1	65	0.047	
158	7	1	95	0.071	
158	7	1	99	0.075	
159	7	1	44	0.173	
159	7	1	44	0.182	
159	7	1	46	0.338	
159	7	1	49	0.343	
159	7	1	47	0.358	
160	7	1	46	0.091	
160	7	1	48	0.079	
160	7	1	47	0.075	
160	7	1	41	0.073	
160	7	1	39	0.056	
161	7	1	45	0.236	
161	7	1	45	0.236	
161	7	1	96	0.188	
161	7	1	98	0.188	
161	7	1	55	0.187	
162	7	1	48	0.135	
162	7	1	61	0.125	
162	7	1	42	0.068	
162	7	1	172	0.089	
162	7	1	60	0.062	
163	7	1	57	0.088	
163	7	1	56	0.116	
163	7	1	125	0.078	
163	7	1	162	0.105	
163	7	1	81	0.073	
164	7	1	48	0.154	
164	7	1	50	0.130	
164	7	1	46	0.072	
164	7	1	210	0.110	
164	7	1	79	0.070	
165	7	1	148	0.089	
165	7	1	49	0.106	
165	7	1	81	0.081	
165	7	1	76	0.093	
165	7	1	101	0.067	
166	7	1	45	0.100	
166	7	1	45	0.131	
166	7	1	106	0.125	
166	7	1	65	0.127	
166	7	1	90	0.067	
167	7	1	29	0.073	
167	7	1	24	0.061	
167	7	1	35	0.079	
167	7	1	52	0.074	
167	7	1	36	0.069	
168	7	1	56	0.122	
168	7	1	56	0.082	
168	7	1	63	0.073	
168	7	1	115	0.085	
168	7	1	86	0.073	
169	7	1	144	0.084	
169	7	1	28	0.070	
169	7	1	72	0.073	
169	7	1	64	0.055	
169	7	1	65	0.050	
170	7	1	46	0.165	
170	7	1	46	0.142	
170	7	1	41	0.071	
170	7	1	71	0.099	
170	7	1	61	0.121	
171	7	1	60	0.102	
171	7	1	29	0.056	
171	7	1	156	0.088	
171	7	1	67	0.072	
171	7	1	100	0.073	
172	7	1	26	0.073	
172	7	1	52	0.098	
172	7	1	85	0.075	
172	7	1	33	0.071	
172	7	1	67	0.079	
173	7	1	52	0.111	
173	7	1	52	0.096	
173	7	1	68	0.084	
173	7	1	41	0.066	
173	7	1	51	0.072	
174	7	1	49	0.175	
174	7	1	47	0.156	
174	7	1	57	0.163	
174	7	1	58	0.147	
174	7	1	58	0.158	
175	7	1	44	0.073	
175	7	1	59	0.076	
175	7	1	187	0.070	
175	7	1	43	0.067	
175	7	1	51	0.066	
176	7	1	53	0.121	
176	7	1	61	0.108	
176	7	1	88	0.075	
176	7	1	99	0.137	
176	7	1	104	0.109	
177	7	1	23	0.082	
177	7	1	56	0.101	
177	7	1	67	0.059	
177	7	1	142	0.106	
177	7	1	166	0.108	
178	7	1	49	0.148	
178	7	1	51	0.158	
178	7	1	100	0.076	
178	7	1	105	0.119	
178	7	1	162	0.092	
179	7	1	55	0.085	
179	7	1	51	0.085	
179	7	1	105	0.077	
179	7	1	67	0.064	
179	7	1	83	0.102	
180	7	1	24	0.070	
180	7	1	69	0.078	
180	7	1	73	0.071	
180	7	1	54	0.072	
180	7	1	167	0.090	
181	7	1	31	0.052	
181	7	1	55	0.096	
181	7	1	82	0.063	
181	7	1	64	0.073	
181	7	1	59	0.061	
182	7	1	46	0.061	
182	7	1	37	0.059	
182	7	1	121	0.062	
182	7	1	143	0.044	
182	7	1	74	0.072	
183	7	1	57	0.092	
183	7	1	56	0.081	
183	7	1	132	0.089	
183	7	1	167	0.079	
183	7	1	63	0.067	
184	7	1	58	0.140	
184	7	1	59	0.118	
184	7	1	105	0.101	
184	7	1	80	0.092	
184	7	1	79	0.147	
185	7	1	47	0.112	
185	7	1	47	0.126	
185	7	1	51	0.071	
185	7	1	44	0.073	
185	7	1	158	0.081	
186	7	1	54	0.097	
186	7	1	60	0.080	
186	7	1	108	0.072	
186	7	1	45	0.067	
186	7	1	39	0.073	
187	7	1	51	0.072	
187	7	1	27	0.063	
187	7	1	190	0.075	
187	7	1	250	0.079	
187	7	1	63	0.074	
188	7	1	58	0.107	
188	7	1	47	0.071	
188	7	1	59	0.114	
188	7	1	62	0.074	
188	7	1	128	0.104	
189	7	1	44	0.098	
189	7	1	44	0.079	
189	7	1	48	0.066	
189	7	1	43	0.071	
189	7	1	47	0.069	
190	7	1	57	0.127	
190	7	1	57	0.105	
190	7	1	45	0.072	
190	7	1	31	0.062	
190	7	1	42	0.074	
191	7	1	89	0.081	
191	7	1	57	0.080	
191	7	1	41	0.071	
191	7	1	73	0.077	
191	7	1	65	0.084	
192	7	1	23	0.142	
192	7	1	33	0.068	
192	7	1	53	0.060	
192	7	1	63	0.071	
192	7	1	49	0.074	
193	7	1	54	0.081	
193	7	1	54	0.074	
193	7	1	108	0.098	
193	7	1	110	0.085	
193	7	1	120	0.088	
194	7	1	67	0.083	
194	7	1	40	0.074	
194	7	1	148	0.075	
194	7	1	138	0.086	
194	7	1	86	0.071	
195	7	1	46	0.104	
195	7	1	45	0.101	
195	7	1	62	0.085	
195	7	1	63	0.102	
195	7	1	62	0.097	
196	7	1	51	0.133	
196	7	1	48	0.085	
196	7	1	51	0.073	
196	7	1	59	0.060	
196	7	1	33	0.071	
197	7	1	26	0.042	
197	7	1	48	0.121	
197	7	1	78	0.090	
197	7	1	138	0.082	
197	7	1	219	0.084	
198	7	1	53	0.120	
198	7	1	49	0.078	
198	7	1	66	0.092	
198	7	1	67	0.105	
198	7	1	65	0.090	
199	7	1	52	0.110	
199	7	1	28	0.067	
199	7	1	41	0.069	
199	7	1	77	0.103	
199	7	1	41	0.068	
200	7	1	45	0.157	
200	7	1	47	0.172	
200	7	1	60	0.074	
200	7	1	73	0.092	
200	7	1	74	0.187	
201	7	1	49	0.099	
201	7	1	27	0.058	
201	7	1	57	0.105	
201	7	1	92	0.066	
201	7	1	38	0.064	
202	7	1	46	0.198	
202	7	1	45	0.171	
202	7	1	179	0.077	
202	7	1	95	0.157	
202	7	1	78	0.127	
203	7	1	35	0.062	
203	7	1	38	0.069	
203	7	1	34	0.074	
203	7	1	102	0.075	
203	7	1	43	0.074	
204	7	1	57	0.084	
204	7	1	25	0.071	
204	7	1	43	0.074	
204	7	1	119	0.079	
204	7	1	89	0.085	
205	7	1	48	0.066	
205	7	1	128	0.068	
205	7	1	38	0.070	
205	7	1	97	0.070	
205	7	1	46	0.066	
206	7	1	47	0.118	
206	7	1	48	0.097	
206	7	1	154	0.086	
206	7	1	114	0.069	
206	7	1	36	0.062	
207	7	1	56	0.111	
207	7	1	26	0.045	
207	7	1	76	0.061	
207	7	1	44	0.087	
207	7	1	57	0.073	
208	7	1	37	0.056	
208	7	1	46	0.070	
208	7	1	76	0.073	
208	7	1	99	0.072	
208	7	1	95	0.071	
209	7	1	48	0.187	
209	7	1	47	0.150	
209	7	1	59	0.160	
209	7	1	59	0.154	
209	7	1	64	0.161	
210	7	1	93	0.092	
210	7	1	49	0.102	
210	7	1	46	0.063	
210	7	1	36	0.067	
210	7	1	50	0.067	
211	7	1	73	0.079	
211	7	1	53	0.115	
211	7	1	122	0.069	
211	7	1	88	0.119	
211	7	1	34	0.070	
212	7	1	24	0.072	
212	7	1	24	0.072	
212	7	1	50	0.098	
212	7	1	50	0.098	
212	7	1	50	0.098	
213	7	1	53	0.115	
213	7	1	53	0.123	
213	7	1	103	0.065	
213	7	1	122	0.071	
213	7	1	154	0.088	
214	7	1	40	0.070	
214	7	1	33	0.053	
214	7	1	36	0.068	
214	7	1	51	0.072	
214	7	1	70	0.068	
215	7	1	67	0.086	
215	7	1	49	0.118	
215	7	1	98	0.119	
215	7	1	101	0.070	
215	7	1	85	0.130	
216	7	1	49	0.129	
216	7	1	51	0.170	
216	7	1	66	0.158	
216	7	1	38	0.073	
216	7	1	67	0.139	
217	7	1	25	0.075	
217	7	1	56	0.076	
217	7	1	24	0.054	
217	7	1	110	0.079	
217	7	1	69	0.113	
218	7	1	54	0.090	
218	7	1	33	0.061	
218	7	1	73	0.098	
218	7	1	71	0.085	
218	7	1	60	0.070	
219	7	1	58	0.146	
219	7	1	70	0.067	
219	7	1	49	0.067	
219	7	1	83	0.113	
219	7	1	97	0.072	
220	7	1	62	0.069	
220	7	1	60	0.068	
220	7	1	47	0.070	
220	7	1	45	0.056	
220	7	1	52	0.058	
221	7	1	47	0.071	
221	7	1	94	0.071	
221	7	1	91	0.075	
221	7	1	88	0.068	
221	7	1	62	0.068	
222	7	1	21	0.085	
222	7	1	50	0.088	
222	7	1	113	0.067	
222	7	1	85	0.069	
222	7	1	92	0.064	
223	7	1	47	0.111	
223	7	1	48	0.111	
223	7	1	211	0.082	
223	7	1	66	0.081	
223	7	1	102	0.096	
224	7	1	24	0.073	
224	7	1	59	0.088	
224	7	1	86	0.090	
224	7	1	44	0.118	
224	7	1	27	0.275	
225	7	1	21	0.074	
225	7	1	53	0.081	
225	7	1	90	0.088	
225	7	1	42	0.071	
225	7	1	34	0.078	
226	7	1	46	0.121	
226	7	1	46	0.112	
226	7	1	76	0.110	
226	7	1	206	0.086	
226	7	1	146	0.128	
227	7	1	84	0.088	
227	7	1	58	0.144	
227	7	1	119	0.112	
227	7	1	92	0.145	
227	7	1	93	0.073	
228	7	1	38	0.065	
228	7	1	42	0.065	
228	7	1	72	0.076	
228	7	1	59	0.070	
228	7	1	58	0.060	
229	7	1	54	0.104	
229	7	1	34	0.074	
229	7	1	98	0.100	
229	7	1	60	0.074	
229	7	1	168	0.077	
230	7	1	21	0.066	
230	7	1	128	0.107	
230	7	1	32	0.074	
230	7	1	37	0.067	
230	7	1	30	0.091	
231	7	1	92	0.159	
231	7	1	55	0.117	
231	7	1	202	0.123	
231	7	1	141	0.076	
231	7	1	63	0.139	
232	7	1	54	0.100	
232	7	1	50	0.092	
232	7	1	80	0.083	
232	7	1	145	0.101	
232	7	1	111	0.071	
233	7	1	44	0.223	
233	7	1	44	0.224	
233	7	1	108	0.237	
233	7	1	192	0.079	
233	7	1	78	0.229	
234	7	1	49	0.110	
234	7	1	49	0.089	
234	7	1	78	0.093	
234	7	1	117	0.092	
234	7	1	151	0.081	
235	7	1	64	0.114	
235	7	1	24	0.051	
235	7	1	173	0.084	
235	7	1	170	0.087	
235	7	1	181	0.073	
236	7	1	46	0.133	
236	7	1	47	0.177	
236	7	1	47	0.200	
236	7	1	47	0.200	
236	7	1	46	0.154	
237	7	1	29	0.072	
237	7	1	24	0.069	
237	7	1	38	0.129	
237	7	1	38	0.072	
237	7	1	36	0.063	
238	7	1	57	0.125	
238	7	1	56	0.099	
238	7	1	69	0.103	
238	7	1	68	0.098	
238	7	1	95	0.089	
239	7	1	53	0.119	
239	7	1	57	0.151	
239	7	1	68	0.075	
239	7	1	95	0.080	
239	7	1	99	0.097	
240	7	1	53	0.245	
240	7	1	50	0.201	
240	7	1	61	0.217	
240	7	1	66	0.191	
240	7	1	70	0.166	
241	7	1	60	0.100	
241	7	1	54	0.086	
241	7	1	40	0.073	
241	7	1	105	0.080	
241	7	1	48	0.071	
242	7	1	90	0.088	
242	7	1	53	0.089	
242	7	1	94	0.073	
242	7	1	133	0.073	
242	7	1	77	0.093	
243	7	1	28	0.072	
243	7	1	26	0.070	
243	7	1	82	0.071	
243	7	1	71	0.120	
243	7	1	66	0.071	
244	7	1	29	0.056	
244	7	1	51	0.083	
244	7	1	78	0.057	
244	7	1	87	0.072	
244	7	1	69	0.065	
245	7	1	50	0.101	
245	7	1	48	0.085	
245	7	1	75	0.067	
245	7	1	62	0.073	
245	7	1	54	0.071	
246	7	1	81	0.056	
246	7	1	56	0.090	
246	7	1	203	0.090	
246	7	1	73	0.072	
246	7	1	62	0.074	
247	7	1	45	0.193	
247	7	1	48	0.156	
247	7	1	97	0.186	
247	7	1	137	0.184	
247	7	1	63	0.206	
248	7	1	115	0.092	
248	7	1	72	0.119	
248	7	1	71	0.057	
248	7	1	189	0.088	
248	7	1	151	0.085	
249	7	1	57	0.113	
249	7	1	93	0.085	
249	7	1	39	0.074	
249	7	1	39	0.069	
249	7	1	33	0.060	
250	7	1	20	0.073	
250	7	1	40	0.061	
250	7	1	54	0.075	
250	7	1	58	0.074	
250	7	1	58	0.041	
251	7	1	44	0.144	
251	7	1	45	0.115	
251	7	1	39	0.072	
251	7	1	40	0.065	
251	7	1	41	0.073	
252	7	1	44	0.105	
252	7	1	46	0.111	
252	7	1	47	0.101	
252	7	1	48	0.104	
252	7	1	49	0.079	
253	7	1	57	0.102	
253	7	1	23	0.054	
253	7	1	18	0.530	
253	7	1	65	0.078	
253	7	1	37	0.070	
254	7	1	62	0.142	
254	7	1	112	0.102	
254	7	1	86	0.116	
254	7	1	82	0.084	
254	7	1	83	0.110	
255	7	1	64	0.089	
255	7	1	70	0.081	
255	7	1	60	0.124	
255	7	1	106	0.069	
255	7	1	148	0.073	
256	7	1	49	0.074	
256	7	1	53	0.069	
256	7	1	41	0.069	
256	7	1	56	0.074	
256	7	1	57	0.063	
257	7	1	48	0.193	
257	7	1	48	0.219	
257	7	1	63	0.245	
257	7	1	72	0.192	
257	7	1	69	0.236	
258	7	1	54	0.077	
258	7	1	59	0.072	
258	7	1	72	0.055	
258	7	1	61	0.071	
258	7	1	133	0.074	
259	7	1	46	0.198	
259	7	1	47	0.202	
259	7	1	50	0.149	
259	7	1	51	0.103	
259	7	1	49	0.130	
260	7	1	68	0.106	
260	7	1	66	0.078	
260	7	1	76	0.075	
260	7	1	170	0.067	
260	7	1	58	0.069	
261	7	1	49	0.100	
261	7	1	52	0.085	
261	7	1	56	0.071	
261	7	1	35	0.107	
261	7	1	52	0.068	
262	7	1	61	0.120	
262	7	1	25	0.063	
262	7	1	134	0.099	
262	7	1	112	0.077	
262	7	1	118	0.071	
263	7	1	48	0.136	
263	7	1	49	0.116	
263	7	1	34	0.086	
263	7	1	126	0.075	
263	7	1	30	0.086	
264	7	1	55	0.092	
264	7	1	54	0.084	
264	7	1	91	0.077	
264	7	1	59	0.074	
264	7	1	36	0.069	
265	7	1	46	0.072	
265	7	1	32	0.075	
265	7	1	33	0.082	
265	7	1	148	0.070	
265	7	1	54	0.075	
266	7	1	47	0.071	
266	7	1	58	0.104	
266	7	1	110	0.078	
266	7	1	64	0.069	
266	7	1	97	0.054	
267	7	1	54	0.097	
267	7	1	58	0.069	
267	7	1	64	0.066	
267	7	1	205	0.075	
267	7	1	117	0.082	
268	7	1	38	0.072	
268	7	1	50	0.092	
268	7	1	72	0.067	
268	7	1	75	0.073	
268	7	1	68	0.067	
269	7	1	49	0.115	
269	7	1	47	0.120	
269	7	1	250	0.085	
269	7	1	229	0.093	
269	7	1	74	0.073	
270	7	1	45	0.175	
270	7	1	47	0.140	
270	7	1	57	0.098	
270	7	1	51	0.110	
270	7	1	50	0.158	
271	7	1	27	0.065	
271	7	1	27	0.086	
271	7	1	57	0.064	
271	7	1	39	0.072	
271	7	1	132	0.086	
272	7	1	28	0.075	
272	7	1	25	0.046	
272	7	1	45	0.069	
272	7	1	60	0.074	
272	7	1	71	0.075	
273	7	1	90	0.095	
273	7	1	50	0.066	
273	7	1	161	0.059	
273	7	1	160	0.069	
273	7	1	102	0.080	
274	7	1	45	0.187	
274	7	1	45	0.186	
274	7	1	55	0.184	
274	7	1	57	0.184	
274	7	1	57	0.184	
275	7	1	49	0.058	
275	7	1	41	0.065	
275	7	1	124	0.065	
275	7	1	54	0.063	
275	7	1	92	0.074	
276	7	1	32	0.074	
276	7	1	36	0.068	
276	7	1	53	0.066	
276	7	1	119	0.108	
276	7	1	51	0.073	
277	7	1	54	0.107	
277	7	1	60	0.130	
277	7	1	81	0.083	
277	7	1	67	0.124	
277	7	1	62	0.094	
278	7	1	24	0.068	
278	7	1	62	0.092	
278	7	1	26	0.075	
278	7	1	25	0.061	
278	7	1	60	0.097	
279	7	1	98	0.074	
279	7	1	26	0.068	
279	7	1	67	0.074	
279	7	1	82	0.066	
279	7	1	76	0.058	
280	7	1	55	0.097	
280	7	1	60	0.104	
280	7	1	48	0.051	
280	7	1	167	0.078	
280	7	1	134	0.103	
281	7	1	64	0.046	
281	7	1	51	0.071	
281	7	1	31	0.069	
281	7	1	27	0.070	
281	7	1	29	0.069	
282	7	1	68	0.104	
282	7	1	65	0.091	
282	7	1	33	0.066	
282	7	1	64	0.066	
282	7	1	51	0.072	
283	7	1	30	0.074	
283	7	1	24	0.068	
283	7	1	70	0.060	
283	7	1	90	0.069	
283	7	1	45	0.072	
284	7	1	52	0.117	
284	7	1	31	0.074	
284	7	1	152	0.085	
284	7	1	151	0.089	
284	7	1	72	0.142	
285	7	1	62	0.070	
285	7	1	44	0.068	
285	7	1	94	0.070	
285	7	1	86	0.073	
285	7	1	83	0.071	
286	7	1	53	0.083	
286	7	1	58	0.087	
286	7	1	51	0.073	
286	7	1	62	0.070	
286	7	1	74	0.069	
287	7	1	39	0.065	
287	7	1	35	0.066	
287	7	1	76	0.073	
287	7	1	81	0.069	
287	7	1	111	0.092	
288	7	1	57	0.100	
288	7	1	58	0.101	
288	7	1	98	0.090	
288	7	1	43	0.073	
288	7	1	35	0.059	
289	7	1	144	0.093	
289	7	1	80	0.071	
289	7	1	142	0.076	
289	7	1	90	0.088	
289	7	1	60	0.074	
290	7	1	24	0.068	
290	7	1	70	0.145	
290	7	1	49	0.073	
290	7	1	56	0.074	
290	7	1	47	0.074	
291	7	1	45	0.168	
291	7	1	45	0.168	
291	7	1	56	0.179	
291	7	1	56	0.207	
291	7	1	56	0.232	
292	7	1	53	0.089	
292	7	1	57	0.077	
292	7	1	93	0.078	
292	7	1	60	0.036	
292	7	1	79	0.092	
293	7	1	58	0.086	
293	7	1	176	0.090	
293	7	1	49	0.060	
293	7	1	130	0.082	
293	7	1	38	0.067	
294	7	1	97	0.076	
294	7	1	64	0.081	
294	7	1	111	0.071	
294	7	1	118	0.095	
294	7	1	64	0.075	
295	7	1	30	0.064	
295	7	1	34	0.063	
295	7	1	48	0.060	
295	7	1	49	0.064	
295	7	1	43	0.072	
296	7	1	47	0.178	
296	7	1	48	0.152	
296	7	1	137	0.103	
296	7	1	121	0.075	
296	7	1	191	0.081	
297	7	1	28	0.060	
297	7	1	28	0.067	
297	7	1	34	0.073	
297	7	1	42	0.067	
297	7	1	31	0.060	
298	7	1	63	0.102	
298	7	1	49	0.060	
298	7	1	122	0.055	
298	7	1	41	0.075	
298	7	1	102	0.071	
299	7	1	58	0.088	
299	7	1	70	0.087	
299	7	1	81	0.073	
299	7	1	80	0.071	
299	7	1	78	0.067	
0	8	1	68	0.160	
0	8	1	68	0.196	
0	8	1	75	0.144	
0	8	1	83	0.115	
0	8	1	78	0.151	
1	8	1	67	0.192	
1	8	1	65	0.189	
1	8	1	73	0.200	
1	8	1	86	0.236	
1	8	1	78	0.247	
2	8	1	64	0.083	
2	8	1	63	0.110	
2	8	1	79	0.106	
2	8	1	69	0.114	
2	8	1	80	0.107	
3	8	1	60	0.181	
3	8	1	60	0.257	
3	8	1	66	0.259	
3	8	1	66	0.258	
3	8	1	65	0.256	
4	8	1	77	0.130	
4	8	1	96	0.110	
4	8	1	45	0.143	
4	8	1	39	0.075	
4	8	1	92	0.079	
5	8	1	59	0.268	
5	8	1	59	0.268	
5	8	1	61	0.287	
5	8	1	60	0.288	
5	8	1	61	0.287	
6	8	1	71	0.174	
6	8	1	66	0.144	
6	8	1	96	0.128	
6	8	1	80	0.126	
6	8	1	91	0.187	
7	8	1	65	0.111	
7	8	1	81	0.109	
7	8	1	77	0.077	
7	8	1	76	0.115	
7	8	1	75	0.108	
8	8	1	64	0.155	
8	8	1	66	0.153	
8	8	1	76	0.147	
8	8	1	80	0.136	
8	8	1	75	0.126	
9	8	1	60	0.258	
9	8	1	60	0.216	
9	8	1	60	0.263	
9	8	1	60	0.311	
9	8	1	60	0.265	
10	8	1	62	0.207	
10	8	1	62	0.234	
10	8	1	66	0.231	
10	8	1	70	0.219	
10	8	1	68	0.240	
11	8	1	60	0.319	
11	8	1	60	0.319	
11	8	1	60	0.303	
11	8	1	60	0.300	
11	8	1	60	0.300	
12	8	1	65	0.164	
12	8	1	72	0.162	
12	8	1	99	0.101	
12	8	1	89	0.160	
12	8	1	98	0.111	
13	8	1	65	0.137	
13	8	1	64	0.116	
13	8	1	79	0.132	
13	8	1	72	0.116	
13	8	1	33	0.071	
14	8	1	61	0.207	
14	8	1	61	0.207	
14	8	1	62	0.214	
14	8	1	63	0.213	
14	8	1	64	0.214	
15	8	1	62	0.275	
15	8	1	62	0.238	
15	8	1	63	0.270	
15	8	1	64	0.311	
15	8	1	69	0.294	
16	8	1	64	0.199	
16	8	1	66	0.200	
16	8	1	84	0.210	
16	8	1	88	0.164	
16	8	1	81	0.167	
17	8	1	61	0.246	
17	8	1	61	0.246	
17	8	1	62	0.330	
17	8	1	62	0.291	
17	8	1	63	0.274	
18	8	1	60	0.268	
18	8	1	60	0.268	
18	8	1	61	0.321	
18	8	1	61	0.299	
18	8	1	61	0.299	
19	8	1	79	0.153	
19	8	1	72	0.171	
19	8	1	82	0.142	
19	8	1	95	0.147	
19	8	1	96	0.131	
20	8	1	60	0.248	
20	8	1	60	0.261	
20	8	1	60	0.343	
20	8	1	60	0.343	
20	8	1	60	0.343	
21	8	1	62	0.266	
21	8	1	62	0.322	
21	8	1	63	0.233	
21	8	1	64	0.254	
21	8	1	65	0.280	
22	8	1	63	0.160	
22	8	1	61	0.174	
22	8	1	78	0.107	
22	8	1	76	0.143	
22	8	1	69	0.147	
23	8	1	63	0.164	
23	8	1	66	0.190	
23	8	1	80	0.201	
23	8	1	71	0.135	
23	8	1	73	0.198	
24	8	1	67	0.215	
24	8	1	66	0.203	
24	8	1	80	0.210	
24	8	1	77	0.154	
24	8	1	81	0.153	
25	8	1	60	0.289	
25	8	1	60	0.289	
25	8	1	60	0.330	
25	8	1	61	0.303	
25	8	1	61	0.303	
26	8	1	66	0.251	
26	8	1	61	0.237	
26	8	1	65	0.209	
26	8	1	65	0.242	
26	8	1	68	0.174	
27	8	1	60	0.243	
27	8	1	61	0.200	
27	8	1	61	0.242	
27	8	1	63	0.229	
27	8	1	63	0.229	
28	8	1	60	0.274	
28	8	1	60	0.265	
28	8	1	60	0.274	
28	8	1	60	0.306	
28	8	1	60	0.345	
29	8	1	89	0.116	
29	8	1	86	0.115	
29	8	1	51	0.080	
29	8	1	54	0.074	
29	8	1	60	0.069	
30	8	1	71	0.247	
30	8	1	76	0.165	
30	8	1	92	0.146	
30	8	1	80	0.195	
30	8	1	85	0.154	
31	8	1	61	0.257	
31	8	1	62	0.228	
31	8	1	62	0.252	
31	8	1	61	0.267	
31	8	1	65	0.291	
32	8	1	60	0.219	
32	8	1	60	0.219	
32	8	1	60	0.235	
32	8	1	60	0.279	
32	8	1	60	0.279	
33	8	1	44	0.067	
33	8	1	43	0.080	
33	8	1	51	0.061	
33	8	1	54	0.091	
33	8	1	54	0.056	
34	8	1	61	0.280	
34	8	1	61	0.266	
34	8	1	63	0.297	
34	8	1	62	0.297	
34	8	1	62	0.265	
35	8	1	67	0.115	
35	8	1	67	0.115	
35	8	1	73	0.107	
35	8	1	80	0.111	
35	8	1	73	0.107	
36	8	1	60	0.249	
36	8	1	60	0.232	
36	8	1	62	0.257	
36	8	1	64	0.231	
36	8	1	64	0.300	
37	8	1	76	0.129	
37	8	1	84	0.097	
37	8	1	74	0.120	
37	8	1	79	0.131	
37	8	1	85	0.136	
38	8	1	71	0.133	
38	8	1	73	0.131	
38	8	1	86	0.085	
38	8	1	88	0.108	
38	8	1	85	0.081	
39	8	1	62	0.193	
39	8	1	62	0.198	
39	8	1	64	0.137	
39	8	1	64	0.179	
39	8	1	61	0.167	
40	8	1	59	0.360	
40	8	1	59	0.348	
40	8	1	59	0.349	
40	8	1	59	0.343	
40	8	1	59	0.349	
41	8	1	60	0.350	
41	8	1	60	0.256	
41	8	1	60	0.383	
41	8	1	60	0.425	
41	8	1	60	0.383	
42	8	1	59	0.653	
42	8	1	59	0.653	
42	8	1	59	0.653	
42	8	1	59	0.653	
42	8	1	59	0.653	
43	8	1	77	0.133	
43	8	1	73	0.179	
43	8	1	82	0.135	
43	8	1	97	0.192	
43	8	1	86	0.116	
44	8	1	71	0.102	
44	8	1	79	0.097	
44	8	1	88	0.129	
44	8	1	83	0.139	
44	8	1	83	0.118	
45	8	1	63	0.137	
45	8	1	67	0.132	
45	8	1	76	0.089	
45	8	1	78	0.097	
45	8	1	74	0.107	
46	8	1	66	0.112	
46	8	1	69	0.126	
46	8	1	92	0.078	
46	8	1	92	0.093	
46	8	1	92	0.104	
47	8	1	77	0.089	
47	8	1	70	0.085	
47	8	1	82	0.087	
47	8	1	91	0.081	
47	8	1	79	0.084	
48	8	1	66	0.181	
48	8	1	65	0.188	
48	8	1	74	0.133	
48	8	1	71	0.150	
48	8	1	75	0.199	
49	8	1	75	0.195	
49	8	1	70	0.178	
49	8	1	85	0.147	
49	8	1	81	0.131	
49	8	1	93	0.140	
50	8	1	62	0.283	
50	8	1	61	0.283	
50	8	1	62	0.413	
50	8	1	64	0.350	
50	8	1	64	0.334	
51	8	1	61	0.268	
51	8	1	61	0.255	
51	8	1	63	0.260	
51	8	1	67	0.246	
51	8	1	63	0.236	
52	8	1	61	0.220	
52	8	1	61	0.220	
52	8	1	63	0.310	
52	8	1	63	0.362	
52	8	1	62	0.324	
53	8	1	66	0.113	
53	8	1	65	0.163	
53	8	1	66	0.159	
53	8	1	66	0.155	
53	8	1	68	0.159	
54	8	1	60	0.266	
54	8	1	60	0.246	
54	8	1	61	0.311	
54	8	1	62	0.295	
54	8	1	62	0.265	
55	8	1	71	0.118	
55	8	1	72	0.110	
55	8	1	88	0.099	
55	8	1	79	0.081	
55	8	1	88	0.099	
56	8	1	63	0.171	
56	8	1	63	0.171	
56	8	1	71	0.319	
56	8	1	70	0.289	
56	8	1	68	0.305	
57	8	1	72	0.079	
57	8	1	71	0.145	
57	8	1	82	0.134	
57	8	1	92	0.099	
57	8	1	83	0.126	
58	8	1	41	0.064	
58	8	1	81	0.161	
58	8	1	112	0.111	
58	8	1	102	0.111	
58	8	1	98	0.127	
59	8	1	73	0.098	
59	8	1	74	0.085	
59	8	1	81	0.110	
59	8	1	66	0.073	
59	8	1	59	0.072	
60	8	1	36	0.056	
60	8	1	61	0.075	
60	8	1	77	0.102	
60	8	1	72	0.101	
60	8	1	78	0.080	
61	8	1	59	0.395	
61	8	1	59	0.393	
61	8	1	59	0.395	
61	8	1	59	0.395	
61	8	1	59	0.395	
62	8	1	82	0.106	
62	8	1	73	0.098	
62	8	1	42	0.071	
62	8	1	44	0.065	
62	8	1	44	0.072	
63	8	1	67	0.201	
63	8	1	67	0.187	
63	8	1	68	0.136	
63	8	1	67	0.146	
63	8	1	69	0.142	
64	8	1	64	0.153	
64	8	1	63	0.130	
64	8	1	64	0.145	
64	8	1	67	0.111	
64	8	1	73	0.091	
65	8	1	62	0.282	
65	8	1	62	0.282	
65	8	1	60	0.298	
65	8	1	61	0.297	
65	8	1	61	0.291	
66	8	1	63	0.136	
66	8	1	63	0.169	
66	8	1	83	0.152	
66	8	1	81	0.139	
66	8	1	83	0.155	
67	8	1	59	0.352	
67	8	1	59	0.352	
67	8	1	59	0.348	
67	8	1	59	0.348	
67	8	1	59	0.341	
68	8	1	61	0.278	
68	8	1	63	0.267	
68	8	1	62	0.243	
68	8	1	67	0.296	
68	8	1	63	0.284	
69	8	1	67	0.142	
69	8	1	64	0.143	
69	8	1	31	0.039	
69	8	1	93	0.077	
69	8	1	81	0.095	
70	8	1	63	0.274	
70	8	1	64	0.178	
70	8	1	64	0.252	
70	8	1	64	0.236	
70	8	1	65	0.183	
71	8	1	64	0.208	
71	8	1	64	0.193	
71	8	1	65	0.181	
71	8	1	68	0.186	
71	8	1	65	0.201	
72	8	1	60	0.271	
72	8	1	60	0.225	
72	8	1	61	0.274	
72	8	1	61	0.261	
72	8	1	65	0.229	
73	8	1	77	0.261	
73	8	1	65	0.200	
73	8	1	73	0.193	
73	8	1	75	0.221	
73	8	1	74	0.234	
74	8	1	61	0.154	
74	8	1	78	0.221	
74	8	1	68	0.175	
74	8	1	62	0.210	
74	8	1	66	0.212	
75	8	1	59	0.340	
75	8	1	59	0.359	
75	8	1	59	0.348	
75	8	1	59	0.338	
75	8	1	59	0.340	
76	8	1	65	0.166	
76	8	1	63	0.179	
76	8	1	74	0.179	
76	8	1	73	0.143	
76	8	1	76	0.190	
77	8	1	60	0.246	
77	8	1	60	0.266	
77	8	1	61	0.378	
77	8	1	61	0.355	
77	8	1	61	0.378	
78	8	1	72	0.107	
78	8	1	64	0.166	
78	8	1	100	0.094	
78	8	1	36	0.073	
78	8	1	86	0.081	
79	8	1	62	0.242	
79	8	1	62	0.258	
79	8	1	64	0.291	
79	8	1	62	0.265	
79	8	1	68	0.229	
80	8	1	66	0.207	
80	8	1	70	0.162	
80	8	1	78	0.158	
80	8	1	88	0.149	
80	8	1	81	0.186	
81	8	1	74	0.167	
81	8	1	75	0.152	
81	8	1	79	0.149	
81	8	1	79	0.161	
81	8	1	70	0.200	
82	8	1	111	0.088	
82	8	1	80	0.098	
82	8	1	79	0.083	
82	8	1	86	0.079	
82	8	1	83	0.091	
83	8	1	62	0.247	
83	8	1	65	0.237	
83	8	1	63	0.292	
83	8	1	63	0.292	
83	8	1	63	0.265	
84	8	1	60	0.188	
84	8	1	60	0.233	
84	8	1	67	0.216	
84	8	1	63	0.223	
84	8	1	65	0.265	
85	8	1	66	0.167	
85	8	1	69	0.161	
85	8	1	83	0.146	
85	8	1	79	0.155	
85	8	1	72	0.139	
86	8	1	71	0.159	
86	8	1	65	0.195	
86	8	1	103	0.090	
86	8	1	99	0.085	
86	8	1	97	0.153	
87	8	1	60	0.318	
87	8	1	60	0.275	
87	8	1	61	0.339	
87	8	1	60	0.312	
87	8	1	60	0.306	
88	8	1	60	0.282	
88	8	1	60	0.318	
88	8	1	61	0.280	
88	8	1	61	0.313	
88	8	1	61	0.317	
89	8	1	64	0.137	
89	8	1	62	0.150	
89	8	1	71	0.133	
89	8	1	72	0.159	
89	8	1	73	0.156	
90	8	1	60	0.293	
90	8	1	60	0.295	
90	8	1	60	0.313	
90	8	1	60	0.286	
90	8	1	82	0.151	
91	8	1	63	0.262	
91	8	1	63	0.251	
91	8	1	73	0.179	
91	8	1	65	0.253	
91	8	1	66	0.230	
92	8	1	62	0.099	
92	8	1	62	0.099	
92	8	1	71	0.089	
92	8	1	31	0.071	
92	8	1	67	0.087	
93	8	1	59	0.795	
93	8	1	59	0.795	
93	8	1	59	0.795	
93	8	1	59	0.795	
93	8	1	59	0.795	
94	8	1	59	0.392	
94	8	1	59	0.376	
94	8	1	59	0.431	
94	8	1	59	0.431	
94	8	1	59	0.431	
95	8	1	64	0.201	
95	8	1	64	0.188	
95	8	1	66	0.147	
95	8	1	76	0.161	
95	8	1	79	0.135	
96	8	1	65	0.206	
96	8	1	65	0.202	
96	8	1	80	0.134	
96	8	1	87	0.113	
96	8	1	77	0.174	
97	8	1	68	0.090	
97	8	1	67	0.157	
97	8	1	78	0.102	
97	8	1	75	0.171	
97	8	1	72	0.158	
98	8	1	70	0.166	
98	8	1	64	0.172	
98	8	1	88	0.143	
98	8	1	81	0.128	
98	8	1	88	0.167	
99	8	1	71	0.176	
99	8	1	70	0.171	
99	8	1	88	0.166	
99	8	1	82	0.170	
99	8	1	85	0.116	
100	8	1	61	0.202	
100	8	1	63	0.219	
100	8	1	75	0.179	
100	8	1	73	0.159	
100	8	1	75	0.179	
101	8	1	60	0.223	
101	8	1	60	0.264	
101	8	1	62	0.396	
101	8	1	62	0.405	
101	8	1	62	0.405	
102	8	1	62	0.150	
102	8	1	63	0.133	
102	8	1	76	0.157	
102	8	1	65	0.187	
102	8	1	69	0.163	
103	8	1	78	0.151	
103	8	1	73	0.131	
103	8	1	100	0.103	
103	8	1	104	0.111	
103	8	1	102	0.092	
104	8	1	76	0.095	
104	8	1	78	0.088	
104	8	1	98	0.109	
104	8	1	92	0.085	
104	8	1	89	0.095	
105	8	1	76	0.134	
105	8	1	66	0.152	
105	8	1	79	0.118	
105	8	1	77	0.122	
105	8	1	72	0.133	
106	8	1	67	0.156	
106	8	1	66	0.153	
106	8	1	85	0.141	
106	8	1	79	0.174	
106	8	1	76	0.173	
107	8	1	65	0.277	
107	8	1	65	0.236	
107	8	1	69	0.211	
107	8	1	69	0.259	
107	8	1	70	0.222	
108	8	1	60	0.186	
108	8	1	60	0.203	
108	8	1	60	0.270	
108	8	1	60	0.361	
108	8	1	60	0.270	
109	8	1	63	0.183	
109	8	1	65	0.229	
109	8	1	74	0.206	
109	8	1	72	0.233	
109	8	1	74	0.236	
110	8	1	68	0.194	
110	8	1	66	0.157	
110	8	1	35	0.060	
110	8	1	69	0.111	
110	8	1	68	0.134	
111	8	1	96	0.132	
111	8	1	95	0.144	
111	8	1	124	0.117	
111	8	1	45	0.074	
111	8	1	131	0.078	
112	8	1	44	0.070	
112	8	1	42	0.101	
112	8	1	54	0.081	
112	8	1	61	0.072	
112	8	1	55	0.070	
113	8	1	72	0.162	
113	8	1	80	0.128	
113	8	1	103	0.111	
113	8	1	85	0.122	
113	8	1	94	0.103	
114	8	1	71	0.118	
114	8	1	73	0.105	
114	8	1	90	0.098	
114	8	1	53	0.073	
114	8	1	88	0.107	
115	8	1	68	0.135	
115	8	1	69	0.132	
115	8	1	91	0.091	
115	8	1	84	0.121	
115	8	1	76	0.113	
116	8	1	64	0.302	
116	8	1	63	0.223	
116	8	1	68	0.281	
116	8	1	66	0.232	
116	8	1	67	0.262	
117	8	1	92	0.124	
117	8	1	82	0.088	
117	8	1	91	0.130	
117	8	1	89	0.134	
117	8	1	91	0.139	
118	8	1	76	0.175	
118	8	1	73	0.164	
118	8	1	109	0.148	
118	8	1	111	0.148	
118	8	1	109	0.137	
119	8	1	77	0.153	
119	8	1	73	0.139	
119	8	1	85	0.153	
119	8	1	100	0.129	
119	8	1	91	0.134	
120	8	1	72	0.142	
120	8	1	86	0.163	
120	8	1	85	0.151	
120	8	1	85	0.163	
120	8	1	90	0.180	
121	8	1	73	0.127	
121	8	1	71	0.104	
121	8	1	89	0.147	
121	8	1	88	0.119	
121	8	1	87	0.139	
122	8	1	63	0.201	
122	8	1	63	0.212	
122	8	1	80	0.172	
122	8	1	67	0.166	
122	8	1	75	0.151	
123	8	1	82	0.153	
123	8	1	77	0.156	
123	8	1	96	0.137	
123	8	1	87	0.141	
123	8	1	95	0.131	
124	8	1	83	0.102	
124	8	1	73	0.144	
124	8	1	101	0.146	
124	8	1	95	0.170	
124	8	1	85	0.171	
125	8	1	69	0.148	
125	8	1	73	0.152	
125	8	1	85	0.149	
125	8	1	85	0.110	
125	8	1	79	0.118	
126	8	1	74	0.094	
126	8	1	65	0.108	
126	8	1	93	0.092	
126	8	1	105	0.085	
126	8	1	88	0.112	
127	8	1	70	0.147	
127	8	1	71	0.098	
127	8	1	82	0.119	
127	8	1	76	0.138	
127	8	1	87	0.096	
128	8	1	60	0.273	
128	8	1	60	0.267	
128	8	1	61	0.222	
128	8	1	60	0.246	
128	8	1	62	0.287	
129	8	1	71	0.131	
129	8	1	69	0.204	
129	8	1	83	0.119	
129	8	1	80	0.156	
129	8	1	85	0.109	
130	8	1	61	0.229	
130	8	1	63	0.193	
130	8	1	62	0.140	
130	8	1	63	0.155	
130	8	1	69	0.230	
131	8	1	72	0.124	
131	8	1	67	0.153	
131	8	1	83	0.144	
131	8	1	94	0.165	
131	8	1	80	0.170	
132	8	1	73	0.179	
132	8	1	72	0.132	
132	8	1	74	0.152	
132	8	1	73	0.186	
132	8	1	73	0.152	
133	8	1	78	0.134	
133	8	1	70	0.099	
133	8	1	79	0.140	
133	8	1	71	0.172	
133	8	1	78	0.158	
134	8	1	66	0.122	
134	8	1	68	0.183	
134	8	1	87	0.141	
134	8	1	106	0.156	
134	8	1	87	0.169	
135	8	1	65	0.287	
135	8	1	61	0.284	
135	8	1	62	0.267	
135	8	1	63	0.260	
135	8	1	62	0.237	
136	8	1	70	0.121	
136	8	1	72	0.118	
136	8	1	91	0.118	
136	8	1	92	0.095	
136	8	1	95	0.101	
137	8	1	80	0.102	
137	8	1	74	0.093	
137	8	1	110	0.083	
137	8	1	100	0.064	
137	8	1	110	0.078	
138	8	1	80	0.133	
138	8	1	80	0.102	
138	8	1	111	0.102	
138	8	1	120	0.096	
138	8	1	112	0.098	
139	8	1	62	0.161	
139	8	1	63	0.145	
139	8	1	70	0.121	
139	8	1	72	0.116	
139	8	1	70	0.107	
140	8	1	73	0.112	
140	8	1	72	0.082	
140	8	1	79	0.105	
140	8	1	84	0.090	
140	8	1	87	0.097	
141	8	1	62	0.172	
141	8	1	67	0.121	
141	8	1	73	0.102	
141	8	1	69	0.119	
141	8	1	74	0.117	
142	8	1	63	0.093	
142	8	1	65	0.134	
142	8	1	73	0.114	
142	8	1	74	0.107	
142	8	1	82	0.126	
143	8	1	52	0.132	
143	8	1	74	0.172	
143	8	1	89	0.173	
143	8	1	80	0.174	
143	8	1	89	0.161	
144	8	1	76	0.121	
144	8	1	66	0.110	
144	8	1	85	0.092	
144	8	1	80	0.095	
144	8	1	81	0.087	
145	8	1	60	0.259	
145	8	1	60	0.259	
145	8	1	73	0.260	
145	8	1	65	0.223	
145	8	1	66	0.193	
146	8	1	62	0.305	
146	8	1	62	0.301	
146	8	1	63	0.304	
146	8	1	62	0.321	
146	8	1	61	0.284	
147	8	1	64	0.124	
147	8	1	70	0.128	
147	8	1	80	0.116	
147	8	1	78	0.112	
147	8	1	81	0.111	
148	8	1	68	0.081	
148	8	1	32	0.074	
148	8	1	42	0.068	
148	8	1	72	0.089	
148	8	1	67	0.100	
149	8	1	66	0.168	
149	8	1	66	0.201	
149	8	1	78	0.103	
149	8	1	80	0.195	
149	8	1	75	0.153	
150	8	1	75	0.119	
150	8	1	74	0.145	
150	8	1	83	0.105	
150	8	1	88	0.132	
150	8	1	116	0.109	
151	8	1	68	0.098	
151	8	1	71	0.125	
151	8	1	87	0.095	
151	8	1	83	0.101	
151	8	1	81	0.098	
152	8	1	63	0.190	
152	8	1	62	0.248	
152	8	1	66	0.234	
152	8	1	67	0.201	
152	8	1	65	0.187	
153	8	1	58	0.083	
153	8	1	54	0.075	
153	8	1	74	0.075	
153	8	1	85	0.075	
153	8	1	90	0.082	
154	8	1	67	0.177	
154	8	1	68	0.165	
154	8	1	87	0.128	
154	8	1	87	0.107	
154	8	1	82	0.138	
155	8	1	65	0.161	
155	8	1	64	0.149	
155	8	1	77	0.107	
155	8	1	81	0.116	
155	8	1	75	0.147	
156	8	1	61	0.237	
156	8	1	61	0.212	
156	8	1	66	0.346	
156	8	1	64	0.247	
156	8	1	65	0.324	
157	8	1	71	0.109	
157	8	1	69	0.099	
157	8	1	45	0.107	
157	8	1	90	0.096	
157	8	1	98	0.080	
158	8	1	82	0.101	
158	8	1	61	0.109	
158	8	1	102	0.076	
158	8	1	80	0.078	
158	8	1	100	0.088	
159	8	1	60	0.231	
159	8	1	60	0.308	
159	8	1	63	0.344	
159	8	1	69	0.326	
159	8	1	60	0.366	
160	8	1	77	0.108	
160	8	1	72	0.102	
160	8	1	56	0.073	
160	8	1	47	0.073	
160	8	1	95	0.077	
161	8	1	61	0.224	
161	8	1	60	0.238	
161	8	1	62	0.259	
161	8	1	60	0.308	
161	8	1	63	0.254	
162	8	1	71	0.105	
162	8	1	70	0.135	
162	8	1	79	0.112	
162	8	1	87	0.147	
162	8	1	85	0.134	
163	8	1	75	0.132	
163	8	1	74	0.117	
163	8	1	104	0.090	
163	8	1	96	0.085	
163	8	1	107	0.085	
164	8	1	78	0.148	
164	8	1	61	0.190	
164	8	1	36	0.072	
164	8	1	33	0.055	
164	8	1	84	0.087	
165	8	1	76	0.113	
165	8	1	72	0.077	
165	8	1	82	0.120	
165	8	1	30	0.074	
165	8	1	83	0.116	
166	8	1	77	0.111	
166	8	1	64	0.116	
166	8	1	84	0.117	
166	8	1	81	0.129	
166	8	1	78	0.113	
167	8	1	36	0.056	
167	8	1	27	0.070	
167	8	1	44	0.072	
167	8	1	50	0.070	
167	8	1	45	0.066	
168	8	1	72	0.197	
168	8	1	67	0.175	
168	8	1	88	0.134	
168	8	1	82	0.165	
168	8	1	90	0.175	
169	8	1	45	0.110	
169	8	1	125	0.087	
169	8	1	45	0.072	
169	8	1	51	0.070	
169	8	1	115	0.082	
170	8	1	67	0.131	
170	8	1	70	0.112	
170	8	1	77	0.175	
170	8	1	73	0.190	
170	8	1	71	0.190	
171	8	1	74	0.120	
171	8	1	81	0.123	
171	8	1	98	0.135	
171	8	1	101	0.120	
171	8	1	73	0.104	
172	8	1	70	0.088	
172	8	1	72	0.096	
172	8	1	37	0.066	
172	8	1	87	0.081	
172	8	1	87	0.109	
173	8	1	73	0.153	
173	8	1	72	0.126	
173	8	1	92	0.147	
173	8	1	97	0.117	
173	8	1	100	0.125	
174	8	1	70	0.109	
174	8	1	63	0.138	
174	8	1	78	0.125	
174	8	1	76	0.147	
174	8	1	76	0.157	
175	8	1	76	0.076	
175	8	1	88	0.097	
175	8	1	33	0.062	
175	8	1	34	0.056	
175	8	1	33	0.069	
176	8	1	71	0.191	
176	8	1	72	0.165	
176	8	1	96	0.163	
176	8	1	95	0.152	
176	8	1	79	0.123	
177	8	1	80	0.169	
177	8	1	77	0.161	
177	8	1	80	0.170	
177	8	1	107	0.149	
177	8	1	95	0.145	
178	8	1	66	0.118	
178	8	1	65	0.109	
178	8	1	81	0.131	
178	8	1	86	0.167	
178	8	1	77	0.150	
179	8	1	76	0.119	
179	8	1	72	0.157	
179	8	1	101	0.120	
179	8	1	97	0.080	
179	8	1	92	0.144	
180	8	1	90	0.078	
180	8	1	72	0.090	
180	8	1	92	0.091	
180	8	1	96	0.092	
180	8	1	89	0.085	
181	8	1	78	0.092	
181	8	1	74	0.124	
181	8	1	98	0.085	
181	8	1	94	0.089	
181	8	1	64	0.067	
182	8	1	74	0.099	
182	8	1	77	0.084	
182	8	1	76	0.068	
182	8	1	103	0.078	
182	8	1	70	0.073	
183	8	1	69	0.154	
183	8	1	70	0.144	
183	8	1	106	0.086	
183	8	1	93	0.143	
183	8	1	99	0.120	
184	8	1	70	0.112	
184	8	1	69	0.136	
184	8	1	81	0.160	
184	8	1	84	0.197	
184	8	1	82	0.142	
185	8	1	69	0.131	
185	8	1	66	0.145	
185	8	1	85	0.112	
185	8	1	85	0.089	
185	8	1	81	0.129	
186	8	1	72	0.133	
186	8	1	84	0.084	
186	8	1	86	0.123	
186	8	1	102	0.135	
186	8	1	91	0.102	
187	8	1	69	0.122	
187	8	1	62	0.115	
187	8	1	100	0.141	
187	8	1	91	0.091	
187	8	1	92	0.101	
188	8	1	70	0.097	
188	8	1	71	0.107	
188	8	1	93	0.093	
188	8	1	95	0.090	
188	8	1	67	0.073	
189	8	1	74	0.096	
189	8	1	68	0.110	
189	8	1	47	0.064	
189	8	1	91	0.081	
189	8	1	82	0.077	
190	8	1	72	0.092	
190	8	1	71	0.153	
190	8	1	95	0.136	
190	8	1	85	0.149	
190	8	1	83	0.136	
191	8	1	84	0.107	
191	8	1	82	0.092	
191	8	1	80	0.075	
191	8	1	75	0.075	
191	8	1	70	0.070	
192	8	1	80	0.119	
192	8	1	62	0.074	
192	8	1	106	0.091	
192	8	1	43	0.096	
192	8	1	106	0.081	
193	8	1	69	0.106	
193	8	1	75	0.102	
193	8	1	95	0.105	
193	8	1	96	0.079	
193	8	1	102	0.095	
194	8	1	71	0.134	
194	8	1	81	0.103	
194	8	1	94	0.104	
194	8	1	73	0.075	
194	8	1	98	0.092	
195	8	1	66	0.099	
195	8	1	67	0.102	
195	8	1	83	0.092	
195	8	1	86	0.079	
195	8	1	77	0.092	
196	8	1	67	0.108	
196	8	1	68	0.097	
196	8	1	89	0.088	
196	8	1	41	0.070	
196	8	1	92	0.078	
197	8	1	74	0.135	
197	8	1	77	0.085	
197	8	1	110	0.094	
197	8	1	92	0.125	
197	8	1	95	0.088	
198	8	1	65	0.087	
198	8	1	67	0.134	
198	8	1	83	0.110	
198	8	1	84	0.133	
198	8	1	72	0.101	
199	8	1	35	0.059	
199	8	1	81	0.089	
199	8	1	57	0.068	
199	8	1	50	0.063	
199	8	1	51	0.068	
200	8	1	65	0.148	
200	8	1	74	0.094	
200	8	1	83	0.174	
200	8	1	81	0.136	
200	8	1	81	0.130	
201	8	1	71	0.101	
201	8	1	70	0.085	
201	8	1	79	0.103	
201	8	1	77	0.103	
201	8	1	79	0.086	
202	8	1	62	0.077	
202	8	1	67	0.166	
202	8	1	86	0.182	
202	8	1	76	0.170	
202	8	1	69	0.101	
203	8	1	81	0.091	
203	8	1	91	0.082	
203	8	1	88	0.107	
203	8	1	79	0.135	
203	8	1	51	0.074	
204	8	1	74	0.119	
204	8	1	72	0.138	
204	8	1	95	0.082	
204	8	1	103	0.121	
204	8	1	107	0.087	
205	8	1	96	0.101	
205	8	1	68	0.074	
205	8	1	115	0.098	
205	8	1	118	0.096	
205	8	1	125	0.115	
206	8	1	68	0.100	
206	8	1	76	0.084	
206	8	1	98	0.101	
206	8	1	102	0.102	
206	8	1	40	0.085	
207	8	1	108	0.103	
207	8	1	71	0.091	
207	8	1	105	0.089	
207	8	1	67	0.068	
207	8	1	106	0.080	
208	8	1	67	0.130	
208	8	1	79	0.110	
208	8	1	63	0.066	
208	8	1	61	0.074	
208	8	1	66	0.075	
209	8	1	67	0.159	
209	8	1	66	0.134	
209	8	1	72	0.107	
209	8	1	70	0.085	
209	8	1	71	0.106	
210	8	1	73	0.123	
210	8	1	68	0.148	
210	8	1	103	0.140	
210	8	1	93	0.105	
210	8	1	98	0.120	
211	8	1	70	0.126	
211	8	1	79	0.109	
211	8	1	72	0.066	
211	8	1	88	0.088	
211	8	1	39	0.054	
212	8	1	62	0.121	
212	8	1	63	0.129	
212	8	1	62	0.149	
212	8	1	62	0.149	
212	8	1	70	0.126	
213	8	1	51	0.041	
213	8	1	60	0.067	
213	8	1	75	0.072	
213	8	1	93	0.116	
213	8	1	102	0.094	
214	8	1	85	0.094	
214	8	1	83	0.082	
214	8	1	107	0.089	
214	8	1	94	0.109	
214	8	1	98	0.091	
215	8	1	68	0.117	
215	8	1	46	0.142	
215	8	1	75	0.131	
215	8	1	78	0.153	
215	8	1	77	0.145	
216	8	1	66	0.181	
216	8	1	73	0.150	
216	8	1	89	0.148	
216	8	1	87	0.156	
216	8	1	93	0.134	
217	8	1	68	0.115	
217	8	1	76	0.086	
217	8	1	97	0.124	
217	8	1	93	0.118	
217	8	1	94	0.102	
218	8	1	61	0.105	
218	8	1	61	0.140	
218	8	1	80	0.111	
218	8	1	85	0.084	
218	8	1	81	0.101	
219	8	1	73	0.171	
219	8	1	84	0.139	
219	8	1	88	0.137	
219	8	1	90	0.142	
219	8	1	89	0.113	
220	8	1	50	0.089	
220	8	1	58	0.081	
220	8	1	54	0.074	
220	8	1	56	0.073	
220	8	1	55	0.064	
221	8	1	62	0.074	
221	8	1	56	0.074	
221	8	1	74	0.074	
221	8	1	88	0.072	
221	8	1	74	0.066	
222	8	1	70	0.144	
222	8	1	72	0.120	
222	8	1	66	0.073	
222	8	1	102	0.089	
222	8	1	91	0.089	
223	8	1	70	0.117	
223	8	1	67	0.094	
223	8	1	60	0.104	
223	8	1	88	0.101	
223	8	1	96	0.113	
224	8	1	71	0.115	
224	8	1	69	0.104	
224	8	1	95	0.088	
224	8	1	91	0.093	
224	8	1	89	0.097	
225	8	1	69	0.103	
225	8	1	72	0.081	
225	8	1	45	0.076	
225	8	1	85	0.107	
225	8	1	80	0.096	
226	8	1	70	0.116	
226	8	1	72	0.135	
226	8	1	74	0.131	
226	8	1	73	0.129	
226	8	1	72	0.136	
227	8	1	78	0.090	
227	8	1	77	0.093	
227	8	1	112	0.105	
227	8	1	90	0.070	
227	8	1	119	0.101	
228	8	1	90	0.138	
228	8	1	86	0.143	
228	8	1	65	0.130	
228	8	1	107	0.111	
228	8	1	110	0.133	
229	8	1	72	0.101	
229	8	1	74	0.109	
229	8	1	104	0.094	
229	8	1	103	0.103	
229	8	1	101	0.097	
230	8	1	81	0.098	
230	8	1	71	0.080	
230	8	1	33	0.074	
230	8	1	92	0.101	
230	8	1	89	0.087	
231	8	1	63	0.204	
231	8	1	63	0.169	
231	8	1	83	0.144	
231	8	1	81	0.164	
231	8	1	71	0.177	
232	8	1	67	0.109	
232	8	1	68	0.108	
232	8	1	82	0.097	
232	8	1	76	0.109	
232	8	1	82	0.094	
233	8	1	60	0.234	
233	8	1	60	0.234	
233	8	1	60	0.280	
233	8	1	60	0.282	
233	8	1	61	0.263	
234	8	1	74	0.127	
234	8	1	69	0.098	
234	8	1	100	0.116	
234	8	1	96	0.088	
234	8	1	102	0.106	
235	8	1	76	0.114	
235	8	1	79	0.095	
235	8	1	45	0.071	
235	8	1	48	0.060	
235	8	1	46	0.073	
236	8	1	68	0.163	
236	8	1	63	0.115	
236	8	1	72	0.182	
236	8	1	65	0.163	
236	8	1	64	0.083	
237	8	1	32	0.070	
237	8	1	30	0.059	
237	8	1	37	0.060	
237	8	1	41	0.072	
237	8	1	43	0.060	
238	8	1	94	0.131	
238	8	1	79	0.125	
238	8	1	102	0.108	
238	8	1	95	0.110	
238	8	1	104	0.104	
239	8	1	65	0.235	
239	8	1	65	0.234	
239	8	1	81	0.221	
239	8	1	77	0.227	
239	8	1	75	0.258	
240	8	1	72	0.133	
240	8	1	73	0.207	
240	8	1	71	0.154	
240	8	1	75	0.167	
240	8	1	80	0.101	
241	8	1	71	0.131	
241	8	1	75	0.125	
241	8	1	87	0.112	
241	8	1	81	0.123	
241	8	1	86	0.110	
242	8	1	45	0.063	
242	8	1	67	0.102	
242	8	1	88	0.110	
242	8	1	89	0.113	
242	8	1	63	0.045	
243	8	1	47	0.075	
243	8	1	77	0.075	
243	8	1	47	0.074	
243	8	1	45	0.072	
243	8	1	44	0.062	
244	8	1	48	0.074	
244	8	1	77	0.089	
244	8	1	67	0.058	
244	8	1	59	0.069	
244	8	1	63	0.075	
245	8	1	90	0.101	
245	8	1	81	0.084	
245	8	1	73	0.065	
245	8	1	90	0.084	
245	8	1	66	0.070	
246	8	1	76	0.097	
246	8	1	96	0.092	
246	8	1	107	0.088	
246	8	1	105	0.089	
246	8	1	106	0.090	
247	8	1	62	0.230	
247	8	1	61	0.218	
247	8	1	63	0.237	
247	8	1	62	0.205	
247	8	1	62	0.183	
248	8	1	72	0.143	
248	8	1	67	0.162	
248	8	1	83	0.099	
248	8	1	80	0.107	
248	8	1	84	0.099	
249	8	1	79	0.146	
249	8	1	74	0.133	
249	8	1	86	0.137	
249	8	1	89	0.116	
249	8	1	93	0.121	
250	8	1	79	0.081	
250	8	1	77	0.080	
250	8	1	32	0.062	
250	8	1	75	0.077	
250	8	1	37	0.073	
251	8	1	63	0.149	
251	8	1	64	0.117	
251	8	1	82	0.080	
251	8	1	76	0.088	
251	8	1	79	0.078	
252	8	1	65	0.097	
252	8	1	65	0.115	
252	8	1	75	0.101	
252	8	1	41	0.073	
252	8	1	72	0.100	
253	8	1	32	0.072	
253	8	1	78	0.101	
253	8	1	37	0.066	
253	8	1	94	0.094	
253	8	1	90	0.100	
254	8	1	75	0.122	
254	8	1	76	0.138	
254	8	1	87	0.121	
254	8	1	88	0.114	
254	8	1	95	0.125	
255	8	1	48	0.085	
255	8	1	48	0.089	
255	8	1	68	0.073	
255	8	1	105	0.093	
255	8	1	97	0.091	
256	8	1	74	0.094	
256	8	1	81	0.102	
256	8	1	104	0.075	
256	8	1	38	0.066	
256	8	1	34	0.056	
257	8	1	62	0.223	
257	8	1	61	0.222	
257	8	1	72	0.157	
257	8	1	72	0.213	
257	8	1	66	0.194	
258	8	1	32	0.075	
258	8	1	50	0.069	
258	8	1	52	0.073	
258	8	1	43	0.073	
258	8	1	40	0.071	
259	8	1	63	0.161	
259	8	1	64	0.086	
259	8	1	133	0.089	
259	8	1	66	0.214	
259	8	1	67	0.173	
260	8	1	95	0.086	
260	8	1	84	0.095	
260	8	1	107	0.089	
260	8	1	106	0.076	
260	8	1	70	0.121	
261	8	1	74	0.120	
261	8	1	71	0.085	
261	8	1	37	0.065	
261	8	1	93	0.119	
261	8	1	95	0.089	
262	8	1	83	0.079	
262	8	1	83	0.106	
262	8	1	113	0.083	
262	8	1	103	0.098	
262	8	1	73	0.095	
263	8	1	64	0.091	
263	8	1	68	0.125	
263	8	1	86	0.113	
263	8	1	90	0.122	
263	8	1	84	0.086	
264	8	1	69	0.090	
264	8	1	76	0.102	
264	8	1	92	0.129	
264	8	1	38	0.059	
264	8	1	85	0.089	
265	8	1	83	0.104	
265	8	1	92	0.108	
265	8	1	115	0.088	
265	8	1	105	0.109	
265	8	1	109	0.087	
266	8	1	85	0.106	
266	8	1	82	0.117	
266	8	1	117	0.112	
266	8	1	116	0.154	
266	8	1	98	0.103	
267	8	1	76	0.109	
267	8	1	69	0.114	
267	8	1	90	0.096	
267	8	1	88	0.093	
267	8	1	82	0.075	
268	8	1	50	0.073	
268	8	1	75	0.105	
268	8	1	43	0.074	
268	8	1	40	0.073	
268	8	1	43	0.067	
269	8	1	67	0.104	
269	8	1	67	0.116	
269	8	1	95	0.105	
269	8	1	90	0.092	
269	8	1	90	0.104	
270	8	1	65	0.199	
270	8	1	66	0.199	
270	8	1	66	0.181	
270	8	1	68	0.168	
270	8	1	64	0.189	
271	8	1	58	0.059	
271	8	1	66	0.074	
271	8	1	53	0.074	
271	8	1	53	0.064	
271	8	1	112	0.088	
272	8	1	65	0.074	
272	8	1	57	0.073	
272	8	1	110	0.074	
272	8	1	49	0.072	
272	8	1	52	0.075	
273	8	1	34	0.159	
273	8	1	33	0.152	
273	8	1	33	0.164	
273	8	1	103	0.100	
273	8	1	93	0.119	
274	8	1	60	0.189	
274	8	1	61	0.182	
274	8	1	67	0.194	
274	8	1	67	0.194	
274	8	1	67	0.194	
275	8	1	68	0.061	
275	8	1	63	0.073	
275	8	1	60	0.060	
275	8	1	108	0.073	
275	8	1	58	0.074	
276	8	1	59	0.092	
276	8	1	40	0.060	
276	8	1	57	0.070	
276	8	1	126	0.094	
276	8	1	121	0.080	
277	8	1	40	0.072	
277	8	1	74	0.091	
277	8	1	85	0.141	
277	8	1	84	0.120	
277	8	1	88	0.114	
278	8	1	75	0.106	
278	8	1	80	0.105	
278	8	1	108	0.107	
278	8	1	113	0.097	
278	8	1	106	0.086	
279	8	1	88	0.087	
279	8	1	83	0.112	
279	8	1	115	0.084	
279	8	1	43	0.069	
279	8	1	41	0.073	
280	8	1	84	0.105	
280	8	1	28	0.059	
280	8	1	95	0.087	
280	8	1	89	0.097	
280	8	1	91	0.093	
281	8	1	86	0.097	
281	8	1	33	0.050	
281	8	1	111	0.110	
281	8	1	114	0.103	
281	8	1	115	0.100	
282	8	1	105	0.097	
282	8	1	119	0.092	
282	8	1	139	0.086	
282	8	1	137	0.078	
282	8	1	132	0.097	
283	8	1	61	0.078	
283	8	1	56	0.074	
283	8	1	82	0.074	
283	8	1	70	0.075	
283	8	1	72	0.075	
284	8	1	68	0.107	
284	8	1	75	0.108	
284	8	1	87	0.086	
284	8	1	107	0.133	
284	8	1	92	0.108	
285	8	1	33	0.073	
285	8	1	35	0.073	
285	8	1	74	0.071	
285	8	1	46	0.069	
285	8	1	103	0.078	
286	8	1	74	0.102	
286	8	1	74	0.103	
286	8	1	79	0.106	
286	8	1	87	0.101	
286	8	1	88	0.091	
287	8	1	82	0.119	
287	8	1	79	0.119	
287	8	1	76	0.072	
287	8	1	65	0.068	
287	8	1	67	0.075	
288	8	1	40	0.103	
288	8	1	76	0.099	
288	8	1	99	0.078	
288	8	1	94	0.076	
288	8	1	90	0.080	
289	8	1	77	0.132	
289	8	1	73	0.082	
289	8	1	74	0.142	
289	8	1	78	0.149	
289	8	1	48	0.148	
290	8	1	81	0.142	
290	8	1	86	0.114	
290	8	1	89	0.131	
290	8	1	103	0.111	
290	8	1	102	0.104	
291	8	1	62	0.276	
291	8	1	61	0.256	
291	8	1	61	0.249	
291	8	1	62	0.277	
291	8	1	65	0.257	
292	8	1	34	0.147	
292	8	1	34	0.155	
292	8	1	103	0.094	
292	8	1	98	0.106	
292	8	1	105	0.100	
293	8	1	78	0.126	
293	8	1	85	0.102	
293	8	1	110	0.106	
293	8	1	111	0.091	
293	8	1	107	0.104	
294	8	1	89	0.110	
294	8	1	85	0.114	
294	8	1	116	0.107	
294	8	1	112	0.090	
294	8	1	96	0.112	
295	8	1	83	0.092	
295	8	1	44	0.109	
295	8	1	104	0.078	
295	8	1	51	0.073	
295	8	1	92	0.086	
296	8	1	66	0.123	
296	8	1	66	0.099	
296	8	1	72	0.116	
296	8	1	78	0.123	
296	8	1	83	0.111	
297	8	1	39	0.075	
297	8	1	36	0.065	
297	8	1	49	0.072	
297	8	1	52	0.059	
297	8	1	44	0.075	
298	8	1	79	0.116	
298	8	1	42	0.131	
298	8	1	45	0.075	
298	8	1	50	0.072	
298	8	1	40	0.073	
299	8	1	87	0.107	
299	8	1	84	0.083	
299	8	1	91	0.077	
299	8	1	90	0.079	
299	8	1	84	0.068	
0	9	1	71	0.154	
0	9	1	72	0.218	
0	9	1	97	0.121	
0	9	1	78	0.167	
0	9	1	86	0.091	
1	9	1	72	0.248	
1	9	1	82	0.180	
1	9	1	77	0.209	
1	9	1	76	0.258	
1	9	1	77	0.248	
2	9	1	70	0.071	
2	9	1	98	0.087	
2	9	1	37	0.074	
2	9	1	86	0.097	
2	9	1	84	0.151	
3	9	1	69	0.248	
3	9	1	70	0.215	
3	9	1	75	0.234	
3	9	1	73	0.247	
3	9	1	72	0.233	
4	9	1	96	0.120	
4	9	1	90	0.141	
4	9	1	102	0.114	
4	9	1	39	0.072	
4	9	1	107	0.136	
5	9	1	68	0.281	
5	9	1	68	0.283	
5	9	1	69	0.258	
5	9	1	69	0.303	
5	9	1	68	0.308	
6	9	1	71	0.199	
6	9	1	86	0.213	
6	9	1	85	0.153	
6	9	1	77	0.226	
6	9	1	89	0.139	
7	9	1	82	0.117	
7	9	1	76	0.093	
7	9	1	84	0.082	
7	9	1	83	0.094	
7	9	1	65	0.074	
8	9	1	73	0.176	
8	9	1	71	0.180	
8	9	1	78	0.167	
8	9	1	76	0.095	
8	9	1	78	0.141	
9	9	1	68	0.324	
9	9	1	68	0.266	
9	9	1	68	0.290	
9	9	1	68	0.267	
9	9	1	69	0.289	
10	9	1	69	0.235	
10	9	1	68	0.210	
10	9	1	77	0.229	
10	9	1	79	0.243	
10	9	1	80	0.218	
11	9	1	68	0.270	
11	9	1	68	0.275	
11	9	1	69	0.277	
11	9	1	69	0.277	
11	9	1	69	0.277	
12	9	1	74	0.264	
12	9	1	80	0.203	
12	9	1	106	0.150	
12	9	1	101	0.174	
12	9	1	99	0.183	
13	9	1	71	0.121	
13	9	1	72	0.139	
13	9	1	92	0.096	
13	9	1	88	0.121	
13	9	1	87	0.162	
14	9	1	72	0.242	
14	9	1	70	0.261	
14	9	1	74	0.216	
14	9	1	71	0.248	
14	9	1	74	0.236	
15	9	1	70	0.255	
15	9	1	70	0.256	
15	9	1	73	0.266	
15	9	1	73	0.266	
15	9	1	73	0.279	
16	9	1	75	0.110	
16	9	1	73	0.178	
16	9	1	92	0.201	
16	9	1	85	0.194	
16	9	1	84	0.211	
17	9	1	70	0.255	
17	9	1	70	0.275	
17	9	1	70	0.283	
17	9	1	71	0.352	
17	9	1	70	0.297	
18	9	1	68	0.281	
18	9	1	69	0.315	
18	9	1	69	0.270	
18	9	1	69	0.309	
18	9	1	69	0.331	
19	9	1	91	0.110	
19	9	1	82	0.144	
19	9	1	95	0.139	
19	9	1	90	0.162	
19	9	1	94	0.172	
20	9	1	69	0.260	
20	9	1	69	0.259	
20	9	1	68	0.251	
20	9	1	68	0.267	
20	9	1	68	0.278	
21	9	1	71	0.245	
21	9	1	71	0.234	
21	9	1	73	0.215	
21	9	1	76	0.203	
21	9	1	75	0.234	
22	9	1	69	0.141	
22	9	1	43	0.072	
22	9	1	82	0.153	
22	9	1	83	0.185	
22	9	1	86	0.176	
23	9	1	74	0.203	
23	9	1	70	0.183	
23	9	1	77	0.131	
23	9	1	82	0.171	
23	9	1	84	0.173	
24	9	1	75	0.215	
24	9	1	78	0.164	
24	9	1	97	0.128	
24	9	1	101	0.162	
24	9	1	96	0.156	
25	9	1	68	0.222	
25	9	1	68	0.319	
25	9	1	69	0.282	
25	9	1	73	0.278	
25	9	1	73	0.278	
26	9	1	69	0.200	
26	9	1	70	0.218	
26	9	1	89	0.100	
26	9	1	88	0.108	
26	9	1	82	0.125	
27	9	1	68	0.193	
27	9	1	70	0.226	
27	9	1	69	0.142	
27	9	1	69	0.142	
27	9	1	71	0.151	
28	9	1	68	0.211	
28	9	1	73	0.280	
28	9	1	71	0.313	
28	9	1	76	0.375	
28	9	1	69	0.321	
29	9	1	52	0.075	
29	9	1	82	0.122	
29	9	1	73	0.074	
29	9	1	58	0.079	
29	9	1	69	0.073	
30	9	1	76	0.189	
30	9	1	77	0.216	
30	9	1	81	0.206	
30	9	1	83	0.199	
30	9	1	85	0.214	
31	9	1	70	0.276	
31	9	1	70	0.256	
31	9	1	71	0.302	
31	9	1	70	0.289	
31	9	1	72	0.272	
32	9	1	68	0.261	
32	9	1	68	0.263	
32	9	1	69	0.256	
32	9	1	69	0.257	
32	9	1	70	0.245	
33	9	1	48	0.074	
33	9	1	41	0.063	
33	9	1	50	0.069	
33	9	1	49	0.087	
33	9	1	50	0.060	
34	9	1	70	0.234	
34	9	1	69	0.241	
34	9	1	72	0.250	
34	9	1	71	0.303	
34	9	1	71	0.240	
35	9	1	76	0.108	
35	9	1	73	0.112	
35	9	1	80	0.121	
35	9	1	84	0.103	
35	9	1	81	0.118	
36	9	1	69	0.234	
36	9	1	68	0.278	
36	9	1	80	0.226	
36	9	1	76	0.249	
36	9	1	72	0.252	
37	9	1	77	0.086	
37	9	1	85	0.124	
37	9	1	89	0.149	
37	9	1	95	0.081	
37	9	1	88	0.134	
38	9	1	74	0.109	
38	9	1	73	0.126	
38	9	1	104	0.095	
38	9	1	62	0.074	
38	9	1	100	0.080	
39	9	1	69	0.202	
39	9	1	69	0.210	
39	9	1	74	0.225	
39	9	1	71	0.203	
39	9	1	74	0.239	
40	9	1	68	0.348	
40	9	1	68	0.337	
40	9	1	68	0.337	
40	9	1	68	0.337	
40	9	1	68	0.318	
41	9	1	68	0.280	
41	9	1	68	0.275	
41	9	1	68	0.389	
41	9	1	69	0.355	
41	9	1	69	0.375	
42	9	1	68	0.603	
42	9	1	68	0.603	
42	9	1	68	0.603	
42	9	1	68	0.603	
42	9	1	68	0.603	
43	9	1	79	0.153	
43	9	1	81	0.193	
43	9	1	100	0.167	
43	9	1	92	0.125	
43	9	1	97	0.145	
44	9	1	82	0.144	
44	9	1	93	0.122	
44	9	1	85	0.127	
44	9	1	96	0.113	
44	9	1	91	0.111	
45	9	1	73	0.121	
45	9	1	70	0.137	
45	9	1	89	0.105	
45	9	1	84	0.091	
45	9	1	44	0.075	
46	9	1	82	0.089	
46	9	1	78	0.112	
46	9	1	43	0.075	
46	9	1	93	0.090	
46	9	1	95	0.097	
47	9	1	79	0.082	
47	9	1	88	0.084	
47	9	1	85	0.090	
47	9	1	87	0.083	
47	9	1	55	0.074	
48	9	1	74	0.193	
48	9	1	76	0.158	
48	9	1	83	0.109	
48	9	1	80	0.140	
48	9	1	78	0.141	
49	9	1	85	0.154	
49	9	1	85	0.137	
49	9	1	87	0.130	
49	9	1	95	0.177	
49	9	1	86	0.162	
50	9	1	74	0.214	
50	9	1	74	0.221	
50	9	1	73	0.377	
50	9	1	71	0.415	
50	9	1	71	0.329	
51	9	1	69	0.238	
51	9	1	69	0.246	
51	9	1	69	0.236	
51	9	1	71	0.287	
51	9	1	69	0.280	
52	9	1	69	0.235	
52	9	1	69	0.199	
52	9	1	74	0.309	
52	9	1	72	0.331	
52	9	1	69	0.294	
53	9	1	74	0.188	
53	9	1	75	0.164	
53	9	1	88	0.168	
53	9	1	85	0.175	
53	9	1	85	0.162	
54	9	1	68	0.298	
54	9	1	68	0.322	
54	9	1	70	0.356	
54	9	1	68	0.334	
54	9	1	70	0.395	
55	9	1	75	0.114	
55	9	1	73	0.114	
55	9	1	83	0.096	
55	9	1	93	0.102	
55	9	1	97	0.119	
56	9	1	72	0.293	
56	9	1	73	0.298	
56	9	1	76	0.288	
56	9	1	76	0.322	
56	9	1	73	0.303	
57	9	1	82	0.129	
57	9	1	79	0.144	
57	9	1	89	0.132	
57	9	1	99	0.097	
57	9	1	103	0.133	
58	9	1	96	0.079	
58	9	1	93	0.079	
58	9	1	104	0.114	
58	9	1	99	0.089	
58	9	1	113	0.114	
59	9	1	75	0.105	
59	9	1	85	0.087	
59	9	1	108	0.080	
59	9	1	101	0.091	
59	9	1	32	0.072	
60	9	1	76	0.108	
60	9	1	69	0.085	
60	9	1	87	0.090	
60	9	1	81	0.109	
60	9	1	34	0.075	
61	9	1	68	0.416	
61	9	1	68	0.416	
61	9	1	68	0.465	
61	9	1	68	0.462	
61	9	1	68	0.462	
62	9	1	80	0.091	
62	9	1	84	0.092	
62	9	1	94	0.100	
62	9	1	102	0.102	
62	9	1	99	0.092	
63	9	1	71	0.205	
63	9	1	72	0.202	
63	9	1	96	0.122	
63	9	1	86	0.146	
63	9	1	90	0.110	
64	9	1	73	0.197	
64	9	1	73	0.151	
64	9	1	75	0.123	
64	9	1	78	0.102	
64	9	1	75	0.157	
65	9	1	68	0.266	
65	9	1	68	0.268	
65	9	1	68	0.258	
65	9	1	68	0.258	
65	9	1	69	0.268	
66	9	1	73	0.165	
66	9	1	73	0.157	
66	9	1	90	0.136	
66	9	1	95	0.101	
66	9	1	91	0.130	
67	9	1	68	0.314	
67	9	1	68	0.314	
67	9	1	68	0.367	
67	9	1	68	0.367	
67	9	1	68	0.367	
68	9	1	71	0.201	
68	9	1	72	0.196	
68	9	1	72	0.244	
68	9	1	71	0.291	
68	9	1	71	0.250	
69	9	1	84	0.164	
69	9	1	77	0.121	
69	9	1	92	0.104	
69	9	1	100	0.146	
69	9	1	90	0.157	
70	9	1	71	0.229	
70	9	1	72	0.241	
70	9	1	73	0.273	
70	9	1	73	0.273	
70	9	1	72	0.272	
71	9	1	69	0.234	
71	9	1	69	0.209	
71	9	1	76	0.155	
71	9	1	76	0.216	
71	9	1	82	0.191	
72	9	1	68	0.278	
72	9	1	68	0.238	
72	9	1	72	0.253	
72	9	1	73	0.248	
72	9	1	73	0.248	
73	9	1	72	0.173	
73	9	1	72	0.250	
73	9	1	81	0.232	
73	9	1	92	0.213	
73	9	1	86	0.217	
74	9	1	77	0.177	
74	9	1	82	0.211	
74	9	1	74	0.175	
74	9	1	75	0.207	
74	9	1	75	0.222	
75	9	1	68	0.342	
75	9	1	68	0.342	
75	9	1	68	0.334	
75	9	1	68	0.343	
75	9	1	68	0.343	
76	9	1	76	0.163	
76	9	1	73	0.196	
76	9	1	81	0.134	
76	9	1	79	0.147	
76	9	1	83	0.114	
77	9	1	69	0.266	
77	9	1	68	0.250	
77	9	1	69	0.291	
77	9	1	69	0.349	
77	9	1	69	0.288	
78	9	1	74	0.183	
78	9	1	78	0.160	
78	9	1	118	0.095	
78	9	1	118	0.100	
78	9	1	111	0.113	
79	9	1	69	0.277	
79	9	1	69	0.277	
79	9	1	72	0.272	
79	9	1	78	0.234	
79	9	1	75	0.219	
80	9	1	74	0.189	
80	9	1	74	0.177	
80	9	1	91	0.139	
80	9	1	90	0.163	
80	9	1	90	0.210	
81	9	1	78	0.145	
81	9	1	72	0.160	
81	9	1	96	0.144	
81	9	1	92	0.200	
81	9	1	99	0.157	
82	9	1	79	0.089	
82	9	1	75	0.091	
82	9	1	87	0.090	
82	9	1	42	0.062	
82	9	1	91	0.081	
83	9	1	71	0.219	
83	9	1	71	0.150	
83	9	1	71	0.237	
83	9	1	71	0.237	
83	9	1	71	0.290	
84	9	1	69	0.221	
84	9	1	69	0.197	
84	9	1	74	0.189	
84	9	1	70	0.257	
84	9	1	71	0.216	
85	9	1	74	0.177	
85	9	1	78	0.127	
85	9	1	47	0.066	
85	9	1	96	0.123	
85	9	1	94	0.175	
86	9	1	84	0.146	
86	9	1	81	0.111	
86	9	1	89	0.078	
86	9	1	94	0.102	
86	9	1	97	0.092	
87	9	1	68	0.279	
87	9	1	68	0.293	
87	9	1	68	0.280	
87	9	1	69	0.353	
87	9	1	68	0.310	
88	9	1	69	0.263	
88	9	1	69	0.331	
88	9	1	69	0.258	
88	9	1	70	0.282	
88	9	1	70	0.255	
89	9	1	81	0.152	
89	9	1	73	0.082	
89	9	1	80	0.177	
89	9	1	78	0.124	
89	9	1	73	0.182	
90	9	1	70	0.302	
90	9	1	68	0.260	
90	9	1	70	0.263	
90	9	1	70	0.265	
90	9	1	69	0.272	
91	9	1	71	0.244	
91	9	1	70	0.198	
91	9	1	72	0.278	
91	9	1	74	0.233	
91	9	1	73	0.278	
92	9	1	69	0.169	
92	9	1	71	0.194	
92	9	1	80	0.095	
92	9	1	84	0.094	
92	9	1	79	0.097	
93	9	1	68	0.786	
93	9	1	68	0.786	
93	9	1	68	0.786	
93	9	1	68	0.786	
93	9	1	68	0.786	
94	9	1	68	0.450	
94	9	1	68	0.450	
94	9	1	68	0.476	
94	9	1	68	0.476	
94	9	1	68	0.476	
95	9	1	80	0.182	
95	9	1	76	0.168	
95	9	1	89	0.183	
95	9	1	81	0.154	
95	9	1	91	0.137	
96	9	1	75	0.223	
96	9	1	75	0.203	
96	9	1	33	0.074	
96	9	1	86	0.212	
96	9	1	88	0.233	
97	9	1	69	0.123	
97	9	1	73	0.162	
97	9	1	76	0.141	
97	9	1	74	0.182	
97	9	1	70	0.181	
98	9	1	74	0.185	
98	9	1	73	0.174	
98	9	1	94	0.104	
98	9	1	88	0.121	
98	9	1	97	0.144	
99	9	1	77	0.139	
99	9	1	80	0.121	
99	9	1	92	0.165	
99	9	1	91	0.134	
99	9	1	88	0.156	
100	9	1	71	0.231	
100	9	1	70	0.205	
100	9	1	73	0.190	
100	9	1	78	0.178	
100	9	1	79	0.175	
101	9	1	68	0.226	
101	9	1	69	0.274	
101	9	1	77	0.271	
101	9	1	69	0.362	
101	9	1	69	0.381	
102	9	1	70	0.102	
102	9	1	71	0.181	
102	9	1	74	0.134	
102	9	1	76	0.153	
102	9	1	83	0.143	
103	9	1	85	0.148	
103	9	1	89	0.117	
103	9	1	97	0.083	
103	9	1	95	0.114	
103	9	1	90	0.117	
104	9	1	78	0.110	
104	9	1	76	0.084	
104	9	1	93	0.104	
104	9	1	86	0.090	
104	9	1	88	0.080	
105	9	1	94	0.146	
105	9	1	79	0.159	
105	9	1	86	0.138	
105	9	1	93	0.117	
105	9	1	106	0.124	
106	9	1	73	0.204	
106	9	1	73	0.201	
106	9	1	86	0.161	
106	9	1	88	0.153	
106	9	1	82	0.165	
107	9	1	72	0.231	
107	9	1	73	0.213	
107	9	1	76	0.208	
107	9	1	75	0.195	
107	9	1	78	0.189	
108	9	1	68	0.245	
108	9	1	69	0.249	
108	9	1	74	0.272	
108	9	1	70	0.240	
108	9	1	71	0.256	
109	9	1	71	0.255	
109	9	1	70	0.204	
109	9	1	90	0.248	
109	9	1	85	0.265	
109	9	1	79	0.206	
110	9	1	71	0.166	
110	9	1	71	0.172	
110	9	1	79	0.133	
110	9	1	78	0.169	
110	9	1	80	0.127	
111	9	1	101	0.173	
111	9	1	108	0.132	
111	9	1	136	0.096	
111	9	1	138	0.097	
111	9	1	139	0.099	
112	9	1	47	0.071	
112	9	1	82	0.077	
112	9	1	67	0.062	
112	9	1	68	0.070	
112	9	1	130	0.070	
113	9	1	84	0.147	
113	9	1	86	0.147	
113	9	1	106	0.098	
113	9	1	117	0.121	
113	9	1	101	0.116	
114	9	1	82	0.107	
114	9	1	85	0.110	
114	9	1	70	0.072	
114	9	1	55	0.073	
114	9	1	62	0.070	
115	9	1	73	0.119	
115	9	1	74	0.140	
115	9	1	101	0.102	
115	9	1	92	0.114	
115	9	1	96	0.109	
116	9	1	70	0.282	
116	9	1	70	0.244	
116	9	1	73	0.235	
116	9	1	74	0.252	
116	9	1	77	0.255	
117	9	1	85	0.142	
117	9	1	80	0.116	
117	9	1	99	0.113	
117	9	1	99	0.098	
117	9	1	69	0.073	
118	9	1	82	0.143	
118	9	1	83	0.090	
118	9	1	115	0.164	
118	9	1	111	0.102	
118	9	1	111	0.160	
119	9	1	87	0.130	
119	9	1	88	0.140	
119	9	1	98	0.139	
119	9	1	92	0.110	
119	9	1	98	0.105	
120	9	1	81	0.126	
120	9	1	82	0.138	
120	9	1	101	0.159	
120	9	1	100	0.153	
120	9	1	102	0.155	
121	9	1	80	0.151	
121	9	1	76	0.137	
121	9	1	90	0.080	
121	9	1	96	0.096	
121	9	1	88	0.139	
122	9	1	78	0.242	
122	9	1	79	0.185	
122	9	1	75	0.142	
122	9	1	79	0.161	
122	9	1	76	0.213	
123	9	1	84	0.146	
123	9	1	83	0.119	
123	9	1	101	0.112	
123	9	1	105	0.131	
123	9	1	105	0.160	
124	9	1	82	0.110	
124	9	1	80	0.145	
124	9	1	95	0.127	
124	9	1	108	0.148	
124	9	1	98	0.115	
125	9	1	79	0.163	
125	9	1	77	0.144	
125	9	1	84	0.149	
125	9	1	102	0.123	
125	9	1	91	0.122	
126	9	1	79	0.087	
126	9	1	76	0.120	
126	9	1	73	0.073	
126	9	1	70	0.065	
126	9	1	98	0.096	
127	9	1	54	0.072	
127	9	1	78	0.103	
127	9	1	89	0.112	
127	9	1	92	0.084	
127	9	1	84	0.108	
128	9	1	68	0.247	
128	9	1	69	0.243	
128	9	1	69	0.225	
128	9	1	71	0.238	
128	9	1	70	0.249	
129	9	1	77	0.203	
129	9	1	80	0.187	
129	9	1	84	0.139	
129	9	1	90	0.166	
129	9	1	87	0.108	
130	9	1	70	0.201	
130	9	1	70	0.193	
130	9	1	73	0.178	
130	9	1	79	0.219	
130	9	1	70	0.148	
131	9	1	73	0.176	
131	9	1	80	0.175	
131	9	1	93	0.124	
131	9	1	94	0.170	
131	9	1	91	0.084	
132	9	1	82	0.132	
132	9	1	72	0.149	
132	9	1	85	0.155	
132	9	1	80	0.125	
132	9	1	89	0.134	
133	9	1	71	0.170	
133	9	1	76	0.141	
133	9	1	92	0.165	
133	9	1	80	0.139	
133	9	1	86	0.116	
134	9	1	73	0.156	
134	9	1	72	0.154	
134	9	1	83	0.157	
134	9	1	89	0.130	
134	9	1	99	0.166	
135	9	1	69	0.257	
135	9	1	69	0.244	
135	9	1	73	0.260	
135	9	1	73	0.292	
135	9	1	70	0.265	
136	9	1	77	0.111	
136	9	1	80	0.125	
136	9	1	99	0.101	
136	9	1	93	0.118	
136	9	1	100	0.090	
137	9	1	83	0.103	
137	9	1	82	0.097	
137	9	1	76	0.063	
137	9	1	77	0.071	
137	9	1	51	0.048	
138	9	1	96	0.092	
138	9	1	100	0.096	
138	9	1	129	0.084	
138	9	1	118	0.097	
138	9	1	139	0.078	
139	9	1	70	0.167	
139	9	1	71	0.176	
139	9	1	80	0.102	
139	9	1	79	0.105	
139	9	1	78	0.177	
140	9	1	84	0.112	
140	9	1	76	0.121	
140	9	1	93	0.097	
140	9	1	97	0.116	
140	9	1	80	0.102	
141	9	1	73	0.147	
141	9	1	75	0.080	
141	9	1	90	0.108	
141	9	1	87	0.105	
141	9	1	81	0.128	
142	9	1	72	0.090	
142	9	1	70	0.128	
142	9	1	78	0.119	
142	9	1	77	0.125	
142	9	1	82	0.102	
143	9	1	78	0.179	
143	9	1	77	0.178	
143	9	1	87	0.133	
143	9	1	86	0.156	
143	9	1	90	0.151	
144	9	1	73	0.104	
144	9	1	75	0.099	
144	9	1	86	0.083	
144	9	1	85	0.102	
144	9	1	80	0.103	
145	9	1	71	0.236	
145	9	1	73	0.231	
145	9	1	69	0.242	
145	9	1	74	0.231	
145	9	1	72	0.207	
146	9	1	71	0.331	
146	9	1	70	0.269	
146	9	1	71	0.277	
146	9	1	70	0.297	
146	9	1	70	0.297	
147	9	1	73	0.128	
147	9	1	42	0.045	
147	9	1	80	0.135	
147	9	1	79	0.127	
147	9	1	74	0.124	
148	9	1	80	0.091	
148	9	1	81	0.083	
148	9	1	88	0.102	
148	9	1	89	0.097	
148	9	1	93	0.099	
149	9	1	74	0.168	
149	9	1	76	0.186	
149	9	1	85	0.103	
149	9	1	86	0.123	
149	9	1	81	0.099	
150	9	1	81	0.099	
150	9	1	89	0.142	
150	9	1	121	0.130	
150	9	1	94	0.121	
150	9	1	97	0.145	
151	9	1	76	0.116	
151	9	1	79	0.091	
151	9	1	85	0.102	
151	9	1	84	0.107	
151	9	1	87	0.116	
152	9	1	71	0.181	
152	9	1	71	0.203	
152	9	1	74	0.201	
152	9	1	73	0.192	
152	9	1	72	0.221	
153	9	1	80	0.073	
153	9	1	65	0.068	
153	9	1	92	0.077	
153	9	1	80	0.081	
153	9	1	74	0.069	
154	9	1	76	0.189	
154	9	1	77	0.181	
154	9	1	86	0.177	
154	9	1	90	0.154	
154	9	1	87	0.173	
155	9	1	73	0.177	
155	9	1	72	0.177	
155	9	1	78	0.163	
155	9	1	80	0.157	
155	9	1	73	0.167	
156	9	1	70	0.237	
156	9	1	70	0.220	
156	9	1	70	0.208	
156	9	1	70	0.208	
156	9	1	71	0.251	
157	9	1	85	0.100	
157	9	1	80	0.108	
157	9	1	104	0.086	
157	9	1	95	0.109	
157	9	1	97	0.095	
158	9	1	48	0.065	
158	9	1	85	0.101	
158	9	1	109	0.086	
158	9	1	114	0.078	
158	9	1	104	0.097	
159	9	1	68	0.262	
159	9	1	69	0.259	
159	9	1	69	0.363	
159	9	1	69	0.373	
159	9	1	69	0.373	
160	9	1	75	0.111	
160	9	1	74	0.100	
160	9	1	50	0.073	
160	9	1	83	0.119	
160	9	1	93	0.085	
161	9	1	69	0.284	
161	9	1	69	0.228	
161	9	1	69	0.311	
161	9	1	70	0.239	
161	9	1	70	0.285	
162	9	1	76	0.136	
162	9	1	73	0.137	
162	9	1	99	0.116	
162	9	1	100	0.103	
162	9	1	92	0.106	
163	9	1	79	0.091	
163	9	1	82	0.140	
163	9	1	106	0.099	
163	9	1	110	0.112	
163	9	1	108	0.096	
164	9	1	73	0.168	
164	9	1	73	0.149	
164	9	1	82	0.108	
164	9	1	98	0.154	
164	9	1	79	0.087	
165	9	1	74	0.111	
165	9	1	78	0.109	
165	9	1	111	0.079	
165	9	1	106	0.105	
165	9	1	102	0.083	
166	9	1	71	0.135	
166	9	1	71	0.119	
166	9	1	83	0.125	
166	9	1	82	0.127	
166	9	1	89	0.116	
167	9	1	35	0.062	
167	9	1	40	0.074	
167	9	1	47	0.083	
167	9	1	37	0.071	
167	9	1	35	0.125	
168	9	1	77	0.182	
168	9	1	76	0.184	
168	9	1	106	0.162	
168	9	1	110	0.136	
168	9	1	110	0.123	
169	9	1	43	0.064	
169	9	1	97	0.110	
169	9	1	88	0.081	
169	9	1	50	0.068	
169	9	1	53	0.071	
170	9	1	72	0.157	
170	9	1	85	0.123	
170	9	1	94	0.132	
170	9	1	96	0.149	
170	9	1	90	0.155	
171	9	1	82	0.129	
171	9	1	78	0.133	
171	9	1	94	0.131	
171	9	1	111	0.097	
171	9	1	108	0.104	
172	9	1	76	0.101	
172	9	1	75	0.125	
172	9	1	94	0.100	
172	9	1	92	0.079	
172	9	1	87	0.091	
173	9	1	87	0.179	
173	9	1	82	0.148	
173	9	1	96	0.151	
173	9	1	96	0.117	
173	9	1	99	0.158	
174	9	1	82	0.185	
174	9	1	75	0.149	
174	9	1	89	0.121	
174	9	1	86	0.144	
174	9	1	90	0.134	
175	9	1	92	0.087	
175	9	1	29	0.071	
175	9	1	124	0.113	
175	9	1	113	0.114	
175	9	1	37	0.053	
176	9	1	81	0.173	
176	9	1	79	0.176	
176	9	1	97	0.129	
176	9	1	99	0.142	
176	9	1	98	0.120	
177	9	1	78	0.162	
177	9	1	76	0.196	
177	9	1	95	0.123	
177	9	1	96	0.120	
177	9	1	109	0.153	
178	9	1	77	0.124	
178	9	1	78	0.143	
178	9	1	86	0.120	
178	9	1	83	0.129	
178	9	1	83	0.144	
179	9	1	77	0.147	
179	9	1	77	0.166	
179	9	1	88	0.101	
179	9	1	89	0.136	
179	9	1	100	0.114	
180	9	1	78	0.080	
180	9	1	83	0.088	
180	9	1	48	0.057	
180	9	1	96	0.086	
180	9	1	110	0.081	
181	9	1	82	0.103	
181	9	1	83	0.095	
181	9	1	98	0.126	
181	9	1	106	0.111	
181	9	1	102	0.096	
182	9	1	77	0.106	
182	9	1	55	0.065	
182	9	1	110	0.080	
182	9	1	70	0.048	
182	9	1	86	0.074	
183	9	1	74	0.168	
183	9	1	75	0.174	
183	9	1	107	0.153	
183	9	1	113	0.137	
183	9	1	101	0.138	
184	9	1	80	0.185	
184	9	1	75	0.176	
184	9	1	79	0.189	
184	9	1	88	0.152	
184	9	1	83	0.180	
185	9	1	77	0.133	
185	9	1	80	0.140	
185	9	1	90	0.104	
185	9	1	90	0.119	
185	9	1	90	0.148	
186	9	1	78	0.127	
186	9	1	85	0.134	
186	9	1	100	0.099	
186	9	1	102	0.097	
186	9	1	102	0.103	
187	9	1	73	0.114	
187	9	1	75	0.132	
187	9	1	99	0.113	
187	9	1	100	0.081	
187	9	1	106	0.108	
188	9	1	78	0.101	
188	9	1	78	0.099	
188	9	1	96	0.095	
188	9	1	100	0.098	
188	9	1	90	0.096	
189	9	1	70	0.083	
189	9	1	71	0.095	
189	9	1	46	0.070	
189	9	1	48	0.073	
189	9	1	48	0.072	
190	9	1	82	0.156	
190	9	1	87	0.150	
190	9	1	96	0.091	
190	9	1	98	0.136	
190	9	1	101	0.118	
191	9	1	88	0.077	
191	9	1	91	0.082	
191	9	1	89	0.069	
191	9	1	88	0.071	
191	9	1	42	0.067	
192	9	1	108	0.099	
192	9	1	98	0.115	
192	9	1	46	0.075	
192	9	1	112	0.092	
192	9	1	118	0.086	
193	9	1	73	0.097	
193	9	1	73	0.112	
193	9	1	100	0.116	
193	9	1	107	0.100	
193	9	1	100	0.105	
194	9	1	81	0.092	
194	9	1	88	0.091	
194	9	1	113	0.086	
194	9	1	84	0.068	
194	9	1	95	0.070	
195	9	1	76	0.104	
195	9	1	78	0.100	
195	9	1	99	0.077	
195	9	1	66	0.072	
195	9	1	65	0.108	
196	9	1	73	0.105	
196	9	1	73	0.132	
196	9	1	102	0.088	
196	9	1	101	0.098	
196	9	1	86	0.102	
197	9	1	87	0.117	
197	9	1	78	0.134	
197	9	1	103	0.098	
197	9	1	96	0.107	
197	9	1	102	0.115	
198	9	1	55	0.074	
198	9	1	101	0.136	
198	9	1	84	0.116	
198	9	1	89	0.123	
198	9	1	89	0.110	
199	9	1	45	0.070	
199	9	1	83	0.078	
199	9	1	97	0.081	
199	9	1	54	0.067	
199	9	1	56	0.074	
200	9	1	73	0.119	
200	9	1	73	0.158	
200	9	1	94	0.160	
200	9	1	92	0.099	
200	9	1	92	0.097	
201	9	1	77	0.095	
201	9	1	79	0.086	
201	9	1	85	0.091	
201	9	1	85	0.100	
201	9	1	83	0.106	
202	9	1	72	0.115	
202	9	1	70	0.166	
202	9	1	87	0.168	
202	9	1	95	0.216	
202	9	1	97	0.203	
203	9	1	84	0.139	
203	9	1	94	0.119	
203	9	1	115	0.118	
203	9	1	88	0.092	
203	9	1	91	0.133	
204	9	1	76	0.130	
204	9	1	81	0.129	
204	9	1	99	0.104	
204	9	1	107	0.084	
204	9	1	104	0.079	
205	9	1	109	0.099	
205	9	1	109	0.124	
205	9	1	129	0.093	
205	9	1	122	0.099	
205	9	1	137	0.095	
206	9	1	73	0.084	
206	9	1	75	0.094	
206	9	1	97	0.086	
206	9	1	104	0.098	
206	9	1	99	0.090	
207	9	1	84	0.102	
207	9	1	82	0.117	
207	9	1	115	0.098	
207	9	1	81	0.072	
207	9	1	115	0.098	
208	9	1	87	0.115	
208	9	1	74	0.084	
208	9	1	77	0.071	
208	9	1	73	0.071	
208	9	1	76	0.066	
209	9	1	76	0.119	
209	9	1	74	0.125	
209	9	1	79	0.111	
209	9	1	82	0.129	
209	9	1	80	0.118	
210	9	1	74	0.164	
210	9	1	73	0.139	
210	9	1	96	0.084	
210	9	1	100	0.117	
210	9	1	96	0.099	
211	9	1	79	0.133	
211	9	1	78	0.143	
211	9	1	100	0.089	
211	9	1	91	0.088	
211	9	1	109	0.109	
212	9	1	73	0.138	
212	9	1	73	0.138	
212	9	1	79	0.127	
212	9	1	85	0.133	
212	9	1	75	0.148	
213	9	1	89	0.096	
213	9	1	79	0.115	
213	9	1	98	0.117	
213	9	1	103	0.082	
213	9	1	74	0.072	
214	9	1	94	0.084	
214	9	1	84	0.079	
214	9	1	111	0.103	
214	9	1	120	0.101	
214	9	1	111	0.107	
215	9	1	77	0.138	
215	9	1	204	0.102	
215	9	1	106	0.123	
215	9	1	101	0.144	
215	9	1	104	0.128	
216	9	1	81	0.173	
216	9	1	76	0.127	
216	9	1	102	0.166	
216	9	1	93	0.123	
216	9	1	104	0.137	
217	9	1	78	0.111	
217	9	1	77	0.101	
217	9	1	120	0.078	
217	9	1	105	0.111	
217	9	1	97	0.109	
218	9	1	77	0.103	
218	9	1	34	0.075	
218	9	1	82	0.106	
218	9	1	87	0.098	
218	9	1	92	0.129	
219	9	1	79	0.142	
219	9	1	82	0.129	
219	9	1	101	0.097	
219	9	1	98	0.113	
219	9	1	92	0.115	
220	9	1	46	0.057	
220	9	1	45	0.072	
220	9	1	55	0.069	
220	9	1	56	0.091	
220	9	1	59	0.073	
221	9	1	60	0.068	
221	9	1	57	0.053	
221	9	1	70	0.072	
221	9	1	79	0.072	
221	9	1	75	0.066	
222	9	1	80	0.117	
222	9	1	79	0.127	
222	9	1	95	0.139	
222	9	1	71	0.073	
222	9	1	104	0.138	
223	9	1	85	0.110	
223	9	1	88	0.116	
223	9	1	103	0.124	
223	9	1	99	0.112	
223	9	1	116	0.110	
224	9	1	76	0.117	
224	9	1	75	0.092	
224	9	1	92	0.087	
224	9	1	96	0.078	
224	9	1	91	0.095	
225	9	1	77	0.107	
225	9	1	76	0.099	
225	9	1	108	0.100	
225	9	1	96	0.100	
225	9	1	95	0.105	
226	9	1	74	0.119	
226	9	1	76	0.128	
226	9	1	72	0.098	
226	9	1	75	0.140	
226	9	1	75	0.113	
227	9	1	77	0.150	
227	9	1	82	0.120	
227	9	1	111	0.126	
227	9	1	43	0.119	
227	9	1	99	0.101	
228	9	1	91	0.117	
228	9	1	91	0.136	
228	9	1	111	0.097	
228	9	1	108	0.118	
228	9	1	116	0.087	
229	9	1	38	0.070	
229	9	1	78	0.092	
229	9	1	108	0.092	
229	9	1	104	0.101	
229	9	1	110	0.091	
230	9	1	77	0.101	
230	9	1	75	0.088	
230	9	1	95	0.103	
230	9	1	95	0.101	
230	9	1	92	0.096	
231	9	1	71	0.179	
231	9	1	71	0.195	
231	9	1	86	0.151	
231	9	1	79	0.159	
231	9	1	80	0.196	
232	9	1	75	0.097	
232	9	1	76	0.127	
232	9	1	89	0.076	
232	9	1	85	0.124	
232	9	1	89	0.098	
233	9	1	68	0.282	
233	9	1	69	0.295	
233	9	1	69	0.299	
233	9	1	69	0.328	
233	9	1	69	0.261	
234	9	1	74	0.103	
234	9	1	79	0.102	
234	9	1	102	0.125	
234	9	1	105	0.125	
234	9	1	99	0.099	
235	9	1	36	0.073	
235	9	1	37	0.051	
235	9	1	44	0.072	
235	9	1	102	0.092	
235	9	1	96	0.079	
236	9	1	73	0.211	
236	9	1	71	0.106	
236	9	1	79	0.201	
236	9	1	84	0.157	
236	9	1	75	0.156	
237	9	1	34	0.063	
237	9	1	250	0.096	
237	9	1	250	0.808	
237	9	1	65	0.069	
237	9	1	69	0.071	
238	9	1	93	0.134	
238	9	1	85	0.122	
238	9	1	110	0.097	
238	9	1	97	0.116	
238	9	1	48	0.071	
239	9	1	74	0.231	
239	9	1	74	0.225	
239	9	1	76	0.190	
239	9	1	83	0.203	
239	9	1	81	0.231	
240	9	1	84	0.207	
240	9	1	84	0.203	
240	9	1	82	0.124	
240	9	1	85	0.166	
240	9	1	84	0.127	
241	9	1	88	0.138	
241	9	1	83	0.124	
241	9	1	97	0.112	
241	9	1	44	0.068	
241	9	1	91	0.135	
242	9	1	77	0.082	
242	9	1	80	0.080	
242	9	1	117	0.084	
242	9	1	113	0.114	
242	9	1	113	0.105	
243	9	1	38	0.070	
243	9	1	89	0.078	
243	9	1	66	0.073	
243	9	1	77	0.074	
243	9	1	63	0.067	
244	9	1	80	0.088	
244	9	1	84	0.091	
244	9	1	92	0.072	
244	9	1	66	0.075	
244	9	1	125	0.085	
245	9	1	86	0.101	
245	9	1	80	0.085	
245	9	1	116	0.096	
245	9	1	117	0.094	
245	9	1	107	0.077	
246	9	1	88	0.099	
246	9	1	85	0.086	
246	9	1	113	0.087	
246	9	1	107	0.099	
246	9	1	119	0.082	
247	9	1	74	0.242	
247	9	1	74	0.226	
247	9	1	74	0.188	
247	9	1	74	0.197	
247	9	1	74	0.217	
248	9	1	79	0.154	
248	9	1	81	0.136	
248	9	1	101	0.126	
248	9	1	109	0.101	
248	9	1	101	0.122	
249	9	1	78	0.106	
249	9	1	79	0.117	
249	9	1	93	0.119	
249	9	1	107	0.111	
249	9	1	110	0.110	
250	9	1	25	0.071	
250	9	1	86	0.080	
250	9	1	32	0.062	
250	9	1	36	0.071	
250	9	1	43	0.070	
251	9	1	71	0.146	
251	9	1	72	0.111	
251	9	1	89	0.083	
251	9	1	98	0.093	
251	9	1	87	0.099	
252	9	1	74	0.101	
252	9	1	75	0.101	
252	9	1	78	0.090	
252	9	1	82	0.098	
252	9	1	78	0.087	
253	9	1	39	0.072	
253	9	1	77	0.086	
253	9	1	114	0.091	
253	9	1	113	0.093	
253	9	1	112	0.078	
254	9	1	83	0.133	
254	9	1	84	0.093	
254	9	1	94	0.139	
254	9	1	91	0.128	
254	9	1	93	0.101	
255	9	1	84	0.104	
255	9	1	84	0.101	
255	9	1	102	0.099	
255	9	1	96	0.100	
255	9	1	112	0.100	
256	9	1	26	0.067	
256	9	1	27	0.069	
256	9	1	37	0.074	
256	9	1	95	0.086	
256	9	1	37	0.055	
257	9	1	70	0.222	
257	9	1	70	0.212	
257	9	1	75	0.183	
257	9	1	76	0.229	
257	9	1	76	0.217	
258	9	1	46	0.064	
258	9	1	46	0.074	
258	9	1	53	0.073	
258	9	1	52	0.063	
258	9	1	81	0.067	
259	9	1	73	0.147	
259	9	1	79	0.187	
259	9	1	75	0.198	
259	9	1	72	0.166	
259	9	1	75	0.174	
260	9	1	89	0.101	
260	9	1	62	0.068	
260	9	1	137	0.101	
260	9	1	110	0.070	
260	9	1	150	0.091	
261	9	1	86	0.085	
261	9	1	89	0.079	
261	9	1	109	0.086	
261	9	1	97	0.085	
261	9	1	45	0.073	
262	9	1	90	0.101	
262	9	1	86	0.112	
262	9	1	117	0.079	
262	9	1	115	0.077	
262	9	1	109	0.081	
263	9	1	82	0.112	
263	9	1	78	0.112	
263	9	1	95	0.096	
263	9	1	101	0.103	
263	9	1	102	0.103	
264	9	1	79	0.110	
264	9	1	79	0.155	
264	9	1	52	0.073	
264	9	1	99	0.104	
264	9	1	112	0.099	
265	9	1	100	0.109	
265	9	1	99	0.104	
265	9	1	124	0.092	
265	9	1	116	0.100	
265	9	1	128	0.076	
266	9	1	82	0.138	
266	9	1	93	0.106	
266	9	1	105	0.126	
266	9	1	114	0.092	
266	9	1	100	0.115	
267	9	1	79	0.098	
267	9	1	77	0.097	
267	9	1	87	0.074	
267	9	1	97	0.097	
267	9	1	99	0.109	
268	9	1	86	0.081	
268	9	1	91	0.097	
268	9	1	99	0.077	
268	9	1	44	0.075	
268	9	1	43	0.063	
269	9	1	77	0.118	
269	9	1	75	0.113	
269	9	1	77	0.094	
269	9	1	83	0.084	
269	9	1	87	0.096	
270	9	1	70	0.197	
270	9	1	70	0.207	
270	9	1	74	0.172	
270	9	1	74	0.155	
270	9	1	73	0.182	
271	9	1	40	0.059	
271	9	1	66	0.082	
271	9	1	113	0.075	
271	9	1	94	0.065	
271	9	1	85	0.070	
272	9	1	68	0.054	
272	9	1	64	0.053	
272	9	1	114	0.070	
272	9	1	62	0.071	
272	9	1	117	0.074	
273	9	1	94	0.117	
273	9	1	92	0.105	
273	9	1	125	0.084	
273	9	1	126	0.103	
273	9	1	121	0.082	
274	9	1	69	0.224	
274	9	1	69	0.138	
274	9	1	70	0.205	
274	9	1	72	0.225	
274	9	1	72	0.225	
275	9	1	72	0.065	
275	9	1	93	0.069	
275	9	1	73	0.070	
275	9	1	67	0.072	
275	9	1	49	0.071	
276	9	1	86	0.105	
276	9	1	87	0.117	
276	9	1	126	0.080	
276	9	1	112	0.077	
276	9	1	121	0.081	
277	9	1	83	0.123	
277	9	1	80	0.131	
277	9	1	102	0.089	
277	9	1	36	0.043	
277	9	1	106	0.105	
278	9	1	76	0.114	
278	9	1	81	0.077	
278	9	1	130	0.084	
278	9	1	46	0.063	
278	9	1	84	0.071	
279	9	1	65	0.072	
279	9	1	74	0.070	
279	9	1	57	0.074	
279	9	1	132	0.075	
279	9	1	144	0.079	
280	9	1	52	0.072	
280	9	1	84	0.107	
280	9	1	117	0.079	
280	9	1	115	0.080	
280	9	1	77	0.071	
281	9	1	95	0.118	
281	9	1	99	0.096	
281	9	1	106	0.097	
281	9	1	104	0.101	
281	9	1	108	0.105	
282	9	1	36	0.070	
282	9	1	103	0.106	
282	9	1	34	0.069	
282	9	1	137	0.088	
282	9	1	147	0.098	
283	9	1	62	0.088	
283	9	1	45	0.073	
283	9	1	59	0.070	
283	9	1	71	0.062	
283	9	1	57	0.068	
284	9	1	79	0.096	
284	9	1	80	0.138	
284	9	1	97	0.113	
284	9	1	92	0.129	
284	9	1	91	0.097	
285	9	1	94	0.075	
285	9	1	103	0.092	
285	9	1	48	0.075	
285	9	1	96	0.069	
285	9	1	99	0.075	
286	9	1	79	0.094	
286	9	1	83	0.090	
286	9	1	91	0.084	
286	9	1	105	0.091	
286	9	1	96	0.095	
287	9	1	99	0.075	
287	9	1	51	0.074	
287	9	1	120	0.084	
287	9	1	72	0.073	
287	9	1	65	0.110	
288	9	1	83	0.075	
288	9	1	81	0.078	
288	9	1	102	0.080	
288	9	1	47	0.048	
288	9	1	107	0.079	
289	9	1	77	0.184	
289	9	1	81	0.173	
289	9	1	81	0.175	
289	9	1	87	0.149	
289	9	1	82	0.163	
290	9	1	81	0.117	
290	9	1	102	0.102	
290	9	1	103	0.103	
290	9	1	102	0.147	
290	9	1	103	0.078	
291	9	1	70	0.227	
291	9	1	69	0.228	
291	9	1	71	0.269	
291	9	1	70	0.243	
291	9	1	70	0.243	
292	9	1	89	0.127	
292	9	1	87	0.079	
292	9	1	40	0.053	
292	9	1	104	0.121	
292	9	1	105	0.086	
293	9	1	81	0.112	
293	9	1	92	0.118	
293	9	1	119	0.121	
293	9	1	116	0.127	
293	9	1	115	0.112	
294	9	1	89	0.108	
294	9	1	101	0.106	
294	9	1	107	0.106	
294	9	1	125	0.106	
294	9	1	120	0.089	
295	9	1	91	0.098	
295	9	1	91	0.090	
295	9	1	53	0.074	
295	9	1	120	0.083	
295	9	1	63	0.066	
296	9	1	74	0.159	
296	9	1	78	0.136	
296	9	1	94	0.140	
296	9	1	93	0.127	
296	9	1	92	0.151	
297	9	1	33	0.075	
297	9	1	33	0.073	
297	9	1	49	0.074	
297	9	1	49	0.074	
297	9	1	47	0.057	
298	9	1	80	0.110	
298	9	1	85	0.110	
298	9	1	60	0.075	
298	9	1	116	0.098	
298	9	1	115	0.091	
299	9	1	85	0.081	
299	9	1	86	0.099	
299	9	1	118	0.091	
299	9	1	108	0.075	
299	9	1	113	0.087	
