Below are the simulation results for the test trials
WORLD	TASK	SUCCESS	STEPS	LOWEST_CLEARANCE
0	6	1	250	0.163	
0	6	1	250	0.170	
0	6	1	103	0.107	
0	6	1	115	0.086	
0	6	1	92	0.093	
1	6	1	153	0.062	
1	6	1	143	0.068	
1	6	1	101	0.145	
1	6	1	93	0.143	
1	6	1	97	0.077	
2	6	1	55	0.016	
2	6	1	136	0.061	
2	6	1	81	0.100	
2	6	1	101	0.088	
2	6	1	84	0.084	
3	6	1	87	0.188	
3	6	1	103	0.195	
3	6	1	79	0.127	
3	6	1	77	0.131	
3	6	1	79	0.161	
4	6	1	165	0.081	
4	6	1	154	0.074	
4	6	1	108	0.032	
4	6	1	104	0.088	
4	6	1	115	0.086	
5	6	1	97	0.273	
5	6	1	250	0.251	
5	6	1	76	0.168	
5	6	1	76	0.175	
5	6	1	76	0.168	
6	6	1	124	0.072	
6	6	1	126	0.089	
6	6	1	103	0.106	
6	6	1	95	0.068	
6	6	1	101	0.094	
7	6	1	108	0.106	
7	6	1	124	0.101	
7	6	1	102	0.081	
7	6	1	90	0.079	
7	6	1	91	0.139	
8	6	1	250	0.098	
8	6	1	250	0.091	
8	6	1	76	0.161	
8	6	1	76	0.170	
8	6	1	76	0.176	
9	6	1	79	0.135	
9	6	1	77	0.203	
9	6	1	75	0.136	
9	6	1	69	0.149	
9	6	1	75	0.135	
10	6	1	114	0.093	
10	6	1	123	0.092	
10	6	1	81	0.105	
10	6	1	85	0.100	
10	6	1	85	0.145	
11	6	1	89	0.233	
11	6	1	94	0.278	
11	6	1	78	0.155	
11	6	1	77	0.155	
11	6	1	77	0.155	
12	6	1	136	0.115	
12	6	1	145	0.111	
12	6	1	83	0.089	
12	6	1	82	0.144	
12	6	1	84	0.129	
13	6	1	122	0.094	
13	6	1	112	0.086	
13	6	1	75	0.135	
13	6	1	76	0.120	
13	6	1	75	0.109	
14	6	1	81	0.230	
14	6	1	76	0.281	
14	6	1	77	0.225	
14	6	1	80	0.198	
14	6	1	79	0.208	
15	6	1	94	0.296	
15	6	1	87	0.309	
15	6	1	87	0.182	
15	6	1	80	0.246	
15	6	1	80	0.222	
16	6	1	58	0.097	
16	6	1	60	0.099	
16	6	1	90	0.118	
16	6	1	87	0.131	
16	6	1	86	0.098	
17	6	1	89	0.202	
17	6	1	86	0.194	
17	6	1	100	0.160	
17	6	1	89	0.155	
17	6	1	88	0.123	
18	6	1	88	0.145	
18	6	1	89	0.175	
18	6	1	78	0.084	
18	6	1	81	0.153	
18	6	1	77	0.141	
19	6	1	84	0.096	
19	6	1	92	0.138	
19	6	1	65	0.104	
19	6	1	105	0.113	
19	6	1	64	0.112	
20	6	1	129	0.146	
20	6	1	141	0.163	
20	6	1	77	0.200	
20	6	1	77	0.216	
20	6	1	78	0.202	
21	6	1	114	0.171	
21	6	1	250	0.084	
21	6	1	87	0.129	
21	6	1	85	0.166	
21	6	1	84	0.132	
22	6	1	145	0.085	
22	6	1	128	0.091	
22	6	1	86	0.096	
22	6	1	85	0.097	
22	6	1	96	0.093	
23	6	1	250	0.084	
23	6	1	250	0.100	
23	6	1	87	0.108	
23	6	1	85	0.098	
23	6	1	81	0.128	
24	6	0	149	0.000	
24	6	1	250	0.111	
24	6	1	89	0.093	
24	6	1	101	0.066	
24	6	1	96	0.089	
25	6	1	77	0.173	
25	6	1	77	0.164	
25	6	1	76	0.257	
25	6	1	76	0.261	
25	6	1	76	0.211	
26	6	1	250	1.102	
26	6	1	250	1.003	
26	6	1	80	0.126	
26	6	1	83	0.147	
26	6	1	79	0.133	
27	6	1	250	1.657	
27	6	1	250	1.413	
27	6	1	78	0.066	
27	6	1	78	0.061	
27	6	1	80	0.102	
28	6	1	81	0.205	
28	6	1	80	0.208	
28	6	1	82	0.184	
28	6	1	82	0.225	
28	6	1	76	0.249	
29	6	1	250	0.111	
29	6	1	250	0.028	
29	6	1	76	0.140	
29	6	1	76	0.137	
29	6	1	76	0.137	
30	6	1	250	0.061	
30	6	1	250	0.139	
30	6	1	99	0.155	
30	6	1	90	0.130	
30	6	1	99	0.116	
31	6	1	83	0.349	
31	6	1	90	0.244	
31	6	1	85	0.239	
31	6	1	83	0.262	
31	6	1	80	0.183	
32	6	1	73	0.156	
32	6	1	72	0.130	
32	6	1	75	0.088	
32	6	1	70	0.125	
32	6	1	67	0.119	
33	6	1	189	0.075	
33	6	1	250	0.053	
33	6	1	104	0.153	
33	6	1	94	0.136	
33	6	1	103	0.109	
34	6	1	81	0.274	
34	6	1	87	0.165	
34	6	1	78	0.162	
34	6	1	81	0.155	
34	6	1	77	0.169	
35	6	1	119	0.100	
35	6	1	112	0.063	
35	6	1	80	0.093	
35	6	1	79	0.105	
35	6	1	78	0.099	
36	6	1	250	1.509	
36	6	1	250	1.250	
36	6	1	75	0.186	
36	6	1	75	0.165	
36	6	1	76	0.180	
37	6	1	250	0.071	
37	6	1	137	0.048	
37	6	1	82	0.128	
37	6	1	87	0.044	
37	6	1	87	0.075	
38	6	1	250	0.065	
38	6	1	250	0.033	
38	6	1	93	0.076	
38	6	1	87	0.077	
38	6	1	91	0.080	
39	6	1	88	0.112	
39	6	1	100	0.093	
39	6	1	84	0.157	
39	6	1	77	0.143	
39	6	1	84	0.112	
40	6	1	78	0.340	
40	6	1	78	0.338	
40	6	1	75	0.338	
40	6	1	75	0.338	
40	6	1	75	0.342	
41	6	1	76	0.218	
41	6	1	77	0.210	
41	6	1	75	0.218	
41	6	1	75	0.218	
41	6	1	75	0.218	
42	6	1	78	0.642	
42	6	1	78	0.642	
42	6	1	75	0.639	
42	6	1	75	0.639	
42	6	1	75	0.639	
43	6	1	250	0.112	
43	6	1	105	0.072	
43	6	1	60	0.082	
43	6	1	94	0.077	
43	6	1	70	0.084	
44	6	1	109	0.081	
44	6	1	108	0.080	
44	6	1	84	0.099	
44	6	1	83	0.086	
44	6	1	80	0.107	
45	6	1	250	0.066	
45	6	1	250	0.026	
45	6	1	91	0.058	
45	6	1	89	0.086	
45	6	1	83	0.098	
46	6	1	65	0.070	
46	6	1	59	0.076	
46	6	1	103	0.097	
46	6	1	95	0.064	
46	6	1	119	0.077	
47	6	0	112	0.020	
47	6	1	106	0.038	
47	6	1	110	0.063	
47	6	1	105	0.069	
47	6	1	122	0.073	
48	6	1	83	0.122	
48	6	1	100	0.160	
48	6	1	77	0.111	
48	6	1	75	0.110	
48	6	1	75	0.094	
49	6	1	250	1.052	
49	6	1	250	0.257	
49	6	1	96	0.106	
49	6	1	98	0.056	
49	6	1	103	0.103	
50	6	1	91	0.148	
50	6	1	99	0.153	
50	6	1	90	0.137	
50	6	1	94	0.175	
50	6	1	81	0.180	
51	6	1	79	0.174	
51	6	1	79	0.215	
51	6	1	80	0.188	
51	6	1	81	0.173	
51	6	1	82	0.144	
52	6	1	92	0.213	
52	6	1	84	0.197	
52	6	1	82	0.143	
52	6	1	88	0.155	
52	6	1	83	0.168	
53	6	1	91	0.106	
53	6	1	91	0.143	
53	6	1	82	0.145	
53	6	1	77	0.159	
53	6	1	78	0.176	
54	6	1	250	0.150	
54	6	1	77	0.351	
54	6	1	75	0.261	
54	6	1	76	0.128	
54	6	1	76	0.161	
55	6	1	250	0.103	
55	6	1	148	0.072	
55	6	1	86	0.114	
55	6	1	86	0.116	
55	6	1	94	0.117	
56	6	1	76	0.235	
56	6	1	86	0.221	
56	6	1	77	0.182	
56	6	1	81	0.189	
56	6	1	81	0.159	
57	6	1	250	0.083	
57	6	1	250	0.062	
57	6	1	86	0.120	
57	6	1	108	0.092	
57	6	1	97	0.120	
58	6	1	250	0.132	
58	6	1	250	0.005	
58	6	1	120	0.097	
58	6	1	115	0.091	
58	6	1	123	0.095	
59	6	1	229	0.060	
59	6	1	250	0.064	
59	6	1	98	0.067	
59	6	1	94	0.043	
59	6	1	93	0.062	
60	6	0	201	0.000	
60	6	1	250	0.056	
60	6	1	93	0.080	
60	6	1	110	0.086	
60	6	1	96	0.095	
61	6	1	77	0.396	
61	6	1	77	0.396	
61	6	1	76	0.384	
61	6	1	76	0.387	
61	6	1	76	0.369	
62	6	1	177	0.053	
62	6	1	193	0.047	
62	6	1	107	0.066	
62	6	1	155	0.055	
62	6	1	150	0.051	
63	6	1	113	0.129	
63	6	1	103	0.148	
63	6	1	87	0.111	
63	6	1	85	0.106	
63	6	1	85	0.119	
64	6	1	250	0.061	
64	6	1	250	0.083	
64	6	1	86	0.119	
64	6	1	100	0.156	
64	6	1	87	0.065	
65	6	1	100	0.101	
65	6	1	98	0.107	
65	6	1	77	0.118	
65	6	1	79	0.107	
65	6	1	77	0.138	
66	6	1	86	0.097	
66	6	1	79	0.125	
66	6	1	77	0.089	
66	6	1	81	0.119	
66	6	1	79	0.086	
67	6	1	76	0.345	
67	6	1	76	0.342	
67	6	1	77	0.338	
67	6	1	77	0.338	
67	6	1	77	0.338	
68	6	1	116	0.171	
68	6	1	118	0.164	
68	6	1	85	0.117	
68	6	1	84	0.111	
68	6	1	84	0.119	
69	6	1	105	0.126	
69	6	1	110	0.045	
69	6	1	86	0.107	
69	6	1	90	0.109	
69	6	1	96	0.105	
70	6	1	250	1.690	
70	6	1	250	1.063	
70	6	1	82	0.128	
70	6	1	81	0.114	
70	6	1	82	0.124	
71	6	1	86	0.127	
71	6	1	84	0.171	
71	6	1	71	0.132	
71	6	1	71	0.126	
71	6	1	76	0.109	
72	6	1	76	0.205	
72	6	1	79	0.220	
72	6	1	77	0.223	
72	6	1	77	0.218	
72	6	1	77	0.215	
73	6	1	250	0.067	
73	6	0	246	0.000	
73	6	1	86	0.070	
73	6	1	79	0.090	
73	6	1	79	0.104	
74	6	1	79	0.116	
74	6	1	77	0.216	
74	6	1	83	0.098	
74	6	1	81	0.099	
74	6	1	80	0.107	
75	6	1	77	0.379	
75	6	1	77	0.378	
75	6	1	77	0.341	
75	6	1	77	0.341	
75	6	1	77	0.341	
76	6	1	121	0.097	
76	6	1	92	0.121	
76	6	1	40	0.175	
76	6	1	87	0.148	
76	6	1	83	0.127	
77	6	1	76	0.183	
77	6	1	76	0.201	
77	6	1	77	0.196	
77	6	1	77	0.196	
77	6	1	77	0.190	
78	6	1	250	0.050	
78	6	1	250	0.170	
78	6	1	87	0.128	
78	6	1	94	0.103	
78	6	1	90	0.121	
79	6	1	101	0.081	
79	6	1	85	0.157	
79	6	1	84	0.097	
79	6	1	80	0.130	
79	6	1	83	0.114	
80	6	1	101	0.087	
80	6	1	92	0.137	
80	6	1	88	0.081	
80	6	1	87	0.118	
80	6	1	87	0.094	
81	6	1	250	0.159	
81	6	1	134	0.116	
81	6	1	76	0.119	
81	6	1	79	0.108	
81	6	1	78	0.106	
82	6	1	145	0.108	
82	6	1	250	0.110	
82	6	1	98	0.080	
82	6	1	250	0.066	
82	6	1	108	0.077	
83	6	1	250	1.570	
83	6	1	250	1.655	
83	6	1	76	0.142	
83	6	1	77	0.125	
83	6	1	76	0.142	
84	6	1	250	0.087	
84	6	1	250	0.118	
84	6	1	74	0.117	
84	6	1	75	0.084	
84	6	1	78	0.084	
85	6	1	114	0.116	
85	6	1	118	0.136	
85	6	1	87	0.142	
85	6	1	87	0.173	
85	6	1	89	0.175	
86	6	1	160	0.059	
86	6	1	121	0.083	
86	6	1	40	0.125	
86	6	1	110	0.061	
86	6	1	99	0.089	
87	6	1	80	0.217	
87	6	1	80	0.244	
87	6	1	79	0.215	
87	6	1	77	0.212	
87	6	1	79	0.214	
88	6	1	88	0.103	
88	6	1	89	0.100	
88	6	1	76	0.115	
88	6	1	77	0.105	
88	6	1	79	0.136	
89	6	1	94	0.086	
89	6	1	94	0.107	
89	6	1	80	0.114	
89	6	1	80	0.119	
89	6	1	80	0.110	
90	6	1	250	0.060	
90	6	1	93	0.146	
90	6	1	76	0.185	
90	6	1	76	0.177	
90	6	1	76	0.182	
91	6	1	109	0.158	
91	6	1	115	0.132	
91	6	1	82	0.179	
91	6	1	81	0.172	
91	6	1	77	0.115	
92	6	1	250	0.100	
92	6	1	250	0.095	
92	6	1	82	0.100	
92	6	1	81	0.102	
92	6	1	82	0.118	
93	6	1	77	0.798	
93	6	1	77	0.798	
93	6	1	76	0.794	
93	6	1	76	0.794	
93	6	1	76	0.794	
94	6	1	77	0.388	
94	6	1	77	0.388	
94	6	1	75	0.388	
94	6	1	75	0.388	
94	6	1	75	0.388	
95	6	1	105	0.128	
95	6	1	112	0.087	
95	6	1	90	0.071	
95	6	1	89	0.071	
95	6	1	80	0.087	
96	6	1	129	0.043	
96	6	1	150	0.063	
96	6	1	87	0.082	
96	6	1	86	0.051	
96	6	1	86	0.081	
97	6	1	130	0.115	
97	6	1	128	0.091	
97	6	1	79	0.122	
97	6	1	82	0.137	
97	6	1	89	0.092	
98	6	1	250	0.109	
98	6	1	250	0.069	
98	6	1	81	0.147	
98	6	1	83	0.113	
98	6	1	81	0.111	
99	6	1	100	0.114	
99	6	1	111	0.132	
99	6	1	96	0.139	
99	6	1	95	0.130	
99	6	1	97	0.109	
100	6	1	92	0.062	
100	6	1	105	0.167	
100	6	1	92	0.093	
100	6	1	75	0.149	
100	6	1	76	0.144	
101	6	1	117	0.220	
101	6	1	115	0.271	
101	6	1	89	0.157	
101	6	1	78	0.186	
101	6	1	88	0.156	
102	6	1	190	0.056	
102	6	1	120	0.129	
102	6	1	80	0.143	
102	6	1	82	0.096	
102	6	1	84	0.093	
103	6	1	169	0.075	
103	6	1	150	0.098	
103	6	1	100	0.093	
103	6	1	101	0.084	
103	6	1	91	0.100	
104	6	0	94	0.000	
104	6	1	250	0.007	
104	6	1	87	0.121	
104	6	1	83	0.112	
104	6	1	86	0.125	
105	6	1	250	1.769	
105	6	1	250	1.651	
105	6	1	90	0.129	
105	6	1	91	0.128	
105	6	1	97	0.122	
106	6	1	120	0.129	
106	6	1	123	0.094	
106	6	1	77	0.122	
106	6	1	85	0.116	
106	6	1	78	0.133	
107	6	1	250	0.263	
107	6	1	250	0.194	
107	6	1	96	0.111	
107	6	1	101	0.121	
107	6	1	90	0.103	
108	6	1	158	0.119	
108	6	1	250	0.116	
108	6	1	76	0.232	
108	6	1	76	0.236	
108	6	1	76	0.232	
109	6	1	124	0.088	
109	6	1	153	0.074	
109	6	1	81	0.108	
109	6	1	84	0.130	
109	6	1	79	0.104	
110	6	1	250	0.120	
110	6	1	250	0.176	
110	6	1	86	0.134	
110	6	1	83	0.147	
110	6	1	83	0.151	
111	6	1	250	0.046	
111	6	1	250	0.074	
111	6	1	50	0.110	
111	6	1	125	0.114	
111	6	1	117	0.093	
112	6	1	90	0.035	
112	6	1	95	0.091	
112	6	1	67	0.107	
112	6	1	70	0.074	
112	6	1	61	0.081	
113	6	1	250	0.030	
113	6	1	250	0.072	
113	6	1	102	0.097	
113	6	1	65	0.085	
113	6	1	64	0.095	
114	6	1	151	0.079	
114	6	1	160	0.084	
114	6	1	94	0.092	
114	6	1	87	0.069	
114	6	1	95	0.114	
115	6	0	180	0.000	
115	6	0	92	0.014	
115	6	1	82	0.099	
115	6	1	85	0.087	
115	6	1	79	0.108	
116	6	0	218	0.019	
116	6	1	129	0.113	
116	6	1	81	0.115	
116	6	1	82	0.121	
116	6	1	80	0.118	
117	6	1	250	0.059	
117	6	1	225	0.093	
117	6	1	113	0.087	
117	6	1	114	0.093	
117	6	1	115	0.084	
118	6	1	156	0.075	
118	6	1	162	0.084	
118	6	1	103	0.089	
118	6	1	110	0.108	
118	6	1	97	0.114	
119	6	1	250	1.635	
119	6	1	250	0.377	
119	6	1	107	0.078	
119	6	1	91	0.081	
119	6	1	95	0.094	
120	6	1	140	0.108	
120	6	1	105	0.111	
120	6	1	94	0.095	
120	6	1	100	0.094	
120	6	1	91	0.124	
121	6	0	171	0.000	
121	6	0	239	0.023	
121	6	1	94	0.082	
121	6	1	94	0.097	
121	6	1	93	0.089	
122	6	1	130	0.060	
122	6	1	124	0.065	
122	6	1	89	0.071	
122	6	1	84	0.133	
122	6	1	85	0.079	
123	6	1	187	0.058	
123	6	1	202	0.062	
123	6	1	99	0.073	
123	6	1	96	0.102	
123	6	1	98	0.070	
124	6	1	250	0.032	
124	6	0	153	0.005	
124	6	1	115	0.096	
124	6	1	95	0.079	
124	6	1	93	0.141	
125	6	1	116	0.054	
125	6	1	148	0.070	
125	6	1	89	0.061	
125	6	1	85	0.070	
125	6	1	88	0.084	
126	6	1	250	0.075	
126	6	1	177	0.083	
126	6	1	100	0.082	
126	6	1	90	0.115	
126	6	1	89	0.113	
127	6	1	250	0.074	
127	6	1	250	0.076	
127	6	1	92	0.094	
127	6	1	91	0.099	
127	6	1	99	0.111	
128	6	1	81	0.146	
128	6	1	78	0.134	
128	6	1	75	0.154	
128	6	1	75	0.158	
128	6	1	75	0.149	
129	6	1	53	0.091	
129	6	1	52	0.090	
129	6	1	48	0.112	
129	6	1	44	0.099	
129	6	1	102	0.109	
130	6	1	122	0.093	
130	6	1	161	0.072	
130	6	1	83	0.092	
130	6	1	87	0.117	
130	6	1	94	0.123	
131	6	1	179	0.056	
131	6	1	164	0.077	
131	6	1	83	0.058	
131	6	1	96	0.075	
131	6	1	86	0.070	
132	6	1	122	0.083	
132	6	1	112	0.094	
132	6	1	81	0.085	
132	6	1	80	0.115	
132	6	1	94	0.144	
133	6	1	250	0.452	
133	6	1	250	0.545	
133	6	1	91	0.119	
133	6	1	89	0.065	
133	6	1	103	0.099	
134	6	1	250	0.444	
134	6	1	250	0.565	
134	6	1	85	0.096	
134	6	1	85	0.119	
134	6	1	85	0.090	
135	6	1	97	0.190	
135	6	1	102	0.210	
135	6	1	77	0.228	
135	6	1	78	0.245	
135	6	1	80	0.238	
136	6	1	250	0.071	
136	6	1	250	0.145	
136	6	1	92	0.069	
136	6	1	91	0.086	
136	6	1	88	0.076	
137	6	1	138	0.061	
137	6	1	141	0.071	
137	6	1	98	0.069	
137	6	1	101	0.064	
137	6	1	105	0.072	
138	6	1	250	0.068	
138	6	1	250	0.094	
138	6	1	101	0.095	
138	6	1	116	0.120	
138	6	1	108	0.112	
139	6	1	250	0.075	
139	6	0	222	0.000	
139	6	1	74	0.102	
139	6	1	74	0.110	
139	6	1	78	0.107	
140	6	1	250	0.103	
140	6	0	141	0.000	
140	6	1	121	0.078	
140	6	1	64	0.134	
140	6	1	101	0.120	
141	6	1	250	0.051	
141	6	1	202	0.102	
141	6	1	87	0.072	
141	6	1	86	0.066	
141	6	1	84	0.075	
142	6	1	250	1.225	
142	6	1	250	1.503	
142	6	1	83	0.087	
142	6	1	75	0.122	
142	6	1	77	0.123	
143	6	1	99	0.119	
143	6	1	104	0.120	
143	6	1	84	0.132	
143	6	1	90	0.101	
143	6	1	88	0.112	
144	6	1	250	0.861	
144	6	1	250	1.201	
144	6	1	89	0.110	
144	6	1	93	0.094	
144	6	1	91	0.106	
145	6	1	104	0.102	
145	6	1	115	0.126	
145	6	1	88	0.134	
145	6	1	90	0.139	
145	6	1	86	0.121	
146	6	1	250	0.932	
146	6	1	250	0.191	
146	6	1	81	0.214	
146	6	1	85	0.147	
146	6	1	80	0.259	
147	6	1	250	0.156	
147	6	1	250	0.170	
147	6	1	79	0.141	
147	6	1	82	0.097	
147	6	1	79	0.133	
148	6	1	250	0.069	
148	6	0	112	0.000	
148	6	1	97	0.073	
148	6	1	92	0.085	
148	6	1	100	0.060	
149	6	1	140	0.115	
149	6	1	117	0.125	
149	6	1	75	0.153	
149	6	1	78	0.159	
149	6	1	75	0.158	
150	6	1	250	0.835	
150	6	1	250	1.775	
150	6	1	99	0.100	
150	6	1	92	0.116	
150	6	1	54	0.153	
151	6	1	250	0.336	
151	6	1	250	0.300	
151	6	1	89	0.113	
151	6	1	87	0.057	
151	6	1	84	0.109	
152	6	1	139	0.092	
152	6	1	98	0.086	
152	6	1	85	0.091	
152	6	1	81	0.082	
152	6	1	85	0.096	
153	6	1	210	0.083	
153	6	1	200	0.084	
153	6	1	82	0.066	
153	6	1	83	0.080	
153	6	1	88	0.109	
154	6	1	175	0.065	
154	6	1	250	0.072	
154	6	1	92	0.103	
154	6	1	44	0.134	
154	6	1	89	0.112	
155	6	1	92	0.167	
155	6	1	91	0.153	
155	6	1	77	0.146	
155	6	1	83	0.125	
155	6	1	81	0.136	
156	6	1	105	0.156	
156	6	1	98	0.248	
156	6	1	75	0.213	
156	6	1	75	0.218	
156	6	1	75	0.218	
157	6	1	250	0.133	
157	6	0	248	0.016	
157	6	1	48	0.092	
157	6	1	63	0.094	
157	6	1	112	0.082	
158	6	1	168	0.084	
158	6	1	184	0.069	
158	6	1	112	0.093	
158	6	1	100	0.080	
158	6	1	96	0.043	
159	6	1	250	0.270	
159	6	1	250	0.266	
159	6	1	83	0.156	
159	6	1	86	0.102	
159	6	1	82	0.187	
160	6	0	222	0.000	
160	6	1	250	0.066	
160	6	1	87	0.061	
160	6	1	86	0.063	
160	6	1	83	0.089	
161	6	1	79	0.241	
161	6	1	80	0.235	
161	6	1	75	0.246	
161	6	1	81	0.180	
161	6	1	75	0.245	
162	6	1	250	0.082	
162	6	1	250	0.069	
162	6	1	96	0.112	
162	6	1	92	0.100	
162	6	1	97	0.111	
163	6	1	190	0.107	
163	6	1	138	0.106	
163	6	1	101	0.108	
163	6	1	103	0.120	
163	6	1	105	0.098	
164	6	1	127	0.094	
164	6	1	131	0.090	
164	6	1	88	0.135	
164	6	1	90	0.124	
164	6	1	87	0.121	
165	6	1	250	0.055	
165	6	1	250	0.004	
165	6	1	98	0.113	
165	6	1	100	0.077	
165	6	1	87	0.079	
166	6	1	250	1.375	
166	6	1	250	1.325	
166	6	1	80	0.096	
166	6	1	85	0.102	
166	6	1	85	0.104	
167	6	1	96	0.121	
167	6	1	100	0.125	
167	6	1	99	0.105	
167	6	1	90	0.106	
167	6	1	92	0.105	
168	6	0	220	0.000	
168	6	1	250	0.120	
168	6	1	87	0.082	
168	6	1	98	0.088	
168	6	1	86	0.081	
169	6	1	169	0.067	
169	6	1	250	0.074	
169	6	1	101	0.103	
169	6	1	86	0.080	
169	6	1	118	0.084	
170	6	1	250	1.678	
170	6	1	250	1.495	
170	6	1	91	0.131	
170	6	1	83	0.091	
170	6	1	84	0.123	
171	6	1	145	0.098	
171	6	1	207	0.055	
171	6	1	106	0.110	
171	6	1	102	0.085	
171	6	1	108	0.092	
172	6	1	250	0.750	
172	6	1	250	1.237	
172	6	1	84	0.094	
172	6	1	82	0.096	
172	6	1	86	0.091	
173	6	1	250	0.737	
173	6	1	250	0.304	
173	6	1	93	0.113	
173	6	1	92	0.085	
173	6	1	101	0.093	
174	6	1	164	0.121	
174	6	1	143	0.133	
174	6	1	84	0.132	
174	6	1	86	0.167	
174	6	1	84	0.123	
175	6	1	151	0.068	
175	6	1	242	0.044	
175	6	1	102	0.036	
175	6	1	37	0.243	
175	6	1	46	0.106	
176	6	1	250	0.531	
176	6	1	250	0.527	
176	6	1	97	0.066	
176	6	1	102	0.115	
176	6	1	96	0.107	
177	6	1	250	1.585	
177	6	1	250	1.532	
177	6	1	111	0.128	
177	6	1	96	0.119	
177	6	1	125	0.119	
178	6	1	130	0.083	
178	6	1	117	0.083	
178	6	1	91	0.093	
178	6	1	93	0.083	
178	6	1	90	0.102	
179	6	1	86	0.052	
179	6	1	145	0.074	
179	6	1	93	0.067	
179	6	1	102	0.101	
179	6	1	89	0.067	
180	6	1	193	0.033	
180	6	1	140	0.078	
180	6	1	100	0.102	
180	6	1	101	0.087	
180	6	1	66	0.080	
181	6	1	250	0.057	
181	6	1	250	0.015	
181	6	1	101	0.095	
181	6	1	97	0.098	
181	6	1	95	0.078	
182	6	1	250	0.061	
182	6	1	250	0.080	
182	6	1	104	0.080	
182	6	1	96	0.082	
182	6	1	105	0.071	
183	6	0	188	0.000	
183	6	1	250	0.119	
183	6	1	96	0.109	
183	6	1	99	0.095	
183	6	1	98	0.108	
184	6	1	250	0.658	
184	6	1	250	1.405	
184	6	1	101	0.105	
184	6	1	93	0.091	
184	6	1	91	0.158	
185	6	1	111	0.086	
185	6	1	123	0.091	
185	6	1	93	0.121	
185	6	1	91	0.114	
185	6	1	88	0.099	
186	6	1	250	0.038	
186	6	1	250	0.034	
186	6	1	109	0.078	
186	6	1	95	0.091	
186	6	1	64	0.077	
187	6	1	146	0.121	
187	6	1	202	0.087	
187	6	1	89	0.098	
187	6	1	105	0.102	
187	6	1	100	0.104	
188	6	1	250	0.042	
188	6	1	250	0.059	
188	6	1	91	0.092	
188	6	1	92	0.113	
188	6	1	44	0.124	
189	6	1	250	0.066	
189	6	1	250	0.193	
189	6	1	80	0.075	
189	6	1	79	0.082	
189	6	1	85	0.085	
190	6	1	91	0.021	
190	6	1	250	0.064	
190	6	1	99	0.086	
190	6	1	92	0.115	
190	6	1	41	0.084	
191	6	1	250	0.675	
191	6	1	250	0.427	
191	6	1	112	0.074	
191	6	0	41	0.000	
191	6	1	106	0.070	
192	6	1	55	0.037	
192	6	1	165	0.066	
192	6	1	86	0.060	
192	6	1	132	0.070	
192	6	1	95	0.066	
193	6	1	250	0.076	
193	6	1	250	0.057	
193	6	1	90	0.063	
193	6	1	92	0.092	
193	6	1	91	0.113	
194	6	0	232	0.000	
194	6	0	133	0.019	
194	6	1	92	0.090	
194	6	1	98	0.100	
194	6	1	112	0.062	
195	6	1	84	0.102	
195	6	1	99	0.096	
195	6	1	83	0.106	
195	6	1	85	0.092	
195	6	1	93	0.087	
196	6	1	99	0.097	
196	6	1	103	0.096	
196	6	1	85	0.097	
196	6	1	86	0.098	
196	6	1	87	0.086	
197	6	1	250	0.098	
197	6	1	137	0.069	
197	6	1	90	0.073	
197	6	1	98	0.065	
197	6	1	93	0.077	
198	6	1	120	0.066	
198	6	1	136	0.071	
198	6	1	84	0.044	
198	6	1	88	0.062	
198	6	1	83	0.055	
199	6	1	250	0.035	
199	6	0	129	0.003	
199	6	1	94	0.060	
199	6	1	90	0.097	
199	6	1	89	0.089	
200	6	1	97	0.098	
200	6	1	102	0.116	
200	6	1	76	0.109	
200	6	1	78	0.110	
200	6	1	82	0.048	
201	6	1	250	0.201	
201	6	0	240	0.000	
201	6	1	93	0.110	
201	6	1	91	0.100	
201	6	1	91	0.103	
202	6	1	106	0.136	
202	6	1	104	0.103	
202	6	1	85	0.131	
202	6	1	85	0.147	
202	6	1	84	0.107	
203	6	1	120	0.101	
203	6	1	250	0.087	
203	6	1	53	0.026	
203	6	1	117	0.117	
203	6	1	54	0.111	
204	6	1	250	0.065	
204	6	1	250	0.050	
204	6	1	96	0.090	
204	6	1	96	0.098	
204	6	1	94	0.059	
205	6	1	250	0.031	
205	6	1	250	0.062	
205	6	1	98	0.083	
205	6	1	112	0.077	
205	6	1	98	0.077	
206	6	1	250	0.028	
206	6	1	250	0.094	
206	6	1	77	0.103	
206	6	1	78	0.096	
206	6	1	77	0.088	
207	6	1	250	0.145	
207	6	1	250	0.062	
207	6	1	115	0.071	
207	6	1	108	0.094	
207	6	1	112	0.112	
208	6	1	250	0.148	
208	6	1	250	0.151	
208	6	1	90	0.084	
208	6	1	89	0.075	
208	6	1	92	0.105	
209	6	1	250	0.113	
209	6	1	250	0.176	
209	6	1	86	0.156	
209	6	1	112	0.137	
209	6	1	91	0.164	
210	6	1	250	0.051	
210	6	1	250	0.025	
210	6	1	91	0.061	
210	6	1	88	0.073	
210	6	1	98	0.052	
211	6	1	144	0.058	
211	6	1	136	0.095	
211	6	1	98	0.090	
211	6	1	61	0.095	
211	6	1	92	0.106	
212	6	1	250	0.122	
212	6	1	250	0.151	
212	6	1	76	0.066	
212	6	1	77	0.079	
212	6	1	77	0.087	
213	6	1	94	0.105	
213	6	1	109	0.096	
213	6	1	93	0.119	
213	6	1	101	0.097	
213	6	1	96	0.086	
214	6	1	250	0.091	
214	6	1	176	0.014	
214	6	1	99	0.096	
214	6	1	103	0.076	
214	6	1	106	0.077	
215	6	1	250	1.197	
215	6	1	250	0.751	
215	6	1	98	0.116	
215	6	1	105	0.102	
215	6	1	119	0.028	
216	6	1	116	0.122	
216	6	1	121	0.108	
216	6	1	93	0.120	
216	6	1	90	0.115	
216	6	1	91	0.125	
217	6	1	134	0.111	
217	6	1	188	0.094	
217	6	1	102	0.079	
217	6	1	70	0.055	
217	6	1	109	0.073	
218	6	1	250	0.162	
218	6	1	250	0.168	
218	6	1	66	0.064	
218	6	1	94	0.129	
218	6	0	43	0.021	
219	6	1	100	0.105	
219	6	1	100	0.117	
219	6	1	88	0.093	
219	6	1	91	0.104	
219	6	1	95	0.069	
220	6	1	88	0.099	
220	6	1	75	0.091	
220	6	1	98	0.097	
220	6	1	94	0.075	
220	6	1	84	0.091	
221	6	1	250	0.058	
221	6	1	250	0.071	
221	6	1	70	0.065	
221	6	1	250	0.058	
221	6	1	102	0.072	
222	6	1	100	0.098	
222	6	1	114	0.096	
222	6	1	100	0.082	
222	6	1	99	0.064	
222	6	1	97	0.073	
223	6	1	158	0.069	
223	6	1	160	0.116	
223	6	1	113	0.067	
223	6	1	90	0.083	
223	6	1	104	0.072	
224	6	1	135	0.061	
224	6	1	141	0.052	
224	6	1	104	0.043	
224	6	1	87	0.115	
224	6	1	88	0.110	
225	6	1	250	1.219	
225	6	1	250	0.149	
225	6	1	44	0.077	
225	6	1	50	0.101	
225	6	1	32	0.216	
226	6	1	250	1.175	
226	6	1	250	0.915	
226	6	1	78	0.110	
226	6	1	75	0.123	
226	6	1	79	0.100	
227	6	1	157	0.094	
227	6	1	148	0.056	
227	6	1	96	0.081	
227	6	1	87	0.103	
227	6	1	93	0.082	
228	6	1	250	0.063	
228	6	1	250	0.077	
228	6	1	139	0.089	
228	6	1	107	0.077	
228	6	1	65	0.087	
229	6	0	131	0.000	
229	6	1	250	0.059	
229	6	1	95	0.047	
229	6	1	107	0.089	
229	6	1	92	0.066	
230	6	1	250	0.361	
230	6	1	250	0.926	
230	6	1	108	0.077	
230	6	1	119	0.072	
230	6	1	129	0.062	
231	6	1	222	0.032	
231	6	1	125	0.113	
231	6	1	95	0.138	
231	6	1	106	0.127	
231	6	1	92	0.134	
232	6	1	104	0.051	
232	6	1	115	0.069	
232	6	1	88	0.098	
232	6	1	81	0.111	
232	6	1	82	0.102	
233	6	1	77	0.140	
233	6	1	77	0.159	
233	6	1	81	0.146	
233	6	1	80	0.122	
233	6	1	81	0.146	
234	6	1	161	0.081	
234	6	1	219	0.075	
234	6	1	82	0.102	
234	6	1	79	0.114	
234	6	1	90	0.087	
235	6	0	77	0.000	
235	6	1	250	0.026	
235	6	1	99	0.112	
235	6	1	99	0.100	
235	6	1	104	0.065	
236	6	1	250	1.137	
236	6	1	250	0.488	
236	6	1	83	0.119	
236	6	1	82	0.147	
236	6	1	81	0.143	
237	6	1	63	0.098	
237	6	1	54	0.088	
237	6	1	56	0.110	
237	6	1	48	0.102	
237	6	1	41	0.104	
238	6	1	112	0.080	
238	6	1	131	0.045	
238	6	1	95	0.072	
238	6	1	97	0.037	
238	6	1	107	0.046	
239	6	1	250	0.584	
239	6	1	250	0.267	
239	6	1	91	0.102	
239	6	1	91	0.104	
239	6	1	102	0.117	
240	6	1	103	0.097	
240	6	1	96	0.157	
240	6	1	86	0.108	
240	6	1	92	0.112	
240	6	1	84	0.114	
241	6	1	117	0.082	
241	6	1	120	0.127	
241	6	1	106	0.054	
241	6	1	106	0.086	
241	6	1	103	0.095	
242	6	1	141	0.063	
242	6	1	130	0.081	
242	6	1	96	0.093	
242	6	1	95	0.077	
242	6	1	94	0.098	
243	6	1	250	0.162	
243	6	0	198	0.000	
243	6	1	47	0.082	
243	6	1	59	0.086	
243	6	1	46	0.097	
244	6	1	150	0.060	
244	6	1	154	0.030	
244	6	1	104	0.082	
244	6	1	98	0.099	
244	6	1	115	0.075	
245	6	1	170	0.050	
245	6	1	132	0.069	
245	6	1	102	0.053	
245	6	1	98	0.066	
245	6	1	105	0.068	
246	6	1	250	0.004	
246	6	0	156	0.000	
246	6	1	110	0.058	
246	6	1	111	0.061	
246	6	1	104	0.055	
247	6	1	77	0.174	
247	6	1	83	0.157	
247	6	1	79	0.159	
247	6	1	77	0.088	
247	6	1	79	0.121	
248	6	1	109	0.110	
248	6	1	98	0.103	
248	6	1	94	0.111	
248	6	1	105	0.112	
248	6	1	100	0.114	
249	6	1	250	0.126	
249	6	1	250	0.063	
249	6	1	96	0.117	
249	6	1	102	0.127	
249	6	1	107	0.113	
250	6	0	117	0.003	
250	6	0	93	0.002	
250	6	1	131	0.052	
250	6	1	103	0.066	
250	6	1	112	0.047	
251	6	1	250	0.069	
251	6	1	250	0.121	
251	6	1	77	0.073	
251	6	1	84	0.073	
251	6	1	78	0.069	
252	6	1	250	0.068	
252	6	1	250	0.228	
252	6	1	77	0.086	
252	6	1	77	0.106	
252	6	1	77	0.086	
253	6	1	175	0.009	
253	6	1	199	0.068	
253	6	1	50	0.100	
253	6	1	110	0.092	
253	6	1	56	0.048	
254	6	1	250	0.501	
254	6	1	250	0.789	
254	6	1	103	0.118	
254	6	1	93	0.115	
254	6	1	101	0.096	
255	6	0	243	0.007	
255	6	1	250	0.077	
255	6	1	115	0.054	
255	6	1	103	0.066	
255	6	1	99	0.053	
256	6	1	250	0.082	
256	6	1	126	0.095	
256	6	1	95	0.090	
256	6	1	103	0.089	
256	6	1	94	0.100	
257	6	1	98	0.182	
257	6	1	85	0.157	
257	6	1	83	0.145	
257	6	1	83	0.156	
257	6	1	86	0.145	
258	6	1	250	0.145	
258	6	1	250	0.704	
258	6	1	40	0.119	
258	6	1	92	0.082	
258	6	1	92	0.115	
259	6	1	250	0.043	
259	6	1	153	0.070	
259	6	1	84	0.121	
259	6	1	81	0.113	
259	6	1	86	0.146	
260	6	1	250	0.243	
260	6	1	250	1.783	
260	6	1	113	0.095	
260	6	1	113	0.106	
260	6	1	112	0.109	
261	6	1	250	0.126	
261	6	1	250	0.136	
261	6	1	91	0.093	
261	6	1	88	0.098	
261	6	1	84	0.116	
262	6	1	127	0.058	
262	6	1	120	0.052	
262	6	1	100	0.066	
262	6	1	107	0.062	
262	6	1	98	0.091	
263	6	1	250	1.758	
263	6	1	250	1.623	
263	6	1	79	0.078	
263	6	1	82	0.082	
263	6	1	80	0.096	
264	6	1	250	0.128	
264	6	1	250	0.164	
264	6	1	97	0.062	
264	6	1	84	0.084	
264	6	1	95	0.090	
265	6	1	250	0.101	
265	6	0	144	0.019	
265	6	1	119	0.077	
265	6	1	113	0.086	
265	6	1	123	0.075	
266	6	1	139	0.098	
266	6	1	178	0.057	
266	6	1	76	0.077	
266	6	1	113	0.053	
266	6	1	99	0.099	
267	6	1	250	1.060	
267	6	1	250	1.090	
267	6	1	100	0.097	
267	6	1	105	0.097	
267	6	1	89	0.071	
268	6	1	143	0.048	
268	6	1	112	0.079	
268	6	1	102	0.061	
268	6	1	101	0.070	
268	6	1	101	0.057	
269	6	1	112	0.084	
269	6	1	115	0.095	
269	6	1	99	0.110	
269	6	1	87	0.082	
269	6	1	87	0.105	
270	6	1	250	0.008	
270	6	1	250	0.026	
270	6	1	76	0.130	
270	6	1	75	0.115	
270	6	1	77	0.132	
271	6	0	225	0.000	
271	6	1	250	0.032	
271	6	1	98	0.091	
271	6	1	117	0.094	
271	6	1	119	0.081	
272	6	1	250	1.061	
272	6	1	250	0.919	
272	6	1	95	0.085	
272	6	1	94	0.058	
272	6	1	95	0.072	
273	6	1	70	0.055	
273	6	1	250	0.036	
273	6	1	60	0.098	
273	6	1	118	0.072	
273	6	1	139	0.092	
274	6	1	116	0.103	
274	6	1	105	0.165	
274	6	1	79	0.167	
274	6	1	78	0.159	
274	6	1	78	0.172	
275	6	1	250	0.075	
275	6	1	205	0.068	
275	6	1	123	0.062	
275	6	1	119	0.060	
275	6	1	125	0.091	
276	6	1	210	0.008	
276	6	1	250	0.083	
276	6	1	113	0.102	
276	6	1	115	0.095	
276	6	1	116	0.090	
277	6	1	250	0.782	
277	6	1	250	1.297	
277	6	1	94	0.107	
277	6	1	97	0.125	
277	6	1	95	0.086	
278	6	1	250	0.056	
278	6	1	250	0.094	
278	6	1	55	0.105	
278	6	1	93	0.086	
278	6	1	110	0.107	
279	6	1	143	0.067	
279	6	1	129	0.074	
279	6	1	119	0.085	
279	6	1	112	0.069	
279	6	1	114	0.079	
280	6	1	250	0.609	
280	6	1	250	0.363	
280	6	1	94	0.111	
280	6	1	91	0.113	
280	6	1	90	0.128	
281	6	1	250	0.099	
281	6	1	250	0.071	
281	6	1	127	0.066	
281	6	1	124	0.045	
281	6	1	119	0.044	
282	6	0	216	0.000	
282	6	0	146	0.007	
282	6	1	125	0.060	
282	6	1	113	0.085	
282	6	1	118	0.066	
283	6	1	250	0.036	
283	6	1	250	0.048	
283	6	1	64	0.071	
283	6	1	131	0.097	
283	6	1	63	0.086	
284	6	1	250	0.180	
284	6	1	250	1.525	
284	6	1	78	0.102	
284	6	1	88	0.065	
284	6	1	85	0.102	
285	6	0	102	0.014	
285	6	1	170	0.047	
285	6	1	113	0.082	
285	6	1	114	0.051	
285	6	1	56	0.101	
286	6	1	250	1.833	
286	6	1	250	1.187	
286	6	1	108	0.055	
286	6	1	114	0.089	
286	6	1	94	0.093	
287	6	1	250	0.037	
287	6	1	250	0.091	
287	6	1	113	0.031	
287	6	1	115	0.039	
287	6	1	116	0.086	
288	6	1	250	0.032	
288	6	1	250	0.032	
288	6	1	108	0.025	
288	6	1	115	0.007	
288	6	1	42	0.212	
289	6	0	209	0.005	
289	6	1	250	0.010	
289	6	1	97	0.084	
289	6	1	97	0.104	
289	6	1	100	0.078	
290	6	1	250	0.133	
290	6	1	190	0.102	
290	6	1	100	0.087	
290	6	1	118	0.114	
290	6	1	98	0.117	
291	6	1	105	0.087	
291	6	1	101	0.120	
291	6	1	79	0.117	
291	6	1	78	0.114	
291	6	1	77	0.118	
292	6	1	151	0.094	
292	6	1	250	0.085	
292	6	1	107	0.103	
292	6	1	106	0.112	
292	6	1	111	0.105	
293	6	1	73	0.064	
293	6	1	140	0.064	
293	6	1	110	0.100	
293	6	1	102	0.084	
293	6	1	101	0.093	
294	6	1	138	0.095	
294	6	1	234	0.108	
294	6	1	123	0.064	
294	6	1	113	0.097	
294	6	1	109	0.057	
295	6	1	70	0.092	
295	6	1	138	0.088	
295	6	1	59	0.097	
295	6	1	114	0.086	
295	6	1	115	0.071	
296	6	1	250	0.112	
296	6	1	250	0.106	
296	6	1	44	0.131	
296	6	1	86	0.166	
296	6	1	41	0.078	
297	6	1	172	0.071	
297	6	1	250	0.064	
297	6	1	88	0.075	
297	6	1	110	0.100	
297	6	1	50	0.099	
298	6	1	250	0.027	
298	6	0	182	0.000	
298	6	1	107	0.023	
298	6	1	104	0.075	
298	6	1	60	0.067	
299	6	1	201	0.039	
299	6	1	250	0.045	
299	6	1	189	0.003	
299	6	1	96	0.059	
299	6	1	121	0.062	
0	7	1	111	0.098	
0	7	1	114	0.078	
0	7	1	58	0.101	
0	7	1	71	0.132	
0	7	1	57	0.119	
1	7	1	65	0.229	
1	7	1	64	0.187	
1	7	1	55	0.096	
1	7	1	55	0.094	
1	7	1	55	0.167	
2	7	1	40	0.050	
2	7	1	41	0.045	
2	7	1	55	0.130	
2	7	1	50	0.106	
2	7	1	50	0.080	
3	7	1	57	0.293	
3	7	1	58	0.293	
3	7	1	44	0.206	
3	7	1	44	0.198	
3	7	1	44	0.200	
4	7	1	39	0.025	
4	7	1	53	0.056	
4	7	1	58	0.110	
4	7	1	59	0.119	
4	7	1	60	0.084	
5	7	1	250	0.013	
5	7	1	158	0.134	
5	7	1	44	0.214	
5	7	1	44	0.214	
5	7	1	44	0.228	
6	7	1	74	0.112	
6	7	1	76	0.116	
6	7	1	58	0.027	
6	7	1	71	0.105	
6	7	1	64	0.112	
7	7	1	110	0.081	
7	7	0	114	0.000	
7	7	1	56	0.092	
7	7	1	56	0.084	
7	7	1	51	0.106	
8	7	1	250	1.419	
8	7	1	250	1.082	
8	7	1	48	0.164	
8	7	1	52	0.113	
8	7	1	50	0.101	
9	7	1	250	0.200	
9	7	0	118	0.000	
9	7	1	43	0.232	
9	7	1	43	0.270	
9	7	1	43	0.231	
10	7	1	250	1.105	
10	7	1	250	0.011	
10	7	1	47	0.176	
10	7	1	46	0.200	
10	7	1	46	0.163	
11	7	1	51	0.417	
11	7	1	51	0.417	
11	7	1	46	0.218	
11	7	1	46	0.225	
11	7	1	48	0.206	
12	7	1	64	0.122	
12	7	1	76	0.094	
12	7	1	48	0.084	
12	7	1	56	0.088	
12	7	1	48	0.072	
13	7	1	144	0.036	
13	7	1	250	0.042	
13	7	1	46	0.090	
13	7	1	51	0.104	
13	7	1	51	0.104	
14	7	1	55	0.366	
14	7	1	56	0.358	
14	7	1	46	0.276	
14	7	1	46	0.268	
14	7	1	46	0.236	
15	7	1	66	0.244	
15	7	1	63	0.321	
15	7	1	48	0.265	
15	7	1	48	0.285	
15	7	1	49	0.274	
16	7	1	81	0.215	
16	7	1	70	0.194	
16	7	1	62	0.075	
16	7	1	59	0.124	
16	7	1	55	0.068	
17	7	1	49	0.275	
17	7	1	50	0.275	
17	7	1	49	0.256	
17	7	1	49	0.219	
17	7	1	46	0.317	
18	7	1	52	0.339	
18	7	1	52	0.339	
18	7	1	47	0.275	
18	7	1	47	0.305	
18	7	1	47	0.305	
19	7	1	126	0.067	
19	7	1	79	0.095	
19	7	1	61	0.091	
19	7	1	57	0.100	
19	7	1	38	0.112	
20	7	1	49	0.210	
20	7	1	53	0.226	
20	7	1	47	0.256	
20	7	1	46	0.295	
20	7	1	46	0.153	
21	7	1	68	0.147	
21	7	1	64	0.205	
21	7	1	47	0.201	
21	7	1	50	0.192	
21	7	1	50	0.182	
22	7	0	76	0.013	
22	7	0	102	0.000	
22	7	1	49	0.132	
22	7	1	47	0.119	
22	7	1	46	0.156	
23	7	1	58	0.158	
23	7	1	58	0.089	
23	7	1	56	0.119	
23	7	1	53	0.153	
23	7	1	51	0.201	
24	7	1	250	0.006	
24	7	1	250	0.030	
24	7	1	54	0.104	
24	7	1	66	0.138	
24	7	1	58	0.149	
25	7	1	51	0.330	
25	7	1	51	0.330	
25	7	1	44	0.260	
25	7	1	44	0.260	
25	7	1	44	0.260	
26	7	1	51	0.240	
26	7	1	51	0.200	
26	7	1	51	0.188	
26	7	1	49	0.118	
26	7	1	50	0.217	
27	7	1	44	0.143	
27	7	1	44	0.161	
27	7	1	44	0.176	
27	7	1	45	0.121	
27	7	1	45	0.186	
28	7	1	61	0.462	
28	7	1	49	0.453	
28	7	1	46	0.294	
28	7	1	46	0.286	
28	7	1	45	0.275	
29	7	1	103	0.195	
29	7	1	134	0.180	
29	7	1	46	0.222	
29	7	1	46	0.191	
29	7	1	46	0.222	
30	7	1	70	0.135	
30	7	1	75	0.103	
30	7	1	60	0.151	
30	7	1	59	0.117	
30	7	1	60	0.146	
31	7	1	61	0.342	
31	7	1	54	0.350	
31	7	1	48	0.273	
31	7	1	49	0.270	
31	7	1	48	0.194	
32	7	1	44	0.262	
32	7	1	43	0.380	
32	7	1	42	0.161	
32	7	1	44	0.121	
32	7	1	42	0.146	
33	7	1	74	0.069	
33	7	1	79	0.144	
33	7	1	67	0.080	
33	7	1	70	0.117	
33	7	1	70	0.121	
34	7	1	250	0.294	
34	7	1	250	1.545	
34	7	1	43	0.202	
34	7	1	43	0.192	
34	7	1	43	0.205	
35	7	1	180	0.005	
35	7	0	215	0.002	
35	7	1	47	0.092	
35	7	1	46	0.125	
35	7	1	47	0.092	
36	7	1	43	0.392	
36	7	1	44	0.404	
36	7	1	43	0.164	
36	7	1	43	0.242	
36	7	1	43	0.184	
37	7	1	250	0.089	
37	7	1	250	0.046	
37	7	1	53	0.117	
37	7	1	55	0.112	
37	7	1	58	0.100	
38	7	1	83	0.092	
38	7	1	65	0.038	
38	7	1	54	0.053	
38	7	1	52	0.113	
38	7	1	25	0.190	
39	7	1	71	0.149	
39	7	1	55	0.116	
39	7	1	48	0.110	
39	7	1	48	0.111	
39	7	1	48	0.106	
40	7	1	43	0.377	
40	7	1	43	0.373	
40	7	1	44	0.354	
40	7	1	44	0.348	
40	7	1	44	0.348	
41	7	1	47	0.422	
41	7	1	48	0.380	
41	7	1	46	0.238	
41	7	1	46	0.238	
41	7	1	46	0.235	
42	7	1	47	0.595	
42	7	1	47	0.595	
42	7	1	44	0.693	
42	7	1	44	0.693	
42	7	1	44	0.693	
43	7	1	62	0.037	
43	7	1	158	0.057	
43	7	1	24	0.240	
43	7	1	35	0.067	
43	7	1	39	0.087	
44	7	1	67	0.096	
44	7	1	47	0.038	
44	7	1	55	0.084	
44	7	1	53	0.129	
44	7	1	52	0.091	
45	7	1	62	0.084	
45	7	1	66	0.091	
45	7	1	50	0.118	
45	7	1	51	0.107	
45	7	1	51	0.101	
46	7	1	65	0.098	
46	7	1	66	0.106	
46	7	1	27	0.069	
46	7	1	57	0.079	
46	7	1	54	0.064	
47	7	1	190	0.007	
47	7	1	250	0.001	
47	7	1	59	0.077	
47	7	1	50	0.062	
47	7	1	36	0.071	
48	7	1	50	0.172	
48	7	1	48	0.190	
48	7	1	47	0.114	
48	7	1	46	0.125	
48	7	1	46	0.106	
49	7	1	250	0.091	
49	7	1	148	0.050	
49	7	1	69	0.115	
49	7	1	62	0.119	
49	7	1	68	0.118	
50	7	1	49	0.288	
50	7	1	53	0.178	
50	7	1	51	0.324	
50	7	1	47	0.329	
50	7	1	48	0.355	
51	7	1	47	0.203	
51	7	1	49	0.224	
51	7	1	47	0.164	
51	7	1	46	0.180	
51	7	1	49	0.104	
52	7	1	52	0.368	
52	7	1	49	0.321	
52	7	1	49	0.220	
52	7	1	51	0.264	
52	7	1	50	0.184	
53	7	0	99	0.003	
53	7	0	106	0.002	
53	7	1	49	0.177	
53	7	1	50	0.165	
53	7	1	57	0.118	
54	7	1	47	0.201	
54	7	1	49	0.183	
54	7	1	46	0.205	
54	7	1	45	0.220	
54	7	1	46	0.210	
55	7	1	250	0.189	
55	7	1	250	0.533	
55	7	1	59	0.097	
55	7	1	49	0.125	
55	7	1	51	0.104	
56	7	1	55	0.351	
56	7	1	52	0.322	
56	7	1	45	0.222	
56	7	1	44	0.293	
56	7	1	44	0.266	
57	7	1	76	0.094	
57	7	1	82	0.127	
57	7	1	57	0.143	
57	7	1	60	0.133	
57	7	1	57	0.131	
58	7	0	99	0.009	
58	7	1	250	0.053	
58	7	1	76	0.091	
58	7	1	60	0.083	
58	7	1	58	0.094	
59	7	1	250	0.048	
59	7	0	56	0.000	
59	7	1	62	0.079	
59	7	1	56	0.072	
59	7	1	58	0.100	
60	7	0	127	0.000	
60	7	0	138	0.000	
60	7	1	52	0.086	
60	7	1	53	0.076	
60	7	1	53	0.069	
61	7	1	51	0.481	
61	7	1	52	0.479	
61	7	1	43	0.387	
61	7	1	43	0.387	
61	7	1	43	0.362	
62	7	0	190	0.000	
62	7	0	227	0.024	
62	7	1	54	0.076	
62	7	1	41	0.070	
62	7	1	74	0.070	
63	7	1	64	0.084	
63	7	1	59	0.062	
63	7	1	55	0.087	
63	7	1	53	0.155	
63	7	1	29	0.129	
64	7	1	68	0.114	
64	7	1	64	0.165	
64	7	1	58	0.110	
64	7	1	58	0.067	
64	7	1	55	0.061	
65	7	1	47	0.284	
65	7	1	48	0.321	
65	7	1	44	0.287	
65	7	1	44	0.287	
65	7	1	45	0.219	
66	7	1	63	0.102	
66	7	1	63	0.097	
66	7	1	50	0.084	
66	7	1	47	0.111	
66	7	1	48	0.108	
67	7	1	43	0.355	
67	7	1	43	0.355	
67	7	1	43	0.362	
67	7	1	43	0.344	
67	7	1	43	0.344	
68	7	1	60	0.150	
68	7	1	55	0.287	
68	7	1	53	0.146	
68	7	1	21	0.062	
68	7	1	45	0.103	
69	7	1	79	0.082	
69	7	1	106	0.133	
69	7	1	54	0.128	
69	7	1	59	0.099	
69	7	1	62	0.135	
70	7	1	56	0.264	
70	7	1	56	0.294	
70	7	1	49	0.204	
70	7	1	49	0.221	
70	7	1	50	0.115	
71	7	1	44	0.144	
71	7	1	44	0.163	
71	7	1	42	0.153	
71	7	1	42	0.168	
71	7	1	42	0.156	
72	7	1	43	0.250	
72	7	1	44	0.155	
72	7	1	43	0.209	
72	7	1	43	0.290	
72	7	1	44	0.268	
73	7	1	52	0.110	
73	7	1	56	0.128	
73	7	1	51	0.103	
73	7	1	57	0.133	
73	7	1	52	0.108	
74	7	1	57	0.167	
74	7	1	58	0.191	
74	7	1	49	0.178	
74	7	1	48	0.174	
74	7	1	48	0.159	
75	7	1	43	0.385	
75	7	1	43	0.385	
75	7	1	43	0.381	
75	7	1	43	0.381	
75	7	1	43	0.370	
76	7	1	84	0.152	
76	7	1	250	0.126	
76	7	1	24	0.165	
76	7	1	58	0.122	
76	7	1	56	0.125	
77	7	1	57	0.481	
77	7	1	56	0.489	
77	7	1	47	0.309	
77	7	1	45	0.280	
77	7	1	46	0.304	
78	7	1	250	0.208	
78	7	1	250	0.408	
78	7	1	31	0.112	
78	7	1	61	0.126	
78	7	1	60	0.133	
79	7	1	51	0.126	
79	7	1	47	0.240	
79	7	1	46	0.171	
79	7	1	46	0.199	
79	7	1	45	0.205	
80	7	0	138	0.000	
80	7	1	250	0.921	
80	7	1	57	0.120	
80	7	1	61	0.102	
80	7	1	61	0.163	
81	7	1	70	0.147	
81	7	1	201	0.060	
81	7	1	45	0.120	
81	7	1	45	0.120	
81	7	1	45	0.100	
82	7	1	177	0.065	
82	7	0	46	0.005	
82	7	1	37	0.123	
82	7	1	62	0.104	
82	7	1	71	0.079	
83	7	1	59	0.247	
83	7	1	54	0.264	
83	7	1	48	0.161	
83	7	1	48	0.156	
83	7	1	48	0.161	
84	7	1	53	0.175	
84	7	1	56	0.151	
84	7	1	46	0.106	
84	7	1	46	0.106	
84	7	1	46	0.102	
85	7	0	25	0.000	
85	7	1	58	0.087	
85	7	1	54	0.143	
85	7	1	29	0.218	
85	7	1	53	0.196	
86	7	1	67	0.118	
86	7	1	55	0.107	
86	7	1	57	0.057	
86	7	1	49	0.141	
86	7	1	61	0.109	
87	7	1	50	0.379	
87	7	1	47	0.256	
87	7	1	49	0.542	
87	7	1	50	0.483	
87	7	1	49	0.542	
88	7	1	44	0.225	
88	7	1	46	0.295	
88	7	1	48	0.106	
88	7	1	48	0.189	
88	7	1	49	0.110	
89	7	1	50	0.091	
89	7	1	86	0.101	
89	7	1	55	0.138	
89	7	1	50	0.071	
89	7	1	58	0.129	
90	7	1	54	0.310	
90	7	1	244	0.050	
90	7	1	49	0.271	
90	7	1	46	0.213	
90	7	1	46	0.191	
91	7	1	222	0.116	
91	7	1	250	0.132	
91	7	1	45	0.198	
91	7	1	46	0.172	
91	7	1	46	0.169	
92	7	1	250	0.046	
92	7	1	172	0.065	
92	7	1	48	0.131	
92	7	1	48	0.116	
92	7	1	48	0.156	
93	7	1	47	0.809	
93	7	1	47	0.809	
93	7	1	43	0.841	
93	7	1	43	0.841	
93	7	1	43	0.841	
94	7	1	47	0.367	
94	7	1	46	0.361	
94	7	1	44	0.364	
94	7	1	44	0.359	
94	7	1	44	0.364	
95	7	1	61	0.102	
95	7	1	65	0.054	
95	7	1	45	0.097	
95	7	1	49	0.109	
95	7	1	45	0.106	
96	7	1	60	0.202	
96	7	1	59	0.197	
96	7	1	51	0.142	
96	7	1	53	0.132	
96	7	1	54	0.142	
97	7	0	81	0.018	
97	7	1	34	0.005	
97	7	1	55	0.137	
97	7	1	56	0.132	
97	7	1	54	0.129	
98	7	1	97	0.139	
98	7	1	84	0.155	
98	7	1	52	0.127	
98	7	1	53	0.097	
98	7	1	51	0.115	
99	7	1	77	0.039	
99	7	1	75	0.081	
99	7	1	59	0.115	
99	7	1	58	0.142	
99	7	1	60	0.121	
100	7	1	60	0.140	
100	7	1	58	0.202	
100	7	1	45	0.154	
100	7	1	22	0.322	
100	7	1	44	0.153	
101	7	1	54	0.424	
101	7	1	56	0.316	
101	7	1	48	0.292	
101	7	1	50	0.287	
101	7	1	53	0.232	
102	7	1	59	0.133	
102	7	1	56	0.150	
102	7	1	47	0.123	
102	7	1	49	0.065	
102	7	1	48	0.118	
103	7	1	78	0.058	
103	7	1	76	0.039	
103	7	1	57	0.100	
103	7	1	61	0.091	
103	7	1	58	0.116	
104	7	1	250	0.045	
104	7	1	98	0.091	
104	7	1	53	0.083	
104	7	1	67	0.088	
104	7	1	51	0.112	
105	7	0	97	0.000	
105	7	1	250	0.195	
105	7	1	29	0.103	
105	7	1	29	0.103	
105	7	1	29	0.103	
106	7	1	51	0.132	
106	7	1	52	0.171	
106	7	1	48	0.119	
106	7	1	48	0.119	
106	7	1	48	0.119	
107	7	1	91	0.148	
107	7	1	68	0.195	
107	7	1	61	0.118	
107	7	1	56	0.178	
107	7	1	58	0.162	
108	7	1	75	0.257	
108	7	1	64	0.292	
108	7	1	48	0.311	
108	7	1	49	0.393	
108	7	1	50	0.287	
109	7	1	50	0.161	
109	7	1	50	0.164	
109	7	1	47	0.111	
109	7	1	47	0.177	
109	7	1	45	0.121	
110	7	1	60	0.127	
110	7	1	60	0.112	
110	7	1	50	0.162	
110	7	1	52	0.145	
110	7	1	53	0.131	
111	7	1	228	0.097	
111	7	1	250	0.067	
111	7	1	85	0.110	
111	7	1	74	0.088	
111	7	1	73	0.117	
112	7	1	42	0.082	
112	7	1	40	0.077	
112	7	0	44	0.018	
112	7	1	40	0.078	
112	7	1	65	0.067	
113	7	1	250	0.025	
113	7	1	250	0.381	
113	7	1	63	0.073	
113	7	1	38	0.130	
113	7	1	40	0.091	
114	7	0	104	0.000	
114	7	1	89	0.096	
114	7	1	60	0.086	
114	7	1	64	0.099	
114	7	1	36	0.123	
115	7	0	117	0.000	
115	7	1	250	0.026	
115	7	1	56	0.078	
115	7	1	54	0.087	
115	7	1	66	0.057	
116	7	1	54	0.209	
116	7	1	56	0.194	
116	7	1	53	0.180	
116	7	1	56	0.139	
116	7	1	56	0.138	
117	7	1	34	0.113	
117	7	1	90	0.087	
117	7	1	73	0.109	
117	7	1	72	0.133	
117	7	1	36	0.139	
118	7	1	34	0.115	
118	7	1	77	0.105	
118	7	1	72	0.140	
118	7	1	69	0.104	
118	7	1	69	0.098	
119	7	1	60	0.143	
119	7	1	73	0.096	
119	7	1	34	0.127	
119	7	1	69	0.076	
119	7	1	35	0.112	
120	7	1	136	0.067	
120	7	1	85	0.077	
120	7	1	58	0.096	
120	7	1	57	0.071	
120	7	1	62	0.100	
121	7	0	230	0.005	
121	7	1	238	0.061	
121	7	1	33	0.091	
121	7	1	56	0.106	
121	7	1	54	0.095	
122	7	1	59	0.152	
122	7	1	59	0.175	
122	7	1	60	0.124	
122	7	1	57	0.110	
122	7	1	55	0.138	
123	7	1	77	0.127	
123	7	1	69	0.129	
123	7	1	67	0.051	
123	7	1	64	0.069	
123	7	1	66	0.085	
124	7	1	86	0.092	
124	7	1	86	0.105	
124	7	1	72	0.098	
124	7	1	66	0.076	
124	7	1	65	0.104	
125	7	1	250	0.027	
125	7	1	250	0.024	
125	7	1	55	0.089	
125	7	1	54	0.118	
125	7	1	64	0.043	
126	7	1	62	0.093	
126	7	1	70	0.096	
126	7	1	54	0.122	
126	7	1	60	0.114	
126	7	1	57	0.097	
127	7	1	63	0.123	
127	7	1	57	0.146	
127	7	1	110	0.042	
127	7	1	34	0.066	
127	7	1	30	0.201	
128	7	1	44	0.295	
128	7	1	44	0.286	
128	7	1	44	0.224	
128	7	1	45	0.145	
128	7	1	45	0.154	
129	7	0	124	0.000	
129	7	1	81	0.149	
129	7	1	29	0.137	
129	7	1	30	0.123	
129	7	1	27	0.116	
130	7	1	66	0.212	
130	7	1	67	0.173	
130	7	1	60	0.135	
130	7	1	54	0.137	
130	7	1	53	0.197	
131	7	0	70	0.000	
131	7	1	250	0.066	
131	7	1	56	0.076	
131	7	1	53	0.078	
131	7	1	59	0.082	
132	7	1	107	0.071	
132	7	1	67	0.141	
132	7	0	25	0.000	
132	7	1	60	0.143	
132	7	1	53	0.123	
133	7	1	68	0.146	
133	7	1	73	0.063	
133	7	1	54	0.141	
133	7	1	53	0.093	
133	7	1	59	0.109	
134	7	0	199	0.001	
134	7	1	250	0.465	
134	7	1	51	0.114	
134	7	1	56	0.121	
134	7	1	49	0.125	
135	7	1	48	0.170	
135	7	1	49	0.177	
135	7	1	47	0.182	
135	7	1	46	0.192	
135	7	1	46	0.192	
136	7	1	135	0.067	
136	7	1	75	0.113	
136	7	1	66	0.049	
136	7	1	66	0.099	
136	7	1	51	0.123	
137	7	1	137	0.049	
137	7	1	108	0.056	
137	7	1	70	0.044	
137	7	1	65	0.078	
137	7	1	64	0.052	
138	7	0	106	0.000	
138	7	0	85	0.000	
138	7	1	70	0.094	
138	7	1	70	0.078	
138	7	1	69	0.087	
139	7	1	52	0.126	
139	7	1	54	0.129	
139	7	1	47	0.112	
139	7	1	45	0.122	
139	7	1	45	0.114	
140	7	1	250	0.022	
140	7	1	250	0.003	
140	7	1	59	0.059	
140	7	1	57	0.125	
140	7	1	62	0.100	
141	7	1	160	0.017	
141	7	1	98	0.089	
141	7	1	49	0.104	
141	7	1	57	0.097	
141	7	1	46	0.070	
142	7	0	83	0.000	
142	7	1	88	0.084	
142	7	1	49	0.102	
142	7	1	48	0.096	
142	7	1	46	0.073	
143	7	1	76	0.144	
143	7	1	70	0.153	
143	7	1	69	0.064	
143	7	1	54	0.141	
143	7	1	52	0.173	
144	7	0	231	0.000	
144	7	0	96	0.000	
144	7	1	53	0.089	
144	7	1	54	0.099	
144	7	1	54	0.088	
145	7	1	55	0.221	
145	7	1	55	0.188	
145	7	1	55	0.221	
145	7	1	56	0.193	
145	7	1	53	0.115	
146	7	1	48	0.291	
146	7	1	48	0.193	
146	7	1	51	0.137	
146	7	1	49	0.150	
146	7	1	50	0.156	
147	7	1	53	0.130	
147	7	1	54	0.127	
147	7	1	45	0.134	
147	7	1	44	0.124	
147	7	1	45	0.122	
148	7	0	85	0.003	
148	7	1	126	0.021	
148	7	1	34	0.098	
148	7	1	61	0.095	
148	7	1	38	0.101	
149	7	1	61	0.104	
149	7	1	49	0.151	
149	7	1	44	0.096	
149	7	1	45	0.112	
149	7	1	43	0.099	
150	7	0	59	0.000	
150	7	0	91	0.000	
150	7	1	28	0.173	
150	7	1	63	0.114	
150	7	1	58	0.090	
151	7	0	199	0.000	
151	7	1	250	0.008	
151	7	1	48	0.102	
151	7	1	49	0.086	
151	7	1	53	0.082	
152	7	1	56	0.133	
152	7	1	52	0.157	
152	7	1	46	0.127	
152	7	1	46	0.195	
152	7	1	46	0.153	
153	7	0	133	0.009	
153	7	1	142	0.088	
153	7	1	57	0.102	
153	7	1	57	0.070	
153	7	1	55	0.116	
154	7	1	66	0.118	
154	7	1	66	0.153	
154	7	1	50	0.114	
154	7	1	54	0.104	
154	7	1	57	0.134	
155	7	0	179	0.000	
155	7	0	111	0.000	
155	7	1	46	0.107	
155	7	1	48	0.111	
155	7	1	48	0.083	
156	7	1	44	0.365	
156	7	1	45	0.365	
156	7	1	45	0.313	
156	7	1	47	0.292	
156	7	1	47	0.292	
157	7	1	180	0.071	
157	7	1	89	0.067	
157	7	1	61	0.090	
157	7	1	66	0.101	
157	7	1	46	0.096	
158	7	1	69	0.093	
158	7	1	250	0.052	
158	7	1	68	0.076	
158	7	1	59	0.088	
158	7	1	87	0.063	
159	7	1	44	0.267	
159	7	1	44	0.236	
159	7	1	47	0.294	
159	7	1	48	0.259	
159	7	1	47	0.296	
160	7	1	250	0.048	
160	7	1	250	0.028	
160	7	1	49	0.082	
160	7	1	51	0.085	
160	7	1	52	0.081	
161	7	1	50	0.322	
161	7	1	53	0.290	
161	7	1	48	0.266	
161	7	1	47	0.214	
161	7	1	48	0.197	
162	7	1	250	0.037	
162	7	0	72	0.000	
162	7	1	63	0.114	
162	7	1	64	0.121	
162	7	1	61	0.112	
163	7	1	186	0.040	
163	7	0	69	0.000	
163	7	1	56	0.093	
163	7	1	61	0.093	
163	7	1	71	0.076	
164	7	1	72	0.153	
164	7	1	115	0.101	
164	7	1	54	0.112	
164	7	1	54	0.109	
164	7	1	52	0.125	
165	7	1	83	0.083	
165	7	1	76	0.071	
165	7	1	54	0.099	
165	7	1	55	0.105	
165	7	1	53	0.114	
166	7	0	132	0.000	
166	7	1	250	0.038	
166	7	1	48	0.116	
166	7	1	48	0.116	
166	7	1	48	0.116	
167	7	1	63	0.095	
167	7	1	67	0.084	
167	7	1	53	0.087	
167	7	1	59	0.118	
167	7	1	52	0.112	
168	7	1	79	0.085	
168	7	1	61	0.139	
168	7	1	57	0.174	
168	7	1	54	0.130	
168	7	1	61	0.090	
169	7	1	130	0.053	
169	7	1	132	0.076	
169	7	1	49	0.111	
169	7	1	29	0.100	
169	7	1	55	0.098	
170	7	0	40	0.000	
170	7	0	201	0.000	
170	7	1	51	0.071	
170	7	1	35	0.173	
170	7	1	49	0.139	
171	7	0	100	0.000	
171	7	0	79	0.000	
171	7	1	64	0.091	
171	7	1	67	0.100	
171	7	1	66	0.090	
172	7	0	108	0.000	
172	7	0	100	0.000	
172	7	1	54	0.080	
172	7	1	52	0.071	
172	7	1	53	0.077	
173	7	1	122	0.056	
173	7	1	152	0.057	
173	7	1	59	0.099	
173	7	1	59	0.094	
173	7	1	60	0.083	
174	7	1	250	0.009	
174	7	0	235	0.006	
174	7	1	50	0.139	
174	7	1	47	0.118	
174	7	1	51	0.156	
175	7	1	69	0.005	
175	7	1	40	0.093	
175	7	1	70	0.085	
175	7	1	65	0.109	
175	7	1	64	0.083	
176	7	1	250	0.047	
176	7	0	119	0.003	
176	7	1	67	0.101	
176	7	1	67	0.101	
176	7	1	62	0.097	
177	7	1	80	0.121	
177	7	1	82	0.164	
177	7	1	46	0.089	
177	7	1	69	0.110	
177	7	1	44	0.045	
178	7	1	55	0.133	
178	7	1	54	0.156	
178	7	1	66	0.047	
178	7	1	51	0.134	
178	7	1	51	0.127	
179	7	0	46	0.000	
179	7	1	250	0.022	
179	7	1	36	0.083	
179	7	1	56	0.101	
179	7	1	50	0.109	
180	7	0	196	0.000	
180	7	0	104	0.000	
180	7	1	62	0.102	
180	7	1	30	0.105	
180	7	1	32	0.068	
181	7	0	95	0.000	
181	7	0	204	0.006	
181	7	1	60	0.093	
181	7	1	53	0.103	
181	7	1	60	0.104	
182	7	1	81	0.078	
182	7	1	85	0.071	
182	7	1	65	0.079	
182	7	1	89	0.074	
182	7	1	57	0.094	
183	7	1	65	0.144	
183	7	1	65	0.131	
183	7	1	54	0.138	
183	7	1	56	0.140	
183	7	1	64	0.132	
184	7	1	107	0.086	
184	7	1	85	0.120	
184	7	1	57	0.137	
184	7	1	61	0.113	
184	7	1	60	0.147	
185	7	1	250	0.054	
185	7	0	194	0.013	
185	7	1	52	0.070	
185	7	1	48	0.081	
185	7	1	52	0.094	
186	7	1	125	0.037	
186	7	1	196	0.041	
186	7	1	73	0.110	
186	7	1	66	0.101	
186	7	1	76	0.105	
187	7	1	44	0.101	
187	7	1	142	0.090	
187	7	1	66	0.110	
187	7	1	36	0.165	
187	7	1	63	0.105	
188	7	1	229	0.068	
188	7	1	250	0.021	
188	7	1	60	0.089	
188	7	1	58	0.089	
188	7	1	57	0.089	
189	7	1	59	0.085	
189	7	1	56	0.076	
189	7	1	51	0.103	
189	7	1	53	0.076	
189	7	1	50	0.093	
190	7	1	68	0.123	
190	7	1	67	0.093	
190	7	1	56	0.117	
190	7	1	62	0.094	
190	7	1	59	0.103	
191	7	1	49	0.097	
191	7	0	104	0.021	
191	7	1	69	0.083	
191	7	1	40	0.050	
191	7	0	25	0.000	
192	7	1	69	0.032	
192	7	1	86	0.080	
192	7	0	23	0.000	
192	7	0	23	0.000	
192	7	1	56	0.062	
193	7	1	68	0.096	
193	7	1	75	0.100	
193	7	1	68	0.077	
193	7	1	80	0.109	
193	7	1	61	0.079	
194	7	1	61	0.096	
194	7	1	56	0.129	
194	7	1	22	0.156	
194	7	1	62	0.100	
194	7	1	62	0.091	
195	7	1	250	0.139	
195	7	1	250	0.025	
195	7	1	45	0.056	
195	7	1	46	0.055	
195	7	1	48	0.104	
196	7	0	104	0.000	
196	7	0	78	0.000	
196	7	1	49	0.108	
196	7	1	49	0.108	
196	7	1	52	0.092	
197	7	1	64	0.139	
197	7	1	70	0.120	
197	7	1	59	0.119	
197	7	1	59	0.114	
197	7	1	58	0.074	
198	7	0	217	0.020	
198	7	0	104	0.000	
198	7	1	50	0.087	
198	7	1	67	0.080	
198	7	1	54	0.091	
199	7	1	67	0.087	
199	7	1	89	0.077	
199	7	1	58	0.072	
199	7	1	27	0.031	
199	7	1	57	0.072	
200	7	1	250	0.005	
200	7	0	91	0.000	
200	7	1	51	0.096	
200	7	1	48	0.078	
200	7	1	50	0.129	
201	7	1	250	0.150	
201	7	0	219	0.000	
201	7	1	53	0.105	
201	7	1	60	0.093	
201	7	1	53	0.103	
202	7	1	54	0.153	
202	7	1	52	0.196	
202	7	1	49	0.130	
202	7	1	49	0.143	
202	7	1	49	0.077	
203	7	1	53	0.088	
203	7	0	42	0.000	
203	7	1	58	0.078	
203	7	1	57	0.082	
203	7	1	60	0.127	
204	7	0	79	0.000	
204	7	1	250	0.034	
204	7	1	52	0.139	
204	7	1	67	0.045	
204	7	1	60	0.097	
205	7	0	58	0.000	
205	7	1	250	0.052	
205	7	0	25	0.000	
205	7	1	29	0.084	
205	7	1	74	0.057	
206	7	1	250	0.029	
206	7	0	78	0.000	
206	7	1	48	0.115	
206	7	1	49	0.111	
206	7	1	48	0.102	
207	7	1	72	0.021	
207	7	1	65	0.080	
207	7	1	63	0.072	
207	7	1	65	0.115	
207	7	1	65	0.102	
208	7	0	235	0.000	
208	7	1	191	0.007	
208	7	1	57	0.082	
208	7	1	57	0.077	
208	7	1	59	0.103	
209	7	1	63	0.102	
209	7	1	250	0.043	
209	7	1	52	0.165	
209	7	1	54	0.120	
209	7	1	51	0.129	
210	7	1	192	0.058	
210	7	1	250	0.043	
210	7	1	55	0.043	
210	7	1	53	0.061	
210	7	1	55	0.065	
211	7	0	33	0.001	
211	7	1	250	0.054	
211	7	1	57	0.110	
211	7	1	63	0.090	
211	7	1	56	0.063	
212	7	0	42	0.000	
212	7	1	250	0.000	
212	7	1	47	0.075	
212	7	1	45	0.108	
212	7	1	45	0.146	
213	7	0	87	0.015	
213	7	1	250	0.050	
213	7	1	55	0.100	
213	7	1	60	0.056	
213	7	1	55	0.041	
214	7	1	242	0.055	
214	7	1	250	0.097	
214	7	1	73	0.091	
214	7	1	66	0.067	
214	7	1	64	0.080	
215	7	1	63	0.128	
215	7	1	61	0.098	
215	7	1	57	0.099	
215	7	1	56	0.139	
215	7	1	53	0.105	
216	7	1	134	0.099	
216	7	1	50	0.093	
216	7	1	53	0.082	
216	7	1	30	0.180	
216	7	0	39	0.000	
217	7	1	97	0.073	
217	7	1	96	0.093	
217	7	1	61	0.119	
217	7	1	65	0.104	
217	7	1	64	0.076	
218	7	1	56	0.139	
218	7	1	52	0.079	
218	7	1	42	0.048	
218	7	1	38	0.058	
218	7	1	38	0.107	
219	7	1	96	0.063	
219	7	1	111	0.079	
219	7	1	67	0.110	
219	7	1	63	0.087	
219	7	1	66	0.081	
220	7	1	250	0.048	
220	7	1	250	0.032	
220	7	1	54	0.145	
220	7	1	54	0.081	
220	7	1	46	0.109	
221	7	1	55	0.044	
221	7	1	53	0.018	
221	7	1	53	0.055	
221	7	1	41	0.057	
221	7	1	53	0.065	
222	7	0	217	0.000	
222	7	0	216	0.000	
222	7	1	58	0.136	
222	7	1	54	0.106	
222	7	1	29	0.134	
223	7	1	250	0.059	
223	7	1	147	0.056	
223	7	1	49	0.127	
223	7	1	48	0.093	
223	7	1	58	0.073	
224	7	1	189	0.091	
224	7	1	250	0.042	
224	7	1	52	0.067	
224	7	1	62	0.082	
224	7	1	53	0.101	
225	7	1	250	1.197	
225	7	0	243	0.004	
225	7	1	55	0.102	
225	7	1	56	0.097	
225	7	1	60	0.094	
226	7	0	140	0.000	
226	7	1	184	0.067	
226	7	1	48	0.122	
226	7	1	45	0.138	
226	7	1	45	0.135	
227	7	1	250	0.284	
227	7	1	250	1.157	
227	7	1	55	0.093	
227	7	1	55	0.063	
227	7	1	57	0.123	
228	7	1	250	0.342	
228	7	1	250	0.219	
228	7	1	29	0.197	
228	7	1	69	0.109	
228	7	1	60	0.081	
229	7	0	34	0.000	
229	7	0	64	0.000	
229	7	1	61	0.054	
229	7	1	82	0.056	
229	7	1	65	0.058	
230	7	1	250	0.059	
230	7	1	250	0.053	
230	7	1	52	0.103	
230	7	1	29	0.066	
230	7	1	61	0.080	
231	7	1	65	0.139	
231	7	1	58	0.151	
231	7	1	58	0.120	
231	7	1	32	0.147	
231	7	1	62	0.121	
232	7	0	148	0.000	
232	7	0	57	0.000	
232	7	1	53	0.127	
232	7	1	58	0.116	
232	7	1	57	0.062	
233	7	1	48	0.214	
233	7	1	46	0.314	
233	7	1	47	0.245	
233	7	1	48	0.222	
233	7	1	47	0.360	
234	7	1	63	0.113	
234	7	1	63	0.098	
234	7	1	63	0.076	
234	7	1	59	0.122	
234	7	1	54	0.105	
235	7	0	140	0.000	
235	7	1	250	0.035	
235	7	1	58	0.121	
235	7	1	56	0.106	
235	7	1	63	0.099	
236	7	1	71	0.082	
236	7	1	59	0.183	
236	7	1	56	0.154	
236	7	1	50	0.121	
236	7	1	50	0.136	
237	7	1	83	0.095	
237	7	1	37	0.015	
237	7	1	44	0.089	
237	7	1	27	0.056	
237	7	1	26	0.075	
238	7	1	76	0.060	
238	7	1	46	0.105	
238	7	1	40	0.129	
238	7	1	62	0.111	
238	7	1	42	0.095	
239	7	1	100	0.088	
239	7	1	151	0.110	
239	7	1	59	0.173	
239	7	1	58	0.150	
239	7	1	58	0.097	
240	7	1	54	0.165	
240	7	1	54	0.131	
240	7	1	51	0.166	
240	7	1	60	0.195	
240	7	1	52	0.187	
241	7	1	250	0.629	
241	7	1	250	0.344	
241	7	1	58	0.117	
241	7	0	39	0.004	
241	7	1	61	0.106	
242	7	1	165	0.018	
242	7	1	95	0.083	
242	7	1	61	0.089	
242	7	1	55	0.111	
242	7	1	57	0.070	
243	7	1	40	0.082	
243	7	1	33	0.074	
243	7	1	34	0.074	
243	7	1	47	0.091	
243	7	1	33	0.027	
244	7	1	250	0.087	
244	7	1	250	0.898	
244	7	1	60	0.091	
244	7	1	54	0.081	
244	7	1	30	0.078	
245	7	1	250	0.033	
245	7	1	250	0.055	
245	7	1	65	0.085	
245	7	1	82	0.061	
245	7	1	81	0.069	
246	7	1	250	1.391	
246	7	1	250	0.204	
246	7	1	33	0.068	
246	7	1	63	0.100	
246	7	1	74	0.084	
247	7	1	250	0.016	
247	7	1	223	0.034	
247	7	1	47	0.194	
247	7	1	45	0.148	
247	7	1	47	0.222	
248	7	1	250	0.574	
248	7	1	250	0.075	
248	7	1	34	0.093	
248	7	1	62	0.092	
248	7	1	61	0.113	
249	7	1	250	1.167	
249	7	1	250	0.698	
249	7	1	58	0.143	
249	7	1	60	0.105	
249	7	1	52	0.091	
250	7	1	250	0.040	
250	7	0	130	0.000	
250	7	1	37	0.043	
250	7	1	60	0.057	
250	7	0	30	0.000	
251	7	1	51	0.048	
251	7	1	52	0.076	
251	7	1	48	0.082	
251	7	1	49	0.078	
251	7	1	48	0.082	
252	7	1	46	0.106	
252	7	1	53	0.081	
252	7	1	46	0.105	
252	7	1	47	0.118	
252	7	1	46	0.081	
253	7	1	49	0.098	
253	7	1	71	0.111	
253	7	1	22	0.276	
253	7	1	68	0.085	
253	7	1	34	0.103	
254	7	1	236	0.047	
254	7	1	132	0.066	
254	7	1	63	0.122	
254	7	1	63	0.057	
254	7	1	57	0.056	
255	7	0	57	0.000	
255	7	1	93	0.026	
255	7	1	69	0.052	
255	7	1	30	0.148	
255	7	1	75	0.069	
256	7	1	92	0.078	
256	7	1	84	0.077	
256	7	1	62	0.097	
256	7	1	55	0.068	
256	7	1	66	0.091	
257	7	1	60	0.138	
257	7	1	63	0.233	
257	7	1	57	0.142	
257	7	1	56	0.151	
257	7	1	51	0.186	
258	7	1	76	0.084	
258	7	1	79	0.085	
258	7	1	69	0.087	
258	7	1	27	0.126	
258	7	1	27	0.119	
259	7	1	136	0.058	
259	7	1	71	0.156	
259	7	1	49	0.111	
259	7	1	49	0.111	
259	7	1	49	0.126	
260	7	1	250	0.061	
260	7	1	250	0.043	
260	7	1	75	0.097	
260	7	1	85	0.105	
260	7	1	82	0.053	
261	7	1	70	0.061	
261	7	1	67	0.084	
261	7	1	53	0.102	
261	7	1	53	0.141	
261	7	1	51	0.085	
262	7	0	34	0.025	
262	7	1	250	0.056	
262	7	1	66	0.098	
262	7	1	62	0.110	
262	7	1	28	0.164	
263	7	1	250	0.001	
263	7	1	250	0.081	
263	7	1	50	0.078	
263	7	1	49	0.078	
263	7	1	49	0.102	
264	7	0	50	0.010	
264	7	1	95	0.115	
264	7	1	51	0.111	
264	7	1	51	0.086	
264	7	1	73	0.070	
265	7	1	195	0.036	
265	7	1	74	0.062	
265	7	1	70	0.073	
265	7	1	71	0.098	
265	7	1	36	0.116	
266	7	0	174	0.000	
266	7	1	250	0.002	
266	7	1	73	0.096	
266	7	1	56	0.078	
266	7	1	54	0.087	
267	7	1	250	0.681	
267	7	1	250	1.352	
267	7	1	56	0.101	
267	7	1	56	0.091	
267	7	1	64	0.110	
268	7	0	35	0.000	
268	7	1	130	0.081	
268	7	1	62	0.101	
268	7	1	74	0.086	
268	7	1	64	0.089	
269	7	0	91	0.000	
269	7	0	250	0.000	
269	7	1	54	0.115	
269	7	1	56	0.097	
269	7	1	53	0.100	
270	7	1	49	0.203	
270	7	1	49	0.177	
270	7	1	47	0.129	
270	7	1	47	0.140	
270	7	1	47	0.140	
271	7	1	40	0.078	
271	7	1	83	0.072	
271	7	1	64	0.088	
271	7	1	77	0.052	
271	7	1	64	0.065	
272	7	0	151	0.000	
272	7	0	74	0.000	
272	7	1	59	0.083	
272	7	1	59	0.073	
272	7	1	60	0.064	
273	7	1	186	0.103	
273	7	1	53	0.101	
273	7	1	69	0.096	
273	7	1	71	0.071	
273	7	1	68	0.069	
274	7	1	69	0.154	
274	7	1	70	0.214	
274	7	1	46	0.193	
274	7	1	46	0.192	
274	7	1	46	0.192	
275	7	1	88	0.093	
275	7	1	84	0.074	
275	7	1	61	0.078	
275	7	1	89	0.056	
275	7	1	74	0.094	
276	7	0	84	0.000	
276	7	1	121	0.084	
276	7	0	37	0.000	
276	7	1	44	0.105	
276	7	1	77	0.107	
277	7	0	127	0.000	
277	7	0	97	0.000	
277	7	1	60	0.124	
277	7	1	59	0.131	
277	7	1	59	0.119	
278	7	1	84	0.081	
278	7	1	78	0.122	
278	7	1	51	0.068	
278	7	1	56	0.099	
278	7	1	62	0.114	
279	7	1	250	0.088	
279	7	0	203	0.000	
279	7	1	30	0.096	
279	7	0	53	0.030	
279	7	1	96	0.079	
280	7	0	135	0.000	
280	7	0	117	0.000	
280	7	1	52	0.107	
280	7	1	60	0.097	
280	7	1	58	0.105	
281	7	1	71	0.091	
281	7	1	54	0.053	
281	7	1	49	0.066	
281	7	1	32	0.077	
281	7	1	29	0.127	
282	7	1	91	0.075	
282	7	1	91	0.058	
282	7	1	65	0.092	
282	7	1	72	0.100	
282	7	1	72	0.104	
283	7	0	42	0.000	
283	7	0	51	0.000	
283	7	1	111	0.065	
283	7	1	80	0.063	
283	7	1	47	0.065	
284	7	1	65	0.125	
284	7	1	64	0.086	
284	7	1	54	0.137	
284	7	1	54	0.124	
284	7	1	50	0.122	
285	7	1	95	0.045	
285	7	0	40	0.000	
285	7	1	63	0.022	
285	7	1	35	0.074	
285	7	1	67	0.046	
286	7	1	230	0.041	
286	7	0	100	0.001	
286	7	0	42	0.013	
286	7	1	79	0.076	
286	7	1	39	0.104	
287	7	1	97	0.059	
287	7	1	55	0.073	
287	7	1	42	0.077	
287	7	1	40	0.080	
287	7	1	70	0.054	
288	7	0	41	0.000	
288	7	0	30	0.000	
288	7	1	73	0.012	
288	7	1	69	0.059	
288	7	1	60	0.050	
289	7	1	82	0.132	
289	7	1	86	0.107	
289	7	1	59	0.118	
289	7	1	58	0.111	
289	7	1	54	0.127	
290	7	1	250	1.447	
290	7	1	250	1.167	
290	7	1	67	0.083	
290	7	1	78	0.076	
290	7	1	76	0.087	
291	7	1	51	0.243	
291	7	1	51	0.244	
291	7	1	46	0.162	
291	7	1	48	0.256	
291	7	1	46	0.155	
292	7	1	74	0.079	
292	7	1	94	0.104	
292	7	1	74	0.081	
292	7	1	74	0.057	
292	7	1	62	0.072	
293	7	1	95	0.098	
293	7	1	59	0.099	
293	7	1	61	0.125	
293	7	1	61	0.078	
293	7	1	65	0.102	
294	7	1	67	0.074	
294	7	1	76	0.115	
294	7	1	63	0.087	
294	7	1	74	0.037	
294	7	1	68	0.096	
295	7	1	80	0.088	
295	7	1	45	0.095	
295	7	1	68	0.072	
295	7	1	72	0.091	
295	7	1	62	0.105	
296	7	1	97	0.104	
296	7	1	92	0.138	
296	7	1	25	0.076	
296	7	1	25	0.076	
296	7	1	25	0.076	
297	7	0	42	0.000	
297	7	0	226	0.000	
297	7	0	51	0.000	
297	7	1	61	0.074	
297	7	1	34	0.097	
298	7	1	64	0.100	
298	7	1	66	0.122	
298	7	1	72	0.099	
298	7	1	55	0.057	
298	7	1	68	0.092	
299	7	1	122	0.068	
299	7	0	43	0.000	
299	7	1	55	0.067	
299	7	1	63	0.050	
299	7	1	73	0.061	
0	8	1	145	0.139	
0	8	1	140	0.122	
0	8	1	78	0.123	
0	8	1	86	0.140	
0	8	1	92	0.118	
1	8	1	68	0.260	
1	8	1	82	0.162	
1	8	1	84	0.138	
1	8	1	65	0.159	
1	8	1	63	0.142	
2	8	1	84	0.118	
2	8	1	85	0.126	
2	8	1	70	0.126	
2	8	1	73	0.115	
2	8	1	68	0.114	
3	8	1	60	0.133	
3	8	1	61	0.132	
3	8	1	61	0.160	
3	8	1	64	0.182	
3	8	1	64	0.161	
4	8	1	125	0.106	
4	8	1	163	0.077	
4	8	1	83	0.127	
4	8	1	44	0.124	
4	8	1	85	0.124	
5	8	1	250	1.642	
5	8	1	250	1.642	
5	8	1	59	0.177	
5	8	1	59	0.184	
5	8	1	59	0.183	
6	8	1	81	0.146	
6	8	1	84	0.125	
6	8	1	126	0.108	
6	8	1	78	0.095	
6	8	1	80	0.105	
7	8	1	250	1.651	
7	8	1	250	1.650	
7	8	1	68	0.113	
7	8	1	66	0.116	
7	8	1	68	0.106	
8	8	1	250	0.087	
8	8	1	250	0.106	
8	8	1	65	0.120	
8	8	1	64	0.157	
8	8	1	65	0.139	
9	8	1	66	0.237	
9	8	1	68	0.311	
9	8	1	64	0.237	
9	8	1	64	0.202	
9	8	1	64	0.218	
10	8	1	250	0.131	
10	8	1	250	0.105	
10	8	1	60	0.100	
10	8	1	61	0.143	
10	8	1	60	0.125	
11	8	1	250	0.719	
11	8	1	250	1.043	
11	8	1	61	0.216	
11	8	1	61	0.230	
11	8	1	61	0.212	
12	8	1	143	0.140	
12	8	1	139	0.124	
12	8	1	68	0.136	
12	8	1	68	0.128	
12	8	1	67	0.136	
13	8	1	87	0.076	
13	8	1	250	0.081	
13	8	1	63	0.101	
13	8	1	66	0.057	
13	8	1	63	0.101	
14	8	1	66	0.295	
14	8	1	78	0.316	
14	8	1	61	0.269	
14	8	1	61	0.265	
14	8	1	61	0.269	
15	8	1	67	0.275	
15	8	1	65	0.280	
15	8	1	64	0.243	
15	8	1	64	0.260	
15	8	1	64	0.249	
16	8	1	104	0.139	
16	8	1	101	0.163	
16	8	1	67	0.123	
16	8	1	67	0.156	
16	8	1	70	0.084	
17	8	1	83	0.419	
17	8	1	72	0.385	
17	8	1	63	0.253	
17	8	1	64	0.264	
17	8	1	64	0.336	
18	8	1	60	0.272	
18	8	1	62	0.283	
18	8	1	60	0.172	
18	8	1	61	0.230	
18	8	1	60	0.236	
19	8	1	250	0.513	
19	8	1	250	0.487	
19	8	1	83	0.100	
19	8	1	84	0.108	
19	8	1	79	0.108	
20	8	1	63	0.366	
20	8	1	63	0.362	
20	8	1	60	0.334	
20	8	1	60	0.342	
20	8	1	60	0.334	
21	8	1	71	0.212	
21	8	1	70	0.264	
21	8	1	64	0.202	
21	8	1	64	0.212	
21	8	1	64	0.204	
22	8	1	250	0.149	
22	8	1	250	0.107	
22	8	1	66	0.109	
22	8	1	62	0.146	
22	8	1	62	0.152	
23	8	1	77	0.127	
23	8	1	72	0.146	
23	8	1	67	0.193	
23	8	1	67	0.193	
23	8	1	69	0.183	
24	8	1	86	0.182	
24	8	1	87	0.085	
24	8	1	74	0.109	
24	8	1	71	0.063	
24	8	1	69	0.078	
25	8	1	75	0.290	
25	8	1	77	0.095	
25	8	1	59	0.290	
25	8	1	59	0.299	
25	8	1	59	0.290	
26	8	1	82	0.251	
26	8	1	86	0.231	
26	8	1	63	0.215	
26	8	1	72	0.128	
26	8	1	62	0.206	
27	8	1	82	0.088	
27	8	1	82	0.088	
27	8	1	59	0.134	
27	8	1	59	0.172	
27	8	1	59	0.128	
28	8	1	70	0.379	
28	8	1	74	0.392	
28	8	1	60	0.305	
28	8	1	60	0.297	
28	8	1	60	0.301	
29	8	1	88	0.253	
29	8	1	74	0.290	
29	8	1	62	0.150	
29	8	1	61	0.197	
29	8	1	61	0.192	
30	8	1	77	0.205	
30	8	1	82	0.178	
30	8	1	71	0.178	
30	8	1	71	0.178	
30	8	1	87	0.202	
31	8	1	67	0.433	
31	8	1	68	0.425	
31	8	1	62	0.294	
31	8	1	62	0.292	
31	8	1	62	0.304	
32	8	1	67	0.288	
32	8	1	67	0.288	
32	8	1	60	0.106	
32	8	1	60	0.106	
32	8	1	60	0.106	
33	8	1	86	0.134	
33	8	1	103	0.144	
33	8	1	29	0.127	
33	8	1	77	0.146	
33	8	1	77	0.142	
34	8	1	66	0.312	
34	8	1	67	0.308	
34	8	1	63	0.223	
34	8	1	62	0.182	
34	8	1	62	0.184	
35	8	1	250	0.067	
35	8	1	250	0.158	
35	8	1	63	0.082	
35	8	1	64	0.084	
35	8	1	61	0.092	
36	8	1	59	0.216	
36	8	1	59	0.233	
36	8	1	59	0.180	
36	8	1	59	0.180	
36	8	1	59	0.169	
37	8	1	250	1.403	
37	8	1	250	1.410	
37	8	1	69	0.087	
37	8	1	73	0.097	
37	8	1	33	0.071	
38	8	1	96	0.066	
38	8	1	93	0.101	
38	8	1	72	0.078	
38	8	1	74	0.079	
38	8	1	73	0.076	
39	8	1	96	0.171	
39	8	1	72	0.189	
39	8	1	60	0.126	
39	8	1	62	0.088	
39	8	1	60	0.135	
40	8	1	60	0.352	
40	8	1	60	0.357	
40	8	1	59	0.337	
40	8	1	59	0.337	
40	8	1	59	0.337	
41	8	1	59	0.214	
41	8	1	59	0.300	
41	8	1	59	0.275	
41	8	1	59	0.214	
41	8	1	59	0.214	
42	8	1	59	0.648	
42	8	1	59	0.648	
42	8	1	59	0.639	
42	8	1	59	0.639	
42	8	1	59	0.639	
43	8	1	250	0.072	
43	8	1	242	0.016	
43	8	1	74	0.122	
43	8	1	45	0.170	
43	8	1	76	0.138	
44	8	1	250	0.080	
44	8	1	250	0.067	
44	8	1	69	0.106	
44	8	1	77	0.062	
44	8	1	67	0.110	
45	8	1	72	0.123	
45	8	1	73	0.135	
45	8	1	67	0.116	
45	8	1	62	0.106	
45	8	1	74	0.069	
46	8	1	121	0.080	
46	8	1	128	0.091	
46	8	1	69	0.102	
46	8	1	69	0.104	
46	8	1	74	0.097	
47	8	1	250	0.047	
47	8	1	250	0.069	
47	8	1	73	0.088	
47	8	1	75	0.085	
47	8	1	46	0.062	
48	8	1	250	0.099	
48	8	1	250	0.080	
48	8	1	65	0.066	
48	8	1	65	0.111	
48	8	1	65	0.082	
49	8	1	250	0.080	
49	8	1	250	0.044	
49	8	1	77	0.122	
49	8	1	76	0.145	
49	8	1	76	0.145	
50	8	1	63	0.310	
50	8	1	61	0.304	
50	8	1	63	0.276	
50	8	1	70	0.171	
50	8	1	62	0.285	
51	8	1	73	0.207	
51	8	1	72	0.225	
51	8	1	61	0.198	
51	8	1	62	0.194	
51	8	1	60	0.128	
52	8	1	61	0.206	
52	8	1	61	0.231	
52	8	1	61	0.193	
52	8	1	63	0.298	
52	8	1	63	0.263	
53	8	1	91	0.102	
53	8	1	92	0.100	
53	8	1	67	0.132	
53	8	1	64	0.153	
53	8	1	64	0.156	
54	8	1	62	0.353	
54	8	1	60	0.366	
54	8	1	59	0.158	
54	8	1	59	0.175	
54	8	1	59	0.170	
55	8	1	250	0.075	
55	8	1	250	0.041	
55	8	1	63	0.123	
55	8	1	63	0.112	
55	8	1	65	0.088	
56	8	1	70	0.252	
56	8	1	77	0.277	
56	8	1	61	0.197	
56	8	1	61	0.185	
56	8	1	61	0.191	
57	8	1	110	0.091	
57	8	1	108	0.106	
57	8	1	101	0.129	
57	8	1	94	0.119	
57	8	1	103	0.121	
58	8	1	250	0.079	
58	8	1	250	0.067	
58	8	1	88	0.095	
58	8	1	39	0.128	
58	8	1	36	0.160	
59	8	1	90	0.074	
59	8	1	102	0.075	
59	8	1	73	0.074	
59	8	1	69	0.108	
59	8	1	102	0.084	
60	8	1	250	0.052	
60	8	1	250	0.067	
60	8	1	66	0.098	
60	8	1	73	0.094	
60	8	1	68	0.112	
61	8	1	59	0.391	
61	8	1	59	0.391	
61	8	1	59	0.391	
61	8	1	59	0.389	
61	8	1	59	0.388	
62	8	1	250	0.204	
62	8	1	250	0.106	
62	8	1	142	0.070	
62	8	1	74	0.063	
62	8	1	92	0.087	
63	8	1	250	0.061	
63	8	1	250	0.065	
63	8	1	70	0.102	
63	8	1	69	0.126	
63	8	1	68	0.129	
64	8	1	250	0.111	
64	8	1	250	0.075	
64	8	1	67	0.091	
64	8	1	64	0.118	
64	8	1	64	0.095	
65	8	1	69	0.289	
65	8	1	67	0.211	
65	8	1	60	0.160	
65	8	1	59	0.122	
65	8	1	59	0.114	
66	8	1	72	0.143	
66	8	1	79	0.132	
66	8	1	65	0.116	
66	8	1	63	0.099	
66	8	1	74	0.067	
67	8	1	62	0.399	
67	8	1	62	0.391	
67	8	1	59	0.337	
67	8	1	59	0.340	
67	8	1	59	0.340	
68	8	1	75	0.214	
68	8	1	86	0.190	
68	8	1	29	0.132	
68	8	1	29	0.132	
68	8	1	29	0.132	
69	8	1	77	0.133	
69	8	1	93	0.136	
69	8	1	78	0.127	
69	8	1	67	0.159	
69	8	1	68	0.119	
70	8	1	70	0.281	
70	8	1	69	0.249	
70	8	1	64	0.223	
70	8	1	63	0.137	
70	8	1	64	0.238	
71	8	1	59	0.204	
71	8	1	60	0.118	
71	8	1	60	0.142	
71	8	1	59	0.198	
71	8	1	59	0.172	
72	8	1	65	0.285	
72	8	1	63	0.215	
72	8	1	59	0.215	
72	8	1	59	0.212	
72	8	1	59	0.211	
73	8	1	64	0.197	
73	8	1	64	0.175	
73	8	1	64	0.131	
73	8	1	67	0.131	
73	8	1	67	0.102	
74	8	1	250	0.066	
74	8	1	250	0.076	
74	8	1	61	0.163	
74	8	1	60	0.099	
74	8	1	60	0.097	
75	8	1	59	0.356	
75	8	1	59	0.350	
75	8	1	59	0.350	
75	8	1	59	0.357	
75	8	1	59	0.357	
76	8	1	89	0.108	
76	8	1	90	0.136	
76	8	1	66	0.138	
76	8	1	67	0.149	
76	8	1	70	0.170	
77	8	1	194	0.087	
77	8	1	150	0.105	
77	8	1	60	0.181	
77	8	1	60	0.202	
77	8	1	60	0.198	
78	8	1	131	0.134	
78	8	1	101	0.121	
78	8	1	73	0.133	
78	8	1	74	0.113	
78	8	1	75	0.109	
79	8	1	90	0.166	
79	8	1	82	0.182	
79	8	1	59	0.133	
79	8	1	59	0.127	
79	8	1	59	0.149	
80	8	1	250	0.073	
80	8	1	250	0.086	
80	8	1	74	0.136	
80	8	1	70	0.139	
80	8	1	71	0.129	
81	8	1	98	0.111	
81	8	1	102	0.107	
81	8	1	60	0.146	
81	8	1	60	0.153	
81	8	1	60	0.141	
82	8	1	250	1.066	
82	8	1	250	1.039	
82	8	1	72	0.053	
82	8	1	69	0.075	
82	8	1	68	0.108	
83	8	1	250	0.973	
83	8	1	250	0.876	
83	8	1	62	0.136	
83	8	1	62	0.136	
83	8	1	62	0.136	
84	8	1	89	0.067	
84	8	1	72	0.188	
84	8	1	60	0.192	
84	8	1	60	0.174	
84	8	1	60	0.129	
85	8	1	88	0.114	
85	8	1	86	0.134	
85	8	1	67	0.164	
85	8	1	69	0.117	
85	8	1	68	0.083	
86	8	1	129	0.113	
86	8	1	231	0.089	
86	8	1	49	0.120	
86	8	1	74	0.120	
86	8	1	72	0.085	
87	8	1	64	0.362	
87	8	1	64	0.362	
87	8	1	62	0.338	
87	8	1	62	0.343	
87	8	1	63	0.302	
88	8	1	250	1.402	
88	8	1	250	1.405	
88	8	1	59	0.125	
88	8	1	59	0.125	
88	8	1	59	0.125	
89	8	1	74	0.181	
89	8	1	75	0.143	
89	8	1	64	0.158	
89	8	1	63	0.169	
89	8	1	65	0.143	
90	8	1	61	0.314	
90	8	1	61	0.349	
90	8	1	60	0.227	
90	8	1	60	0.272	
90	8	1	60	0.260	
91	8	1	63	0.271	
91	8	1	64	0.243	
91	8	1	62	0.141	
91	8	1	62	0.157	
91	8	1	62	0.147	
92	8	1	167	0.059	
92	8	1	85	0.140	
92	8	1	68	0.083	
92	8	1	67	0.068	
92	8	1	68	0.101	
93	8	1	59	0.791	
93	8	1	59	0.791	
93	8	1	59	0.791	
93	8	1	59	0.791	
93	8	1	59	0.791	
94	8	1	250	0.751	
94	8	1	250	0.890	
94	8	1	59	0.389	
94	8	1	59	0.386	
94	8	1	59	0.389	
95	8	1	82	0.102	
95	8	1	88	0.097	
95	8	1	70	0.050	
95	8	1	69	0.050	
95	8	1	69	0.050	
96	8	1	83	0.164	
96	8	1	85	0.196	
96	8	1	76	0.140	
96	8	1	77	0.184	
96	8	1	78	0.103	
97	8	1	79	0.136	
97	8	1	71	0.163	
97	8	1	81	0.140	
97	8	1	71	0.109	
97	8	1	80	0.135	
98	8	1	92	0.114	
98	8	1	88	0.113	
98	8	1	67	0.118	
98	8	1	63	0.096	
98	8	1	62	0.111	
99	8	1	94	0.160	
99	8	1	93	0.119	
99	8	1	75	0.155	
99	8	1	74	0.147	
99	8	1	82	0.092	
100	8	1	97	0.074	
100	8	1	82	0.177	
100	8	1	62	0.162	
100	8	1	64	0.125	
100	8	1	64	0.122	
101	8	1	73	0.458	
101	8	1	80	0.431	
101	8	1	60	0.334	
101	8	1	60	0.274	
101	8	1	60	0.295	
102	8	1	63	0.060	
102	8	1	85	0.162	
102	8	1	64	0.151	
102	8	1	65	0.139	
102	8	1	65	0.139	
103	8	1	250	0.052	
103	8	1	250	0.068	
103	8	1	90	0.093	
103	8	1	35	0.127	
103	8	1	79	0.092	
104	8	1	103	0.075	
104	8	1	105	0.075	
104	8	1	70	0.073	
104	8	1	64	0.102	
104	8	1	64	0.061	
105	8	1	130	0.119	
105	8	1	250	0.059	
105	8	1	37	0.191	
105	8	1	37	0.191	
105	8	1	83	0.160	
106	8	1	250	0.085	
106	8	1	250	0.118	
106	8	1	65	0.153	
106	8	1	65	0.117	
106	8	1	65	0.127	
107	8	1	75	0.197	
107	8	1	66	0.223	
107	8	1	66	0.227	
107	8	1	66	0.148	
107	8	1	67	0.239	
108	8	1	70	0.249	
108	8	1	69	0.322	
108	8	1	60	0.265	
108	8	1	60	0.265	
108	8	1	60	0.246	
109	8	1	71	0.203	
109	8	1	72	0.271	
109	8	1	71	0.098	
109	8	1	82	0.185	
109	8	1	63	0.136	
110	8	1	71	0.168	
110	8	1	71	0.174	
110	8	1	72	0.128	
110	8	1	72	0.102	
110	8	1	63	0.151	
111	8	1	250	0.093	
111	8	1	250	0.105	
111	8	1	101	0.108	
111	8	1	105	0.103	
111	8	1	94	0.085	
112	8	1	250	0.060	
112	8	1	250	0.051	
112	8	1	60	0.081	
112	8	1	55	0.073	
112	8	1	52	0.094	
113	8	1	126	0.085	
113	8	1	144	0.090	
113	8	1	55	0.122	
113	8	1	55	0.096	
113	8	1	93	0.069	
114	8	1	91	0.126	
114	8	1	94	0.096	
114	8	1	85	0.087	
114	8	1	73	0.081	
114	8	1	83	0.109	
115	8	1	250	0.063	
115	8	1	250	0.060	
115	8	1	62	0.120	
115	8	1	64	0.111	
115	8	1	75	0.105	
116	8	1	73	0.253	
116	8	1	87	0.233	
116	8	1	68	0.138	
116	8	1	68	0.158	
116	8	1	67	0.144	
117	8	1	250	0.100	
117	8	1	250	0.174	
117	8	1	91	0.116	
117	8	1	50	0.148	
117	8	1	91	0.114	
118	8	1	122	0.138	
118	8	1	80	0.107	
118	8	1	81	0.103	
118	8	1	99	0.111	
118	8	1	81	0.096	
119	8	1	114	0.102	
119	8	1	144	0.079	
119	8	1	80	0.100	
119	8	1	81	0.096	
119	8	1	96	0.101	
120	8	1	250	0.149	
120	8	1	250	0.065	
120	8	1	69	0.089	
120	8	1	81	0.127	
120	8	1	67	0.137	
121	8	1	93	0.126	
121	8	1	76	0.162	
121	8	1	69	0.116	
121	8	1	68	0.120	
121	8	1	68	0.122	
122	8	1	74	0.119	
122	8	1	76	0.130	
122	8	1	65	0.114	
122	8	1	65	0.118	
122	8	1	65	0.142	
123	8	1	110	0.085	
123	8	1	109	0.145	
123	8	1	86	0.110	
123	8	1	69	0.133	
123	8	1	83	0.117	
124	8	1	250	0.113	
124	8	1	250	0.153	
124	8	1	74	0.110	
124	8	1	72	0.167	
124	8	1	79	0.081	
125	8	1	250	0.106	
125	8	1	250	0.122	
125	8	1	63	0.149	
125	8	1	68	0.122	
125	8	1	65	0.072	
126	8	1	96	0.112	
126	8	1	101	0.109	
126	8	1	68	0.118	
126	8	1	32	0.176	
126	8	1	65	0.125	
127	8	1	123	0.144	
127	8	1	108	0.097	
127	8	1	68	0.119	
127	8	1	35	0.201	
127	8	1	36	0.195	
128	8	1	60	0.250	
128	8	1	60	0.291	
128	8	1	59	0.293	
128	8	1	59	0.239	
128	8	1	59	0.268	
129	8	1	92	0.146	
129	8	1	90	0.145	
129	8	1	88	0.170	
129	8	1	83	0.126	
129	8	1	72	0.110	
130	8	1	136	0.083	
130	8	1	250	0.080	
130	8	1	67	0.124	
130	8	1	71	0.138	
130	8	1	68	0.175	
131	8	1	250	0.994	
131	8	1	250	0.807	
131	8	1	66	0.093	
131	8	1	75	0.104	
131	8	1	72	0.077	
132	8	1	68	0.137	
132	8	1	73	0.108	
132	8	1	75	0.060	
132	8	1	74	0.080	
132	8	1	67	0.105	
133	8	1	83	0.038	
133	8	1	93	0.139	
133	8	1	71	0.075	
133	8	1	71	0.129	
133	8	1	65	0.119	
134	8	1	250	1.186	
134	8	1	250	0.948	
134	8	1	73	0.071	
134	8	1	69	0.116	
134	8	1	71	0.132	
135	8	1	68	0.268	
135	8	1	65	0.260	
135	8	1	61	0.234	
135	8	1	61	0.211	
135	8	1	61	0.210	
136	8	1	250	0.101	
136	8	1	250	0.076	
136	8	1	66	0.094	
136	8	1	73	0.104	
136	8	1	71	0.134	
137	8	1	97	0.079	
137	8	1	87	0.095	
137	8	1	72	0.066	
137	8	1	250	0.022	
137	8	1	74	0.111	
138	8	1	250	0.090	
138	8	1	250	0.075	
138	8	1	103	0.116	
138	8	1	82	0.114	
138	8	1	86	0.102	
139	8	1	88	0.087	
139	8	1	74	0.141	
139	8	1	62	0.106	
139	8	1	63	0.091	
139	8	1	66	0.073	
140	8	1	91	0.113	
140	8	1	107	0.086	
140	8	1	138	0.080	
140	8	1	72	0.121	
140	8	1	68	0.122	
141	8	1	250	0.165	
141	8	1	250	0.160	
141	8	1	67	0.089	
141	8	1	68	0.092	
141	8	1	68	0.082	
142	8	1	250	0.077	
142	8	1	250	0.077	
142	8	1	61	0.102	
142	8	1	62	0.122	
142	8	1	60	0.087	
143	8	1	101	0.094	
143	8	1	90	0.166	
143	8	1	68	0.148	
143	8	1	67	0.143	
143	8	1	71	0.132	
144	8	1	77	0.135	
144	8	1	78	0.114	
144	8	1	70	0.113	
144	8	1	73	0.070	
144	8	1	65	0.097	
145	8	1	80	0.145	
145	8	1	86	0.145	
145	8	1	64	0.155	
145	8	1	64	0.168	
145	8	1	64	0.202	
146	8	1	62	0.179	
146	8	1	62	0.177	
146	8	1	62	0.195	
146	8	1	62	0.187	
146	8	1	62	0.187	
147	8	1	83	0.122	
147	8	1	92	0.118	
147	8	1	60	0.141	
147	8	1	60	0.136	
147	8	1	61	0.081	
148	8	1	142	0.098	
148	8	1	250	0.067	
148	8	1	71	0.068	
148	8	1	64	0.105	
148	8	1	71	0.068	
149	8	1	82	0.103	
149	8	1	67	0.119	
149	8	1	67	0.101	
149	8	1	67	0.090	
149	8	1	66	0.095	
150	8	1	96	0.123	
150	8	1	92	0.083	
150	8	1	70	0.117	
150	8	1	74	0.148	
150	8	1	37	0.157	
151	8	1	90	0.083	
151	8	1	97	0.097	
151	8	1	65	0.110	
151	8	1	65	0.073	
151	8	1	76	0.088	
152	8	1	80	0.194	
152	8	1	88	0.138	
152	8	1	63	0.158	
152	8	1	71	0.130	
152	8	1	63	0.107	
153	8	1	95	0.092	
153	8	1	101	0.122	
153	8	1	77	0.131	
153	8	1	76	0.136	
153	8	1	88	0.087	
154	8	1	125	0.164	
154	8	1	110	0.165	
154	8	1	70	0.112	
154	8	1	72	0.077	
154	8	1	70	0.107	
155	8	1	250	0.064	
155	8	1	250	0.077	
155	8	1	63	0.140	
155	8	1	67	0.099	
155	8	1	69	0.055	
156	8	1	62	0.290	
156	8	1	62	0.274	
156	8	1	61	0.271	
156	8	1	61	0.271	
156	8	1	61	0.271	
157	8	1	250	0.153	
157	8	1	250	0.160	
157	8	1	80	0.098	
157	8	1	80	0.070	
157	8	1	80	0.070	
158	8	1	110	0.120	
158	8	1	250	0.074	
158	8	1	87	0.112	
158	8	1	85	0.089	
158	8	1	54	0.127	
159	8	1	66	0.273	
159	8	1	66	0.272	
159	8	1	60	0.203	
159	8	1	60	0.202	
159	8	1	60	0.203	
160	8	1	79	0.110	
160	8	1	75	0.098	
160	8	1	66	0.098	
160	8	1	66	0.109	
160	8	1	65	0.117	
161	8	1	67	0.369	
161	8	1	68	0.307	
161	8	1	60	0.269	
161	8	1	60	0.265	
161	8	1	60	0.270	
162	8	1	108	0.134	
162	8	1	100	0.127	
162	8	1	73	0.155	
162	8	1	83	0.157	
162	8	1	77	0.112	
163	8	1	118	0.115	
163	8	1	97	0.105	
163	8	1	85	0.095	
163	8	1	79	0.097	
163	8	1	72	0.093	
164	8	1	105	0.132	
164	8	1	121	0.098	
164	8	1	77	0.143	
164	8	1	76	0.115	
164	8	1	83	0.127	
165	8	1	250	0.320	
165	8	1	250	0.795	
165	8	1	68	0.091	
165	8	1	66	0.081	
165	8	1	66	0.081	
166	8	1	250	1.212	
166	8	1	250	1.367	
166	8	1	67	0.126	
166	8	1	60	0.127	
166	8	1	67	0.125	
167	8	1	250	1.531	
167	8	1	250	1.700	
167	8	1	93	0.105	
167	8	1	90	0.113	
167	8	1	71	0.106	
168	8	1	162	0.070	
168	8	1	152	0.107	
168	8	1	67	0.089	
168	8	1	73	0.091	
168	8	1	69	0.137	
169	8	1	90	0.083	
169	8	1	79	0.112	
169	8	1	68	0.107	
169	8	1	73	0.097	
169	8	1	69	0.096	
170	8	1	250	0.064	
170	8	1	250	0.112	
170	8	1	65	0.144	
170	8	1	65	0.145	
170	8	1	67	0.136	
171	8	1	250	0.048	
171	8	1	250	0.070	
171	8	1	87	0.084	
171	8	1	75	0.128	
171	8	1	83	0.102	
172	8	1	81	0.063	
172	8	1	104	0.066	
172	8	1	66	0.085	
172	8	1	67	0.090	
172	8	1	67	0.095	
173	8	1	250	0.090	
173	8	1	250	0.204	
173	8	1	75	0.121	
173	8	1	83	0.125	
173	8	1	73	0.117	
174	8	1	77	0.094	
174	8	1	90	0.131	
174	8	1	63	0.104	
174	8	1	61	0.127	
174	8	1	65	0.079	
175	8	1	119	0.071	
175	8	1	250	0.063	
175	8	1	94	0.112	
175	8	1	78	0.085	
175	8	1	84	0.065	
176	8	1	95	0.149	
176	8	1	106	0.106	
176	8	1	76	0.107	
176	8	1	78	0.122	
176	8	1	74	0.120	
177	8	1	93	0.123	
177	8	1	96	0.109	
177	8	1	73	0.121	
177	8	1	78	0.127	
177	8	1	90	0.140	
178	8	1	79	0.156	
178	8	1	78	0.156	
178	8	1	63	0.136	
178	8	1	77	0.086	
178	8	1	66	0.108	
179	8	1	156	0.080	
179	8	1	145	0.070	
179	8	1	69	0.108	
179	8	1	46	0.123	
179	8	1	78	0.132	
180	8	1	250	0.064	
180	8	1	250	0.065	
180	8	1	123	0.083	
180	8	1	93	0.065	
180	8	1	93	0.079	
181	8	1	250	0.100	
181	8	1	250	0.105	
181	8	1	72	0.106	
181	8	1	84	0.097	
181	8	1	74	0.118	
182	8	1	109	0.080	
182	8	1	107	0.096	
182	8	1	85	0.075	
182	8	1	47	0.184	
182	8	1	87	0.084	
183	8	1	84	0.116	
183	8	1	88	0.168	
183	8	1	73	0.138	
183	8	1	84	0.149	
183	8	1	81	0.109	
184	8	1	250	0.285	
184	8	1	250	0.250	
184	8	1	86	0.165	
184	8	1	84	0.150	
184	8	1	81	0.158	
185	8	1	96	0.126	
185	8	1	87	0.152	
185	8	1	74	0.058	
185	8	1	68	0.072	
185	8	1	68	0.066	
186	8	1	74	0.115	
186	8	1	129	0.080	
186	8	1	78	0.130	
186	8	1	44	0.135	
186	8	1	79	0.119	
187	8	1	147	0.076	
187	8	1	107	0.127	
187	8	1	55	0.125	
187	8	1	81	0.088	
187	8	1	77	0.095	
188	8	1	82	0.103	
188	8	1	91	0.092	
188	8	1	69	0.074	
188	8	1	72	0.060	
188	8	1	81	0.062	
189	8	1	250	0.054	
189	8	1	250	0.081	
189	8	1	64	0.065	
189	8	1	64	0.044	
189	8	1	69	0.066	
190	8	1	103	0.117	
190	8	1	103	0.116	
190	8	1	83	0.096	
190	8	1	85	0.117	
190	8	1	95	0.105	
191	8	1	250	0.056	
191	8	1	250	0.057	
191	8	1	79	0.062	
191	8	1	100	0.074	
191	8	1	85	0.037	
192	8	1	250	0.118	
192	8	1	250	0.098	
192	8	1	99	0.067	
192	8	1	99	0.075	
192	8	1	107	0.056	
193	8	1	116	0.104	
193	8	1	169	0.096	
193	8	1	50	0.101	
193	8	1	71	0.115	
193	8	1	73	0.105	
194	8	1	250	0.187	
194	8	1	220	0.082	
194	8	1	79	0.080	
194	8	1	76	0.093	
194	8	1	74	0.085	
195	8	1	78	0.088	
195	8	1	86	0.079	
195	8	1	78	0.077	
195	8	1	75	0.093	
195	8	1	70	0.067	
196	8	1	250	0.136	
196	8	1	250	0.094	
196	8	1	65	0.109	
196	8	1	68	0.080	
196	8	1	65	0.081	
197	8	1	113	0.081	
197	8	1	101	0.125	
197	8	1	82	0.093	
197	8	1	74	0.092	
197	8	1	76	0.071	
198	8	1	250	0.086	
198	8	1	250	0.064	
198	8	1	66	0.078	
198	8	1	72	0.081	
198	8	1	72	0.148	
199	8	1	250	0.065	
199	8	1	250	0.056	
199	8	1	32	0.128	
199	8	1	32	0.112	
199	8	1	32	0.128	
200	8	1	250	0.099	
200	8	1	250	0.077	
200	8	1	60	0.091	
200	8	1	63	0.102	
200	8	1	61	0.116	
201	8	1	98	0.101	
201	8	1	100	0.076	
201	8	1	78	0.106	
201	8	1	83	0.113	
201	8	1	87	0.109	
202	8	1	250	0.958	
202	8	1	250	1.044	
202	8	1	66	0.081	
202	8	1	65	0.132	
202	8	1	63	0.114	
203	8	1	250	0.077	
203	8	1	250	0.081	
203	8	1	42	0.107	
203	8	1	41	0.141	
203	8	1	80	0.094	
204	8	1	250	0.060	
204	8	1	250	0.057	
204	8	1	74	0.081	
204	8	1	74	0.076	
204	8	1	74	0.102	
205	8	1	93	0.094	
205	8	1	97	0.115	
205	8	1	92	0.076	
205	8	1	95	0.106	
205	8	1	76	0.093	
206	8	1	98	0.095	
206	8	1	94	0.095	
206	8	1	68	0.088	
206	8	1	70	0.087	
206	8	1	70	0.087	
207	8	1	110	0.071	
207	8	1	127	0.075	
207	8	1	72	0.116	
207	8	1	97	0.107	
207	8	1	74	0.093	
208	8	1	250	0.689	
208	8	1	250	0.184	
208	8	1	68	0.094	
208	8	1	69	0.118	
208	8	1	68	0.110	
209	8	1	67	0.190	
209	8	1	69	0.142	
209	8	1	127	0.141	
209	8	1	79	0.112	
209	8	1	67	0.131	
210	8	1	96	0.100	
210	8	1	90	0.086	
210	8	1	69	0.109	
210	8	1	80	0.093	
210	8	1	71	0.090	
211	8	1	84	0.069	
211	8	1	92	0.099	
211	8	1	77	0.101	
211	8	1	87	0.083	
211	8	1	78	0.117	
212	8	1	77	0.099	
212	8	1	84	0.125	
212	8	1	61	0.141	
212	8	1	61	0.141	
212	8	1	60	0.073	
213	8	1	250	0.206	
213	8	1	250	0.477	
213	8	1	75	0.086	
213	8	1	68	0.077	
213	8	1	67	0.102	
214	8	1	250	0.088	
214	8	1	250	0.096	
214	8	1	94	0.109	
214	8	1	91	0.095	
214	8	1	60	0.110	
215	8	1	91	0.159	
215	8	1	72	0.149	
215	8	1	76	0.096	
215	8	1	71	0.105	
215	8	1	68	0.110	
216	8	1	250	1.043	
216	8	1	250	1.060	
216	8	1	75	0.076	
216	8	1	69	0.162	
216	8	1	69	0.137	
217	8	1	250	0.126	
217	8	1	250	0.076	
217	8	1	88	0.120	
217	8	1	75	0.106	
217	8	1	72	0.106	
218	8	1	250	0.094	
218	8	1	250	0.080	
218	8	1	43	0.099	
218	8	1	86	0.111	
218	8	1	54	0.082	
219	8	1	250	0.153	
219	8	1	250	0.554	
219	8	1	77	0.083	
219	8	1	73	0.102	
219	8	1	73	0.124	
220	8	1	160	0.108	
220	8	1	250	0.098	
220	8	1	69	0.100	
220	8	1	65	0.120	
220	8	1	68	0.124	
221	8	1	250	0.096	
221	8	1	250	0.145	
221	8	1	87	0.084	
221	8	1	73	0.070	
221	8	1	53	0.082	
222	8	1	106	0.075	
222	8	1	87	0.088	
222	8	1	70	0.068	
222	8	1	69	0.110	
222	8	1	67	0.105	
223	8	1	87	0.106	
223	8	1	93	0.114	
223	8	1	72	0.101	
223	8	1	70	0.105	
223	8	1	69	0.103	
224	8	1	250	0.053	
224	8	1	194	0.047	
224	8	1	70	0.085	
224	8	1	87	0.114	
224	8	1	69	0.060	
225	8	1	80	0.093	
225	8	1	81	0.079	
225	8	1	75	0.105	
225	8	1	73	0.109	
225	8	1	71	0.110	
226	8	1	250	0.051	
226	8	1	250	0.089	
226	8	1	61	0.099	
226	8	1	62	0.090	
226	8	1	62	0.087	
227	8	1	250	0.237	
227	8	1	250	0.162	
227	8	1	40	0.128	
227	8	1	68	0.092	
227	8	1	68	0.078	
228	8	1	120	0.116	
228	8	1	101	0.117	
228	8	1	95	0.093	
228	8	1	87	0.107	
228	8	1	31	0.218	
229	8	1	250	0.081	
229	8	1	250	0.075	
229	8	1	67	0.085	
229	8	1	82	0.082	
229	8	1	67	0.064	
230	8	1	250	0.082	
230	8	1	250	0.069	
230	8	1	80	0.079	
230	8	1	36	0.092	
230	8	1	39	0.101	
231	8	1	105	0.170	
231	8	1	50	0.110	
231	8	1	71	0.126	
231	8	1	69	0.177	
231	8	1	68	0.167	
232	8	1	83	0.111	
232	8	1	83	0.109	
232	8	1	69	0.130	
232	8	1	67	0.083	
232	8	1	78	0.131	
233	8	1	71	0.368	
233	8	1	64	0.319	
233	8	1	60	0.317	
233	8	1	60	0.303	
233	8	1	60	0.303	
234	8	1	92	0.113	
234	8	1	101	0.113	
234	8	1	73	0.112	
234	8	1	78	0.102	
234	8	1	34	0.148	
235	8	1	50	0.124	
235	8	1	88	0.120	
235	8	1	82	0.105	
235	8	1	75	0.105	
235	8	1	50	0.115	
236	8	1	63	0.160	
236	8	1	62	0.161	
236	8	1	63	0.114	
236	8	1	63	0.131	
236	8	1	63	0.160	
237	8	1	53	0.086	
237	8	1	68	0.086	
237	8	1	40	0.078	
237	8	1	34	0.069	
237	8	1	32	0.080	
238	8	1	250	0.122	
238	8	1	250	0.165	
238	8	1	70	0.099	
238	8	1	74	0.046	
238	8	1	70	0.118	
239	8	1	98	0.129	
239	8	1	83	0.200	
239	8	1	67	0.155	
239	8	1	67	0.160	
239	8	1	86	0.168	
240	8	1	77	0.192	
240	8	1	84	0.130	
240	8	1	69	0.156	
240	8	1	68	0.141	
240	8	1	67	0.178	
241	8	1	250	0.561	
241	8	1	250	0.668	
241	8	1	91	0.090	
241	8	1	81	0.109	
241	8	1	76	0.107	
242	8	1	250	0.045	
242	8	1	35	0.285	
242	8	1	74	0.084	
242	8	1	81	0.088	
242	8	1	80	0.087	
243	8	1	100	0.065	
243	8	1	126	0.067	
243	8	1	39	0.094	
243	8	1	37	0.039	
243	8	1	45	0.088	
244	8	1	250	0.088	
244	8	1	250	0.069	
244	8	1	48	0.096	
244	8	1	78	0.054	
244	8	1	53	0.066	
245	8	1	250	0.070	
245	8	1	250	0.068	
245	8	1	71	0.099	
245	8	1	77	0.100	
245	8	1	74	0.095	
246	8	1	54	0.095	
246	8	1	116	0.076	
246	8	1	95	0.088	
246	8	1	87	0.098	
246	8	1	88	0.081	
247	8	1	73	0.168	
247	8	1	69	0.168	
247	8	1	73	0.088	
247	8	1	62	0.185	
247	8	1	61	0.124	
248	8	1	250	0.613	
248	8	1	250	1.224	
248	8	1	84	0.119	
248	8	1	73	0.127	
248	8	1	85	0.137	
249	8	1	250	0.170	
249	8	1	250	0.130	
249	8	1	77	0.138	
249	8	1	79	0.138	
249	8	1	83	0.124	
250	8	1	166	0.062	
250	8	1	146	0.064	
250	8	1	79	0.074	
250	8	1	76	0.091	
250	8	1	49	0.051	
251	8	1	166	0.031	
251	8	1	250	0.052	
251	8	1	63	0.094	
251	8	1	64	0.067	
251	8	1	63	0.069	
252	8	1	82	0.067	
252	8	1	91	0.072	
252	8	1	59	0.082	
252	8	1	59	0.082	
252	8	1	62	0.070	
253	8	1	250	0.064	
253	8	1	128	0.075	
253	8	1	39	0.089	
253	8	1	47	0.068	
253	8	1	78	0.096	
254	8	1	121	0.134	
254	8	1	97	0.096	
254	8	1	78	0.089	
254	8	1	75	0.137	
254	8	1	75	0.113	
255	8	1	105	0.093	
255	8	1	105	0.064	
255	8	1	83	0.057	
255	8	1	78	0.077	
255	8	1	82	0.058	
256	8	1	250	1.693	
256	8	1	250	1.698	
256	8	1	73	0.094	
256	8	1	78	0.098	
256	8	1	76	0.089	
257	8	1	68	0.186	
257	8	1	73	0.201	
257	8	1	64	0.172	
257	8	1	64	0.167	
257	8	1	63	0.173	
258	8	1	114	0.098	
258	8	1	98	0.096	
258	8	1	77	0.090	
258	8	1	34	0.131	
258	8	1	72	0.133	
259	8	1	74	0.154	
259	8	1	79	0.145	
259	8	1	64	0.155	
259	8	1	73	0.095	
259	8	1	64	0.142	
260	8	1	123	0.101	
260	8	1	107	0.107	
260	8	1	98	0.089	
260	8	1	106	0.105	
260	8	1	102	0.106	
261	8	1	250	0.098	
261	8	1	250	0.074	
261	8	1	70	0.072	
261	8	1	69	0.072	
261	8	1	65	0.077	
262	8	1	250	0.050	
262	8	1	250	0.059	
262	8	1	31	0.168	
262	8	1	82	0.074	
262	8	1	76	0.083	
263	8	1	250	0.135	
263	8	1	250	0.108	
263	8	1	76	0.086	
263	8	1	68	0.094	
263	8	1	68	0.094	
264	8	1	250	0.048	
264	8	1	98	0.105	
264	8	1	82	0.075	
264	8	1	66	0.071	
264	8	1	73	0.094	
265	8	1	132	0.089	
265	8	1	93	0.119	
265	8	1	91	0.105	
265	8	1	87	0.104	
265	8	1	63	0.062	
266	8	1	104	0.103	
266	8	1	123	0.108	
266	8	1	54	0.095	
266	8	1	97	0.098	
266	8	1	85	0.099	
267	8	1	250	0.076	
267	8	1	250	0.075	
267	8	1	59	0.098	
267	8	1	76	0.101	
267	8	1	73	0.095	
268	8	1	250	0.128	
268	8	1	250	0.084	
268	8	1	91	0.076	
268	8	1	77	0.076	
268	8	1	85	0.081	
269	8	1	250	0.056	
269	8	1	250	0.075	
269	8	1	83	0.053	
269	8	1	68	0.087	
269	8	1	67	0.081	
270	8	1	70	0.166	
270	8	1	75	0.141	
270	8	1	62	0.144	
270	8	1	62	0.220	
270	8	1	62	0.208	
271	8	1	250	0.052	
271	8	1	250	0.053	
271	8	1	96	0.091	
271	8	1	95	0.082	
271	8	1	91	0.095	
272	8	1	250	0.102	
272	8	1	250	0.074	
272	8	1	78	0.102	
272	8	1	81	0.077	
272	8	1	71	0.085	
273	8	1	129	0.083	
273	8	1	115	0.110	
273	8	1	47	0.144	
273	8	1	79	0.078	
273	8	1	45	0.147	
274	8	1	68	0.161	
274	8	1	81	0.141	
274	8	1	63	0.221	
274	8	1	61	0.182	
274	8	1	61	0.182	
275	8	1	135	0.086	
275	8	1	138	0.054	
275	8	1	100	0.097	
275	8	1	98	0.052	
275	8	1	96	0.046	
276	8	1	112	0.096	
276	8	1	116	0.091	
276	8	1	54	0.115	
276	8	1	93	0.089	
276	8	1	94	0.091	
277	8	1	250	0.058	
277	8	1	250	0.048	
277	8	1	73	0.112	
277	8	1	74	0.103	
277	8	1	72	0.131	
278	8	1	121	0.111	
278	8	1	126	0.097	
278	8	1	74	0.076	
278	8	1	73	0.085	
278	8	1	86	0.091	
279	8	1	250	0.116	
279	8	1	250	0.119	
279	8	1	88	0.090	
279	8	1	97	0.083	
279	8	1	97	0.080	
280	8	1	120	0.105	
280	8	1	105	0.110	
280	8	1	69	0.111	
280	8	1	68	0.108	
280	8	1	71	0.096	
281	8	1	130	0.083	
281	8	1	85	0.104	
281	8	1	45	0.083	
281	8	1	94	0.086	
281	8	1	108	0.103	
282	8	1	196	0.067	
282	8	1	135	0.116	
282	8	1	89	0.094	
282	8	1	101	0.084	
282	8	1	94	0.105	
283	8	1	250	0.082	
283	8	1	250	0.063	
283	8	1	114	0.077	
283	8	1	60	0.099	
283	8	1	100	0.083	
284	8	1	96	0.056	
284	8	1	98	0.090	
284	8	1	68	0.120	
284	8	1	91	0.108	
284	8	1	76	0.107	
285	8	1	111	0.068	
285	8	1	106	0.081	
285	8	1	98	0.082	
285	8	1	45	0.088	
285	8	1	90	0.038	
286	8	0	130	0.007	
286	8	1	159	0.026	
286	8	1	83	0.101	
286	8	1	81	0.099	
286	8	1	49	0.091	
287	8	1	173	0.093	
287	8	1	160	0.118	
287	8	1	91	0.074	
287	8	1	102	0.075	
287	8	1	89	0.060	
288	8	1	250	0.059	
288	8	1	250	0.054	
288	8	1	82	0.080	
288	8	1	80	0.077	
288	8	1	85	0.085	
289	8	1	108	0.135	
289	8	1	105	0.123	
289	8	1	72	0.139	
289	8	1	75	0.146	
289	8	1	83	0.147	
290	8	1	250	0.206	
290	8	1	250	0.080	
290	8	1	86	0.104	
290	8	1	89	0.121	
290	8	1	96	0.103	
291	8	1	64	0.245	
291	8	1	65	0.212	
291	8	1	62	0.193	
291	8	1	62	0.193	
291	8	1	63	0.229	
292	8	1	250	0.070	
292	8	1	250	0.065	
292	8	1	79	0.137	
292	8	1	79	0.122	
292	8	1	79	0.109	
293	8	1	112	0.128	
293	8	1	110	0.088	
293	8	1	73	0.087	
293	8	1	82	0.121	
293	8	1	90	0.115	
294	8	1	98	0.105	
294	8	1	94	0.092	
294	8	1	83	0.097	
294	8	1	79	0.112	
294	8	1	83	0.086	
295	8	1	49	0.104	
295	8	1	101	0.069	
295	8	1	81	0.101	
295	8	1	49	0.100	
295	8	1	48	0.095	
296	8	1	77	0.110	
296	8	1	77	0.096	
296	8	1	77	0.080	
296	8	1	77	0.062	
296	8	1	75	0.065	
297	8	1	75	0.084	
297	8	1	39	0.085	
297	8	1	80	0.065	
297	8	1	84	0.081	
297	8	1	78	0.101	
298	8	1	250	0.051	
298	8	1	250	0.053	
298	8	1	75	0.087	
298	8	1	85	0.089	
298	8	1	83	0.058	
299	8	1	250	0.054	
299	8	1	250	0.046	
299	8	1	71	0.043	
299	8	1	76	0.048	
299	8	1	79	0.042	
0	9	1	101	0.129	
0	9	1	95	0.124	
0	9	1	95	0.119	
0	9	1	81	0.132	
0	9	1	98	0.111	
1	9	1	101	0.142	
1	9	1	106	0.145	
1	9	1	80	0.150	
1	9	1	74	0.185	
1	9	1	75	0.147	
2	9	1	250	0.710	
2	9	1	250	1.002	
2	9	1	71	0.121	
2	9	1	71	0.131	
2	9	1	72	0.127	
3	9	1	77	0.242	
3	9	1	70	0.215	
3	9	1	68	0.169	
3	9	1	68	0.169	
3	9	1	68	0.152	
4	9	1	250	0.050	
4	9	1	102	0.062	
4	9	1	107	0.118	
4	9	1	91	0.128	
4	9	1	87	0.129	
5	9	1	67	0.433	
5	9	1	67	0.370	
5	9	1	68	0.170	
5	9	1	68	0.176	
5	9	1	68	0.176	
6	9	1	86	0.167	
6	9	1	92	0.188	
6	9	1	79	0.169	
6	9	1	74	0.138	
6	9	1	75	0.177	
7	9	1	250	0.411	
7	9	1	250	0.411	
7	9	1	75	0.105	
7	9	1	73	0.108	
7	9	1	82	0.131	
8	9	1	88	0.169	
8	9	1	86	0.159	
8	9	1	73	0.171	
8	9	1	75	0.140	
8	9	1	73	0.159	
9	9	1	75	0.343	
9	9	1	75	0.327	
9	9	1	72	0.215	
9	9	1	72	0.227	
9	9	1	72	0.216	
10	9	1	93	0.230	
10	9	1	89	0.198	
10	9	1	70	0.160	
10	9	1	70	0.157	
10	9	1	70	0.146	
11	9	1	74	0.264	
11	9	1	74	0.264	
11	9	1	68	0.221	
11	9	1	68	0.215	
11	9	1	68	0.215	
12	9	1	250	1.651	
12	9	1	250	1.651	
12	9	1	71	0.114	
12	9	1	72	0.114	
12	9	1	81	0.111	
13	9	1	93	0.081	
13	9	1	99	0.082	
13	9	1	71	0.112	
13	9	1	71	0.119	
13	9	1	71	0.118	
14	9	1	79	0.330	
14	9	1	75	0.289	
14	9	1	70	0.263	
14	9	1	70	0.265	
14	9	1	70	0.263	
15	9	1	71	0.243	
15	9	1	71	0.201	
15	9	1	72	0.235	
15	9	1	71	0.235	
15	9	1	71	0.223	
16	9	1	250	0.091	
16	9	1	250	0.060	
16	9	1	78	0.115	
16	9	1	46	0.138	
16	9	1	83	0.132	
17	9	1	75	0.260	
17	9	1	78	0.283	
17	9	1	71	0.247	
17	9	1	70	0.240	
17	9	1	71	0.253	
18	9	1	70	0.253	
18	9	1	76	0.315	
18	9	1	69	0.248	
18	9	1	69	0.230	
18	9	1	69	0.233	
19	9	1	96	0.094	
19	9	1	103	0.123	
19	9	1	82	0.103	
19	9	1	89	0.113	
19	9	1	86	0.093	
20	9	1	68	0.279	
20	9	1	68	0.272	
20	9	1	68	0.242	
20	9	1	68	0.287	
20	9	1	68	0.284	
21	9	1	250	1.654	
21	9	1	250	1.650	
21	9	1	71	0.174	
21	9	1	71	0.193	
21	9	1	71	0.192	
22	9	1	250	0.685	
22	9	1	250	0.603	
22	9	1	71	0.174	
22	9	1	71	0.055	
22	9	1	78	0.092	
23	9	1	250	0.069	
23	9	1	250	0.072	
23	9	1	73	0.177	
23	9	1	73	0.158	
23	9	1	75	0.120	
24	9	1	250	0.081	
24	9	1	250	0.050	
24	9	1	74	0.099	
24	9	1	75	0.093	
24	9	1	76	0.114	
25	9	1	68	0.234	
25	9	1	68	0.248	
25	9	1	68	0.196	
25	9	1	68	0.247	
25	9	1	68	0.196	
26	9	1	250	1.399	
26	9	1	250	1.396	
26	9	1	73	0.090	
26	9	1	70	0.129	
26	9	1	70	0.095	
27	9	1	68	0.207	
27	9	1	68	0.207	
27	9	1	68	0.115	
27	9	1	68	0.090	
27	9	1	68	0.090	
28	9	1	69	0.318	
28	9	1	70	0.276	
28	9	1	69	0.252	
28	9	1	68	0.254	
28	9	1	69	0.271	
29	9	1	75	0.254	
29	9	1	75	0.242	
29	9	1	70	0.166	
29	9	1	70	0.138	
29	9	1	70	0.166	
30	9	1	101	0.129	
30	9	1	101	0.135	
30	9	1	82	0.155	
30	9	1	75	0.134	
30	9	1	80	0.144	
31	9	1	72	0.262	
31	9	1	72	0.259	
31	9	1	70	0.221	
31	9	1	69	0.283	
31	9	1	70	0.210	
32	9	1	69	0.247	
32	9	1	69	0.243	
32	9	1	69	0.102	
32	9	1	69	0.096	
32	9	1	69	0.098	
33	9	1	96	0.132	
33	9	1	92	0.090	
33	9	1	82	0.116	
33	9	1	79	0.166	
33	9	1	92	0.157	
34	9	1	77	0.324	
34	9	1	76	0.221	
34	9	1	71	0.172	
34	9	1	71	0.166	
34	9	1	71	0.170	
35	9	1	250	0.055	
35	9	1	250	0.106	
35	9	1	68	0.076	
35	9	1	68	0.081	
35	9	1	68	0.082	
36	9	1	68	0.163	
36	9	1	69	0.216	
36	9	1	68	0.162	
36	9	1	68	0.158	
36	9	1	68	0.158	
37	9	1	250	0.073	
37	9	1	146	0.116	
37	9	1	76	0.096	
37	9	1	81	0.109	
37	9	1	74	0.101	
38	9	1	92	0.104	
38	9	1	97	0.097	
38	9	1	77	0.081	
38	9	1	78	0.105	
38	9	1	82	0.085	
39	9	1	75	0.141	
39	9	1	84	0.220	
39	9	1	69	0.122	
39	9	1	69	0.098	
39	9	1	71	0.092	
40	9	1	68	0.337	
40	9	1	68	0.336	
40	9	1	68	0.338	
40	9	1	68	0.338	
40	9	1	68	0.337	
41	9	1	250	0.672	
41	9	1	81	0.342	
41	9	1	68	0.237	
41	9	1	68	0.240	
41	9	1	68	0.237	
42	9	1	68	0.638	
42	9	1	68	0.638	
42	9	1	68	0.638	
42	9	1	68	0.638	
42	9	1	68	0.637	
43	9	1	93	0.162	
43	9	1	96	0.153	
43	9	1	47	0.189	
43	9	1	88	0.152	
43	9	1	80	0.106	
44	9	1	250	0.301	
44	9	1	250	0.397	
44	9	1	81	0.062	
44	9	1	81	0.045	
44	9	1	73	0.109	
45	9	1	250	0.062	
45	9	1	250	0.069	
45	9	1	72	0.095	
45	9	1	72	0.101	
45	9	1	72	0.106	
46	9	1	250	0.070	
46	9	1	119	0.083	
46	9	1	79	0.119	
46	9	1	82	0.090	
46	9	1	79	0.086	
47	9	1	250	1.068	
47	9	1	250	1.100	
47	9	1	88	0.090	
47	9	1	86	0.089	
47	9	1	89	0.089	
48	9	1	76	0.160	
48	9	1	78	0.179	
48	9	1	74	0.187	
48	9	1	74	0.166	
48	9	1	74	0.173	
49	9	1	121	0.175	
49	9	1	120	0.165	
49	9	1	83	0.145	
49	9	1	80	0.136	
49	9	1	80	0.166	
50	9	1	71	0.261	
50	9	1	71	0.276	
50	9	1	70	0.230	
50	9	1	71	0.208	
50	9	1	71	0.233	
51	9	1	80	0.211	
51	9	1	79	0.311	
51	9	1	70	0.201	
51	9	1	70	0.223	
51	9	1	70	0.217	
52	9	1	73	0.276	
52	9	1	73	0.252	
52	9	1	76	0.265	
52	9	1	70	0.235	
52	9	1	70	0.221	
53	9	1	250	0.073	
53	9	1	250	0.071	
53	9	1	75	0.155	
53	9	1	75	0.156	
53	9	1	73	0.149	
54	9	1	74	0.329	
54	9	1	73	0.363	
54	9	1	68	0.164	
54	9	1	68	0.172	
54	9	1	68	0.151	
55	9	1	99	0.099	
55	9	1	95	0.091	
55	9	1	73	0.111	
55	9	1	72	0.094	
55	9	1	71	0.116	
56	9	1	82	0.327	
56	9	1	79	0.307	
56	9	1	76	0.202	
56	9	1	71	0.258	
56	9	1	71	0.230	
57	9	1	250	0.083	
57	9	1	250	0.094	
57	9	1	86	0.120	
57	9	1	97	0.131	
57	9	1	98	0.113	
58	9	1	146	0.138	
58	9	1	175	0.127	
58	9	1	103	0.119	
58	9	1	79	0.134	
58	9	1	78	0.094	
59	9	1	250	0.048	
59	9	1	250	0.058	
59	9	1	109	0.082	
59	9	1	101	0.080	
59	9	1	77	0.094	
60	9	1	250	0.057	
60	9	1	250	0.117	
60	9	1	78	0.088	
60	9	1	83	0.113	
60	9	1	72	0.087	
61	9	1	67	0.335	
61	9	1	67	0.333	
61	9	1	68	0.388	
61	9	1	68	0.388	
61	9	1	68	0.388	
62	9	1	250	0.081	
62	9	1	250	0.075	
62	9	1	88	0.055	
62	9	1	57	0.086	
62	9	1	71	0.065	
63	9	1	95	0.119	
63	9	1	103	0.119	
63	9	1	77	0.110	
63	9	1	74	0.144	
63	9	1	75	0.122	
64	9	1	99	0.143	
64	9	1	95	0.188	
64	9	1	74	0.162	
64	9	1	74	0.147	
64	9	1	74	0.136	
65	9	1	71	0.245	
65	9	1	71	0.268	
65	9	1	68	0.157	
65	9	1	68	0.157	
65	9	1	68	0.135	
66	9	1	168	0.093	
66	9	1	156	0.080	
66	9	1	73	0.082	
66	9	1	71	0.099	
66	9	1	73	0.073	
67	9	1	68	0.343	
67	9	1	68	0.343	
67	9	1	68	0.343	
67	9	1	68	0.343	
67	9	1	68	0.343	
68	9	1	86	0.158	
68	9	1	87	0.154	
68	9	1	71	0.162	
68	9	1	75	0.160	
68	9	1	74	0.158	
69	9	1	250	0.127	
69	9	1	250	0.076	
69	9	1	40	0.122	
69	9	1	76	0.138	
69	9	1	23	0.724	
70	9	1	92	0.280	
70	9	1	84	0.231	
70	9	1	71	0.119	
70	9	1	72	0.212	
70	9	1	72	0.171	
71	9	1	68	0.220	
71	9	1	70	0.208	
71	9	1	68	0.164	
71	9	1	68	0.122	
71	9	1	68	0.135	
72	9	1	68	0.211	
72	9	1	68	0.211	
72	9	1	68	0.216	
72	9	1	68	0.230	
72	9	1	68	0.213	
73	9	1	250	1.298	
73	9	1	250	1.299	
73	9	1	70	0.095	
73	9	1	69	0.107	
73	9	1	70	0.094	
74	9	1	75	0.183	
74	9	1	75	0.183	
74	9	1	72	0.154	
74	9	1	70	0.163	
74	9	1	70	0.143	
75	9	1	68	0.407	
75	9	1	68	0.407	
75	9	1	68	0.338	
75	9	1	68	0.339	
75	9	1	68	0.338	
76	9	1	98	0.189	
76	9	1	103	0.167	
76	9	1	78	0.122	
76	9	1	77	0.152	
76	9	1	75	0.139	
77	9	1	250	1.624	
77	9	1	250	1.624	
77	9	1	69	0.265	
77	9	1	69	0.242	
77	9	1	70	0.266	
78	9	1	250	0.113	
78	9	1	250	0.110	
78	9	1	78	0.113	
78	9	1	78	0.130	
78	9	1	80	0.111	
79	9	1	250	0.166	
79	9	1	250	0.112	
79	9	1	68	0.124	
79	9	1	68	0.120	
79	9	1	68	0.114	
80	9	1	38	0.195	
80	9	1	95	0.149	
80	9	1	78	0.147	
80	9	1	77	0.124	
80	9	1	79	0.079	
81	9	1	244	0.063	
81	9	1	110	0.122	
81	9	1	69	0.159	
81	9	1	78	0.072	
81	9	1	70	0.124	
82	9	1	250	0.081	
82	9	1	250	0.080	
82	9	1	81	0.080	
82	9	1	76	0.066	
82	9	1	73	0.109	
83	9	1	83	0.231	
83	9	1	83	0.231	
83	9	1	71	0.167	
83	9	1	71	0.167	
83	9	1	71	0.167	
84	9	1	69	0.216	
84	9	1	69	0.219	
84	9	1	68	0.109	
84	9	1	68	0.110	
84	9	1	68	0.105	
85	9	1	78	0.176	
85	9	1	80	0.152	
85	9	1	76	0.098	
85	9	1	74	0.132	
85	9	1	77	0.102	
86	9	1	155	0.089	
86	9	1	250	0.070	
86	9	1	87	0.118	
86	9	1	86	0.110	
86	9	1	84	0.124	
87	9	1	70	0.339	
87	9	1	70	0.320	
87	9	1	70	0.283	
87	9	1	70	0.295	
87	9	1	70	0.318	
88	9	1	250	0.122	
88	9	1	83	0.210	
88	9	1	68	0.127	
88	9	1	68	0.127	
88	9	1	68	0.132	
89	9	1	114	0.121	
89	9	1	118	0.131	
89	9	1	72	0.149	
89	9	1	87	0.155	
89	9	1	76	0.125	
90	9	1	73	0.300	
90	9	1	70	0.386	
90	9	1	69	0.162	
90	9	1	69	0.174	
90	9	1	69	0.165	
91	9	1	81	0.306	
91	9	1	97	0.253	
91	9	1	71	0.202	
91	9	1	71	0.185	
91	9	1	71	0.203	
92	9	1	250	0.065	
92	9	1	250	0.063	
92	9	1	69	0.095	
92	9	1	70	0.118	
92	9	1	70	0.121	
93	9	1	68	0.793	
93	9	1	68	0.793	
93	9	1	68	0.796	
93	9	1	68	0.796	
93	9	1	68	0.796	
94	9	1	68	0.398	
94	9	1	68	0.398	
94	9	1	68	0.398	
94	9	1	68	0.393	
94	9	1	68	0.393	
95	9	1	250	0.125	
95	9	1	250	0.114	
95	9	1	76	0.066	
95	9	1	77	0.073	
95	9	1	78	0.074	
96	9	1	93	0.111	
96	9	1	94	0.178	
96	9	1	84	0.122	
96	9	1	76	0.163	
96	9	1	85	0.177	
97	9	1	250	0.062	
97	9	1	250	0.061	
97	9	1	81	0.118	
97	9	1	79	0.130	
97	9	1	75	0.114	
98	9	1	84	0.149	
98	9	1	86	0.108	
98	9	1	76	0.130	
98	9	1	70	0.093	
98	9	1	70	0.117	
99	9	1	250	0.078	
99	9	1	250	0.075	
99	9	1	82	0.124	
99	9	1	80	0.141	
99	9	1	82	0.146	
100	9	1	74	0.195	
100	9	1	74	0.119	
100	9	1	70	0.111	
100	9	1	73	0.137	
100	9	1	70	0.135	
101	9	1	84	0.331	
101	9	1	77	0.373	
101	9	1	68	0.359	
101	9	1	73	0.342	
101	9	1	70	0.323	
102	9	1	147	0.155	
102	9	1	126	0.122	
102	9	1	73	0.150	
102	9	1	73	0.150	
102	9	1	71	0.146	
103	9	1	250	0.080	
103	9	1	250	0.087	
103	9	1	86	0.072	
103	9	1	78	0.069	
103	9	1	83	0.089	
104	9	1	250	0.162	
104	9	1	250	0.088	
104	9	1	72	0.073	
104	9	1	83	0.051	
104	9	1	73	0.067	
105	9	1	77	0.117	
105	9	1	92	0.117	
105	9	1	41	0.142	
105	9	1	40	0.121	
105	9	1	40	0.129	
106	9	1	250	0.081	
106	9	1	250	0.088	
106	9	1	71	0.137	
106	9	1	72	0.109	
106	9	1	72	0.109	
107	9	1	84	0.259	
107	9	1	90	0.207	
107	9	1	78	0.118	
107	9	1	77	0.187	
107	9	1	74	0.132	
108	9	1	70	0.300	
108	9	1	69	0.254	
108	9	1	69	0.263	
108	9	1	69	0.233	
108	9	1	69	0.236	
109	9	1	86	0.210	
109	9	1	85	0.138	
109	9	1	75	0.076	
109	9	1	79	0.129	
109	9	1	70	0.171	
110	9	1	75	0.170	
110	9	1	88	0.181	
110	9	1	81	0.192	
110	9	1	73	0.145	
110	9	1	70	0.159	
111	9	1	250	0.050	
111	9	1	250	0.106	
111	9	1	102	0.100	
111	9	1	102	0.110	
111	9	1	40	0.119	
112	9	1	85	0.078	
112	9	1	77	0.085	
112	9	1	98	0.085	
112	9	1	55	0.099	
112	9	1	60	0.090	
113	9	1	250	1.566	
113	9	1	250	1.600	
113	9	1	87	0.126	
113	9	1	101	0.089	
113	9	1	92	0.119	
114	9	1	119	0.090	
114	9	1	92	0.124	
114	9	1	81	0.079	
114	9	1	91	0.086	
114	9	1	83	0.090	
115	9	1	250	0.101	
115	9	1	250	0.070	
115	9	1	81	0.078	
115	9	1	72	0.077	
115	9	1	74	0.095	
116	9	1	84	0.172	
116	9	1	82	0.191	
116	9	1	77	0.164	
116	9	1	75	0.172	
116	9	1	77	0.104	
117	9	1	250	0.141	
117	9	1	250	0.089	
117	9	1	100	0.105	
117	9	1	80	0.113	
117	9	1	84	0.110	
118	9	1	107	0.106	
118	9	1	110	0.122	
118	9	1	86	0.137	
118	9	1	88	0.113	
118	9	1	82	0.134	
119	9	1	250	0.112	
119	9	1	250	0.140	
119	9	1	81	0.124	
119	9	1	86	0.119	
119	9	1	90	0.139	
120	9	1	101	0.158	
120	9	1	100	0.139	
120	9	1	76	0.093	
120	9	1	79	0.147	
120	9	1	80	0.114	
121	9	1	250	0.281	
121	9	1	250	0.148	
121	9	1	75	0.145	
121	9	1	83	0.092	
121	9	1	79	0.151	
122	9	1	80	0.178	
122	9	1	91	0.100	
122	9	1	72	0.115	
122	9	1	73	0.097	
122	9	1	73	0.108	
123	9	1	250	1.362	
123	9	1	250	1.462	
123	9	1	81	0.125	
123	9	1	81	0.109	
123	9	1	92	0.091	
124	9	1	233	0.098	
124	9	1	250	0.118	
124	9	1	91	0.133	
124	9	1	90	0.087	
124	9	1	81	0.117	
125	9	1	105	0.066	
125	9	1	95	0.156	
125	9	1	74	0.086	
125	9	1	73	0.105	
125	9	1	72	0.101	
126	9	1	83	0.117	
126	9	1	85	0.098	
126	9	1	74	0.125	
126	9	1	75	0.138	
126	9	1	73	0.131	
127	9	1	95	0.135	
127	9	1	117	0.128	
127	9	1	74	0.131	
127	9	1	75	0.148	
127	9	1	77	0.099	
128	9	1	250	0.530	
128	9	1	250	0.446	
128	9	1	68	0.205	
128	9	1	68	0.218	
128	9	1	68	0.222	
129	9	1	94	0.121	
129	9	1	127	0.099	
129	9	1	77	0.146	
129	9	1	77	0.156	
129	9	1	77	0.173	
130	9	1	85	0.219	
130	9	1	87	0.175	
130	9	1	75	0.145	
130	9	1	70	0.161	
130	9	1	71	0.130	
131	9	1	250	0.030	
131	9	1	250	0.015	
131	9	1	71	0.102	
131	9	1	74	0.126	
131	9	1	75	0.049	
132	9	1	250	0.109	
132	9	1	250	0.092	
132	9	1	72	0.155	
132	9	1	73	0.181	
132	9	1	72	0.154	
133	9	1	103	0.100	
133	9	1	120	0.120	
133	9	1	88	0.040	
133	9	1	74	0.067	
133	9	1	73	0.109	
134	9	1	250	0.363	
134	9	1	250	0.365	
134	9	1	77	0.092	
134	9	1	82	0.092	
134	9	1	78	0.097	
135	9	1	70	0.258	
135	9	1	71	0.316	
135	9	1	69	0.198	
135	9	1	69	0.197	
135	9	1	69	0.248	
136	9	1	104	0.102	
136	9	1	99	0.109	
136	9	1	76	0.115	
136	9	1	79	0.130	
136	9	1	89	0.110	
137	9	1	99	0.082	
137	9	1	101	0.085	
137	9	1	83	0.079	
137	9	1	82	0.082	
137	9	1	89	0.085	
138	9	1	107	0.074	
138	9	1	102	0.070	
138	9	1	104	0.109	
138	9	1	105	0.102	
138	9	1	102	0.112	
139	9	1	250	0.190	
139	9	1	250	0.194	
139	9	1	68	0.122	
139	9	1	68	0.134	
139	9	1	68	0.109	
140	9	1	250	0.058	
140	9	1	119	0.084	
140	9	1	75	0.081	
140	9	1	80	0.103	
140	9	1	75	0.118	
141	9	1	79	0.096	
141	9	1	97	0.128	
141	9	1	74	0.089	
141	9	1	73	0.086	
141	9	1	72	0.091	
142	9	1	250	0.070	
142	9	1	250	0.044	
142	9	1	75	0.077	
142	9	1	75	0.077	
142	9	1	69	0.094	
143	9	1	92	0.147	
143	9	1	80	0.147	
143	9	1	97	0.121	
143	9	1	75	0.131	
143	9	1	83	0.129	
144	9	1	250	0.064	
144	9	1	250	0.109	
144	9	1	73	0.100	
144	9	1	74	0.108	
144	9	1	76	0.074	
145	9	1	95	0.186	
145	9	1	97	0.093	
145	9	1	70	0.151	
145	9	1	70	0.195	
145	9	1	74	0.179	
146	9	1	71	0.159	
146	9	1	71	0.169	
146	9	1	71	0.215	
146	9	1	72	0.232	
146	9	1	78	0.228	
147	9	1	88	0.088	
147	9	1	91	0.107	
147	9	1	68	0.104	
147	9	1	68	0.132	
147	9	1	69	0.102	
148	9	1	103	0.094	
148	9	1	250	0.066	
148	9	1	75	0.086	
148	9	1	77	0.087	
148	9	1	80	0.101	
149	9	1	75	0.145	
149	9	1	81	0.131	
149	9	1	72	0.110	
149	9	1	71	0.115	
149	9	1	78	0.093	
150	9	1	104	0.107	
150	9	1	104	0.116	
150	9	1	77	0.089	
150	9	1	80	0.082	
150	9	1	89	0.142	
151	9	1	95	0.111	
151	9	1	85	0.110	
151	9	1	75	0.077	
151	9	1	76	0.073	
151	9	1	71	0.079	
152	9	1	76	0.182	
152	9	1	76	0.224	
152	9	1	71	0.141	
152	9	1	71	0.106	
152	9	1	71	0.134	
153	9	1	250	0.123	
153	9	1	250	0.122	
153	9	1	81	0.105	
153	9	1	87	0.104	
153	9	1	87	0.111	
154	9	1	87	0.125	
154	9	1	95	0.136	
154	9	1	78	0.097	
154	9	1	77	0.158	
154	9	1	75	0.124	
155	9	1	85	0.126	
155	9	1	79	0.123	
155	9	1	74	0.116	
155	9	1	71	0.147	
155	9	1	70	0.127	
156	9	1	70	0.232	
156	9	1	72	0.212	
156	9	1	71	0.266	
156	9	1	71	0.266	
156	9	1	71	0.259	
157	9	1	250	0.083	
157	9	1	250	0.150	
157	9	1	81	0.093	
157	9	1	93	0.078	
157	9	1	99	0.078	
158	9	1	114	0.087	
158	9	1	123	0.090	
158	9	1	90	0.086	
158	9	1	59	0.106	
158	9	1	89	0.119	
159	9	1	82	0.242	
159	9	1	69	0.246	
159	9	1	70	0.319	
159	9	1	71	0.356	
159	9	1	69	0.263	
160	9	1	79	0.095	
160	9	1	83	0.084	
160	9	1	76	0.109	
160	9	1	75	0.079	
160	9	1	73	0.075	
161	9	1	68	0.243	
161	9	1	68	0.248	
161	9	1	69	0.241	
161	9	1	69	0.291	
161	9	1	69	0.266	
162	9	1	98	0.159	
162	9	1	98	0.146	
162	9	1	86	0.115	
162	9	1	96	0.135	
162	9	1	90	0.105	
163	9	1	116	0.093	
163	9	1	112	0.126	
163	9	1	88	0.108	
163	9	1	81	0.099	
163	9	1	83	0.100	
164	9	1	250	0.955	
164	9	1	250	0.088	
164	9	1	75	0.106	
164	9	1	82	0.142	
164	9	1	83	0.123	
165	9	1	250	0.158	
165	9	1	250	0.200	
165	9	1	72	0.111	
165	9	1	74	0.091	
165	9	1	72	0.101	
166	9	1	71	0.113	
166	9	1	73	0.101	
166	9	1	72	0.101	
166	9	1	71	0.119	
166	9	1	69	0.097	
167	9	1	92	0.093	
167	9	1	94	0.106	
167	9	1	85	0.117	
167	9	1	77	0.092	
167	9	1	79	0.096	
168	9	1	250	0.773	
168	9	1	250	0.621	
168	9	1	79	0.072	
168	9	1	80	0.076	
168	9	1	98	0.088	
169	9	1	88	0.082	
169	9	1	250	0.069	
169	9	1	77	0.095	
169	9	1	50	0.086	
169	9	1	77	0.099	
170	9	1	250	0.121	
170	9	1	250	0.500	
170	9	1	75	0.153	
170	9	1	73	0.118	
170	9	1	73	0.138	
171	9	1	250	0.071	
171	9	1	250	0.151	
171	9	1	92	0.098	
171	9	1	86	0.105	
171	9	1	97	0.117	
172	9	1	87	0.097	
172	9	1	91	0.092	
172	9	1	79	0.071	
172	9	1	77	0.086	
172	9	1	77	0.084	
173	9	1	250	0.239	
173	9	1	250	0.183	
173	9	1	88	0.095	
173	9	1	77	0.122	
173	9	1	77	0.110	
174	9	1	250	0.068	
174	9	1	250	0.090	
174	9	1	71	0.107	
174	9	1	71	0.103	
174	9	1	73	0.087	
175	9	1	250	0.062	
175	9	1	250	0.010	
175	9	1	33	0.114	
175	9	1	77	0.088	
175	9	1	31	0.109	
176	9	1	105	0.128	
176	9	1	113	0.119	
176	9	1	80	0.114	
176	9	1	89	0.141	
176	9	1	81	0.109	
177	9	1	112	0.097	
177	9	1	116	0.121	
177	9	1	78	0.128	
177	9	1	75	0.152	
177	9	1	75	0.183	
178	9	1	107	0.143	
178	9	1	100	0.119	
178	9	1	80	0.080	
178	9	1	71	0.079	
178	9	1	73	0.093	
179	9	1	130	0.108	
179	9	1	122	0.099	
179	9	1	70	0.069	
179	9	1	52	0.090	
179	9	1	78	0.109	
180	9	1	250	0.054	
180	9	1	250	0.073	
180	9	1	90	0.077	
180	9	1	82	0.102	
180	9	1	98	0.037	
181	9	1	174	0.111	
181	9	1	250	0.074	
181	9	1	86	0.053	
181	9	1	86	0.093	
181	9	1	77	0.137	
182	9	1	139	0.070	
182	9	1	250	0.046	
182	9	1	123	0.079	
182	9	1	85	0.081	
182	9	1	110	0.079	
183	9	1	98	0.147	
183	9	1	115	0.111	
183	9	1	86	0.125	
183	9	1	75	0.157	
183	9	1	81	0.127	
184	9	1	111	0.156	
184	9	1	116	0.115	
184	9	1	89	0.156	
184	9	1	78	0.126	
184	9	1	77	0.153	
185	9	1	128	0.097	
185	9	1	120	0.106	
185	9	1	78	0.086	
185	9	1	73	0.094	
185	9	1	72	0.128	
186	9	1	250	0.157	
186	9	1	250	0.058	
186	9	1	84	0.115	
186	9	1	100	0.104	
186	9	1	79	0.135	
187	9	1	250	0.246	
187	9	1	250	0.257	
187	9	1	82	0.119	
187	9	1	78	0.115	
187	9	1	78	0.120	
188	9	1	83	0.092	
188	9	1	86	0.084	
188	9	1	77	0.117	
188	9	1	80	0.130	
188	9	1	86	0.093	
189	9	1	88	0.070	
189	9	1	79	0.031	
189	9	1	70	0.081	
189	9	1	69	0.079	
189	9	1	69	0.069	
190	9	1	105	0.096	
190	9	1	250	0.112	
190	9	1	86	0.107	
190	9	1	81	0.107	
190	9	1	85	0.117	
191	9	1	183	0.075	
191	9	1	250	0.114	
191	9	1	88	0.060	
191	9	1	91	0.060	
191	9	1	94	0.027	
192	9	1	250	0.091	
192	9	1	250	0.090	
192	9	1	111	0.083	
192	9	1	107	0.052	
192	9	1	101	0.082	
193	9	1	250	0.082	
193	9	1	132	0.049	
193	9	1	51	0.107	
193	9	1	53	0.102	
193	9	1	75	0.095	
194	9	1	146	0.100	
194	9	1	192	0.077	
194	9	1	82	0.096	
194	9	1	88	0.094	
194	9	1	82	0.083	
195	9	1	250	0.075	
195	9	1	250	0.096	
195	9	1	75	0.067	
195	9	1	87	0.075	
195	9	1	76	0.086	
196	9	1	106	0.082	
196	9	1	91	0.091	
196	9	1	74	0.107	
196	9	1	71	0.083	
196	9	1	74	0.088	
197	9	1	80	0.114	
197	9	1	86	0.084	
197	9	1	78	0.117	
197	9	1	79	0.062	
197	9	1	79	0.082	
198	9	1	250	1.651	
198	9	1	250	1.488	
198	9	1	84	0.052	
198	9	1	71	0.094	
198	9	1	78	0.077	
199	9	1	250	0.051	
199	9	1	250	0.013	
199	9	1	85	0.070	
199	9	1	85	0.066	
199	9	1	85	0.095	
200	9	1	111	0.093	
200	9	1	114	0.090	
200	9	1	71	0.109	
200	9	1	71	0.109	
200	9	1	76	0.115	
201	9	1	250	0.104	
201	9	1	250	0.088	
201	9	1	104	0.113	
201	9	1	91	0.075	
201	9	1	92	0.078	
202	9	1	86	0.168	
202	9	1	101	0.112	
202	9	1	71	0.109	
202	9	1	82	0.078	
202	9	1	72	0.130	
203	9	1	126	0.116	
203	9	1	130	0.077	
203	9	1	79	0.110	
203	9	1	82	0.106	
203	9	1	77	0.117	
204	9	1	250	0.092	
204	9	1	194	0.077	
204	9	1	96	0.105	
204	9	1	90	0.042	
204	9	1	88	0.086	
205	9	1	250	0.084	
205	9	1	145	0.083	
205	9	1	124	0.097	
205	9	1	96	0.109	
205	9	1	77	0.099	
206	9	1	119	0.093	
206	9	1	109	0.100	
206	9	1	70	0.105	
206	9	1	99	0.096	
206	9	1	72	0.104	
207	9	1	172	0.090	
207	9	1	250	0.063	
207	9	1	96	0.073	
207	9	1	86	0.086	
207	9	1	96	0.089	
208	9	1	250	0.058	
208	9	1	250	0.065	
208	9	1	72	0.111	
208	9	1	52	0.111	
208	9	1	74	0.105	
209	9	1	110	0.093	
209	9	1	109	0.085	
209	9	1	77	0.107	
209	9	1	79	0.080	
209	9	1	75	0.142	
210	9	1	113	0.095	
210	9	1	115	0.096	
210	9	1	81	0.099	
210	9	1	79	0.095	
210	9	1	85	0.090	
211	9	1	250	0.070	
211	9	1	250	0.079	
211	9	1	81	0.069	
211	9	1	100	0.085	
211	9	1	50	0.058	
212	9	1	92	0.127	
212	9	1	92	0.134	
212	9	1	68	0.112	
212	9	1	68	0.112	
212	9	1	68	0.132	
213	9	1	115	0.088	
213	9	1	103	0.069	
213	9	1	83	0.069	
213	9	1	86	0.076	
213	9	1	77	0.084	
214	9	1	132	0.112	
214	9	1	138	0.089	
214	9	1	91	0.094	
214	9	1	91	0.095	
214	9	1	95	0.091	
215	9	1	91	0.147	
215	9	1	97	0.120	
215	9	1	77	0.092	
215	9	1	78	0.122	
215	9	1	83	0.125	
216	9	1	115	0.098	
216	9	1	123	0.092	
216	9	1	81	0.080	
216	9	1	83	0.069	
216	9	1	85	0.095	
217	9	1	250	0.100	
217	9	1	85	0.096	
217	9	1	84	0.080	
217	9	1	80	0.095	
217	9	1	82	0.113	
218	9	1	130	0.074	
218	9	1	80	0.096	
218	9	1	78	0.101	
218	9	1	82	0.119	
218	9	1	77	0.125	
219	9	1	250	0.055	
219	9	1	250	0.056	
219	9	1	89	0.099	
219	9	1	110	0.092	
219	9	1	94	0.106	
220	9	1	250	0.097	
220	9	1	250	0.102	
220	9	1	74	0.117	
220	9	1	75	0.135	
220	9	1	80	0.096	
221	9	1	250	0.277	
221	9	1	250	0.089	
221	9	1	66	0.064	
221	9	1	89	0.085	
221	9	1	75	0.074	
222	9	1	250	0.057	
222	9	1	186	0.068	
222	9	1	81	0.054	
222	9	1	78	0.103	
222	9	1	85	0.112	
223	9	1	119	0.095	
223	9	1	126	0.088	
223	9	1	78	0.107	
223	9	1	78	0.102	
223	9	1	75	0.117	
224	9	1	194	0.045	
224	9	1	250	0.049	
224	9	1	78	0.051	
224	9	1	79	0.053	
224	9	1	83	0.065	
225	9	1	250	0.082	
225	9	1	250	0.101	
225	9	1	78	0.090	
225	9	1	88	0.082	
225	9	1	79	0.106	
226	9	1	120	0.102	
226	9	1	83	0.121	
226	9	1	72	0.078	
226	9	1	71	0.088	
226	9	1	72	0.115	
227	9	1	250	0.754	
227	9	1	250	0.532	
227	9	1	95	0.102	
227	9	1	82	0.131	
227	9	1	89	0.062	
228	9	1	250	0.517	
228	9	1	250	0.369	
228	9	1	101	0.093	
228	9	1	105	0.100	
228	9	1	101	0.087	
229	9	1	250	0.084	
229	9	1	250	0.091	
229	9	1	76	0.073	
229	9	1	89	0.077	
229	9	1	76	0.073	
230	9	1	100	0.097	
230	9	1	115	0.082	
230	9	1	89	0.038	
230	9	1	81	0.098	
230	9	1	84	0.092	
231	9	1	250	0.113	
231	9	1	250	0.086	
231	9	1	74	0.185	
231	9	1	76	0.158	
231	9	1	73	0.143	
232	9	1	250	0.053	
232	9	1	250	0.055	
232	9	1	76	0.090	
232	9	1	76	0.087	
232	9	1	81	0.073	
233	9	1	79	0.316	
233	9	1	74	0.251	
233	9	1	68	0.184	
233	9	1	69	0.231	
233	9	1	68	0.197	
234	9	1	94	0.077	
234	9	1	103	0.101	
234	9	1	85	0.108	
234	9	1	85	0.118	
234	9	1	74	0.094	
235	9	1	250	0.013	
235	9	1	250	0.062	
235	9	1	85	0.073	
235	9	1	97	0.038	
235	9	1	82	0.051	
236	9	1	250	0.121	
236	9	1	250	0.093	
236	9	1	71	0.146	
236	9	1	71	0.143	
236	9	1	71	0.143	
237	9	1	110	0.084	
237	9	1	89	0.085	
237	9	1	33	0.082	
237	9	1	38	0.069	
237	9	1	39	0.104	
238	9	1	125	0.066	
238	9	1	120	0.075	
238	9	1	79	0.074	
238	9	1	90	0.077	
238	9	1	87	0.057	
239	9	1	250	0.141	
239	9	1	250	0.137	
239	9	1	76	0.147	
239	9	1	76	0.146	
239	9	1	76	0.132	
240	9	1	250	0.118	
240	9	1	250	0.077	
240	9	1	76	0.135	
240	9	1	77	0.142	
240	9	1	76	0.142	
241	9	1	96	0.103	
241	9	1	100	0.097	
241	9	1	39	0.132	
241	9	1	91	0.092	
241	9	1	94	0.084	
242	9	1	250	0.127	
242	9	1	250	0.103	
242	9	1	87	0.091	
242	9	1	84	0.105	
242	9	1	82	0.077	
243	9	1	250	0.071	
243	9	1	250	0.063	
243	9	1	37	0.099	
243	9	1	53	0.103	
243	9	1	49	0.099	
244	9	1	98	0.066	
244	9	1	74	0.100	
244	9	1	88	0.097	
244	9	1	92	0.083	
244	9	1	85	0.095	
245	9	1	250	0.131	
245	9	1	250	0.242	
245	9	1	86	0.067	
245	9	1	80	0.079	
245	9	1	96	0.074	
246	9	1	250	0.058	
246	9	1	250	0.075	
246	9	1	85	0.078	
246	9	1	53	0.107	
246	9	1	45	0.111	
247	9	1	80	0.064	
247	9	1	77	0.112	
247	9	1	71	0.135	
247	9	1	78	0.177	
247	9	1	69	0.143	
248	9	1	111	0.101	
248	9	1	138	0.087	
248	9	1	78	0.135	
248	9	1	79	0.122	
248	9	1	75	0.095	
249	9	1	250	0.075	
249	9	1	105	0.115	
249	9	1	92	0.137	
249	9	1	83	0.118	
249	9	1	99	0.144	
250	9	1	250	0.079	
250	9	1	250	0.060	
250	9	1	46	0.081	
250	9	1	80	0.078	
250	9	1	88	0.064	
251	9	1	117	0.063	
251	9	1	100	0.065	
251	9	1	72	0.074	
251	9	1	68	0.116	
251	9	1	73	0.067	
252	9	1	103	0.069	
252	9	1	77	0.104	
252	9	1	69	0.090	
252	9	1	69	0.090	
252	9	1	69	0.090	
253	9	1	104	0.093	
253	9	1	55	0.094	
253	9	1	40	0.092	
253	9	1	85	0.103	
253	9	1	81	0.103	
254	9	1	250	0.080	
254	9	1	250	0.171	
254	9	1	81	0.111	
254	9	1	83	0.109	
254	9	1	83	0.119	
255	9	1	250	0.095	
255	9	1	155	0.105	
255	9	1	82	0.074	
255	9	1	84	0.064	
255	9	1	90	0.072	
256	9	1	250	0.119	
256	9	1	250	0.119	
256	9	1	80	0.090	
256	9	1	81	0.075	
256	9	1	93	0.102	
257	9	1	84	0.162	
257	9	1	76	0.193	
257	9	1	70	0.172	
257	9	1	71	0.206	
257	9	1	71	0.168	
258	9	1	250	0.279	
258	9	1	250	0.297	
258	9	1	33	0.143	
258	9	1	82	0.122	
258	9	1	34	0.124	
259	9	1	96	0.190	
259	9	1	90	0.197	
259	9	1	82	0.139	
259	9	1	82	0.114	
259	9	1	73	0.131	
260	9	1	154	0.069	
260	9	1	150	0.073	
260	9	1	108	0.107	
260	9	1	103	0.101	
260	9	1	104	0.107	
261	9	1	250	0.203	
261	9	1	250	0.095	
261	9	1	73	0.080	
261	9	1	74	0.101	
261	9	1	77	0.081	
262	9	1	250	0.153	
262	9	1	250	0.160	
262	9	1	78	0.108	
262	9	1	34	0.170	
262	9	1	78	0.083	
263	9	1	250	0.049	
263	9	1	250	0.046	
263	9	1	70	0.102	
263	9	1	71	0.121	
263	9	1	73	0.120	
264	9	1	91	0.116	
264	9	1	93	0.092	
264	9	1	83	0.049	
264	9	1	78	0.081	
264	9	1	75	0.080	
265	9	1	250	0.102	
265	9	1	250	0.145	
265	9	1	92	0.112	
265	9	1	98	0.100	
265	9	1	85	0.099	
266	9	1	102	0.119	
266	9	1	113	0.116	
266	9	1	89	0.113	
266	9	1	59	0.095	
266	9	1	94	0.104	
267	9	1	250	0.054	
267	9	1	250	0.065	
267	9	1	75	0.084	
267	9	1	74	0.112	
267	9	1	77	0.128	
268	9	1	250	0.520	
268	9	1	250	0.170	
268	9	1	82	0.063	
268	9	1	79	0.065	
268	9	1	84	0.080	
269	9	1	250	0.056	
269	9	1	250	0.058	
269	9	1	85	0.071	
269	9	1	81	0.082	
269	9	1	79	0.092	
270	9	1	250	0.064	
270	9	1	250	0.065	
270	9	1	72	0.100	
270	9	1	71	0.137	
270	9	1	77	0.108	
271	9	1	250	0.057	
271	9	1	250	0.064	
271	9	1	96	0.043	
271	9	1	94	0.082	
271	9	1	96	0.076	
272	9	1	147	0.067	
272	9	1	130	0.071	
272	9	1	80	0.080	
272	9	1	86	0.073	
272	9	1	81	0.091	
273	9	1	250	0.093	
273	9	1	250	0.111	
273	9	1	50	0.123	
273	9	1	51	0.109	
273	9	1	97	0.083	
274	9	1	69	0.162	
274	9	1	70	0.176	
274	9	1	69	0.175	
274	9	1	69	0.165	
274	9	1	70	0.211	
275	9	1	132	0.100	
275	9	1	151	0.073	
275	9	1	90	0.063	
275	9	1	97	0.066	
275	9	1	88	0.077	
276	9	1	142	0.081	
276	9	1	139	0.082	
276	9	1	95	0.064	
276	9	1	96	0.092	
276	9	1	59	0.117	
277	9	1	250	0.065	
277	9	1	250	0.082	
277	9	1	76	0.140	
277	9	1	86	0.063	
277	9	1	87	0.109	
278	9	1	110	0.104	
278	9	1	106	0.105	
278	9	1	89	0.085	
278	9	1	83	0.099	
278	9	1	250	0.058	
279	9	1	121	0.087	
279	9	1	115	0.093	
279	9	1	36	0.081	
279	9	1	39	0.096	
279	9	1	98	0.085	
280	9	1	250	0.106	
280	9	1	250	0.061	
280	9	1	81	0.119	
280	9	1	83	0.081	
280	9	1	87	0.054	
281	9	1	69	0.082	
281	9	1	63	0.073	
281	9	1	69	0.095	
281	9	1	107	0.105	
281	9	1	107	0.104	
282	9	1	250	0.080	
282	9	1	250	0.070	
282	9	1	91	0.108	
282	9	1	109	0.077	
282	9	1	111	0.090	
283	9	1	142	0.081	
283	9	1	133	0.094	
283	9	1	57	0.082	
283	9	1	110	0.078	
283	9	1	54	0.071	
284	9	1	250	0.087	
284	9	1	250	0.098	
284	9	1	79	0.103	
284	9	1	76	0.131	
284	9	1	79	0.115	
285	9	1	181	0.064	
285	9	1	250	0.062	
285	9	1	103	0.074	
285	9	1	103	0.036	
285	9	1	95	0.082	
286	9	1	87	0.103	
286	9	1	54	0.119	
286	9	1	82	0.096	
286	9	1	95	0.102	
286	9	1	50	0.126	
287	9	1	151	0.059	
287	9	1	152	0.075	
287	9	1	101	0.085	
287	9	1	105	0.075	
287	9	1	109	0.087	
288	9	1	150	0.043	
288	9	1	127	0.064	
288	9	1	103	0.058	
288	9	1	83	0.046	
288	9	1	91	0.069	
289	9	1	98	0.147	
289	9	1	104	0.141	
289	9	1	84	0.129	
289	9	1	81	0.134	
289	9	1	105	0.131	
290	9	1	250	0.102	
290	9	1	250	0.175	
290	9	1	82	0.119	
290	9	1	85	0.142	
290	9	1	79	0.142	
291	9	1	250	0.388	
291	9	1	250	0.125	
291	9	1	70	0.213	
291	9	1	70	0.244	
291	9	1	70	0.231	
292	9	1	160	0.091	
292	9	1	250	0.075	
292	9	1	109	0.091	
292	9	1	89	0.096	
292	9	1	103	0.109	
293	9	1	122	0.097	
293	9	1	138	0.101	
293	9	1	132	0.097	
293	9	1	56	0.112	
293	9	1	89	0.103	
294	9	1	110	0.124	
294	9	1	176	0.109	
294	9	1	95	0.085	
294	9	1	62	0.064	
294	9	1	94	0.056	
295	9	1	250	0.066	
295	9	1	250	0.066	
295	9	1	93	0.083	
295	9	1	140	0.027	
295	9	1	95	0.096	
296	9	1	99	0.136	
296	9	1	104	0.109	
296	9	1	77	0.102	
296	9	1	75	0.090	
296	9	1	74	0.074	
297	9	1	250	0.091	
297	9	1	250	0.126	
297	9	1	34	0.110	
297	9	1	79	0.111	
297	9	1	82	0.103	
298	9	1	114	0.101	
298	9	1	97	0.113	
298	9	1	90	0.060	
298	9	1	78	0.117	
298	9	1	92	0.075	
299	9	1	88	0.075	
299	9	1	91	0.071	
299	9	1	92	0.080	
299	9	1	92	0.061	
299	9	1	88	0.076	
