Below are the simulation results for the test trials
WORLD	TASK	SUCCESS	STEPS	LOWEST_CLEARANCE
0	6	1	67	0.056	
0	6	1	97	0.110	
0	6	1	71	0.108	
0	6	1	71	0.128	
0	6	1	70	0.088	
1	6	1	250	0.117	
1	6	1	250	0.143	
1	6	1	70	0.107	
1	6	1	69	0.158	
1	6	1	69	0.106	
2	6	1	250	1.650	
2	6	1	250	1.223	
2	6	1	29	0.073	
2	6	1	70	0.109	
2	6	1	69	0.095	
3	6	1	250	0.135	
3	6	1	250	0.232	
3	6	1	71	0.167	
3	6	1	70	0.197	
3	6	1	71	0.208	
4	6	1	133	0.074	
4	6	1	161	0.073	
4	6	1	54	0.074	
4	6	1	71	0.100	
4	6	1	75	0.097	
5	6	1	250	1.579	
5	6	1	250	0.980	
5	6	1	68	0.185	
5	6	1	68	0.185	
5	6	1	68	0.184	
6	6	1	43	0.073	
6	6	1	107	0.097	
6	6	1	72	0.117	
6	6	1	73	0.110	
6	6	1	71	0.113	
7	6	1	250	1.650	
7	6	1	250	1.752	
7	6	1	71	0.091	
7	6	1	72	0.107	
7	6	1	86	0.103	
8	6	1	73	0.133	
8	6	1	73	0.123	
8	6	1	70	0.116	
8	6	1	69	0.134	
8	6	1	69	0.102	
9	6	1	71	0.130	
9	6	1	68	0.159	
9	6	1	68	0.212	
9	6	1	68	0.156	
9	6	1	68	0.101	
10	6	1	250	0.229	
10	6	1	250	0.211	
10	6	1	70	0.097	
10	6	1	70	0.138	
10	6	1	71	0.144	
11	6	1	70	0.182	
11	6	1	70	0.179	
11	6	1	68	0.165	
11	6	1	70	0.149	
11	6	1	68	0.165	
12	6	1	214	0.076	
12	6	1	210	0.080	
12	6	1	55	0.049	
12	6	1	71	0.112	
12	6	1	55	0.055	
13	6	1	73	0.081	
13	6	1	73	0.130	
13	6	1	67	0.124	
13	6	1	68	0.116	
13	6	1	68	0.145	
14	6	1	95	0.124	
14	6	1	84	0.180	
14	6	1	69	0.133	
14	6	1	55	0.074	
14	6	1	69	0.157	
15	6	1	72	0.223	
15	6	1	72	0.250	
15	6	1	70	0.157	
15	6	1	71	0.209	
15	6	1	71	0.208	
16	6	1	87	0.195	
16	6	1	95	0.117	
16	6	1	69	0.103	
16	6	1	39	0.074	
16	6	1	71	0.105	
17	6	1	86	0.145	
17	6	1	71	0.245	
17	6	1	69	0.121	
17	6	1	69	0.127	
17	6	1	69	0.079	
18	6	1	250	1.103	
18	6	1	250	0.978	
18	6	1	68	0.107	
18	6	1	68	0.101	
18	6	1	68	0.110	
19	6	1	250	0.076	
19	6	1	212	0.074	
19	6	1	47	0.073	
19	6	1	75	0.075	
19	6	1	47	0.065	
20	6	1	69	0.253	
20	6	1	75	0.166	
20	6	1	68	0.250	
20	6	1	68	0.250	
20	6	1	68	0.245	
21	6	1	76	0.188	
21	6	1	72	0.204	
21	6	1	70	0.106	
21	6	1	72	0.140	
21	6	1	70	0.166	
22	6	1	250	1.292	
22	6	1	250	0.687	
22	6	1	69	0.083	
22	6	1	69	0.089	
22	6	1	38	0.063	
23	6	1	49	0.096	
23	6	1	202	0.088	
23	6	1	29	0.110	
23	6	1	29	0.117	
23	6	1	29	0.117	
24	6	1	74	0.112	
24	6	1	76	0.137	
24	6	1	71	0.080	
24	6	1	72	0.129	
24	6	1	72	0.106	
25	6	1	250	1.379	
25	6	1	250	0.776	
25	6	1	68	0.158	
25	6	1	68	0.099	
25	6	1	68	0.158	
26	6	1	69	0.120	
26	6	1	69	0.120	
26	6	1	69	0.133	
26	6	1	69	0.126	
26	6	1	69	0.116	
27	6	1	94	0.160	
27	6	1	104	0.138	
27	6	1	69	0.148	
27	6	1	70	0.120	
27	6	1	70	0.120	
28	6	1	250	0.230	
28	6	1	250	0.958	
28	6	1	68	0.121	
28	6	1	68	0.126	
28	6	1	68	0.141	
29	6	1	250	0.118	
29	6	1	177	0.076	
29	6	1	41	0.094	
29	6	1	42	0.111	
29	6	1	41	0.077	
30	6	1	206	0.104	
30	6	1	131	0.073	
30	6	1	71	0.121	
30	6	1	72	0.107	
30	6	1	72	0.090	
31	6	1	80	0.152	
31	6	1	83	0.097	
31	6	1	69	0.134	
31	6	1	70	0.114	
31	6	1	70	0.145	
32	6	1	250	0.822	
32	6	1	250	1.114	
32	6	1	68	0.104	
32	6	1	68	0.115	
32	6	1	68	0.093	
33	6	1	60	0.057	
33	6	1	58	0.073	
33	6	1	33	0.052	
33	6	1	33	0.057	
33	6	1	35	0.075	
34	6	1	69	0.137	
34	6	1	69	0.137	
34	6	1	68	0.157	
34	6	1	68	0.157	
34	6	1	68	0.157	
35	6	1	92	0.102	
35	6	1	93	0.114	
35	6	1	73	0.087	
35	6	1	71	0.096	
35	6	1	72	0.089	
36	6	1	113	0.174	
36	6	1	86	0.191	
36	6	1	68	0.199	
36	6	1	68	0.207	
36	6	1	68	0.207	
37	6	1	250	0.567	
37	6	1	250	0.362	
37	6	1	70	0.117	
37	6	1	72	0.101	
37	6	1	71	0.080	
38	6	1	250	1.060	
38	6	1	250	1.345	
38	6	1	70	0.123	
38	6	1	70	0.097	
38	6	1	69	0.096	
39	6	1	89	0.082	
39	6	1	100	0.145	
39	6	1	69	0.100	
39	6	1	69	0.147	
39	6	1	68	0.166	
40	6	1	115	0.464	
40	6	1	98	0.450	
40	6	1	68	0.336	
40	6	1	68	0.336	
40	6	1	68	0.347	
41	6	1	68	0.255	
41	6	1	71	0.273	
41	6	1	68	0.201	
41	6	1	68	0.219	
41	6	1	68	0.202	
42	6	1	68	0.656	
42	6	1	68	0.656	
42	6	1	68	0.647	
42	6	1	68	0.647	
42	6	1	68	0.647	
43	6	1	250	0.132	
43	6	1	250	0.100	
43	6	1	39	0.069	
43	6	1	72	0.086	
43	6	1	71	0.078	
44	6	1	236	0.075	
44	6	1	195	0.074	
44	6	1	72	0.108	
44	6	1	71	0.147	
44	6	1	70	0.097	
45	6	1	57	0.075	
45	6	1	80	0.102	
45	6	1	30	0.079	
45	6	1	70	0.107	
45	6	1	69	0.077	
46	6	1	194	0.076	
46	6	1	90	0.074	
46	6	1	69	0.104	
46	6	1	70	0.094	
46	6	1	71	0.123	
47	6	1	90	0.063	
47	6	1	83	0.072	
47	6	1	41	0.072	
47	6	1	42	0.061	
47	6	1	72	0.086	
48	6	1	73	0.151	
48	6	1	76	0.149	
48	6	1	70	0.084	
48	6	1	69	0.159	
48	6	1	69	0.116	
49	6	1	250	0.122	
49	6	1	250	0.216	
49	6	1	73	0.115	
49	6	1	74	0.087	
49	6	1	55	0.056	
50	6	1	250	0.846	
50	6	1	250	0.825	
50	6	1	70	0.249	
50	6	1	70	0.184	
50	6	1	70	0.198	
51	6	1	250	0.622	
51	6	1	250	1.320	
51	6	1	69	0.168	
51	6	1	69	0.157	
51	6	1	70	0.204	
52	6	1	250	1.834	
52	6	1	250	1.833	
52	6	1	70	0.148	
52	6	1	69	0.113	
52	6	1	69	0.133	
53	6	1	228	0.129	
53	6	1	224	0.129	
53	6	1	70	0.098	
53	6	1	71	0.092	
53	6	1	69	0.134	
54	6	1	93	0.233	
54	6	1	111	0.138	
54	6	1	69	0.238	
54	6	1	68	0.184	
54	6	1	68	0.183	
55	6	1	250	0.249	
55	6	1	250	0.301	
55	6	1	73	0.085	
55	6	1	71	0.099	
55	6	1	72	0.092	
56	6	1	81	0.198	
56	6	1	82	0.242	
56	6	1	28	0.088	
56	6	1	69	0.124	
56	6	1	68	0.103	
57	6	1	250	0.164	
57	6	1	250	0.757	
57	6	1	71	0.102	
57	6	1	71	0.126	
57	6	1	71	0.135	
58	6	1	250	0.159	
58	6	1	145	0.106	
58	6	1	85	0.089	
58	6	1	35	0.072	
58	6	1	32	0.067	
59	6	1	67	0.069	
59	6	1	89	0.081	
59	6	1	52	0.070	
59	6	1	74	0.094	
59	6	1	46	0.065	
60	6	1	100	0.081	
60	6	1	66	0.070	
60	6	1	70	0.076	
60	6	1	30	0.054	
60	6	1	30	0.075	
61	6	1	250	0.317	
61	6	1	135	0.307	
61	6	1	68	0.371	
61	6	1	68	0.371	
61	6	1	68	0.371	
62	6	1	52	0.060	
62	6	1	52	0.070	
62	6	1	80	0.085	
62	6	1	35	0.048	
62	6	1	78	0.097	
63	6	1	79	0.149	
63	6	1	79	0.156	
63	6	1	69	0.107	
63	6	1	70	0.091	
63	6	1	71	0.168	
64	6	1	84	0.114	
64	6	1	60	0.110	
64	6	1	69	0.131	
64	6	1	69	0.172	
64	6	1	69	0.148	
65	6	1	89	0.207	
65	6	1	75	0.237	
65	6	1	68	0.206	
65	6	1	69	0.205	
65	6	1	69	0.201	
66	6	1	153	0.106	
66	6	1	124	0.104	
66	6	1	69	0.125	
66	6	1	69	0.125	
66	6	1	69	0.127	
67	6	1	93	0.473	
67	6	1	107	0.436	
67	6	1	68	0.353	
67	6	1	68	0.353	
67	6	1	68	0.353	
68	6	1	72	0.125	
68	6	1	74	0.163	
68	6	1	67	0.156	
68	6	1	68	0.131	
68	6	1	67	0.165	
69	6	1	35	0.074	
69	6	1	120	0.082	
69	6	1	70	0.084	
69	6	1	70	0.110	
69	6	1	85	0.114	
70	6	1	250	0.220	
70	6	1	250	0.136	
70	6	1	69	0.114	
70	6	1	69	0.135	
70	6	1	70	0.106	
71	6	1	69	0.116	
71	6	1	70	0.116	
71	6	1	68	0.114	
71	6	1	68	0.114	
71	6	1	68	0.114	
72	6	1	68	0.211	
72	6	1	68	0.225	
72	6	1	68	0.219	
72	6	1	68	0.221	
72	6	1	68	0.199	
73	6	1	222	0.099	
73	6	1	206	0.102	
73	6	1	69	0.104	
73	6	1	69	0.126	
73	6	1	71	0.093	
74	6	1	71	0.226	
74	6	1	71	0.091	
74	6	1	69	0.153	
74	6	1	71	0.149	
74	6	1	71	0.145	
75	6	1	68	0.369	
75	6	1	68	0.365	
75	6	1	68	0.350	
75	6	1	68	0.350	
75	6	1	68	0.353	
76	6	1	174	0.099	
76	6	1	143	0.081	
76	6	1	69	0.101	
76	6	1	68	0.131	
76	6	1	72	0.122	
77	6	1	167	0.105	
77	6	1	151	0.092	
77	6	1	69	0.133	
77	6	1	69	0.130	
77	6	1	70	0.130	
78	6	1	250	0.863	
78	6	1	250	0.831	
78	6	1	70	0.126	
78	6	1	68	0.115	
78	6	1	69	0.097	
79	6	1	121	0.161	
79	6	1	108	0.118	
79	6	1	69	0.091	
79	6	1	70	0.114	
79	6	1	70	0.192	
80	6	1	192	0.095	
80	6	1	206	0.102	
80	6	1	55	0.068	
80	6	1	31	0.122	
80	6	1	73	0.103	
81	6	1	83	0.086	
81	6	1	73	0.157	
81	6	1	69	0.144	
81	6	1	69	0.124	
81	6	1	70	0.168	
82	6	1	78	0.086	
82	6	1	37	0.053	
82	6	1	33	0.074	
82	6	1	69	0.076	
82	6	1	68	0.107	
83	6	1	119	0.117	
83	6	1	136	0.119	
83	6	1	69	0.128	
83	6	1	70	0.132	
83	6	1	69	0.169	
84	6	1	76	0.112	
84	6	1	75	0.139	
84	6	1	69	0.082	
84	6	1	68	0.141	
84	6	1	69	0.123	
85	6	1	88	0.107	
85	6	1	109	0.102	
85	6	1	70	0.133	
85	6	1	70	0.109	
85	6	1	74	0.076	
86	6	1	250	1.768	
86	6	1	250	1.175	
86	6	1	73	0.085	
86	6	1	70	0.095	
86	6	1	70	0.103	
87	6	1	109	0.133	
87	6	1	116	0.136	
87	6	1	69	0.077	
87	6	1	69	0.083	
87	6	1	69	0.109	
88	6	1	72	0.118	
88	6	1	70	0.169	
88	6	1	70	0.111	
88	6	1	71	0.092	
88	6	1	70	0.082	
89	6	1	250	1.275	
89	6	1	250	1.733	
89	6	1	69	0.088	
89	6	1	69	0.098	
89	6	1	70	0.129	
90	6	1	70	0.158	
90	6	1	70	0.163	
90	6	1	69	0.142	
90	6	1	68	0.149	
90	6	1	68	0.158	
91	6	1	124	0.184	
91	6	1	109	0.188	
91	6	1	69	0.203	
91	6	1	70	0.192	
91	6	1	70	0.169	
92	6	1	70	0.132	
92	6	1	71	0.131	
92	6	1	69	0.104	
92	6	1	69	0.137	
92	6	1	69	0.106	
93	6	1	250	1.106	
93	6	1	250	1.067	
93	6	1	68	0.794	
93	6	1	68	0.794	
93	6	1	68	0.794	
94	6	1	68	0.390	
94	6	1	68	0.391	
94	6	1	68	0.363	
94	6	1	68	0.363	
94	6	1	68	0.384	
95	6	1	250	0.591	
95	6	1	250	0.279	
95	6	1	69	0.114	
95	6	1	69	0.142	
95	6	1	69	0.142	
96	6	1	250	0.968	
96	6	1	250	0.885	
96	6	1	72	0.085	
96	6	1	41	0.074	
96	6	1	40	0.056	
97	6	1	109	0.102	
97	6	1	118	0.101	
97	6	1	69	0.091	
97	6	1	69	0.102	
97	6	1	69	0.100	
98	6	1	250	0.108	
98	6	1	250	0.151	
98	6	1	29	0.206	
98	6	1	35	0.073	
98	6	1	29	0.165	
99	6	1	101	0.101	
99	6	1	93	0.087	
99	6	1	72	0.123	
99	6	1	71	0.118	
99	6	1	71	0.122	
100	6	1	250	1.502	
100	6	1	250	0.826	
100	6	1	69	0.089	
100	6	1	69	0.124	
100	6	1	68	0.163	
101	6	1	78	0.205	
101	6	1	70	0.325	
101	6	1	69	0.149	
101	6	1	68	0.276	
101	6	1	69	0.163	
102	6	1	78	0.103	
102	6	1	78	0.130	
102	6	1	68	0.179	
102	6	1	71	0.144	
102	6	1	68	0.155	
103	6	1	250	0.101	
103	6	1	168	0.075	
103	6	1	72	0.136	
103	6	1	71	0.112	
103	6	1	70	0.113	
104	6	1	250	0.155	
104	6	1	250	0.162	
104	6	1	72	0.104	
104	6	1	68	0.096	
104	6	1	72	0.099	
105	6	1	116	0.094	
105	6	1	105	0.087	
105	6	1	37	0.066	
105	6	1	77	0.099	
105	6	1	41	0.052	
106	6	1	80	0.100	
106	6	1	72	0.136	
106	6	1	70	0.122	
106	6	1	72	0.124	
106	6	1	68	0.184	
107	6	1	99	0.088	
107	6	1	77	0.211	
107	6	1	70	0.093	
107	6	1	68	0.103	
107	6	1	69	0.141	
108	6	1	159	0.100	
108	6	1	169	0.098	
108	6	1	69	0.119	
108	6	1	68	0.115	
108	6	1	68	0.140	
109	6	1	207	0.096	
109	6	1	203	0.126	
109	6	1	68	0.168	
109	6	1	68	0.093	
109	6	1	70	0.139	
110	6	1	84	0.151	
110	6	1	94	0.095	
110	6	1	71	0.176	
110	6	1	72	0.114	
110	6	1	71	0.146	
111	6	1	250	1.695	
111	6	1	250	1.569	
111	6	1	87	0.092	
111	6	1	85	0.101	
111	6	1	80	0.065	
112	6	1	173	0.073	
112	6	1	177	0.072	
112	6	1	38	0.063	
112	6	1	39	0.072	
112	6	1	41	0.084	
113	6	1	76	0.099	
113	6	1	81	0.093	
113	6	1	40	0.073	
113	6	1	80	0.109	
113	6	1	72	0.085	
114	6	1	250	0.496	
114	6	1	250	0.548	
114	6	1	72	0.092	
114	6	1	71	0.089	
114	6	1	73	0.094	
115	6	1	144	0.093	
115	6	1	62	0.091	
115	6	1	68	0.120	
115	6	1	39	0.132	
115	6	1	38	0.118	
116	6	1	72	0.178	
116	6	1	71	0.177	
116	6	1	71	0.106	
116	6	1	70	0.129	
116	6	1	69	0.107	
117	6	1	74	0.069	
117	6	1	99	0.085	
117	6	1	76	0.081	
117	6	1	43	0.073	
117	6	1	35	0.062	
118	6	1	160	0.073	
118	6	1	201	0.087	
118	6	1	70	0.106	
118	6	1	75	0.095	
118	6	1	59	0.074	
119	6	1	92	0.070	
119	6	1	69	0.066	
119	6	1	53	0.069	
119	6	1	83	0.083	
119	6	1	78	0.085	
120	6	1	250	1.216	
120	6	1	250	1.233	
120	6	1	71	0.092	
120	6	1	71	0.096	
120	6	1	73	0.127	
121	6	1	49	0.062	
121	6	1	51	0.095	
121	6	1	38	0.067	
121	6	1	71	0.116	
121	6	1	71	0.112	
122	6	1	71	0.122	
122	6	1	69	0.146	
122	6	1	82	0.084	
122	6	1	70	0.091	
122	6	1	71	0.088	
123	6	1	250	0.076	
123	6	1	250	0.083	
123	6	1	75	0.084	
123	6	1	70	0.094	
123	6	1	71	0.096	
124	6	1	96	0.097	
124	6	1	103	0.115	
124	6	1	70	0.119	
124	6	1	70	0.124	
124	6	1	70	0.124	
125	6	1	92	0.078	
125	6	1	89	0.097	
125	6	1	70	0.119	
125	6	1	69	0.132	
125	6	1	70	0.114	
126	6	1	250	0.093	
126	6	1	250	0.085	
126	6	1	69	0.117	
126	6	1	70	0.093	
126	6	1	70	0.107	
127	6	1	53	0.063	
127	6	1	60	0.043	
127	6	1	75	0.079	
127	6	1	70	0.080	
127	6	1	71	0.102	
128	6	1	250	1.182	
128	6	1	250	0.276	
128	6	1	68	0.117	
128	6	1	68	0.096	
128	6	1	68	0.112	
129	6	1	104	0.100	
129	6	1	34	0.054	
129	6	1	30	0.067	
129	6	1	29	0.067	
129	6	1	30	0.069	
130	6	1	250	1.772	
130	6	1	250	1.637	
130	6	1	70	0.120	
130	6	1	69	0.112	
130	6	1	69	0.123	
131	6	1	50	0.066	
131	6	1	98	0.120	
131	6	1	69	0.123	
131	6	1	70	0.095	
131	6	1	70	0.100	
132	6	1	92	0.187	
132	6	1	134	0.116	
132	6	1	70	0.084	
132	6	1	69	0.098	
132	6	1	70	0.088	
133	6	1	100	0.103	
133	6	1	84	0.118	
133	6	1	70	0.134	
133	6	1	76	0.109	
133	6	1	72	0.127	
134	6	1	250	1.112	
134	6	1	250	0.695	
134	6	1	70	0.105	
134	6	1	70	0.114	
134	6	1	69	0.100	
135	6	1	68	0.213	
135	6	1	68	0.143	
135	6	1	68	0.137	
135	6	1	69	0.136	
135	6	1	68	0.136	
136	6	1	82	0.068	
136	6	1	105	0.071	
136	6	1	69	0.075	
136	6	1	73	0.146	
136	6	1	70	0.104	
137	6	1	210	0.072	
137	6	1	185	0.075	
137	6	1	75	0.087	
137	6	1	77	0.088	
137	6	1	50	0.071	
138	6	1	250	0.149	
138	6	1	250	0.377	
138	6	1	49	0.073	
138	6	1	78	0.094	
138	6	1	78	0.094	
139	6	1	91	0.117	
139	6	1	89	0.096	
139	6	1	68	0.131	
139	6	1	69	0.124	
139	6	1	68	0.131	
140	6	1	193	0.096	
140	6	1	152	0.111	
140	6	1	74	0.113	
140	6	1	72	0.108	
140	6	1	71	0.087	
141	6	1	250	1.584	
141	6	1	250	1.667	
141	6	1	70	0.113	
141	6	1	72	0.112	
141	6	1	72	0.106	
142	6	1	86	0.127	
142	6	1	77	0.106	
142	6	1	69	0.120	
142	6	1	70	0.124	
142	6	1	70	0.113	
143	6	1	250	0.178	
143	6	1	227	0.073	
143	6	1	71	0.105	
143	6	1	70	0.116	
143	6	1	70	0.135	
144	6	1	97	0.106	
144	6	1	100	0.100	
144	6	1	71	0.111	
144	6	1	70	0.127	
144	6	1	72	0.124	
145	6	1	250	1.611	
145	6	1	250	1.374	
145	6	1	69	0.098	
145	6	1	68	0.105	
145	6	1	69	0.133	
146	6	1	73	0.113	
146	6	1	74	0.112	
146	6	1	69	0.108	
146	6	1	68	0.192	
146	6	1	69	0.121	
147	6	1	75	0.104	
147	6	1	75	0.102	
147	6	1	69	0.122	
147	6	1	71	0.133	
147	6	1	70	0.107	
148	6	1	250	1.619	
148	6	1	250	1.766	
148	6	1	72	0.081	
148	6	1	74	0.101	
148	6	1	85	0.081	
149	6	1	101	0.121	
149	6	1	95	0.126	
149	6	1	69	0.117	
149	6	1	69	0.128	
149	6	1	69	0.108	
150	6	1	47	0.073	
150	6	1	80	0.076	
150	6	1	72	0.107	
150	6	1	72	0.093	
150	6	1	70	0.112	
151	6	1	190	0.084	
151	6	1	139	0.083	
151	6	1	70	0.105	
151	6	1	70	0.101	
151	6	1	70	0.105	
152	6	1	104	0.087	
152	6	1	88	0.120	
152	6	1	68	0.133	
152	6	1	69	0.147	
152	6	1	69	0.146	
153	6	1	250	0.113	
153	6	1	250	0.619	
153	6	1	55	0.050	
153	6	1	53	0.069	
153	6	1	62	0.066	
154	6	1	109	0.111	
154	6	1	105	0.129	
154	6	1	69	0.125	
154	6	1	70	0.106	
154	6	1	69	0.110	
155	6	1	250	1.355	
155	6	1	250	1.188	
155	6	1	69	0.081	
155	6	1	69	0.164	
155	6	1	69	0.102	
156	6	1	71	0.205	
156	6	1	72	0.216	
156	6	1	69	0.154	
156	6	1	68	0.180	
156	6	1	69	0.172	
157	6	1	250	1.666	
157	6	1	250	1.575	
157	6	1	30	0.069	
157	6	1	73	0.086	
157	6	1	30	0.061	
158	6	1	67	0.069	
158	6	1	67	0.068	
158	6	1	73	0.092	
158	6	1	77	0.092	
158	6	1	75	0.087	
159	6	1	250	1.264	
159	6	1	250	1.763	
159	6	1	69	0.178	
159	6	1	69	0.111	
159	6	1	68	0.091	
160	6	1	70	0.088	
160	6	1	71	0.086	
160	6	1	69	0.096	
160	6	1	69	0.104	
160	6	1	69	0.098	
161	6	1	250	1.370	
161	6	1	250	0.709	
161	6	1	69	0.119	
161	6	1	68	0.125	
161	6	1	68	0.146	
162	6	1	93	0.081	
162	6	1	50	0.073	
162	6	1	71	0.081	
162	6	1	27	0.064	
162	6	1	70	0.096	
163	6	1	79	0.083	
163	6	1	84	0.084	
163	6	1	71	0.104	
163	6	1	74	0.097	
163	6	1	34	0.074	
164	6	1	91	0.112	
164	6	1	93	0.134	
164	6	1	69	0.127	
164	6	1	69	0.132	
164	6	1	69	0.169	
165	6	1	88	0.074	
165	6	1	95	0.071	
165	6	1	72	0.090	
165	6	1	50	0.043	
165	6	1	71	0.097	
166	6	1	32	0.073	
166	6	1	72	0.127	
166	6	1	72	0.088	
166	6	1	72	0.087	
166	6	1	70	0.094	
167	6	1	62	0.071	
167	6	1	53	0.078	
167	6	1	27	0.074	
167	6	1	28	0.065	
167	6	1	30	0.077	
168	6	1	250	0.161	
168	6	1	250	0.108	
168	6	1	52	0.070	
168	6	1	43	0.067	
168	6	1	42	0.058	
169	6	1	56	0.067	
169	6	1	56	0.073	
169	6	1	41	0.069	
169	6	1	78	0.092	
169	6	1	40	0.069	
170	6	1	250	0.101	
170	6	1	250	0.077	
170	6	1	69	0.166	
170	6	1	70	0.101	
170	6	1	71	0.101	
171	6	1	84	0.078	
171	6	1	49	0.065	
171	6	1	72	0.108	
171	6	1	39	0.074	
171	6	1	30	0.067	
172	6	1	250	1.254	
172	6	1	250	1.825	
172	6	1	71	0.090	
172	6	1	70	0.099	
172	6	1	71	0.099	
173	6	1	123	0.097	
173	6	1	135	0.078	
173	6	1	69	0.110	
173	6	1	70	0.114	
173	6	1	71	0.108	
174	6	1	69	0.140	
174	6	1	69	0.154	
174	6	1	69	0.153	
174	6	1	69	0.156	
174	6	1	71	0.152	
175	6	1	163	0.075	
175	6	1	115	0.112	
175	6	1	76	0.082	
175	6	1	76	0.094	
175	6	1	76	0.095	
176	6	1	91	0.067	
176	6	1	87	0.069	
176	6	1	75	0.096	
176	6	1	74	0.106	
176	6	1	74	0.136	
177	6	1	137	0.074	
177	6	1	108	0.080	
177	6	1	72	0.087	
177	6	1	72	0.084	
177	6	1	70	0.096	
178	6	1	75	0.109	
178	6	1	75	0.143	
178	6	1	34	0.073	
178	6	1	71	0.102	
178	6	1	71	0.086	
179	6	1	250	0.095	
179	6	1	250	0.093	
179	6	1	72	0.076	
179	6	1	71	0.085	
179	6	1	70	0.116	
180	6	1	38	0.072	
180	6	1	68	0.066	
180	6	1	35	0.071	
180	6	1	74	0.088	
180	6	1	33	0.062	
181	6	1	250	0.844	
181	6	1	250	1.651	
181	6	1	69	0.140	
181	6	1	37	0.071	
181	6	1	73	0.084	
182	6	1	101	0.081	
182	6	1	82	0.070	
182	6	1	73	0.086	
182	6	1	72	0.096	
182	6	1	75	0.076	
183	6	1	65	0.101	
183	6	1	70	0.115	
183	6	1	71	0.129	
183	6	1	71	0.109	
183	6	1	70	0.127	
184	6	1	82	0.131	
184	6	1	84	0.155	
184	6	1	71	0.111	
184	6	1	72	0.121	
184	6	1	73	0.136	
185	6	1	104	0.100	
185	6	1	92	0.077	
185	6	1	69	0.126	
185	6	1	70	0.106	
185	6	1	69	0.133	
186	6	1	100	0.079	
186	6	1	68	0.068	
186	6	1	70	0.094	
186	6	1	71	0.086	
186	6	1	70	0.082	
187	6	1	51	0.071	
187	6	1	65	0.073	
187	6	1	34	0.065	
187	6	1	55	0.073	
187	6	1	34	0.058	
188	6	1	250	0.081	
188	6	1	237	0.067	
188	6	1	69	0.128	
188	6	1	69	0.118	
188	6	1	72	0.099	
189	6	1	80	0.097	
189	6	1	84	0.096	
189	6	1	32	0.088	
189	6	1	71	0.082	
189	6	1	71	0.079	
190	6	1	86	0.112	
190	6	1	79	0.102	
190	6	1	71	0.105	
190	6	1	30	0.044	
190	6	1	75	0.120	
191	6	1	84	0.084	
191	6	1	82	0.088	
191	6	1	51	0.063	
191	6	1	74	0.087	
191	6	1	54	0.058	
192	6	1	250	0.251	
192	6	1	250	0.175	
192	6	1	30	0.091	
192	6	1	29	0.080	
192	6	1	30	0.102	
193	6	1	86	0.084	
193	6	1	82	0.109	
193	6	1	71	0.077	
193	6	1	70	0.081	
193	6	1	72	0.087	
194	6	1	250	1.380	
194	6	1	250	1.763	
194	6	1	70	0.098	
194	6	1	51	0.072	
194	6	1	49	0.068	
195	6	1	250	0.111	
195	6	1	250	0.084	
195	6	1	70	0.094	
195	6	1	69	0.091	
195	6	1	71	0.079	
196	6	1	250	0.089	
196	6	1	250	0.098	
196	6	1	41	0.072	
196	6	1	40	0.068	
196	6	1	69	0.081	
197	6	1	250	0.082	
197	6	1	109	0.070	
197	6	1	71	0.135	
197	6	1	72	0.127	
197	6	1	72	0.147	
198	6	1	68	0.091	
198	6	1	69	0.104	
198	6	1	51	0.073	
198	6	1	69	0.124	
198	6	1	69	0.090	
199	6	1	90	0.072	
199	6	1	110	0.086	
199	6	1	70	0.093	
199	6	1	70	0.090	
199	6	1	72	0.100	
200	6	1	87	0.121	
200	6	1	77	0.162	
200	6	1	70	0.118	
200	6	1	70	0.107	
200	6	1	71	0.115	
201	6	1	215	0.078	
201	6	1	250	0.100	
201	6	1	69	0.105	
201	6	1	69	0.109	
201	6	1	69	0.105	
202	6	1	75	0.109	
202	6	1	75	0.154	
202	6	1	69	0.157	
202	6	1	69	0.147	
202	6	1	70	0.097	
203	6	1	184	0.074	
203	6	1	250	0.118	
203	6	1	45	0.053	
203	6	1	53	0.079	
203	6	1	45	0.069	
204	6	1	250	0.262	
204	6	1	250	0.149	
204	6	1	73	0.099	
204	6	1	74	0.108	
204	6	1	69	0.091	
205	6	1	250	0.481	
205	6	1	250	0.151	
205	6	1	38	0.056	
205	6	1	77	0.109	
205	6	1	82	0.088	
206	6	1	112	0.090	
206	6	1	104	0.095	
206	6	1	73	0.094	
206	6	1	73	0.100	
206	6	1	70	0.096	
207	6	1	40	0.072	
207	6	1	50	0.060	
207	6	1	40	0.075	
207	6	1	43	0.066	
207	6	1	41	0.101	
208	6	1	98	0.074	
208	6	1	129	0.075	
208	6	1	47	0.069	
208	6	1	73	0.094	
208	6	1	72	0.107	
209	6	1	73	0.125	
209	6	1	73	0.147	
209	6	1	70	0.129	
209	6	1	71	0.098	
209	6	1	70	0.132	
210	6	1	250	0.118	
210	6	1	218	0.074	
210	6	1	69	0.083	
210	6	1	69	0.096	
210	6	1	69	0.090	
211	6	1	108	0.072	
211	6	1	90	0.075	
211	6	1	51	0.071	
211	6	1	69	0.076	
211	6	1	56	0.074	
212	6	1	250	1.213	
212	6	1	250	1.162	
212	6	1	70	0.148	
212	6	1	32	0.063	
212	6	1	32	0.051	
213	6	1	250	0.193	
213	6	1	250	0.102	
213	6	1	75	0.083	
213	6	1	72	0.124	
213	6	1	55	0.061	
214	6	1	113	0.075	
214	6	1	142	0.069	
214	6	1	73	0.089	
214	6	1	73	0.078	
214	6	1	73	0.082	
215	6	1	250	0.254	
215	6	1	250	0.242	
215	6	1	73	0.111	
215	6	1	74	0.079	
215	6	1	79	0.102	
216	6	1	89	0.138	
216	6	1	49	0.064	
216	6	1	38	0.071	
216	6	1	70	0.109	
216	6	1	69	0.140	
217	6	1	97	0.107	
217	6	1	86	0.109	
217	6	1	72	0.119	
217	6	1	72	0.122	
217	6	1	73	0.114	
218	6	1	71	0.129	
218	6	1	79	0.083	
218	6	1	69	0.095	
218	6	1	32	0.074	
218	6	1	70	0.087	
219	6	1	85	0.093	
219	6	1	88	0.080	
219	6	1	69	0.132	
219	6	1	69	0.128	
219	6	1	31	0.063	
220	6	1	61	0.067	
220	6	1	66	0.055	
220	6	1	46	0.057	
220	6	1	47	0.048	
220	6	1	45	0.053	
221	6	1	250	0.142	
221	6	1	250	0.109	
221	6	1	72	0.075	
221	6	1	60	0.064	
221	6	1	55	0.068	
222	6	1	250	0.590	
222	6	1	250	0.566	
222	6	1	34	0.100	
222	6	1	33	0.097	
222	6	1	34	0.097	
223	6	1	96	0.084	
223	6	1	98	0.108	
223	6	1	35	0.073	
223	6	1	70	0.089	
223	6	1	69	0.101	
224	6	1	250	0.094	
224	6	1	203	0.122	
224	6	1	70	0.086	
224	6	1	70	0.116	
224	6	1	70	0.091	
225	6	1	250	1.043	
225	6	1	250	0.912	
225	6	1	70	0.076	
225	6	1	68	0.093	
225	6	1	71	0.075	
226	6	1	95	0.087	
226	6	1	79	0.115	
226	6	1	70	0.121	
226	6	1	69	0.119	
226	6	1	69	0.112	
227	6	1	250	0.357	
227	6	1	250	0.757	
227	6	1	69	0.097	
227	6	1	50	0.063	
227	6	1	51	0.052	
228	6	1	36	0.080	
228	6	1	86	0.074	
228	6	1	47	0.107	
228	6	1	51	0.091	
228	6	1	50	0.108	
229	6	1	250	0.941	
229	6	1	250	0.941	
229	6	1	45	0.073	
229	6	1	70	0.079	
229	6	1	42	0.052	
230	6	1	54	0.070	
230	6	1	58	0.069	
230	6	1	35	0.062	
230	6	1	30	0.071	
230	6	1	30	0.065	
231	6	1	82	0.128	
231	6	1	77	0.141	
231	6	1	71	0.121	
231	6	1	72	0.143	
231	6	1	73	0.122	
232	6	1	250	1.168	
232	6	1	250	0.961	
232	6	1	50	0.074	
232	6	1	69	0.086	
232	6	1	69	0.117	
233	6	1	76	0.138	
233	6	1	74	0.147	
233	6	1	68	0.182	
233	6	1	68	0.165	
233	6	1	68	0.169	
234	6	1	89	0.106	
234	6	1	50	0.128	
234	6	1	69	0.091	
234	6	1	69	0.094	
234	6	1	69	0.101	
235	6	1	250	0.088	
235	6	1	185	0.125	
235	6	1	74	0.101	
235	6	1	38	0.097	
235	6	1	38	0.097	
236	6	1	75	0.091	
236	6	1	75	0.091	
236	6	1	69	0.138	
236	6	1	69	0.093	
236	6	1	69	0.127	
237	6	1	58	0.074	
237	6	1	37	0.071	
237	6	1	27	0.073	
237	6	1	30	0.071	
237	6	1	30	0.067	
238	6	1	144	0.072	
238	6	1	155	0.073	
238	6	1	70	0.096	
238	6	1	48	0.119	
238	6	1	45	0.098	
239	6	1	159	0.072	
239	6	1	124	0.065	
239	6	1	42	0.071	
239	6	1	73	0.104	
239	6	1	71	0.130	
240	6	1	155	0.118	
240	6	1	114	0.076	
240	6	1	72	0.104	
240	6	1	72	0.099	
240	6	1	72	0.145	
241	6	1	46	0.073	
241	6	1	89	0.089	
241	6	1	41	0.070	
241	6	1	72	0.097	
241	6	1	71	0.079	
242	6	1	61	0.070	
242	6	1	96	0.069	
242	6	1	70	0.103	
242	6	1	71	0.101	
242	6	1	39	0.075	
243	6	1	91	0.074	
243	6	1	141	0.074	
243	6	1	34	0.074	
243	6	1	33	0.072	
243	6	1	33	0.075	
244	6	1	104	0.082	
244	6	1	35	0.072	
244	6	1	42	0.067	
244	6	1	40	0.071	
244	6	1	39	0.075	
245	6	1	195	0.074	
245	6	1	250	0.076	
245	6	1	46	0.071	
245	6	1	50	0.059	
245	6	1	70	0.086	
246	6	1	250	1.612	
246	6	1	250	1.521	
246	6	1	34	0.073	
246	6	1	28	0.058	
246	6	1	28	0.044	
247	6	1	86	0.156	
247	6	1	95	0.108	
247	6	1	71	0.150	
247	6	1	69	0.130	
247	6	1	73	0.094	
248	6	1	76	0.125	
248	6	1	77	0.084	
248	6	1	70	0.103	
248	6	1	72	0.087	
248	6	1	41	0.060	
249	6	1	33	0.057	
249	6	1	45	0.065	
249	6	1	27	0.070	
249	6	1	78	0.103	
249	6	1	73	0.103	
250	6	1	250	1.487	
250	6	1	250	1.226	
250	6	1	35	0.060	
250	6	1	42	0.073	
250	6	1	30	0.072	
251	6	1	74	0.082	
251	6	1	81	0.134	
251	6	1	44	0.069	
251	6	1	68	0.122	
251	6	1	69	0.110	
252	6	1	71	0.086	
252	6	1	73	0.110	
252	6	1	70	0.116	
252	6	1	71	0.101	
252	6	1	70	0.116	
253	6	1	112	0.094	
253	6	1	98	0.086	
253	6	1	74	0.086	
253	6	1	73	0.091	
253	6	1	71	0.105	
254	6	1	120	0.079	
254	6	1	94	0.067	
254	6	1	76	0.102	
254	6	1	76	0.104	
254	6	1	75	0.093	
255	6	1	107	0.065	
255	6	1	151	0.071	
255	6	1	44	0.082	
255	6	1	42	0.065	
255	6	1	30	0.064	
256	6	1	250	0.888	
256	6	1	250	1.542	
256	6	1	71	0.101	
256	6	1	70	0.094	
256	6	1	75	0.080	
257	6	1	104	0.122	
257	6	1	98	0.102	
257	6	1	72	0.105	
257	6	1	72	0.105	
257	6	1	70	0.138	
258	6	1	181	0.074	
258	6	1	245	0.084	
258	6	1	39	0.075	
258	6	1	40	0.074	
258	6	1	48	0.075	
259	6	1	250	0.254	
259	6	1	250	0.741	
259	6	1	72	0.147	
259	6	1	79	0.075	
259	6	1	82	0.086	
260	6	1	250	1.235	
260	6	1	250	0.518	
260	6	1	80	0.099	
260	6	1	80	0.079	
260	6	1	82	0.094	
261	6	1	138	0.075	
261	6	1	113	0.101	
261	6	1	72	0.102	
261	6	1	71	0.109	
261	6	1	71	0.085	
262	6	1	250	0.078	
262	6	1	250	0.083	
262	6	1	70	0.083	
262	6	1	32	0.068	
262	6	1	46	0.070	
263	6	1	191	0.075	
263	6	1	234	0.075	
263	6	1	69	0.076	
263	6	1	68	0.114	
263	6	1	69	0.100	
264	6	1	88	0.080	
264	6	1	95	0.083	
264	6	1	70	0.115	
264	6	1	71	0.077	
264	6	1	70	0.085	
265	6	1	50	0.099	
265	6	1	45	0.066	
265	6	1	80	0.086	
265	6	1	39	0.126	
265	6	1	39	0.119	
266	6	1	86	0.069	
266	6	1	150	0.075	
266	6	1	76	0.093	
266	6	1	55	0.068	
266	6	1	76	0.092	
267	6	1	73	0.103	
267	6	1	72	0.110	
267	6	1	69	0.085	
267	6	1	55	0.070	
267	6	1	69	0.076	
268	6	1	250	1.402	
268	6	1	250	1.712	
268	6	1	72	0.091	
268	6	1	73	0.076	
268	6	1	73	0.078	
269	6	1	67	0.074	
269	6	1	103	0.077	
269	6	1	72	0.101	
269	6	1	75	0.102	
269	6	1	72	0.092	
270	6	1	73	0.073	
270	6	1	89	0.121	
270	6	1	69	0.121	
270	6	1	70	0.147	
270	6	1	68	0.173	
271	6	1	42	0.074	
271	6	1	49	0.066	
271	6	1	74	0.091	
271	6	1	76	0.078	
271	6	1	75	0.102	
272	6	1	52	0.071	
272	6	1	53	0.060	
272	6	1	38	0.069	
272	6	1	47	0.074	
272	6	1	50	0.068	
273	6	1	120	0.110	
273	6	1	56	0.075	
273	6	1	71	0.096	
273	6	1	31	0.108	
273	6	1	30	0.100	
274	6	1	72	0.115	
274	6	1	76	0.095	
274	6	1	68	0.167	
274	6	1	68	0.145	
274	6	1	68	0.124	
275	6	1	62	0.056	
275	6	1	66	0.072	
275	6	1	54	0.066	
275	6	1	54	0.069	
275	6	1	55	0.067	
276	6	1	80	0.122	
276	6	1	65	0.080	
276	6	1	40	0.069	
276	6	1	29	0.173	
276	6	1	55	0.072	
277	6	1	94	0.082	
277	6	1	91	0.127	
277	6	1	71	0.114	
277	6	1	69	0.103	
277	6	1	70	0.109	
278	6	1	250	0.084	
278	6	1	250	0.113	
278	6	1	32	0.072	
278	6	1	71	0.110	
278	6	1	72	0.098	
279	6	1	228	0.075	
279	6	1	185	0.074	
279	6	1	56	0.071	
279	6	1	77	0.079	
279	6	1	76	0.086	
280	6	1	85	0.096	
280	6	1	80	0.107	
280	6	1	73	0.112	
280	6	1	73	0.128	
280	6	1	70	0.126	
281	6	1	108	0.064	
281	6	1	106	0.069	
281	6	1	53	0.067	
281	6	1	78	0.088	
281	6	1	36	0.072	
282	6	1	187	0.075	
282	6	1	160	0.072	
282	6	1	78	0.089	
282	6	1	80	0.090	
282	6	1	78	0.088	
283	6	1	250	0.785	
283	6	1	250	0.546	
283	6	1	31	0.066	
283	6	1	33	0.052	
283	6	1	36	0.079	
284	6	1	131	0.071	
284	6	1	140	0.071	
284	6	1	71	0.109	
284	6	1	70	0.103	
284	6	1	70	0.085	
285	6	1	212	0.075	
285	6	1	250	0.079	
285	6	1	39	0.097	
285	6	1	74	0.094	
285	6	1	60	0.065	
286	6	1	200	0.074	
286	6	1	219	0.074	
286	6	1	71	0.105	
286	6	1	76	0.103	
286	6	1	72	0.094	
287	6	1	250	0.192	
287	6	1	250	0.084	
287	6	1	75	0.106	
287	6	1	80	0.081	
287	6	1	75	0.099	
288	6	1	183	0.075	
288	6	1	232	0.071	
288	6	1	72	0.102	
288	6	1	39	0.081	
288	6	1	39	0.085	
289	6	1	103	0.087	
289	6	1	122	0.146	
289	6	1	76	0.096	
289	6	1	78	0.125	
289	6	1	44	0.111	
290	6	1	56	0.074	
290	6	1	126	0.078	
290	6	1	74	0.091	
290	6	1	75	0.102	
290	6	1	74	0.085	
291	6	1	78	0.111	
291	6	1	80	0.131	
291	6	1	70	0.169	
291	6	1	69	0.135	
291	6	1	69	0.136	
292	6	1	79	0.071	
292	6	1	80	0.068	
292	6	1	71	0.122	
292	6	1	59	0.071	
292	6	1	33	0.119	
293	6	1	178	0.077	
293	6	1	83	0.085	
293	6	1	25	0.066	
293	6	1	25	0.069	
293	6	1	25	0.066	
294	6	1	55	0.068	
294	6	1	94	0.071	
294	6	1	88	0.087	
294	6	1	77	0.091	
294	6	1	79	0.085	
295	6	1	161	0.090	
295	6	1	80	0.102	
295	6	1	73	0.077	
295	6	1	74	0.111	
295	6	1	39	0.057	
296	6	1	71	0.126	
296	6	1	72	0.129	
296	6	1	71	0.102	
296	6	1	70	0.145	
296	6	1	71	0.097	
297	6	1	39	0.067	
297	6	1	45	0.074	
297	6	1	34	0.061	
297	6	1	33	0.055	
297	6	1	33	0.065	
298	6	1	66	0.074	
298	6	1	40	0.069	
298	6	1	34	0.068	
298	6	1	73	0.126	
298	6	1	76	0.076	
299	6	1	107	0.089	
299	6	1	99	0.100	
299	6	1	37	0.067	
299	6	1	45	0.068	
299	6	1	73	0.092	
0	7	1	173	0.071	
0	7	1	250	0.084	
0	7	1	47	0.134	
0	7	1	51	0.089	
0	7	1	51	0.089	
1	7	1	171	0.075	
1	7	1	250	0.182	
1	7	1	50	0.111	
1	7	1	50	0.114	
1	7	1	48	0.082	
2	7	1	76	0.074	
2	7	1	65	0.096	
2	7	1	21	0.071	
2	7	1	45	0.095	
2	7	1	44	0.097	
3	7	1	250	0.959	
3	7	1	250	1.552	
3	7	1	43	0.146	
3	7	1	44	0.144	
3	7	1	44	0.135	
4	7	1	49	0.072	
4	7	1	32	0.063	
4	7	1	39	0.071	
4	7	1	39	0.071	
4	7	1	29	0.073	
5	7	1	46	0.458	
5	7	1	46	0.458	
5	7	1	43	0.253	
5	7	1	44	0.209	
5	7	1	43	0.253	
6	7	1	141	0.071	
6	7	1	48	0.062	
6	7	1	50	0.085	
6	7	1	48	0.127	
6	7	1	20	0.058	
7	7	1	40	0.061	
7	7	1	37	0.070	
7	7	1	54	0.077	
7	7	1	49	0.118	
7	7	1	32	0.072	
8	7	1	47	0.193	
8	7	1	46	0.190	
8	7	1	44	0.167	
8	7	1	44	0.167	
8	7	1	44	0.172	
9	7	1	53	0.245	
9	7	1	66	0.326	
9	7	1	44	0.218	
9	7	1	44	0.153	
9	7	1	44	0.145	
10	7	1	47	0.247	
10	7	1	50	0.176	
10	7	1	45	0.151	
10	7	1	43	0.205	
10	7	1	44	0.185	
11	7	1	46	0.304	
11	7	1	49	0.316	
11	7	1	44	0.268	
11	7	1	44	0.268	
11	7	1	44	0.266	
12	7	1	55	0.122	
12	7	1	116	0.083	
12	7	1	46	0.084	
12	7	1	30	0.066	
12	7	1	45	0.101	
13	7	1	51	0.073	
13	7	1	125	0.081	
13	7	1	44	0.116	
13	7	1	44	0.082	
13	7	1	44	0.123	
14	7	1	250	0.260	
14	7	1	250	0.494	
14	7	1	45	0.132	
14	7	1	44	0.085	
14	7	1	44	0.093	
15	7	1	46	0.277	
15	7	1	46	0.215	
15	7	1	46	0.219	
15	7	1	46	0.219	
15	7	1	45	0.149	
16	7	1	250	0.713	
16	7	1	250	0.545	
16	7	1	29	0.083	
16	7	1	29	0.081	
16	7	1	29	0.094	
17	7	1	47	0.288	
17	7	1	47	0.284	
17	7	1	45	0.123	
17	7	1	45	0.164	
17	7	1	44	0.161	
18	7	1	43	0.221	
18	7	1	43	0.156	
18	7	1	43	0.175	
18	7	1	43	0.164	
18	7	1	43	0.175	
19	7	1	70	0.069	
19	7	1	60	0.092	
19	7	1	35	0.114	
19	7	1	39	0.083	
19	7	1	35	0.070	
20	7	1	44	0.229	
20	7	1	44	0.251	
20	7	1	44	0.187	
20	7	1	44	0.203	
20	7	1	44	0.187	
21	7	1	50	0.243	
21	7	1	49	0.234	
21	7	1	47	0.179	
21	7	1	47	0.162	
21	7	1	47	0.209	
22	7	1	250	0.732	
22	7	1	250	0.289	
22	7	1	45	0.131	
22	7	1	45	0.128	
22	7	1	44	0.107	
23	7	1	27	0.066	
23	7	1	103	0.092	
23	7	1	43	0.096	
23	7	1	43	0.082	
23	7	1	43	0.094	
24	7	1	97	0.119	
24	7	1	108	0.108	
24	7	1	51	0.133	
24	7	1	51	0.116	
24	7	1	42	0.068	
25	7	1	114	0.105	
25	7	1	136	0.087	
25	7	1	43	0.185	
25	7	1	43	0.185	
25	7	1	43	0.185	
26	7	1	155	0.110	
26	7	1	234	0.086	
26	7	1	44	0.157	
26	7	1	44	0.172	
26	7	1	44	0.150	
27	7	1	83	0.108	
27	7	1	55	0.175	
27	7	1	44	0.171	
27	7	1	45	0.208	
27	7	1	45	0.187	
28	7	1	44	0.272	
28	7	1	44	0.333	
28	7	1	43	0.185	
28	7	1	44	0.194	
28	7	1	44	0.177	
29	7	1	30	0.050	
29	7	1	30	0.064	
29	7	1	25	0.121	
29	7	1	25	0.130	
29	7	1	25	0.168	
30	7	1	250	0.085	
30	7	1	250	0.908	
30	7	1	52	0.090	
30	7	1	54	0.146	
30	7	1	34	0.071	
31	7	1	212	0.111	
31	7	1	250	0.098	
31	7	1	47	0.110	
31	7	1	46	0.128	
31	7	1	44	0.185	
32	7	1	56	0.213	
32	7	1	105	0.154	
32	7	1	43	0.200	
32	7	1	44	0.188	
32	7	1	44	0.188	
33	7	1	79	0.074	
33	7	1	108	0.073	
33	7	1	23	0.048	
33	7	1	31	0.065	
33	7	1	23	0.072	
34	7	1	52	0.163	
34	7	1	51	0.167	
34	7	1	45	0.126	
34	7	1	45	0.126	
34	7	1	44	0.120	
35	7	1	65	0.070	
35	7	1	148	0.095	
35	7	1	43	0.121	
35	7	1	43	0.103	
35	7	1	43	0.123	
36	7	1	137	0.144	
36	7	1	186	0.123	
36	7	1	43	0.208	
36	7	1	43	0.217	
36	7	1	43	0.223	
37	7	1	250	0.099	
37	7	1	250	0.081	
37	7	1	45	0.082	
37	7	1	45	0.095	
37	7	1	22	0.041	
38	7	1	250	0.813	
38	7	1	250	0.514	
38	7	1	48	0.111	
38	7	1	46	0.095	
38	7	1	21	0.053	
39	7	1	99	0.139	
39	7	1	122	0.115	
39	7	1	43	0.155	
39	7	1	50	0.159	
39	7	1	43	0.155	
40	7	1	43	0.328	
40	7	1	43	0.311	
40	7	1	43	0.384	
40	7	1	43	0.341	
40	7	1	43	0.341	
41	7	1	43	0.231	
41	7	1	43	0.190	
41	7	1	43	0.212	
41	7	1	43	0.189	
41	7	1	43	0.214	
42	7	1	250	1.557	
42	7	1	250	1.574	
42	7	1	43	0.537	
42	7	1	43	0.556	
42	7	1	43	0.556	
43	7	1	98	0.067	
43	7	1	85	0.095	
43	7	1	54	0.085	
43	7	1	63	0.097	
43	7	1	53	0.097	
44	7	1	72	0.075	
44	7	1	83	0.107	
44	7	1	80	0.085	
44	7	1	65	0.088	
44	7	1	48	0.127	
45	7	1	24	0.101	
45	7	1	24	0.142	
45	7	1	21	0.073	
45	7	1	23	0.079	
45	7	1	21	0.057	
46	7	1	92	0.122	
46	7	1	61	0.126	
46	7	1	24	0.066	
46	7	1	49	0.093	
46	7	1	52	0.079	
47	7	1	250	1.171	
47	7	1	250	1.093	
47	7	1	27	0.060	
47	7	1	27	0.039	
47	7	1	27	0.055	
48	7	1	53	0.140	
48	7	1	51	0.160	
48	7	1	21	0.070	
48	7	1	46	0.136	
48	7	1	46	0.078	
49	7	1	67	0.107	
49	7	1	62	0.120	
49	7	1	53	0.109	
49	7	1	45	0.070	
49	7	1	24	0.074	
50	7	1	45	0.145	
50	7	1	46	0.176	
50	7	1	44	0.149	
50	7	1	44	0.122	
50	7	1	44	0.124	
51	7	1	46	0.224	
51	7	1	44	0.232	
51	7	1	81	0.184	
51	7	1	45	0.211	
51	7	1	44	0.120	
52	7	1	51	0.202	
52	7	1	54	0.188	
52	7	1	45	0.119	
52	7	1	44	0.117	
52	7	1	44	0.158	
53	7	1	47	0.167	
53	7	1	45	0.165	
53	7	1	45	0.148	
53	7	1	44	0.173	
53	7	1	45	0.176	
54	7	1	47	0.226	
54	7	1	55	0.162	
54	7	1	44	0.210	
54	7	1	44	0.186	
54	7	1	45	0.139	
55	7	1	73	0.088	
55	7	1	47	0.071	
55	7	1	44	0.095	
55	7	1	44	0.102	
55	7	1	44	0.102	
56	7	1	48	0.151	
56	7	1	47	0.197	
56	7	1	44	0.135	
56	7	1	44	0.114	
56	7	1	44	0.094	
57	7	1	54	0.133	
57	7	1	54	0.141	
57	7	1	18	0.474	
57	7	1	47	0.081	
57	7	1	51	0.115	
58	7	1	71	0.106	
58	7	1	88	0.067	
58	7	1	34	0.055	
58	7	1	46	0.070	
58	7	1	58	0.077	
59	7	1	250	0.091	
59	7	1	250	0.086	
59	7	1	35	0.073	
59	7	1	35	0.069	
59	7	1	48	0.107	
60	7	1	95	0.090	
60	7	1	109	0.076	
60	7	1	21	0.075	
60	7	1	21	0.075	
60	7	1	21	0.075	
61	7	1	43	0.399	
61	7	1	43	0.399	
61	7	1	43	0.356	
61	7	1	43	0.356	
61	7	1	43	0.374	
62	7	1	166	0.062	
62	7	1	197	0.072	
62	7	1	52	0.082	
62	7	1	21	0.062	
62	7	1	52	0.082	
63	7	1	250	0.095	
63	7	1	250	0.464	
63	7	1	24	0.063	
63	7	1	51	0.107	
63	7	1	50	0.152	
64	7	1	110	0.140	
64	7	1	52	0.131	
64	7	1	44	0.094	
64	7	1	45	0.092	
64	7	1	44	0.102	
65	7	1	44	0.223	
65	7	1	44	0.223	
65	7	1	44	0.209	
65	7	1	44	0.164	
65	7	1	44	0.209	
66	7	1	81	0.072	
66	7	1	167	0.085	
66	7	1	45	0.132	
66	7	1	45	0.154	
66	7	1	45	0.142	
67	7	1	43	0.376	
67	7	1	43	0.376	
67	7	1	43	0.321	
67	7	1	44	0.321	
67	7	1	44	0.321	
68	7	1	187	0.092	
68	7	1	59	0.218	
68	7	1	22	0.059	
68	7	1	51	0.114	
68	7	1	20	0.072	
69	7	1	250	0.847	
69	7	1	250	1.570	
69	7	1	50	0.109	
69	7	1	45	0.099	
69	7	1	48	0.084	
70	7	1	49	0.230	
70	7	1	48	0.278	
70	7	1	46	0.189	
70	7	1	45	0.101	
70	7	1	47	0.157	
71	7	1	77	0.136	
71	7	1	113	0.136	
71	7	1	43	0.121	
71	7	1	43	0.121	
71	7	1	43	0.122	
72	7	1	44	0.190	
72	7	1	46	0.231	
72	7	1	43	0.255	
72	7	1	43	0.243	
72	7	1	43	0.255	
73	7	1	101	0.099	
73	7	1	66	0.140	
73	7	1	24	0.061	
73	7	1	24	0.068	
73	7	1	48	0.097	
74	7	1	250	0.122	
74	7	1	250	0.397	
74	7	1	44	0.084	
74	7	1	44	0.082	
74	7	1	44	0.137	
75	7	1	43	0.387	
75	7	1	43	0.365	
75	7	1	43	0.394	
75	7	1	43	0.373	
75	7	1	43	0.394	
76	7	1	250	1.090	
76	7	1	250	0.966	
76	7	1	44	0.128	
76	7	1	43	0.120	
76	7	1	45	0.135	
77	7	1	250	1.052	
77	7	1	211	0.064	
77	7	1	43	0.135	
77	7	1	44	0.107	
77	7	1	43	0.098	
78	7	1	234	0.079	
78	7	1	123	0.108	
78	7	1	46	0.098	
78	7	1	48	0.155	
78	7	1	88	0.127	
79	7	1	250	0.670	
79	7	1	250	1.220	
79	7	1	43	0.136	
79	7	1	44	0.102	
79	7	1	43	0.125	
80	7	1	54	0.114	
80	7	1	66	0.080	
80	7	1	48	0.078	
80	7	1	51	0.106	
80	7	1	24	0.117	
81	7	1	87	0.113	
81	7	1	86	0.144	
81	7	1	45	0.170	
81	7	1	44	0.148	
81	7	1	44	0.160	
82	7	1	102	0.074	
82	7	1	102	0.067	
82	7	1	45	0.087	
82	7	1	23	0.069	
82	7	1	45	0.082	
83	7	1	60	0.236	
83	7	1	59	0.236	
83	7	1	46	0.207	
83	7	1	46	0.207	
83	7	1	46	0.207	
84	7	1	48	0.138	
84	7	1	46	0.181	
84	7	1	44	0.135	
84	7	1	44	0.128	
84	7	1	44	0.157	
85	7	1	24	0.072	
85	7	1	25	0.087	
85	7	1	59	0.109	
85	7	1	46	0.081	
85	7	1	21	0.091	
86	7	1	59	0.075	
86	7	1	35	0.075	
86	7	1	21	0.061	
86	7	1	47	0.085	
86	7	1	51	0.076	
87	7	1	79	0.255	
87	7	1	54	0.205	
87	7	1	44	0.104	
87	7	1	44	0.125	
87	7	1	44	0.130	
88	7	1	171	0.224	
88	7	1	250	0.229	
88	7	1	44	0.227	
88	7	1	44	0.231	
88	7	1	44	0.240	
89	7	1	224	0.091	
89	7	1	168	0.078	
89	7	1	45	0.093	
89	7	1	67	0.097	
89	7	1	89	0.083	
90	7	1	191	0.214	
90	7	1	72	0.075	
90	7	1	44	0.078	
90	7	1	44	0.145	
90	7	1	43	0.165	
91	7	1	162	0.154	
91	7	1	250	0.110	
91	7	1	46	0.169	
91	7	1	46	0.162	
91	7	1	46	0.162	
92	7	1	159	0.111	
92	7	1	124	0.170	
92	7	1	43	0.155	
92	7	1	21	0.051	
92	7	1	45	0.126	
93	7	1	43	0.809	
93	7	1	43	0.809	
93	7	1	43	0.820	
93	7	1	43	0.820	
93	7	1	43	0.820	
94	7	1	43	0.424	
94	7	1	43	0.424	
94	7	1	43	0.405	
94	7	1	43	0.405	
94	7	1	43	0.404	
95	7	1	45	0.172	
95	7	1	46	0.155	
95	7	1	43	0.117	
95	7	1	43	0.194	
95	7	1	44	0.192	
96	7	1	120	0.108	
96	7	1	162	0.080	
96	7	1	47	0.083	
96	7	1	49	0.117	
96	7	1	50	0.094	
97	7	1	72	0.075	
97	7	1	65	0.119	
97	7	1	25	0.063	
97	7	1	45	0.090	
97	7	1	48	0.113	
98	7	1	170	0.092	
98	7	1	142	0.073	
98	7	1	45	0.100	
98	7	1	44	0.087	
98	7	1	20	0.049	
99	7	1	85	0.127	
99	7	1	76	0.070	
99	7	1	56	0.076	
99	7	1	49	0.090	
99	7	1	59	0.153	
100	7	1	44	0.183	
100	7	1	44	0.147	
100	7	1	44	0.175	
100	7	1	44	0.155	
100	7	1	44	0.175	
101	7	1	48	0.211	
101	7	1	49	0.207	
101	7	1	45	0.128	
101	7	1	44	0.188	
101	7	1	44	0.204	
102	7	1	46	0.147	
102	7	1	49	0.152	
102	7	1	44	0.148	
102	7	1	44	0.171	
102	7	1	45	0.138	
103	7	1	250	0.132	
103	7	1	250	0.080	
103	7	1	51	0.120	
103	7	1	50	0.105	
103	7	1	50	0.103	
104	7	1	250	0.176	
104	7	1	250	0.111	
104	7	1	46	0.084	
104	7	1	44	0.142	
104	7	1	58	0.086	
105	7	1	250	0.939	
105	7	1	250	1.567	
105	7	1	25	0.094	
105	7	1	25	0.076	
105	7	1	25	0.076	
106	7	1	121	0.074	
106	7	1	52	0.133	
106	7	1	44	0.131	
106	7	1	46	0.124	
106	7	1	45	0.126	
107	7	1	250	0.099	
107	7	1	250	1.362	
107	7	1	46	0.100	
107	7	1	48	0.156	
107	7	1	19	0.070	
108	7	1	44	0.209	
108	7	1	43	0.254	
108	7	1	43	0.183	
108	7	1	44	0.154	
108	7	1	44	0.155	
109	7	1	51	0.157	
109	7	1	49	0.172	
109	7	1	45	0.144	
109	7	1	45	0.123	
109	7	1	47	0.132	
110	7	1	53	0.105	
110	7	1	59	0.095	
110	7	1	49	0.134	
110	7	1	53	0.167	
110	7	1	47	0.125	
111	7	1	166	0.074	
111	7	1	104	0.070	
111	7	1	71	0.077	
111	7	1	108	0.077	
111	7	1	40	0.074	
112	7	1	52	0.073	
112	7	1	174	0.074	
112	7	1	24	0.073	
112	7	1	24	0.073	
112	7	1	25	0.072	
113	7	1	43	0.070	
113	7	1	41	0.047	
113	7	1	30	0.075	
113	7	1	53	0.082	
113	7	1	30	0.071	
114	7	1	26	0.066	
114	7	1	25	0.058	
114	7	1	28	0.068	
114	7	1	27	0.090	
114	7	1	51	0.085	
115	7	1	50	0.106	
115	7	1	46	0.116	
115	7	1	44	0.110	
115	7	1	44	0.098	
115	7	1	44	0.127	
116	7	1	250	1.193	
116	7	1	250	0.938	
116	7	1	44	0.085	
116	7	1	44	0.113	
116	7	1	24	0.053	
117	7	1	250	0.135	
117	7	1	250	0.262	
117	7	1	34	0.069	
117	7	1	25	0.060	
117	7	1	74	0.083	
118	7	1	77	0.105	
118	7	1	74	0.107	
118	7	1	62	0.067	
118	7	1	57	0.115	
118	7	1	24	0.074	
119	7	1	82	0.071	
119	7	1	132	0.063	
119	7	1	25	0.060	
119	7	1	35	0.073	
119	7	1	40	0.075	
120	7	1	250	0.088	
120	7	1	182	0.072	
120	7	1	48	0.106	
120	7	1	51	0.101	
120	7	1	49	0.096	
121	7	1	250	0.099	
121	7	1	250	0.085	
121	7	1	51	0.133	
121	7	1	51	0.113	
121	7	1	53	0.108	
122	7	1	35	0.065	
122	7	1	38	0.075	
122	7	1	46	0.167	
122	7	1	46	0.153	
122	7	1	45	0.099	
123	7	1	75	0.065	
123	7	1	88	0.074	
123	7	1	37	0.063	
123	7	1	52	0.084	
123	7	1	39	0.047	
124	7	1	249	0.118	
124	7	1	250	0.086	
124	7	1	52	0.175	
124	7	1	50	0.121	
124	7	1	50	0.119	
125	7	1	56	0.119	
125	7	1	99	0.104	
125	7	1	17	0.364	
125	7	1	51	0.153	
125	7	1	47	0.100	
126	7	1	169	0.104	
126	7	1	102	0.077	
126	7	1	46	0.095	
126	7	1	46	0.112	
126	7	1	46	0.114	
127	7	1	214	0.077	
127	7	1	184	0.072	
127	7	1	36	0.061	
127	7	1	32	0.052	
127	7	1	34	0.065	
128	7	1	47	0.269	
128	7	1	45	0.297	
128	7	1	43	0.192	
128	7	1	43	0.160	
128	7	1	43	0.192	
129	7	1	92	0.096	
129	7	1	28	0.072	
129	7	1	69	0.077	
129	7	1	63	0.077	
129	7	1	54	0.123	
130	7	1	44	0.187	
130	7	1	45	0.219	
130	7	1	44	0.146	
130	7	1	44	0.186	
130	7	1	44	0.155	
131	7	1	42	0.067	
131	7	1	70	0.128	
131	7	1	45	0.128	
131	7	1	45	0.107	
131	7	1	46	0.134	
132	7	1	250	0.972	
132	7	1	250	0.842	
132	7	1	45	0.125	
132	7	1	46	0.150	
132	7	1	22	0.063	
133	7	1	209	0.076	
133	7	1	250	0.090	
133	7	1	34	0.085	
133	7	1	53	0.082	
133	7	1	74	0.119	
134	7	1	44	0.150	
134	7	1	44	0.154	
134	7	1	44	0.114	
134	7	1	44	0.145	
134	7	1	43	0.113	
135	7	1	45	0.188	
135	7	1	45	0.173	
135	7	1	44	0.147	
135	7	1	44	0.185	
135	7	1	44	0.218	
136	7	1	250	0.159	
136	7	1	218	0.074	
136	7	1	44	0.064	
136	7	1	49	0.088	
136	7	1	65	0.081	
137	7	1	55	0.104	
137	7	1	60	0.078	
137	7	1	49	0.088	
137	7	1	49	0.088	
137	7	1	50	0.103	
138	7	1	250	0.089	
138	7	1	250	0.094	
138	7	1	55	0.087	
138	7	1	41	0.070	
138	7	1	54	0.083	
139	7	1	182	0.081	
139	7	1	129	0.098	
139	7	1	44	0.097	
139	7	1	44	0.082	
139	7	1	61	0.116	
140	7	1	250	0.139	
140	7	1	142	0.070	
140	7	1	132	0.114	
140	7	1	121	0.081	
140	7	1	35	0.049	
141	7	1	65	0.073	
141	7	1	103	0.114	
141	7	1	19	0.068	
141	7	1	45	0.077	
141	7	1	19	0.063	
142	7	1	250	0.439	
142	7	1	250	0.375	
142	7	1	44	0.105	
142	7	1	44	0.108	
142	7	1	43	0.078	
143	7	1	59	0.142	
143	7	1	58	0.097	
143	7	1	49	0.080	
143	7	1	49	0.076	
143	7	1	52	0.104	
144	7	1	145	0.094	
144	7	1	157	0.101	
144	7	1	46	0.114	
144	7	1	45	0.131	
144	7	1	45	0.123	
145	7	1	53	0.138	
145	7	1	53	0.136	
145	7	1	44	0.145	
145	7	1	44	0.241	
145	7	1	45	0.134	
146	7	1	44	0.206	
146	7	1	45	0.181	
146	7	1	44	0.151	
146	7	1	45	0.090	
146	7	1	45	0.090	
147	7	1	99	0.083	
147	7	1	69	0.075	
147	7	1	44	0.139	
147	7	1	44	0.102	
147	7	1	43	0.140	
148	7	1	250	1.458	
148	7	1	250	0.716	
148	7	1	45	0.095	
148	7	1	46	0.115	
148	7	1	44	0.094	
149	7	1	56	0.135	
149	7	1	54	0.172	
149	7	1	45	0.121	
149	7	1	45	0.143	
149	7	1	45	0.077	
150	7	1	250	0.535	
150	7	1	157	0.057	
150	7	1	25	0.062	
150	7	1	57	0.117	
150	7	1	52	0.128	
151	7	1	92	0.104	
151	7	1	60	0.073	
151	7	1	44	0.098	
151	7	1	44	0.094	
151	7	1	44	0.103	
152	7	1	64	0.168	
152	7	1	50	0.234	
152	7	1	46	0.196	
152	7	1	45	0.214	
152	7	1	46	0.177	
153	7	1	180	0.080	
153	7	1	130	0.091	
153	7	1	44	0.050	
153	7	1	35	0.065	
153	7	1	42	0.056	
154	7	1	250	0.124	
154	7	1	116	0.125	
154	7	1	24	0.073	
154	7	1	48	0.083	
154	7	1	24	0.073	
155	7	1	151	0.068	
155	7	1	250	0.879	
155	7	1	44	0.125	
155	7	1	44	0.088	
155	7	1	43	0.117	
156	7	1	51	0.234	
156	7	1	50	0.248	
156	7	1	44	0.140	
156	7	1	44	0.131	
156	7	1	43	0.133	
157	7	1	53	0.073	
157	7	1	41	0.061	
157	7	1	50	0.092	
157	7	1	50	0.101	
157	7	1	50	0.086	
158	7	1	60	0.063	
158	7	1	63	0.064	
158	7	1	34	0.081	
158	7	0	33	0.000	
158	7	0	33	0.000	
159	7	1	47	0.144	
159	7	1	48	0.147	
159	7	1	43	0.087	
159	7	1	44	0.109	
159	7	1	43	0.087	
160	7	1	91	0.087	
160	7	1	62	0.067	
160	7	1	45	0.124	
160	7	1	44	0.116	
160	7	1	44	0.114	
161	7	1	46	0.151	
161	7	1	46	0.151	
161	7	1	44	0.156	
161	7	1	44	0.157	
161	7	1	44	0.156	
162	7	1	60	0.082	
162	7	1	60	0.104	
162	7	1	46	0.115	
162	7	1	49	0.107	
162	7	1	34	0.072	
163	7	1	250	0.119	
163	7	1	250	0.291	
163	7	1	24	0.140	
163	7	1	53	0.093	
163	7	1	24	0.139	
164	7	1	126	0.090	
164	7	1	37	0.075	
164	7	1	55	0.122	
164	7	1	44	0.094	
164	7	1	44	0.136	
165	7	1	250	0.077	
165	7	1	238	0.080	
165	7	1	45	0.119	
165	7	1	45	0.109	
165	7	1	46	0.116	
166	7	1	135	0.073	
166	7	1	250	0.125	
166	7	1	23	0.068	
166	7	1	44	0.116	
166	7	1	45	0.093	
167	7	1	59	0.051	
167	7	1	53	0.078	
167	7	1	22	0.056	
167	7	1	25	0.056	
167	7	1	20	0.069	
168	7	1	86	0.074	
168	7	1	155	0.075	
168	7	1	51	0.101	
168	7	1	24	0.110	
168	7	1	20	0.057	
169	7	1	70	0.071	
169	7	1	62	0.068	
169	7	1	28	0.071	
169	7	1	41	0.072	
169	7	1	119	0.078	
170	7	1	250	0.096	
170	7	1	156	0.074	
170	7	1	44	0.084	
170	7	1	46	0.112	
170	7	1	45	0.126	
171	7	1	104	0.091	
171	7	1	38	0.065	
171	7	1	53	0.085	
171	7	0	39	0.032	
171	7	1	27	0.038	
172	7	1	139	0.077	
172	7	1	74	0.067	
172	7	1	23	0.046	
172	7	1	44	0.079	
172	7	1	44	0.095	
173	7	1	250	0.092	
173	7	1	201	0.074	
173	7	1	47	0.112	
173	7	1	45	0.091	
173	7	1	47	0.095	
174	7	1	53	0.131	
174	7	1	53	0.185	
174	7	1	45	0.152	
174	7	1	44	0.131	
174	7	1	44	0.129	
175	7	1	30	0.074	
175	7	1	76	0.077	
175	7	1	52	0.087	
175	7	1	66	0.100	
175	7	1	50	0.100	
176	7	1	82	0.147	
176	7	1	66	0.153	
176	7	1	52	0.157	
176	7	1	50	0.154	
176	7	1	51	0.087	
177	7	1	84	0.070	
177	7	1	120	0.105	
177	7	1	33	0.082	
177	7	1	64	0.118	
177	7	1	45	0.070	
178	7	1	111	0.115	
178	7	1	116	0.088	
178	7	1	44	0.135	
178	7	1	44	0.110	
178	7	1	47	0.119	
179	7	1	91	0.063	
179	7	1	104	0.071	
179	7	1	89	0.077	
179	7	1	47	0.113	
179	7	1	50	0.106	
180	7	1	95	0.070	
180	7	1	153	0.075	
180	7	1	24	0.063	
180	7	1	25	0.076	
180	7	1	26	0.079	
181	7	1	88	0.077	
181	7	1	66	0.102	
181	7	1	29	0.049	
181	7	1	30	0.026	
181	7	1	54	0.099	
182	7	1	26	0.058	
182	7	1	123	0.073	
182	7	1	32	0.043	
182	7	1	40	0.073	
182	7	1	37	0.049	
183	7	1	92	0.112	
183	7	1	66	0.073	
183	7	1	34	0.050	
183	7	1	49	0.103	
183	7	1	25	0.069	
184	7	1	250	0.143	
184	7	1	250	0.086	
184	7	1	52	0.095	
184	7	1	57	0.080	
184	7	1	52	0.096	
185	7	1	250	0.427	
185	7	1	250	0.841	
185	7	1	46	0.098	
185	7	1	45	0.090	
185	7	1	45	0.121	
186	7	1	250	0.317	
186	7	1	250	0.081	
186	7	1	28	0.067	
186	7	1	29	0.055	
186	7	1	47	0.072	
187	7	1	250	1.115	
187	7	1	208	0.074	
187	7	1	43	0.082	
187	7	1	23	0.043	
187	7	1	23	0.059	
188	7	1	250	0.204	
188	7	1	250	0.202	
188	7	1	60	0.071	
188	7	1	51	0.095	
188	7	1	51	0.101	
189	7	1	102	0.079	
189	7	1	39	0.067	
189	7	1	31	0.054	
189	7	1	45	0.086	
189	7	1	66	0.085	
190	7	1	250	0.723	
190	7	1	250	0.691	
190	7	1	32	0.066	
190	7	1	53	0.085	
190	7	1	40	0.063	
191	7	1	94	0.076	
191	7	1	114	0.086	
191	7	1	56	0.087	
191	7	1	37	0.071	
191	7	1	59	0.106	
192	7	1	37	0.061	
192	7	1	71	0.077	
192	7	1	19	0.074	
192	7	1	19	0.074	
192	7	1	19	0.074	
193	7	1	176	0.093	
193	7	1	70	0.058	
193	7	1	50	0.093	
193	7	1	44	0.088	
193	7	1	44	0.078	
194	7	1	218	0.074	
194	7	1	230	0.067	
194	7	1	36	0.046	
194	7	1	35	0.069	
194	7	1	53	0.073	
195	7	1	144	0.090	
195	7	1	55	0.080	
195	7	1	44	0.092	
195	7	1	44	0.109	
195	7	1	44	0.092	
196	7	1	127	0.074	
196	7	1	250	0.101	
196	7	1	87	0.093	
196	7	1	35	0.083	
196	7	1	45	0.097	
197	7	1	84	0.074	
197	7	1	148	0.086	
197	7	1	47	0.123	
197	7	1	48	0.127	
197	7	1	47	0.110	
198	7	1	57	0.118	
198	7	1	53	0.136	
198	7	1	45	0.097	
198	7	1	44	0.117	
198	7	1	45	0.135	
199	7	1	250	1.272	
199	7	1	250	1.180	
199	7	1	45	0.080	
199	7	1	47	0.089	
199	7	1	48	0.084	
200	7	1	62	0.132	
200	7	1	55	0.140	
200	7	1	45	0.148	
200	7	1	44	0.115	
200	7	1	44	0.148	
201	7	1	250	0.828	
201	7	1	250	0.393	
201	7	1	28	0.065	
201	7	1	46	0.093	
201	7	1	45	0.116	
202	7	1	53	0.162	
202	7	1	107	0.136	
202	7	1	21	0.067	
202	7	1	44	0.150	
202	7	1	45	0.127	
203	7	1	41	0.071	
203	7	1	53	0.103	
203	7	1	27	0.074	
203	7	1	27	0.057	
203	7	1	54	0.113	
204	7	1	30	0.117	
204	7	1	72	0.087	
204	7	1	24	0.102	
204	7	1	21	0.070	
204	7	1	166	0.102	
205	7	1	34	0.071	
205	7	1	64	0.068	
205	7	1	66	0.064	
205	7	1	53	0.058	
205	7	1	26	0.074	
206	7	1	250	0.216	
206	7	1	250	0.967	
206	7	1	45	0.107	
206	7	1	45	0.105	
206	7	1	44	0.096	
207	7	1	171	0.048	
207	7	1	197	0.074	
207	7	1	31	0.072	
207	7	1	31	0.068	
207	7	1	23	0.045	
208	7	1	36	0.056	
208	7	1	37	0.066	
208	7	1	45	0.119	
208	7	1	45	0.085	
208	7	1	30	0.059	
209	7	1	48	0.142	
209	7	1	48	0.142	
209	7	1	47	0.126	
209	7	1	47	0.162	
209	7	1	48	0.176	
210	7	1	168	0.066	
210	7	1	250	0.769	
210	7	1	45	0.117	
210	7	1	44	0.100	
210	7	1	46	0.105	
211	7	1	250	0.784	
211	7	1	250	0.224	
211	7	1	32	0.075	
211	7	1	35	0.067	
211	7	1	44	0.071	
212	7	1	157	0.085	
212	7	1	99	0.120	
212	7	1	45	0.140	
212	7	1	45	0.125	
212	7	1	45	0.129	
213	7	1	70	0.105	
213	7	1	68	0.109	
213	7	1	52	0.121	
213	7	1	49	0.099	
213	7	1	50	0.122	
214	7	1	48	0.074	
214	7	1	63	0.075	
214	7	1	29	0.049	
214	7	1	30	0.075	
214	7	1	30	0.088	
215	7	1	250	0.144	
215	7	1	250	0.619	
215	7	1	67	0.107	
215	7	1	151	0.075	
215	7	1	116	0.090	
216	7	1	104	0.075	
216	7	1	90	0.070	
216	7	1	48	0.144	
216	7	1	49	0.090	
216	7	1	47	0.082	
217	7	1	50	0.102	
217	7	1	49	0.125	
217	7	1	47	0.094	
217	7	1	37	0.045	
217	7	1	55	0.125	
218	7	1	48	0.072	
218	7	1	56	0.071	
218	7	1	22	0.069	
218	7	1	22	0.066	
218	7	1	49	0.088	
219	7	1	99	0.081	
219	7	1	22	0.045	
219	7	1	69	0.113	
219	7	1	45	0.106	
219	7	1	45	0.141	
220	7	1	250	0.255	
220	7	1	250	0.317	
220	7	1	28	0.043	
220	7	1	28	0.020	
220	7	1	28	0.052	
221	7	1	250	0.384	
221	7	1	250	0.349	
221	7	1	35	0.048	
221	7	1	33	0.086	
221	7	1	35	0.081	
222	7	1	250	0.364	
222	7	1	242	0.071	
222	7	1	21	0.091	
222	7	1	21	0.085	
222	7	1	21	0.101	
223	7	1	162	0.079	
223	7	1	157	0.077	
223	7	1	30	0.073	
223	7	1	30	0.058	
223	7	1	47	0.105	
224	7	1	70	0.085	
224	7	1	84	0.099	
224	7	1	22	0.020	
224	7	1	44	0.122	
224	7	1	46	0.119	
225	7	1	37	0.074	
225	7	1	40	0.074	
225	7	1	49	0.093	
225	7	1	50	0.106	
225	7	1	23	0.064	
226	7	1	82	0.072	
226	7	1	69	0.075	
226	7	1	44	0.095	
226	7	1	44	0.131	
226	7	1	43	0.131	
227	7	1	243	0.112	
227	7	1	250	0.091	
227	7	1	47	0.102	
227	7	1	49	0.122	
227	7	1	51	0.142	
228	7	1	216	0.074	
228	7	1	250	0.084	
228	7	1	33	0.058	
228	7	1	33	0.059	
228	7	1	33	0.060	
229	7	1	75	0.066	
229	7	1	67	0.059	
229	7	1	44	0.090	
229	7	1	57	0.097	
229	7	1	45	0.101	
230	7	1	238	0.081	
230	7	1	145	0.072	
230	7	1	40	0.066	
230	7	1	21	0.096	
230	7	1	24	0.067	
231	7	1	93	0.107	
231	7	1	129	0.089	
231	7	1	53	0.102	
231	7	1	50	0.138	
231	7	1	51	0.167	
232	7	1	93	0.080	
232	7	1	59	0.120	
232	7	1	45	0.109	
232	7	1	46	0.103	
232	7	1	45	0.118	
233	7	1	52	0.148	
233	7	1	51	0.179	
233	7	1	43	0.178	
233	7	1	44	0.152	
233	7	1	43	0.184	
234	7	1	80	0.125	
234	7	1	139	0.111	
234	7	1	45	0.125	
234	7	1	46	0.115	
234	7	1	22	0.062	
235	7	1	250	0.173	
235	7	1	222	0.070	
235	7	1	61	0.104	
235	7	1	53	0.130	
235	7	1	46	0.101	
236	7	1	95	0.083	
236	7	1	126	0.083	
236	7	1	20	0.075	
236	7	1	20	0.074	
236	7	1	45	0.078	
237	7	1	50	0.070	
237	7	1	53	0.073	
237	7	1	24	0.075	
237	7	1	22	0.072	
237	7	1	47	0.088	
238	7	1	58	0.130	
238	7	1	57	0.117	
238	7	1	29	0.064	
238	7	1	35	0.098	
238	7	1	29	0.056	
239	7	1	53	0.169	
239	7	1	56	0.185	
239	7	1	51	0.094	
239	7	1	28	0.046	
239	7	1	25	0.093	
240	7	1	55	0.187	
240	7	1	51	0.212	
240	7	1	48	0.235	
240	7	1	49	0.171	
240	7	1	48	0.154	
241	7	1	211	0.095	
241	7	1	139	0.094	
241	7	1	25	0.067	
241	7	1	50	0.088	
241	7	1	26	0.069	
242	7	1	169	0.060	
242	7	1	153	0.071	
242	7	1	46	0.078	
242	7	1	44	0.082	
242	7	1	26	0.073	
243	7	1	28	0.068	
243	7	1	30	0.069	
243	7	1	26	0.075	
243	7	1	25	0.076	
243	7	1	27	0.050	
244	7	1	45	0.064	
244	7	1	42	0.059	
244	7	1	27	0.064	
244	7	1	45	0.078	
244	7	1	27	0.068	
245	7	1	92	0.075	
245	7	1	70	0.073	
245	7	1	45	0.095	
245	7	1	45	0.095	
245	7	1	45	0.095	
246	7	1	81	0.074	
246	7	1	49	0.071	
246	7	1	20	0.073	
246	7	1	24	0.039	
246	7	1	47	0.085	
247	7	1	47	0.177	
247	7	1	45	0.195	
247	7	1	44	0.150	
247	7	1	44	0.177	
247	7	1	44	0.183	
248	7	1	56	0.105	
248	7	1	55	0.076	
248	7	1	54	0.114	
248	7	1	51	0.080	
248	7	1	29	0.057	
249	7	1	20	0.067	
249	7	1	20	0.069	
249	7	1	47	0.062	
249	7	1	52	0.083	
249	7	1	40	0.068	
250	7	1	41	0.073	
250	7	1	46	0.073	
250	7	1	24	0.080	
250	7	1	32	0.071	
250	7	1	63	0.090	
251	7	1	45	0.103	
251	7	1	46	0.090	
251	7	1	43	0.117	
251	7	1	28	0.067	
251	7	1	44	0.117	
252	7	1	250	1.470	
252	7	1	250	0.630	
252	7	1	44	0.099	
252	7	1	44	0.099	
252	7	1	44	0.094	
253	7	1	148	0.074	
253	7	1	94	0.072	
253	7	1	51	0.075	
253	7	1	51	0.098	
253	7	1	22	0.117	
254	7	1	222	0.102	
254	7	1	126	0.068	
254	7	1	55	0.102	
254	7	1	55	0.128	
254	7	1	54	0.114	
255	7	1	59	0.063	
255	7	1	64	0.068	
255	7	1	55	0.101	
255	7	1	22	0.071	
255	7	1	55	0.089	
256	7	1	52	0.066	
256	7	1	51	0.058	
256	7	1	45	0.090	
256	7	1	47	0.103	
256	7	1	46	0.080	
257	7	1	145	0.113	
257	7	1	173	0.133	
257	7	1	44	0.134	
257	7	1	46	0.139	
257	7	1	47	0.160	
258	7	1	125	0.093	
258	7	1	140	0.075	
258	7	1	28	0.065	
258	7	1	39	0.061	
258	7	1	44	0.080	
259	7	1	50	0.180	
259	7	1	68	0.069	
259	7	1	21	0.071	
259	7	1	46	0.175	
259	7	1	47	0.115	
260	7	1	195	0.097	
260	7	1	189	0.082	
260	7	1	58	0.076	
260	7	1	63	0.103	
260	7	1	34	0.065	
261	7	1	48	0.117	
261	7	1	47	0.086	
261	7	1	25	0.064	
261	7	1	46	0.132	
261	7	1	47	0.124	
262	7	1	191	0.074	
262	7	1	250	0.078	
262	7	1	24	0.067	
262	7	1	24	0.080	
262	7	1	37	0.093	
263	7	1	71	0.065	
263	7	1	104	0.074	
263	7	1	44	0.122	
263	7	1	47	0.120	
263	7	1	44	0.110	
264	7	1	80	0.072	
264	7	1	250	0.103	
264	7	1	48	0.107	
264	7	1	24	0.069	
264	7	1	46	0.108	
265	7	1	250	0.972	
265	7	1	250	0.414	
265	7	1	25	0.069	
265	7	1	25	0.058	
265	7	1	26	0.061	
266	7	1	250	0.952	
266	7	1	250	1.152	
266	7	1	41	0.073	
266	7	1	27	0.097	
266	7	1	54	0.084	
267	7	1	53	0.114	
267	7	1	90	0.066	
267	7	1	47	0.112	
267	7	1	47	0.121	
267	7	1	47	0.112	
268	7	1	52	0.075	
268	7	1	64	0.066	
268	7	1	103	0.087	
268	7	1	47	0.101	
268	7	1	48	0.091	
269	7	1	250	0.959	
269	7	1	250	0.099	
269	7	1	46	0.121	
269	7	1	45	0.116	
269	7	1	46	0.109	
270	7	1	104	0.110	
270	7	1	159	0.100	
270	7	1	45	0.156	
270	7	1	46	0.105	
270	7	1	46	0.167	
271	7	1	165	0.070	
271	7	1	130	0.099	
271	7	1	30	0.087	
271	7	1	25	0.062	
271	7	1	53	0.092	
272	7	1	206	0.075	
272	7	1	250	0.069	
272	7	1	36	0.038	
272	7	1	35	0.035	
272	7	1	32	0.074	
273	7	1	25	0.075	
273	7	1	106	0.085	
273	7	1	25	0.154	
273	7	1	25	0.140	
273	7	1	21	0.060	
274	7	1	250	0.088	
274	7	1	250	0.296	
274	7	1	43	0.142	
274	7	1	43	0.144	
274	7	1	43	0.142	
275	7	1	250	0.086	
275	7	1	250	0.076	
275	7	1	41	0.043	
275	7	1	44	0.069	
275	7	1	35	0.073	
276	7	1	29	0.069	
276	7	1	99	0.059	
276	7	1	20	0.058	
276	7	1	71	0.089	
276	7	1	19	0.073	
277	7	1	250	0.259	
277	7	1	250	0.305	
277	7	1	50	0.099	
277	7	1	49	0.084	
277	7	1	38	0.070	
278	7	1	124	0.078	
278	7	1	77	0.074	
278	7	1	23	0.070	
278	7	1	46	0.080	
278	7	1	48	0.112	
279	7	1	38	0.069	
279	7	1	43	0.066	
279	7	1	55	0.084	
279	7	1	83	0.062	
279	7	1	40	0.061	
280	7	1	162	0.091	
280	7	1	141	0.091	
280	7	1	22	0.047	
280	7	1	50	0.078	
280	7	1	54	0.096	
281	7	1	62	0.073	
281	7	1	177	0.072	
281	7	1	26	0.060	
281	7	1	27	0.070	
281	7	1	37	0.065	
282	7	1	250	0.143	
282	7	1	147	0.073	
282	7	1	60	0.083	
282	7	1	25	0.101	
282	7	1	43	0.049	
283	7	1	41	0.073	
283	7	1	78	0.073	
283	7	1	22	0.064	
283	7	1	22	0.021	
283	7	1	23	0.021	
284	7	1	184	0.072	
284	7	1	82	0.070	
284	7	1	49	0.111	
284	7	1	45	0.089	
284	7	1	45	0.098	
285	7	1	45	0.057	
285	7	1	99	0.078	
285	7	1	63	0.091	
285	7	1	63	0.082	
285	7	1	56	0.089	
286	7	1	250	1.342	
286	7	1	250	1.293	
286	7	1	30	0.075	
286	7	1	30	0.075	
286	7	1	35	0.049	
287	7	1	250	0.090	
287	7	1	250	0.109	
287	7	1	34	0.062	
287	7	1	53	0.088	
287	7	1	60	0.077	
288	7	1	111	0.068	
288	7	1	250	0.097	
288	7	1	23	0.066	
288	7	1	23	0.066	
288	7	1	23	0.066	
289	7	1	143	0.074	
289	7	1	250	0.075	
289	7	1	56	0.100	
289	7	1	31	0.069	
289	7	1	94	0.094	
290	7	1	222	0.069	
290	7	1	250	0.109	
290	7	1	24	0.091	
290	7	1	65	0.080	
290	7	1	45	0.071	
291	7	1	49	0.100	
291	7	1	49	0.110	
291	7	1	45	0.162	
291	7	1	45	0.156	
291	7	1	45	0.174	
292	7	1	132	0.091	
292	7	1	42	0.075	
292	7	1	51	0.098	
292	7	1	43	0.127	
292	7	1	25	0.074	
293	7	1	127	0.075	
293	7	1	250	0.080	
293	7	1	26	0.073	
293	7	1	25	0.109	
293	7	1	26	0.096	
294	7	1	32	0.070	
294	7	1	36	0.067	
294	7	1	59	0.086	
294	7	1	30	0.094	
294	7	1	30	0.094	
295	7	1	32	0.071	
295	7	1	170	0.092	
295	7	1	48	0.066	
295	7	1	29	0.045	
295	7	1	55	0.101	
296	7	1	105	0.143	
296	7	1	45	0.102	
296	7	1	44	0.145	
296	7	1	44	0.133	
296	7	1	44	0.138	
297	7	1	105	0.073	
297	7	1	92	0.071	
297	7	1	22	0.070	
297	7	1	22	0.072	
297	7	1	21	0.075	
298	7	1	125	0.077	
298	7	1	74	0.066	
298	7	1	29	0.094	
298	7	1	29	0.086	
298	7	1	88	0.124	
299	7	1	233	0.075	
299	7	1	250	0.088	
299	7	1	49	0.089	
299	7	1	49	0.109	
299	7	1	51	0.104	
0	8	1	86	0.147	
0	8	1	72	0.179	
0	8	1	76	0.192	
0	8	1	64	0.159	
0	8	1	67	0.167	
1	8	1	88	0.174	
1	8	1	83	0.130	
1	8	1	63	0.238	
1	8	1	63	0.224	
1	8	1	69	0.173	
2	8	1	250	0.119	
2	8	1	250	0.246	
2	8	1	61	0.122	
2	8	1	60	0.107	
2	8	1	60	0.097	
3	8	1	61	0.155	
3	8	1	60	0.155	
3	8	1	60	0.210	
3	8	1	60	0.225	
3	8	1	60	0.241	
4	8	1	145	0.110	
4	8	1	129	0.112	
4	8	1	68	0.093	
4	8	1	75	0.109	
4	8	1	79	0.136	
5	8	1	60	0.382	
5	8	1	60	0.375	
5	8	1	59	0.244	
5	8	1	59	0.214	
5	8	1	59	0.214	
6	8	1	83	0.203	
6	8	1	70	0.210	
6	8	1	54	0.099	
6	8	1	64	0.151	
6	8	1	65	0.173	
7	8	1	73	0.092	
7	8	1	189	0.073	
7	8	1	70	0.104	
7	8	1	48	0.074	
7	8	1	63	0.130	
8	8	1	73	0.142	
8	8	1	68	0.175	
8	8	1	62	0.147	
8	8	1	63	0.142	
8	8	1	62	0.188	
9	8	1	61	0.328	
9	8	1	61	0.338	
9	8	1	59	0.228	
9	8	1	59	0.228	
9	8	1	60	0.220	
10	8	1	99	0.089	
10	8	1	73	0.121	
10	8	1	61	0.201	
10	8	1	60	0.193	
10	8	1	61	0.213	
11	8	1	250	0.506	
11	8	1	250	0.781	
11	8	1	60	0.189	
11	8	1	60	0.203	
11	8	1	60	0.189	
12	8	1	109	0.159	
12	8	1	112	0.163	
12	8	1	62	0.172	
12	8	1	63	0.172	
12	8	1	70	0.126	
13	8	1	75	0.127	
13	8	1	66	0.158	
13	8	1	60	0.144	
13	8	1	61	0.150	
13	8	1	61	0.150	
14	8	1	116	0.360	
14	8	1	100	0.322	
14	8	1	61	0.174	
14	8	1	61	0.177	
14	8	1	61	0.218	
15	8	1	74	0.170	
15	8	1	72	0.168	
15	8	1	67	0.245	
15	8	1	61	0.213	
15	8	1	61	0.248	
16	8	1	76	0.155	
16	8	1	73	0.117	
16	8	1	63	0.142	
16	8	1	64	0.098	
16	8	1	78	0.127	
17	8	1	61	0.242	
17	8	1	61	0.279	
17	8	1	61	0.206	
17	8	1	61	0.196	
17	8	1	61	0.205	
18	8	1	250	0.141	
18	8	1	250	0.087	
18	8	1	60	0.191	
18	8	1	60	0.141	
18	8	1	60	0.191	
19	8	1	77	0.139	
19	8	1	75	0.201	
19	8	1	66	0.128	
19	8	1	66	0.093	
19	8	1	66	0.154	
20	8	1	166	0.062	
20	8	1	178	0.073	
20	8	1	60	0.172	
20	8	1	60	0.175	
20	8	1	60	0.178	
21	8	1	65	0.255	
21	8	1	65	0.254	
21	8	1	61	0.254	
21	8	1	63	0.190	
21	8	1	62	0.260	
22	8	1	68	0.144	
22	8	1	70	0.150	
22	8	1	61	0.127	
22	8	1	61	0.131	
22	8	1	61	0.176	
23	8	1	76	0.112	
23	8	1	77	0.116	
23	8	1	74	0.148	
23	8	1	62	0.111	
23	8	1	62	0.111	
24	8	1	70	0.124	
24	8	1	68	0.164	
24	8	1	63	0.154	
24	8	1	63	0.134	
24	8	1	62	0.150	
25	8	1	61	0.262	
25	8	1	61	0.261	
25	8	1	60	0.150	
25	8	1	60	0.148	
25	8	1	60	0.150	
26	8	1	250	0.460	
26	8	1	250	0.366	
26	8	1	60	0.159	
26	8	1	60	0.119	
26	8	1	60	0.178	
27	8	1	69	0.203	
27	8	1	64	0.213	
27	8	1	60	0.239	
27	8	1	60	0.194	
27	8	1	60	0.184	
28	8	1	63	0.209	
28	8	1	67	0.199	
28	8	1	59	0.187	
28	8	1	60	0.211	
28	8	1	59	0.238	
29	8	1	140	0.162	
29	8	1	87	0.179	
29	8	1	48	0.075	
29	8	1	44	0.058	
29	8	1	50	0.070	
30	8	1	250	0.328	
30	8	1	250	0.858	
30	8	1	65	0.161	
30	8	1	79	0.172	
30	8	1	73	0.149	
31	8	1	63	0.283	
31	8	1	63	0.247	
31	8	1	61	0.216	
31	8	1	60	0.194	
31	8	1	60	0.216	
32	8	1	61	0.275	
32	8	1	60	0.290	
32	8	1	60	0.222	
32	8	1	59	0.177	
32	8	1	60	0.222	
33	8	1	56	0.073	
33	8	1	64	0.074	
33	8	1	37	0.072	
33	8	1	40	0.059	
33	8	1	38	0.074	
34	8	1	70	0.259	
34	8	1	70	0.256	
34	8	1	61	0.208	
34	8	1	61	0.225	
34	8	1	60	0.203	
35	8	1	62	0.102	
35	8	1	67	0.117	
35	8	1	64	0.122	
35	8	1	69	0.112	
35	8	1	67	0.114	
36	8	1	64	0.331	
36	8	1	64	0.331	
36	8	1	60	0.218	
36	8	1	60	0.204	
36	8	1	60	0.217	
37	8	1	114	0.078	
37	8	1	115	0.103	
37	8	1	66	0.096	
37	8	1	66	0.111	
37	8	1	64	0.141	
38	8	1	250	0.075	
38	8	1	96	0.075	
38	8	1	45	0.063	
38	8	1	63	0.122	
38	8	1	67	0.104	
39	8	1	67	0.160	
39	8	1	73	0.183	
39	8	1	60	0.173	
39	8	1	60	0.149	
39	8	1	60	0.162	
40	8	1	59	0.459	
40	8	1	60	0.414	
40	8	1	59	0.343	
40	8	1	59	0.345	
40	8	1	59	0.343	
41	8	1	59	0.302	
41	8	1	60	0.311	
41	8	1	59	0.211	
41	8	1	59	0.211	
41	8	1	59	0.192	
42	8	1	60	0.971	
42	8	1	60	0.971	
42	8	1	59	0.653	
42	8	1	59	0.653	
42	8	1	59	0.653	
43	8	1	81	0.171	
43	8	1	80	0.148	
43	8	1	70	0.148	
43	8	1	85	0.097	
43	8	1	70	0.145	
44	8	1	52	0.069	
44	8	1	78	0.083	
44	8	1	63	0.108	
44	8	1	63	0.110	
44	8	1	66	0.076	
45	8	1	37	0.079	
45	8	1	37	0.110	
45	8	1	63	0.110	
45	8	1	63	0.120	
45	8	1	63	0.121	
46	8	1	109	0.085	
46	8	1	99	0.095	
46	8	1	66	0.134	
46	8	1	68	0.122	
46	8	1	66	0.128	
47	8	1	80	0.087	
47	8	1	76	0.090	
47	8	1	73	0.087	
47	8	1	66	0.086	
47	8	1	39	0.073	
48	8	1	110	0.073	
48	8	1	94	0.074	
48	8	1	66	0.134	
48	8	1	65	0.138	
48	8	1	65	0.105	
49	8	1	94	0.105	
49	8	1	98	0.151	
49	8	1	65	0.142	
49	8	1	67	0.146	
49	8	1	73	0.155	
50	8	1	65	0.255	
50	8	1	70	0.226	
50	8	1	62	0.204	
50	8	1	61	0.207	
50	8	1	61	0.211	
51	8	1	60	0.225	
51	8	1	67	0.243	
51	8	1	60	0.198	
51	8	1	72	0.278	
51	8	1	60	0.233	
52	8	1	61	0.319	
52	8	1	73	0.271	
52	8	1	60	0.158	
52	8	1	60	0.181	
52	8	1	60	0.173	
53	8	1	70	0.113	
53	8	1	68	0.136	
53	8	1	64	0.122	
53	8	1	64	0.118	
53	8	1	64	0.096	
54	8	1	71	0.369	
54	8	1	64	0.464	
54	8	1	60	0.236	
54	8	1	60	0.243	
54	8	1	60	0.238	
55	8	1	73	0.106	
55	8	1	73	0.106	
55	8	1	66	0.106	
55	8	1	64	0.106	
55	8	1	63	0.118	
56	8	1	83	0.197	
56	8	1	90	0.155	
56	8	1	63	0.164	
56	8	1	63	0.259	
56	8	1	63	0.163	
57	8	1	88	0.128	
57	8	1	64	0.072	
57	8	1	50	0.025	
57	8	1	68	0.089	
57	8	1	65	0.114	
58	8	1	89	0.085	
58	8	1	86	0.097	
58	8	1	68	0.087	
58	8	1	76	0.093	
58	8	1	68	0.111	
59	8	1	133	0.074	
59	8	1	250	0.092	
59	8	1	45	0.071	
59	8	1	63	0.089	
59	8	1	65	0.091	
60	8	1	218	0.075	
60	8	1	250	0.129	
60	8	1	62	0.092	
60	8	1	60	0.105	
60	8	1	60	0.085	
61	8	1	60	0.403	
61	8	1	59	0.371	
61	8	1	59	0.395	
61	8	1	59	0.395	
61	8	1	59	0.393	
62	8	1	250	0.166	
62	8	1	250	0.080	
62	8	1	65	0.104	
62	8	1	32	0.073	
62	8	1	71	0.099	
63	8	1	68	0.198	
63	8	1	66	0.178	
63	8	1	67	0.157	
63	8	1	68	0.153	
63	8	1	60	0.128	
64	8	1	65	0.169	
64	8	1	47	0.109	
64	8	1	62	0.133	
64	8	1	62	0.131	
64	8	1	62	0.140	
65	8	1	60	0.265	
65	8	1	60	0.282	
65	8	1	60	0.239	
65	8	1	60	0.254	
65	8	1	60	0.246	
66	8	1	210	0.067	
66	8	1	250	0.075	
66	8	1	61	0.142	
66	8	1	61	0.122	
66	8	1	61	0.122	
67	8	1	59	0.410	
67	8	1	59	0.410	
67	8	1	59	0.348	
67	8	1	59	0.348	
67	8	1	59	0.348	
68	8	1	62	0.227	
68	8	1	62	0.249	
68	8	1	60	0.184	
68	8	1	60	0.189	
68	8	1	61	0.190	
69	8	1	95	0.145	
69	8	1	103	0.142	
69	8	1	61	0.133	
69	8	1	34	0.053	
69	8	1	65	0.119	
70	8	1	63	0.227	
70	8	1	63	0.255	
70	8	1	62	0.222	
70	8	1	63	0.146	
70	8	1	62	0.227	
71	8	1	74	0.217	
71	8	1	72	0.211	
71	8	1	60	0.212	
71	8	1	60	0.212	
71	8	1	59	0.195	
72	8	1	65	0.268	
72	8	1	62	0.274	
72	8	1	59	0.234	
72	8	1	59	0.247	
72	8	1	59	0.251	
73	8	1	74	0.127	
73	8	1	74	0.241	
73	8	1	61	0.163	
73	8	1	61	0.164	
73	8	1	61	0.129	
74	8	1	221	0.060	
74	8	1	175	0.070	
74	8	1	60	0.144	
74	8	1	60	0.195	
74	8	1	60	0.166	
75	8	1	62	0.646	
75	8	1	62	0.628	
75	8	1	65	0.386	
75	8	1	72	0.365	
75	8	1	69	0.366	
76	8	1	134	0.079	
76	8	1	93	0.084	
76	8	1	62	0.195	
76	8	1	65	0.129	
76	8	1	64	0.157	
77	8	1	61	0.283	
77	8	1	61	0.283	
77	8	1	60	0.215	
77	8	1	60	0.212	
77	8	1	60	0.212	
78	8	1	250	0.095	
78	8	1	250	0.388	
78	8	1	78	0.120	
78	8	1	63	0.120	
78	8	1	64	0.085	
79	8	1	60	0.301	
79	8	1	61	0.227	
79	8	1	60	0.249	
79	8	1	61	0.248	
79	8	1	64	0.185	
80	8	1	74	0.149	
80	8	1	76	0.131	
80	8	1	67	0.088	
80	8	1	65	0.099	
80	8	1	65	0.101	
81	8	1	87	0.098	
81	8	1	89	0.132	
81	8	1	65	0.137	
81	8	1	60	0.130	
81	8	1	61	0.126	
82	8	1	41	0.052	
82	8	1	90	0.080	
82	8	1	78	0.078	
82	8	1	42	0.074	
82	8	1	31	0.073	
83	8	1	63	0.229	
83	8	1	63	0.229	
83	8	1	62	0.233	
83	8	1	61	0.195	
83	8	1	62	0.245	
84	8	1	62	0.163	
84	8	1	63	0.234	
84	8	1	60	0.174	
84	8	1	60	0.187	
84	8	1	59	0.175	
85	8	1	250	0.102	
85	8	1	250	0.095	
85	8	1	63	0.110	
85	8	1	64	0.120	
85	8	1	64	0.102	
86	8	1	97	0.121	
86	8	1	95	0.117	
86	8	1	66	0.166	
86	8	1	65	0.154	
86	8	1	65	0.135	
87	8	1	60	0.340	
87	8	1	60	0.269	
87	8	1	59	0.217	
87	8	1	60	0.231	
87	8	1	60	0.228	
88	8	1	61	0.433	
88	8	1	61	0.433	
88	8	1	60	0.268	
88	8	1	60	0.238	
88	8	1	60	0.229	
89	8	1	250	0.152	
89	8	1	243	0.070	
89	8	1	60	0.148	
89	8	1	61	0.132	
89	8	1	60	0.144	
90	8	1	63	0.286	
90	8	1	61	0.243	
90	8	1	60	0.239	
90	8	1	60	0.248	
90	8	1	70	0.249	
91	8	1	63	0.274	
91	8	1	62	0.257	
91	8	1	63	0.239	
91	8	1	63	0.237	
91	8	1	63	0.239	
92	8	1	64	0.140	
92	8	1	67	0.176	
92	8	1	60	0.128	
92	8	1	59	0.151	
92	8	1	59	0.126	
93	8	1	59	0.795	
93	8	1	59	0.795	
93	8	1	59	0.795	
93	8	1	59	0.795	
93	8	1	59	0.795	
94	8	1	59	0.370	
94	8	1	59	0.392	
94	8	1	59	0.392	
94	8	1	59	0.364	
94	8	1	59	0.392	
95	8	1	64	0.153	
95	8	1	64	0.198	
95	8	1	63	0.119	
95	8	1	62	0.144	
95	8	1	61	0.157	
96	8	1	55	0.057	
96	8	1	121	0.114	
96	8	1	64	0.153	
96	8	1	66	0.161	
96	8	1	65	0.169	
97	8	1	126	0.140	
97	8	1	136	0.126	
97	8	1	71	0.079	
97	8	1	60	0.083	
97	8	1	73	0.131	
98	8	1	113	0.113	
98	8	1	126	0.112	
98	8	1	63	0.126	
98	8	1	62	0.156	
98	8	1	62	0.175	
99	8	1	74	0.129	
99	8	1	83	0.145	
99	8	1	65	0.137	
99	8	1	65	0.116	
99	8	1	39	0.075	
100	8	1	63	0.186	
100	8	1	63	0.186	
100	8	1	61	0.173	
100	8	1	61	0.197	
100	8	1	61	0.158	
101	8	1	250	0.234	
101	8	1	250	0.118	
101	8	1	60	0.122	
101	8	1	60	0.122	
101	8	1	60	0.130	
102	8	1	90	0.133	
102	8	1	96	0.087	
102	8	1	61	0.132	
102	8	1	62	0.143	
102	8	1	61	0.156	
103	8	1	134	0.074	
103	8	1	250	0.081	
103	8	1	70	0.154	
103	8	1	69	0.119	
103	8	1	71	0.124	
104	8	1	60	0.059	
104	8	1	98	0.071	
104	8	1	63	0.124	
104	8	1	62	0.125	
104	8	1	61	0.125	
105	8	1	121	0.074	
105	8	1	154	0.080	
105	8	1	66	0.079	
105	8	1	73	0.151	
105	8	1	81	0.082	
106	8	1	159	0.065	
106	8	1	91	0.072	
106	8	1	63	0.121	
106	8	1	63	0.110	
106	8	1	62	0.114	
107	8	1	109	0.143	
107	8	1	108	0.161	
107	8	1	63	0.181	
107	8	1	62	0.208	
107	8	1	64	0.235	
108	8	1	62	0.248	
108	8	1	62	0.248	
108	8	1	60	0.196	
108	8	1	60	0.196	
108	8	1	60	0.196	
109	8	1	64	0.203	
109	8	1	63	0.226	
109	8	1	69	0.113	
109	8	1	61	0.140	
109	8	1	61	0.132	
110	8	1	77	0.177	
110	8	1	76	0.114	
110	8	1	65	0.130	
110	8	1	62	0.192	
110	8	1	62	0.182	
111	8	1	53	0.067	
111	8	1	48	0.075	
111	8	1	86	0.120	
111	8	1	52	0.141	
111	8	1	53	0.120	
112	8	1	223	0.075	
112	8	1	121	0.073	
112	8	1	37	0.125	
112	8	1	62	0.076	
112	8	1	37	0.061	
113	8	1	250	0.219	
113	8	1	250	0.226	
113	8	1	76	0.092	
113	8	1	40	0.070	
113	8	1	103	0.101	
114	8	1	106	0.096	
114	8	1	72	0.102	
114	8	1	64	0.126	
114	8	1	77	0.128	
114	8	1	91	0.084	
115	8	1	93	0.075	
115	8	1	91	0.074	
115	8	1	65	0.109	
115	8	1	34	0.111	
115	8	1	66	0.117	
116	8	1	96	0.263	
116	8	1	93	0.249	
116	8	1	62	0.208	
116	8	1	62	0.201	
116	8	1	61	0.258	
117	8	1	77	0.099	
117	8	1	77	0.113	
117	8	1	76	0.099	
117	8	1	79	0.129	
117	8	1	73	0.126	
118	8	1	93	0.144	
118	8	1	79	0.146	
118	8	1	68	0.122	
118	8	1	68	0.088	
118	8	1	67	0.113	
119	8	1	49	0.106	
119	8	1	88	0.110	
119	8	1	79	0.146	
119	8	1	73	0.124	
119	8	1	74	0.116	
120	8	1	171	0.077	
120	8	1	142	0.082	
120	8	1	81	0.110	
120	8	1	68	0.115	
120	8	1	67	0.110	
121	8	1	74	0.159	
121	8	1	74	0.162	
121	8	1	66	0.090	
121	8	1	65	0.125	
121	8	1	65	0.144	
122	8	1	73	0.154	
122	8	1	66	0.154	
122	8	1	61	0.189	
122	8	1	62	0.214	
122	8	1	62	0.214	
123	8	1	116	0.137	
123	8	1	84	0.154	
123	8	1	68	0.112	
123	8	1	65	0.102	
123	8	1	88	0.108	
124	8	1	250	0.090	
124	8	1	203	0.069	
124	8	1	77	0.156	
124	8	1	73	0.119	
124	8	1	67	0.151	
125	8	1	79	0.075	
125	8	1	113	0.060	
125	8	1	62	0.151	
125	8	1	62	0.133	
125	8	1	63	0.131	
126	8	1	98	0.100	
126	8	1	94	0.099	
126	8	1	62	0.109	
126	8	1	67	0.097	
126	8	1	64	0.113	
127	8	1	92	0.104	
127	8	1	98	0.129	
127	8	1	72	0.113	
127	8	1	66	0.118	
127	8	1	73	0.143	
128	8	1	250	0.625	
128	8	1	246	0.071	
128	8	1	60	0.175	
128	8	1	60	0.170	
128	8	1	60	0.175	
129	8	1	250	0.107	
129	8	1	250	0.119	
129	8	1	30	0.110	
129	8	1	87	0.111	
129	8	1	29	0.114	
130	8	1	62	0.220	
130	8	1	77	0.185	
130	8	1	61	0.155	
130	8	1	60	0.181	
130	8	1	60	0.197	
131	8	1	250	0.108	
131	8	1	250	0.313	
131	8	1	61	0.089	
131	8	1	67	0.126	
131	8	1	62	0.134	
132	8	1	250	0.383	
132	8	1	250	0.164	
132	8	1	62	0.190	
132	8	1	63	0.188	
132	8	1	62	0.165	
133	8	1	76	0.153	
133	8	1	69	0.160	
133	8	1	44	0.178	
133	8	1	63	0.117	
133	8	1	71	0.145	
134	8	1	78	0.127	
134	8	1	81	0.114	
134	8	1	62	0.142	
134	8	1	61	0.165	
134	8	1	61	0.129	
135	8	1	73	0.189	
135	8	1	65	0.262	
135	8	1	61	0.229	
135	8	1	61	0.229	
135	8	1	61	0.241	
136	8	1	250	0.259	
136	8	1	250	0.156	
136	8	1	73	0.080	
136	8	1	67	0.120	
136	8	1	64	0.099	
137	8	1	146	0.084	
137	8	1	133	0.089	
137	8	1	47	0.070	
137	8	1	70	0.086	
137	8	1	47	0.103	
138	8	1	201	0.073	
138	8	1	250	0.105	
138	8	1	88	0.113	
138	8	1	38	0.072	
138	8	1	79	0.075	
139	8	1	64	0.142	
139	8	1	65	0.122	
139	8	1	59	0.153	
139	8	1	60	0.134	
139	8	1	59	0.124	
140	8	1	69	0.123	
140	8	1	45	0.068	
140	8	1	70	0.103	
140	8	1	65	0.120	
140	8	1	64	0.125	
141	8	1	70	0.132	
141	8	1	68	0.149	
141	8	1	65	0.141	
141	8	1	62	0.120	
141	8	1	62	0.138	
142	8	1	75	0.089	
142	8	1	58	0.075	
142	8	1	63	0.126	
142	8	1	64	0.125	
142	8	1	61	0.146	
143	8	1	94	0.107	
143	8	1	96	0.122	
143	8	1	68	0.171	
143	8	1	76	0.152	
143	8	1	71	0.147	
144	8	1	250	0.087	
144	8	1	250	0.229	
144	8	1	62	0.133	
144	8	1	63	0.107	
144	8	1	62	0.103	
145	8	1	194	0.074	
145	8	1	133	0.074	
145	8	1	60	0.183	
145	8	1	60	0.145	
145	8	1	60	0.168	
146	8	1	68	0.264	
146	8	1	64	0.226	
146	8	1	61	0.190	
146	8	1	61	0.172	
146	8	1	61	0.193	
147	8	1	79	0.143	
147	8	1	75	0.112	
147	8	1	65	0.143	
147	8	1	61	0.094	
147	8	1	62	0.138	
148	8	1	37	0.070	
148	8	1	71	0.078	
148	8	1	62	0.104	
148	8	1	61	0.114	
148	8	1	70	0.080	
149	8	1	80	0.115	
149	8	1	75	0.132	
149	8	1	64	0.133	
149	8	1	65	0.144	
149	8	1	64	0.179	
150	8	1	85	0.143	
150	8	1	97	0.103	
150	8	1	71	0.108	
150	8	1	70	0.112	
150	8	1	68	0.146	
151	8	1	250	0.121	
151	8	1	250	0.193	
151	8	1	61	0.100	
151	8	1	61	0.099	
151	8	1	61	0.124	
152	8	1	102	0.094	
152	8	1	124	0.079	
152	8	1	61	0.192	
152	8	1	61	0.198	
152	8	1	61	0.206	
153	8	1	108	0.090	
153	8	1	94	0.112	
153	8	1	59	0.068	
153	8	1	50	0.070	
153	8	1	69	0.067	
154	8	1	124	0.089	
154	8	1	141	0.098	
154	8	1	65	0.153	
154	8	1	65	0.154	
154	8	1	66	0.137	
155	8	1	89	0.088	
155	8	1	90	0.097	
155	8	1	61	0.134	
155	8	1	62	0.112	
155	8	1	63	0.100	
156	8	1	63	0.230	
156	8	1	65	0.196	
156	8	1	60	0.157	
156	8	1	60	0.158	
156	8	1	60	0.180	
157	8	1	70	0.101	
157	8	1	76	0.085	
157	8	1	71	0.107	
157	8	1	30	0.075	
157	8	1	66	0.098	
158	8	1	60	0.093	
158	8	1	100	0.091	
158	8	1	83	0.089	
158	8	1	41	0.062	
158	8	1	83	0.091	
159	8	1	61	0.314	
159	8	1	60	0.291	
159	8	1	60	0.223	
159	8	1	60	0.217	
159	8	1	61	0.216	
160	8	1	77	0.110	
160	8	1	80	0.099	
160	8	1	66	0.121	
160	8	1	64	0.114	
160	8	1	62	0.099	
161	8	1	60	0.277	
161	8	1	60	0.275	
161	8	1	60	0.187	
161	8	1	60	0.191	
161	8	1	60	0.176	
162	8	1	143	0.077	
162	8	1	164	0.077	
162	8	1	68	0.140	
162	8	1	75	0.130	
162	8	1	68	0.106	
163	8	1	82	0.112	
163	8	1	90	0.089	
163	8	1	65	0.132	
163	8	1	68	0.084	
163	8	1	53	0.072	
164	8	1	71	0.177	
164	8	1	79	0.163	
164	8	1	60	0.174	
164	8	1	62	0.151	
164	8	1	61	0.146	
165	8	1	72	0.090	
165	8	1	75	0.094	
165	8	1	65	0.101	
165	8	1	61	0.109	
165	8	1	64	0.100	
166	8	1	83	0.078	
166	8	1	78	0.101	
166	8	1	61	0.139	
166	8	1	63	0.137	
166	8	1	62	0.143	
167	8	1	47	0.074	
167	8	1	50	0.083	
167	8	1	24	0.065	
167	8	1	33	0.072	
167	8	1	28	0.061	
168	8	1	88	0.106	
168	8	1	76	0.157	
168	8	1	65	0.131	
168	8	1	64	0.165	
168	8	1	65	0.126	
169	8	1	160	0.075	
169	8	1	152	0.075	
169	8	1	62	0.083	
169	8	1	61	0.086	
169	8	1	101	0.101	
170	8	1	77	0.109	
170	8	1	72	0.116	
170	8	1	60	0.170	
170	8	1	75	0.129	
170	8	1	62	0.118	
171	8	1	86	0.106	
171	8	1	93	0.090	
171	8	1	71	0.107	
171	8	1	27	0.064	
171	8	1	44	0.115	
172	8	1	76	0.105	
172	8	1	73	0.098	
172	8	1	64	0.126	
172	8	1	64	0.089	
172	8	1	73	0.079	
173	8	1	250	0.224	
173	8	1	250	0.296	
173	8	1	67	0.104	
173	8	1	66	0.100	
173	8	1	65	0.138	
174	8	1	64	0.137	
174	8	1	64	0.134	
174	8	1	61	0.141	
174	8	1	66	0.137	
174	8	1	62	0.172	
175	8	1	60	0.119	
175	8	1	119	0.084	
175	8	1	26	0.059	
175	8	1	64	0.109	
175	8	1	26	0.062	
176	8	1	97	0.159	
176	8	1	112	0.142	
176	8	1	68	0.159	
176	8	1	69	0.179	
176	8	1	69	0.106	
177	8	1	79	0.142	
177	8	1	86	0.137	
177	8	1	63	0.126	
177	8	1	65	0.132	
177	8	1	66	0.138	
178	8	1	75	0.130	
178	8	1	90	0.128	
178	8	1	64	0.149	
178	8	1	63	0.126	
178	8	1	68	0.134	
179	8	1	115	0.108	
179	8	1	113	0.099	
179	8	1	72	0.115	
179	8	1	65	0.103	
179	8	1	67	0.111	
180	8	1	101	0.084	
180	8	1	87	0.102	
180	8	1	35	0.074	
180	8	1	70	0.100	
180	8	1	70	0.082	
181	8	1	250	1.049	
181	8	1	250	0.947	
181	8	1	44	0.117	
181	8	1	68	0.089	
181	8	1	66	0.105	
182	8	1	118	0.079	
182	8	1	108	0.103	
182	8	1	82	0.081	
182	8	1	82	0.091	
182	8	1	48	0.071	
183	8	1	250	0.260	
183	8	1	250	0.109	
183	8	1	73	0.148	
183	8	1	64	0.131	
183	8	1	75	0.132	
184	8	1	250	0.087	
184	8	1	250	0.143	
184	8	1	68	0.113	
184	8	1	67	0.105	
184	8	1	65	0.192	
185	8	1	250	0.150	
185	8	1	250	0.136	
185	8	1	65	0.120	
185	8	1	63	0.133	
185	8	1	63	0.134	
186	8	1	103	0.074	
186	8	1	80	0.073	
186	8	1	72	0.122	
186	8	1	69	0.116	
186	8	1	69	0.129	
187	8	1	71	0.139	
187	8	1	78	0.117	
187	8	1	61	0.124	
187	8	1	60	0.130	
187	8	1	61	0.107	
188	8	1	250	0.121	
188	8	1	250	0.140	
188	8	1	64	0.111	
188	8	1	65	0.095	
188	8	1	65	0.125	
189	8	1	250	0.334	
189	8	1	250	0.459	
189	8	1	63	0.087	
189	8	1	61	0.110	
189	8	1	68	0.098	
190	8	1	77	0.144	
190	8	1	86	0.130	
190	8	1	66	0.103	
190	8	1	72	0.111	
190	8	1	71	0.096	
191	8	1	86	0.075	
191	8	1	82	0.089	
191	8	1	40	0.105	
191	8	1	71	0.099	
191	8	1	75	0.091	
192	8	1	116	0.100	
192	8	1	110	0.094	
192	8	1	103	0.095	
192	8	1	28	0.168	
192	8	1	75	0.092	
193	8	1	57	0.121	
193	8	1	87	0.075	
193	8	1	98	0.085	
193	8	1	73	0.115	
193	8	1	71	0.087	
194	8	1	131	0.103	
194	8	1	138	0.093	
194	8	1	65	0.100	
194	8	1	51	0.073	
194	8	1	71	0.086	
195	8	1	132	0.074	
195	8	1	140	0.074	
195	8	1	64	0.106	
195	8	1	64	0.106	
195	8	1	64	0.106	
196	8	1	120	0.095	
196	8	1	126	0.092	
196	8	1	64	0.100	
196	8	1	68	0.092	
196	8	1	63	0.101	
197	8	1	85	0.125	
197	8	1	91	0.089	
197	8	1	68	0.155	
197	8	1	66	0.115	
197	8	1	69	0.131	
198	8	1	119	0.074	
198	8	1	118	0.090	
198	8	1	61	0.090	
198	8	1	64	0.139	
198	8	1	63	0.121	
199	8	1	199	0.074	
199	8	1	197	0.072	
199	8	1	76	0.089	
199	8	1	35	0.066	
199	8	1	39	0.070	
200	8	1	250	0.129	
200	8	1	250	0.246	
200	8	1	60	0.144	
200	8	1	61	0.140	
200	8	1	62	0.133	
201	8	1	71	0.073	
201	8	1	207	0.075	
201	8	1	63	0.104	
201	8	1	63	0.106	
201	8	1	69	0.102	
202	8	1	124	0.088	
202	8	1	103	0.085	
202	8	1	63	0.157	
202	8	1	60	0.162	
202	8	1	61	0.115	
203	8	1	101	0.095	
203	8	1	86	0.076	
203	8	1	68	0.122	
203	8	1	78	0.119	
203	8	1	74	0.137	
204	8	1	78	0.105	
204	8	1	35	0.140	
204	8	1	64	0.112	
204	8	1	64	0.114	
204	8	1	65	0.129	
205	8	1	164	0.078	
205	8	1	179	0.085	
205	8	1	34	0.125	
205	8	1	102	0.098	
205	8	1	87	0.081	
206	8	1	197	0.071	
206	8	1	250	0.103	
206	8	1	64	0.084	
206	8	1	62	0.101	
206	8	1	63	0.102	
207	8	1	95	0.104	
207	8	1	94	0.093	
207	8	1	70	0.117	
207	8	1	72	0.092	
207	8	1	49	0.065	
208	8	1	250	0.171	
208	8	1	250	0.390	
208	8	1	63	0.090	
208	8	1	62	0.080	
208	8	1	65	0.106	
209	8	1	66	0.177	
209	8	1	67	0.176	
209	8	1	65	0.159	
209	8	1	66	0.135	
209	8	1	65	0.165	
210	8	1	88	0.140	
210	8	1	77	0.122	
210	8	1	64	0.087	
210	8	1	64	0.121	
210	8	1	62	0.114	
211	8	1	160	0.073	
211	8	1	173	0.074	
211	8	1	65	0.088	
211	8	1	40	0.074	
211	8	1	65	0.132	
212	8	1	73	0.125	
212	8	1	73	0.125	
212	8	1	62	0.132	
212	8	1	62	0.132	
212	8	1	62	0.132	
213	8	1	72	0.119	
213	8	1	74	0.085	
213	8	1	62	0.097	
213	8	1	63	0.089	
213	8	1	58	0.072	
214	8	1	89	0.078	
214	8	1	83	0.100	
214	8	1	79	0.103	
214	8	1	80	0.075	
214	8	1	74	0.082	
215	8	1	88	0.095	
215	8	1	85	0.081	
215	8	1	66	0.133	
215	8	1	44	0.131	
215	8	1	66	0.132	
216	8	1	250	0.140	
216	8	1	250	0.124	
216	8	1	63	0.146	
216	8	1	63	0.123	
216	8	1	63	0.122	
217	8	1	90	0.105	
217	8	1	81	0.121	
217	8	1	83	0.110	
217	8	1	68	0.098	
217	8	1	69	0.077	
218	8	1	89	0.097	
218	8	1	79	0.097	
218	8	1	29	0.194	
218	8	1	63	0.107	
218	8	1	29	0.198	
219	8	1	73	0.147	
219	8	1	79	0.129	
219	8	1	66	0.093	
219	8	1	66	0.112	
219	8	1	72	0.122	
220	8	1	250	0.297	
220	8	1	250	0.601	
220	8	1	54	0.092	
220	8	1	46	0.074	
220	8	1	48	0.076	
221	8	1	113	0.075	
221	8	1	91	0.075	
221	8	1	42	0.120	
221	8	1	54	0.072	
221	8	1	46	0.059	
222	8	1	32	0.107	
222	8	1	80	0.067	
222	8	1	63	0.117	
222	8	1	63	0.132	
222	8	1	64	0.139	
223	8	1	250	0.357	
223	8	1	235	0.149	
223	8	1	68	0.119	
223	8	1	71	0.114	
223	8	1	68	0.115	
224	8	1	123	0.071	
224	8	1	109	0.074	
224	8	1	64	0.122	
224	8	1	69	0.096	
224	8	1	67	0.076	
225	8	1	86	0.093	
225	8	1	86	0.104	
225	8	1	68	0.112	
225	8	1	63	0.125	
225	8	1	64	0.104	
226	8	1	86	0.087	
226	8	1	78	0.110	
226	8	1	74	0.094	
226	8	1	72	0.126	
226	8	1	63	0.135	
227	8	1	91	0.128	
227	8	1	105	0.118	
227	8	1	68	0.115	
227	8	1	74	0.091	
227	8	1	48	0.057	
228	8	1	250	0.735	
228	8	1	250	0.712	
228	8	1	55	0.098	
228	8	1	56	0.117	
228	8	1	56	0.091	
229	8	1	250	0.083	
229	8	1	250	0.080	
229	8	1	64	0.104	
229	8	1	63	0.099	
229	8	1	64	0.106	
230	8	1	250	0.084	
230	8	1	250	0.082	
230	8	1	65	0.101	
230	8	1	64	0.094	
230	8	1	67	0.097	
231	8	1	78	0.137	
231	8	1	87	0.131	
231	8	1	62	0.192	
231	8	1	62	0.173	
231	8	1	62	0.180	
232	8	1	250	0.654	
232	8	1	250	0.508	
232	8	1	62	0.140	
232	8	1	62	0.111	
232	8	1	62	0.131	
233	8	1	250	0.585	
233	8	1	250	0.102	
233	8	1	60	0.186	
233	8	1	60	0.187	
233	8	1	60	0.186	
234	8	1	41	0.055	
234	8	1	159	0.075	
234	8	1	67	0.112	
234	8	1	42	0.061	
234	8	1	65	0.111	
235	8	1	89	0.075	
235	8	1	41	0.062	
235	8	1	63	0.131	
235	8	1	63	0.098	
235	8	1	69	0.098	
236	8	1	69	0.107	
236	8	1	78	0.086	
236	8	1	61	0.176	
236	8	1	61	0.176	
236	8	1	61	0.182	
237	8	1	250	0.298	
237	8	1	250	0.511	
237	8	1	33	0.070	
237	8	1	34	0.069	
237	8	1	30	0.072	
238	8	1	109	0.107	
238	8	1	250	0.079	
238	8	1	45	0.160	
238	8	1	45	0.126	
238	8	1	77	0.121	
239	8	1	65	0.219	
239	8	1	66	0.258	
239	8	1	64	0.185	
239	8	1	64	0.237	
239	8	1	64	0.160	
240	8	1	81	0.218	
240	8	1	72	0.196	
240	8	1	69	0.213	
240	8	1	73	0.202	
240	8	1	70	0.210	
241	8	1	76	0.128	
241	8	1	74	0.120	
241	8	1	71	0.106	
241	8	1	67	0.119	
241	8	1	65	0.130	
242	8	1	102	0.074	
242	8	1	99	0.072	
242	8	1	45	0.073	
242	8	1	45	0.044	
242	8	1	73	0.085	
243	8	1	250	0.110	
243	8	1	250	0.119	
243	8	1	32	0.040	
243	8	1	69	0.077	
243	8	1	32	0.106	
244	8	1	250	0.241	
244	8	1	250	0.178	
244	8	1	65	0.078	
244	8	1	68	0.077	
244	8	1	70	0.093	
245	8	1	93	0.078	
245	8	1	98	0.094	
245	8	1	70	0.117	
245	8	1	78	0.078	
245	8	1	50	0.074	
246	8	1	99	0.083	
246	8	1	100	0.094	
246	8	1	72	0.078	
246	8	1	37	0.061	
246	8	1	34	0.065	
247	8	1	82	0.105	
247	8	1	81	0.108	
247	8	1	60	0.171	
247	8	1	61	0.237	
247	8	1	61	0.193	
248	8	1	101	0.129	
248	8	1	94	0.112	
248	8	1	67	0.155	
248	8	1	69	0.132	
248	8	1	67	0.167	
249	8	1	95	0.100	
249	8	1	34	0.068	
249	8	1	76	0.126	
249	8	1	67	0.097	
249	8	1	30	0.098	
250	8	1	65	0.097	
250	8	1	50	0.057	
250	8	1	73	0.104	
250	8	1	33	0.080	
250	8	1	71	0.086	
251	8	1	250	0.381	
251	8	1	250	0.364	
251	8	1	61	0.146	
251	8	1	60	0.133	
251	8	1	61	0.143	
252	8	1	83	0.075	
252	8	1	51	0.074	
252	8	1	65	0.113	
252	8	1	64	0.110	
252	8	1	66	0.101	
253	8	1	147	0.086	
253	8	1	136	0.081	
253	8	1	62	0.114	
253	8	1	33	0.058	
253	8	1	67	0.079	
254	8	1	51	0.063	
254	8	1	51	0.054	
254	8	1	71	0.122	
254	8	1	71	0.122	
254	8	1	71	0.126	
255	8	1	164	0.073	
255	8	1	250	0.091	
255	8	1	69	0.100	
255	8	1	48	0.073	
255	8	1	48	0.034	
256	8	1	31	0.067	
256	8	1	74	0.092	
256	8	1	66	0.100	
256	8	1	68	0.098	
256	8	1	63	0.092	
257	8	1	64	0.230	
257	8	1	63	0.244	
257	8	1	60	0.185	
257	8	1	60	0.144	
257	8	1	62	0.208	
258	8	1	33	0.073	
258	8	1	63	0.074	
258	8	1	32	0.054	
258	8	1	35	0.066	
258	8	1	44	0.063	
259	8	1	75	0.152	
259	8	1	71	0.154	
259	8	1	69	0.196	
259	8	1	64	0.117	
259	8	1	63	0.152	
260	8	1	250	0.143	
260	8	1	78	0.066	
260	8	1	55	0.072	
260	8	1	75	0.085	
260	8	1	76	0.094	
261	8	1	72	0.116	
261	8	1	70	0.115	
261	8	1	63	0.126	
261	8	1	62	0.086	
261	8	1	63	0.117	
262	8	1	204	0.073	
262	8	1	92	0.075	
262	8	1	35	0.144	
262	8	1	69	0.089	
262	8	1	35	0.116	
263	8	1	117	0.075	
263	8	1	233	0.075	
263	8	1	63	0.112	
263	8	1	71	0.118	
263	8	1	64	0.111	
264	8	1	250	0.295	
264	8	1	177	0.073	
264	8	1	35	0.066	
264	8	1	66	0.096	
264	8	1	35	0.065	
265	8	1	111	0.113	
265	8	1	108	0.102	
265	8	1	37	0.122	
265	8	1	90	0.094	
265	8	1	80	0.116	
266	8	1	39	0.080	
266	8	1	122	0.074	
266	8	1	74	0.106	
266	8	1	74	0.108	
266	8	1	70	0.099	
267	8	1	250	0.144	
267	8	1	250	0.125	
267	8	1	64	0.085	
267	8	1	64	0.089	
267	8	1	63	0.117	
268	8	1	87	0.074	
268	8	1	162	0.098	
268	8	1	68	0.102	
268	8	1	67	0.102	
268	8	1	68	0.102	
269	8	1	89	0.086	
269	8	1	92	0.098	
269	8	1	67	0.082	
269	8	1	64	0.083	
269	8	1	63	0.083	
270	8	1	85	0.122	
270	8	1	83	0.208	
270	8	1	63	0.184	
270	8	1	61	0.211	
270	8	1	62	0.193	
271	8	1	250	0.094	
271	8	1	250	0.088	
271	8	1	55	0.060	
271	8	1	48	0.074	
271	8	1	51	0.072	
272	8	1	60	0.072	
272	8	1	55	0.074	
272	8	1	59	0.081	
272	8	1	35	0.117	
272	8	1	76	0.066	
273	8	1	54	0.074	
273	8	1	79	0.072	
273	8	1	30	0.132	
273	8	1	67	0.071	
273	8	1	73	0.121	
274	8	1	153	0.066	
274	8	1	204	0.061	
274	8	1	60	0.169	
274	8	1	59	0.147	
274	8	1	60	0.154	
275	8	1	119	0.070	
275	8	1	136	0.069	
275	8	1	49	0.083	
275	8	1	65	0.072	
275	8	1	65	0.057	
276	8	1	45	0.103	
276	8	1	87	0.109	
276	8	1	82	0.076	
276	8	1	54	0.084	
276	8	1	52	0.058	
277	8	1	88	0.081	
277	8	1	85	0.099	
277	8	1	67	0.113	
277	8	1	74	0.089	
277	8	1	39	0.068	
278	8	1	72	0.127	
278	8	1	72	0.109	
278	8	1	69	0.088	
278	8	1	65	0.110	
278	8	1	66	0.112	
279	8	1	188	0.077	
279	8	1	180	0.085	
279	8	1	79	0.077	
279	8	1	94	0.076	
279	8	1	47	0.073	
280	8	1	136	0.074	
280	8	1	163	0.074	
280	8	1	83	0.126	
280	8	1	147	0.126	
280	8	1	27	0.057	
281	8	1	115	0.076	
281	8	1	109	0.086	
281	8	1	88	0.085	
281	8	1	82	0.090	
281	8	1	55	0.075	
282	8	1	250	0.128	
282	8	1	250	0.080	
282	8	1	43	0.064	
282	8	1	81	0.087	
282	8	1	86	0.088	
283	8	1	153	0.074	
283	8	1	250	0.182	
283	8	1	31	0.073	
283	8	1	36	0.067	
283	8	1	41	0.075	
284	8	1	250	0.120	
284	8	1	250	0.211	
284	8	1	65	0.115	
284	8	1	66	0.086	
284	8	1	66	0.098	
285	8	1	86	0.099	
285	8	1	42	0.066	
285	8	1	63	0.092	
285	8	1	35	0.067	
285	8	1	69	0.098	
286	8	1	46	0.070	
286	8	1	125	0.075	
286	8	1	71	0.098	
286	8	1	45	0.066	
286	8	1	72	0.090	
287	8	1	79	0.092	
287	8	1	79	0.081	
287	8	1	43	0.068	
287	8	1	73	0.092	
287	8	1	41	0.073	
288	8	1	250	0.122	
288	8	1	225	0.073	
288	8	1	36	0.096	
288	8	1	71	0.100	
288	8	1	36	0.101	
289	8	1	72	0.149	
289	8	1	36	0.060	
289	8	1	77	0.171	
289	8	1	85	0.149	
289	8	1	68	0.155	
290	8	1	79	0.136	
290	8	1	77	0.090	
290	8	1	88	0.127	
290	8	1	81	0.131	
290	8	1	84	0.115	
291	8	1	102	0.095	
291	8	1	88	0.107	
291	8	1	61	0.258	
291	8	1	61	0.246	
291	8	1	61	0.205	
292	8	1	104	0.084	
292	8	1	96	0.122	
292	8	1	83	0.121	
292	8	1	73	0.133	
292	8	1	84	0.128	
293	8	1	110	0.112	
293	8	1	116	0.124	
293	8	1	75	0.120	
293	8	1	74	0.112	
293	8	1	33	0.130	
294	8	1	102	0.075	
294	8	1	127	0.091	
294	8	1	81	0.114	
294	8	1	62	0.069	
294	8	1	81	0.101	
295	8	1	94	0.084	
295	8	1	46	0.071	
295	8	1	69	0.107	
295	8	1	72	0.104	
295	8	1	40	0.062	
296	8	1	99	0.085	
296	8	1	100	0.088	
296	8	1	65	0.119	
296	8	1	63	0.118	
296	8	1	62	0.163	
297	8	1	69	0.075	
297	8	1	116	0.074	
297	8	1	31	0.071	
297	8	1	29	0.057	
297	8	1	30	0.074	
298	8	1	237	0.075	
298	8	1	250	0.084	
298	8	1	73	0.101	
298	8	1	66	0.078	
298	8	1	67	0.109	
299	8	1	250	0.101	
299	8	1	250	0.092	
299	8	1	73	0.124	
299	8	1	73	0.084	
299	8	1	69	0.085	
0	9	1	97	0.098	
0	9	1	92	0.116	
0	9	1	71	0.183	
0	9	1	71	0.142	
0	9	1	76	0.189	
1	9	1	80	0.201	
1	9	1	79	0.242	
1	9	1	70	0.175	
1	9	1	71	0.198	
1	9	1	71	0.223	
2	9	1	95	0.087	
2	9	1	95	0.100	
2	9	1	73	0.091	
2	9	1	83	0.117	
2	9	1	68	0.093	
3	9	1	75	0.219	
3	9	1	74	0.158	
3	9	1	68	0.259	
3	9	1	68	0.231	
3	9	1	68	0.205	
4	9	1	113	0.128	
4	9	1	144	0.125	
4	9	1	84	0.126	
4	9	1	84	0.121	
4	9	1	82	0.132	
5	9	1	68	0.306	
5	9	1	68	0.306	
5	9	1	68	0.217	
5	9	1	68	0.254	
5	9	1	68	0.217	
6	9	1	200	0.073	
6	9	1	250	0.162	
6	9	1	72	0.149	
6	9	1	72	0.144	
6	9	1	71	0.120	
7	9	1	79	0.139	
7	9	1	82	0.137	
7	9	1	71	0.134	
7	9	1	71	0.105	
7	9	1	72	0.106	
8	9	1	86	0.082	
8	9	1	76	0.099	
8	9	1	72	0.145	
8	9	1	71	0.177	
8	9	1	71	0.160	
9	9	1	68	0.269	
9	9	1	68	0.258	
9	9	1	68	0.202	
9	9	1	68	0.215	
9	9	1	68	0.189	
10	9	1	107	0.117	
10	9	1	88	0.151	
10	9	1	69	0.261	
10	9	1	68	0.233	
10	9	1	68	0.220	
11	9	1	68	0.261	
11	9	1	68	0.233	
11	9	1	68	0.226	
11	9	1	68	0.226	
11	9	1	68	0.246	
12	9	1	100	0.173	
12	9	1	84	0.189	
12	9	1	80	0.185	
12	9	1	71	0.178	
12	9	1	70	0.169	
13	9	1	77	0.077	
13	9	1	74	0.131	
13	9	1	91	0.139	
13	9	1	71	0.130	
13	9	1	71	0.137	
14	9	1	250	0.322	
14	9	1	250	0.272	
14	9	1	69	0.161	
14	9	1	70	0.159	
14	9	1	70	0.196	
15	9	1	72	0.276	
15	9	1	73	0.203	
15	9	1	70	0.240	
15	9	1	70	0.221	
15	9	1	70	0.220	
16	9	1	74	0.140	
16	9	1	73	0.178	
16	9	1	74	0.157	
16	9	1	74	0.185	
16	9	1	73	0.174	
17	9	1	70	0.288	
17	9	1	70	0.303	
17	9	1	70	0.177	
17	9	1	70	0.175	
17	9	1	69	0.177	
18	9	1	69	0.258	
18	9	1	70	0.245	
18	9	1	69	0.263	
18	9	1	68	0.261	
18	9	1	68	0.249	
19	9	1	84	0.190	
19	9	1	89	0.127	
19	9	1	77	0.144	
19	9	1	79	0.112	
19	9	1	74	0.091	
20	9	1	69	0.251	
20	9	1	68	0.249	
20	9	1	68	0.203	
20	9	1	68	0.205	
20	9	1	68	0.204	
21	9	1	75	0.257	
21	9	1	76	0.226	
21	9	1	71	0.231	
21	9	1	71	0.218	
21	9	1	70	0.197	
22	9	1	144	0.092	
22	9	1	128	0.101	
22	9	1	69	0.169	
22	9	1	69	0.145	
22	9	1	69	0.125	
23	9	1	70	0.156	
23	9	1	70	0.156	
23	9	1	70	0.133	
23	9	1	76	0.129	
23	9	1	29	0.124	
24	9	1	133	0.118	
24	9	1	121	0.107	
24	9	1	72	0.114	
24	9	1	72	0.147	
24	9	1	72	0.123	
25	9	1	250	1.096	
25	9	1	250	1.092	
25	9	1	68	0.132	
25	9	1	68	0.122	
25	9	1	68	0.122	
26	9	1	250	0.192	
26	9	1	250	0.139	
26	9	1	69	0.167	
26	9	1	69	0.167	
26	9	1	69	0.144	
27	9	1	77	0.173	
27	9	1	83	0.223	
27	9	1	69	0.221	
27	9	1	68	0.209	
27	9	1	68	0.198	
28	9	1	70	0.259	
28	9	1	69	0.320	
28	9	1	68	0.185	
28	9	1	68	0.189	
28	9	1	68	0.197	
29	9	1	77	0.131	
29	9	1	78	0.121	
29	9	1	73	0.062	
29	9	1	85	0.090	
29	9	1	84	0.076	
30	9	1	98	0.195	
30	9	1	81	0.220	
30	9	1	75	0.139	
30	9	1	79	0.129	
30	9	1	73	0.149	
31	9	1	78	0.172	
31	9	1	79	0.163	
31	9	1	69	0.175	
31	9	1	69	0.231	
31	9	1	69	0.210	
32	9	1	69	0.268	
32	9	1	69	0.262	
32	9	1	68	0.207	
32	9	1	68	0.199	
32	9	1	68	0.199	
33	9	1	67	0.077	
33	9	1	62	0.078	
33	9	1	37	0.073	
33	9	1	40	0.071	
33	9	1	42	0.078	
34	9	1	79	0.228	
34	9	1	76	0.153	
34	9	1	69	0.193	
34	9	1	69	0.249	
34	9	1	69	0.181	
35	9	1	94	0.097	
35	9	1	89	0.083	
35	9	1	69	0.108	
35	9	1	72	0.100	
35	9	1	72	0.112	
36	9	1	69	0.226	
36	9	1	69	0.204	
36	9	1	68	0.219	
36	9	1	68	0.215	
36	9	1	68	0.215	
37	9	1	130	0.106	
37	9	1	120	0.084	
37	9	1	75	0.129	
37	9	1	74	0.112	
37	9	1	74	0.104	
38	9	1	86	0.075	
38	9	1	101	0.136	
38	9	1	73	0.132	
38	9	1	73	0.124	
38	9	1	74	0.113	
39	9	1	69	0.161	
39	9	1	69	0.161	
39	9	1	68	0.151	
39	9	1	68	0.151	
39	9	1	68	0.144	
40	9	1	68	0.317	
40	9	1	68	0.350	
40	9	1	68	0.337	
40	9	1	68	0.337	
40	9	1	68	0.293	
41	9	1	106	0.114	
41	9	1	140	0.075	
41	9	1	68	0.226	
41	9	1	68	0.258	
41	9	1	68	0.228	
42	9	1	68	0.603	
42	9	1	68	0.603	
42	9	1	68	0.603	
42	9	1	68	0.603	
42	9	1	68	0.603	
43	9	1	250	0.137	
43	9	1	250	0.136	
43	9	1	75	0.137	
43	9	1	74	0.151	
43	9	1	77	0.148	
44	9	1	99	0.135	
44	9	1	92	0.080	
44	9	1	71	0.109	
44	9	1	82	0.096	
44	9	1	91	0.117	
45	9	1	39	0.071	
45	9	1	43	0.097	
45	9	1	69	0.106	
45	9	1	69	0.122	
45	9	1	70	0.100	
46	9	1	110	0.076	
46	9	1	122	0.080	
46	9	1	77	0.113	
46	9	1	75	0.109	
46	9	1	81	0.120	
47	9	1	138	0.073	
47	9	1	122	0.073	
47	9	1	85	0.084	
47	9	1	43	0.074	
47	9	1	89	0.076	
48	9	1	80	0.178	
48	9	1	82	0.157	
48	9	1	73	0.141	
48	9	1	73	0.158	
48	9	1	74	0.168	
49	9	1	82	0.196	
49	9	1	90	0.118	
49	9	1	72	0.119	
49	9	1	72	0.113	
49	9	1	72	0.125	
50	9	1	79	0.231	
50	9	1	83	0.181	
50	9	1	74	0.254	
50	9	1	74	0.314	
50	9	1	74	0.219	
51	9	1	72	0.279	
51	9	1	71	0.301	
51	9	1	69	0.204	
51	9	1	78	0.234	
51	9	1	73	0.197	
52	9	1	250	0.146	
52	9	1	250	0.184	
52	9	1	69	0.122	
52	9	1	68	0.137	
52	9	1	68	0.131	
53	9	1	250	0.099	
53	9	1	250	0.114	
53	9	1	72	0.162	
53	9	1	73	0.193	
53	9	1	72	0.199	
54	9	1	112	0.319	
54	9	1	70	0.401	
54	9	1	68	0.222	
54	9	1	68	0.278	
54	9	1	68	0.272	
55	9	1	87	0.077	
55	9	1	42	0.061	
55	9	1	73	0.095	
55	9	1	70	0.103	
55	9	1	73	0.095	
56	9	1	75	0.241	
56	9	1	75	0.285	
56	9	1	71	0.148	
56	9	1	71	0.175	
56	9	1	71	0.171	
57	9	1	105	0.078	
57	9	1	109	0.083	
57	9	1	74	0.080	
57	9	1	75	0.089	
57	9	1	76	0.100	
58	9	1	89	0.097	
58	9	1	74	0.132	
58	9	1	79	0.109	
58	9	1	73	0.098	
58	9	1	90	0.099	
59	9	1	106	0.093	
59	9	1	109	0.078	
59	9	1	73	0.092	
59	9	1	75	0.084	
59	9	1	48	0.074	
60	9	1	250	0.193	
60	9	1	250	0.191	
60	9	1	68	0.119	
60	9	1	72	0.087	
60	9	1	72	0.106	
61	9	1	68	0.389	
61	9	1	68	0.389	
61	9	1	68	0.416	
61	9	1	68	0.389	
61	9	1	68	0.416	
62	9	1	46	0.074	
62	9	1	102	0.081	
62	9	1	76	0.097	
62	9	1	79	0.097	
62	9	1	78	0.085	
63	9	1	220	0.074	
63	9	1	250	0.079	
63	9	1	70	0.198	
63	9	1	69	0.114	
63	9	1	83	0.107	
64	9	1	71	0.148	
64	9	1	72	0.150	
64	9	1	71	0.117	
64	9	1	52	0.107	
64	9	1	71	0.145	
65	9	1	87	0.277	
65	9	1	87	0.315	
65	9	1	68	0.251	
65	9	1	68	0.242	
65	9	1	68	0.247	
66	9	1	92	0.120	
66	9	1	95	0.110	
66	9	1	70	0.177	
66	9	1	70	0.176	
66	9	1	70	0.171	
67	9	1	68	0.405	
67	9	1	68	0.405	
67	9	1	68	0.314	
67	9	1	68	0.314	
67	9	1	68	0.314	
68	9	1	78	0.200	
68	9	1	76	0.221	
68	9	1	70	0.189	
68	9	1	69	0.154	
68	9	1	70	0.168	
69	9	1	105	0.162	
69	9	1	122	0.097	
69	9	1	69	0.124	
69	9	1	79	0.177	
69	9	1	75	0.131	
70	9	1	114	0.195	
70	9	1	119	0.214	
70	9	1	71	0.230	
70	9	1	71	0.237	
70	9	1	71	0.210	
71	9	1	75	0.203	
71	9	1	74	0.218	
71	9	1	68	0.160	
71	9	1	68	0.168	
71	9	1	68	0.166	
72	9	1	246	0.073	
72	9	1	250	0.161	
72	9	1	68	0.224	
72	9	1	68	0.228	
72	9	1	68	0.216	
73	9	1	102	0.087	
73	9	1	106	0.106	
73	9	1	70	0.163	
73	9	1	70	0.207	
73	9	1	70	0.166	
74	9	1	74	0.137	
74	9	1	77	0.195	
74	9	1	69	0.192	
74	9	1	69	0.203	
74	9	1	77	0.187	
75	9	1	68	0.376	
75	9	1	68	0.375	
75	9	1	68	0.334	
75	9	1	68	0.330	
75	9	1	68	0.345	
76	9	1	108	0.085	
76	9	1	110	0.087	
76	9	1	73	0.198	
76	9	1	72	0.147	
76	9	1	77	0.192	
77	9	1	250	0.361	
77	9	1	250	0.335	
77	9	1	68	0.176	
77	9	1	68	0.140	
77	9	1	68	0.140	
78	9	1	103	0.108	
78	9	1	110	0.086	
78	9	1	71	0.118	
78	9	1	71	0.138	
78	9	1	71	0.097	
79	9	1	95	0.099	
79	9	1	97	0.224	
79	9	1	69	0.220	
79	9	1	68	0.243	
79	9	1	69	0.173	
80	9	1	250	1.048	
80	9	1	250	1.028	
80	9	1	72	0.153	
80	9	1	72	0.143	
80	9	1	72	0.132	
81	9	1	78	0.121	
81	9	1	72	0.147	
81	9	1	69	0.135	
81	9	1	69	0.157	
81	9	1	69	0.120	
82	9	1	71	0.117	
82	9	1	37	0.051	
82	9	1	37	0.069	
82	9	1	74	0.101	
82	9	1	37	0.053	
83	9	1	74	0.285	
83	9	1	72	0.238	
83	9	1	70	0.226	
83	9	1	70	0.223	
83	9	1	70	0.226	
84	9	1	250	0.564	
84	9	1	250	1.787	
84	9	1	68	0.167	
84	9	1	68	0.191	
84	9	1	68	0.191	
85	9	1	101	0.095	
85	9	1	34	0.115	
85	9	1	72	0.161	
85	9	1	73	0.181	
85	9	1	73	0.111	
86	9	1	147	0.093	
86	9	1	146	0.101	
86	9	1	78	0.117	
86	9	1	31	0.073	
86	9	1	74	0.112	
87	9	1	69	0.284	
87	9	1	69	0.289	
87	9	1	69	0.341	
87	9	1	69	0.289	
87	9	1	68	0.224	
88	9	1	69	0.254	
88	9	1	71	0.314	
88	9	1	69	0.271	
88	9	1	69	0.260	
88	9	1	69	0.262	
89	9	1	71	0.138	
89	9	1	70	0.152	
89	9	1	72	0.196	
89	9	1	68	0.150	
89	9	1	76	0.127	
90	9	1	215	0.066	
90	9	1	224	0.067	
90	9	1	69	0.216	
90	9	1	69	0.180	
90	9	1	69	0.243	
91	9	1	74	0.214	
91	9	1	73	0.214	
91	9	1	71	0.179	
91	9	1	71	0.191	
91	9	1	70	0.177	
92	9	1	250	0.184	
92	9	1	234	0.070	
92	9	1	76	0.094	
92	9	1	68	0.135	
92	9	1	68	0.100	
93	9	1	68	0.850	
93	9	1	68	0.871	
93	9	1	68	0.786	
93	9	1	68	0.786	
93	9	1	68	0.786	
94	9	1	68	0.450	
94	9	1	67	0.395	
94	9	1	68	0.450	
94	9	1	68	0.396	
94	9	1	68	0.450	
95	9	1	79	0.172	
95	9	1	82	0.159	
95	9	1	70	0.174	
95	9	1	74	0.186	
95	9	1	70	0.201	
96	9	1	83	0.188	
96	9	1	92	0.106	
96	9	1	75	0.157	
96	9	1	73	0.153	
96	9	1	74	0.180	
97	9	1	82	0.124	
97	9	1	87	0.092	
97	9	1	68	0.149	
97	9	1	69	0.141	
97	9	1	70	0.111	
98	9	1	146	0.118	
98	9	1	141	0.105	
98	9	1	70	0.124	
98	9	1	71	0.168	
98	9	1	71	0.177	
99	9	1	179	0.074	
99	9	1	146	0.074	
99	9	1	75	0.097	
99	9	1	47	0.072	
99	9	1	48	0.073	
100	9	1	76	0.198	
100	9	1	72	0.205	
100	9	1	69	0.196	
100	9	1	70	0.165	
100	9	1	70	0.206	
101	9	1	69	0.220	
101	9	1	69	0.214	
101	9	1	68	0.173	
101	9	1	68	0.160	
101	9	1	68	0.137	
102	9	1	250	0.100	
102	9	1	250	0.089	
102	9	1	70	0.110	
102	9	1	70	0.093	
102	9	1	70	0.130	
103	9	1	79	0.124	
103	9	1	83	0.091	
103	9	1	78	0.100	
103	9	1	78	0.150	
103	9	1	48	0.062	
104	9	1	95	0.115	
104	9	1	81	0.125	
104	9	1	71	0.115	
104	9	1	73	0.116	
104	9	1	72	0.127	
105	9	1	137	0.060	
105	9	1	250	0.205	
105	9	1	82	0.133	
105	9	1	72	0.123	
105	9	1	75	0.137	
106	9	1	73	0.181	
106	9	1	78	0.179	
106	9	1	72	0.129	
106	9	1	70	0.163	
106	9	1	71	0.162	
107	9	1	72	0.208	
107	9	1	71	0.183	
107	9	1	71	0.179	
107	9	1	70	0.160	
107	9	1	70	0.196	
108	9	1	70	0.244	
108	9	1	71	0.224	
108	9	1	68	0.206	
108	9	1	68	0.262	
108	9	1	68	0.264	
109	9	1	71	0.227	
109	9	1	73	0.224	
109	9	1	70	0.149	
109	9	1	73	0.192	
109	9	1	70	0.190	
110	9	1	83	0.123	
110	9	1	85	0.178	
110	9	1	70	0.195	
110	9	1	76	0.157	
110	9	1	72	0.110	
111	9	1	250	0.078	
111	9	1	56	0.074	
111	9	1	100	0.093	
111	9	1	91	0.110	
111	9	1	98	0.078	
112	9	1	250	0.102	
112	9	1	250	0.083	
112	9	1	41	0.137	
112	9	1	41	0.069	
112	9	1	43	0.072	
113	9	1	97	0.109	
113	9	1	101	0.103	
113	9	1	84	0.122	
113	9	1	78	0.141	
113	9	1	77	0.115	
114	9	1	101	0.115	
114	9	1	99	0.099	
114	9	1	74	0.100	
114	9	1	39	0.062	
114	9	1	81	0.110	
115	9	1	96	0.111	
115	9	1	99	0.104	
115	9	1	70	0.116	
115	9	1	69	0.115	
115	9	1	70	0.111	
116	9	1	71	0.254	
116	9	1	71	0.332	
116	9	1	69	0.246	
116	9	1	69	0.230	
116	9	1	70	0.216	
117	9	1	211	0.075	
117	9	1	206	0.074	
117	9	1	80	0.160	
117	9	1	80	0.126	
117	9	1	98	0.108	
118	9	1	130	0.089	
118	9	1	118	0.102	
118	9	1	79	0.150	
118	9	1	80	0.143	
118	9	1	79	0.154	
119	9	1	96	0.096	
119	9	1	102	0.097	
119	9	1	79	0.122	
119	9	1	88	0.088	
119	9	1	76	0.116	
120	9	1	81	0.163	
120	9	1	92	0.140	
120	9	1	74	0.099	
120	9	1	74	0.106	
120	9	1	75	0.101	
121	9	1	89	0.156	
121	9	1	89	0.144	
121	9	1	74	0.122	
121	9	1	77	0.121	
121	9	1	73	0.160	
122	9	1	81	0.222	
122	9	1	75	0.241	
122	9	1	70	0.213	
122	9	1	70	0.179	
122	9	1	70	0.170	
123	9	1	97	0.138	
123	9	1	104	0.133	
123	9	1	75	0.136	
123	9	1	77	0.104	
123	9	1	93	0.125	
124	9	1	180	0.073	
124	9	1	250	0.077	
124	9	1	77	0.137	
124	9	1	49	0.073	
124	9	1	77	0.093	
125	9	1	80	0.141	
125	9	1	72	0.171	
125	9	1	71	0.135	
125	9	1	73	0.130	
125	9	1	70	0.154	
126	9	1	141	0.074	
126	9	1	141	0.072	
126	9	1	48	0.075	
126	9	1	71	0.121	
126	9	1	72	0.099	
127	9	1	250	0.107	
127	9	1	250	0.086	
127	9	1	77	0.143	
127	9	1	76	0.129	
127	9	1	73	0.134	
128	9	1	107	0.074	
128	9	1	62	0.072	
128	9	1	68	0.200	
128	9	1	68	0.191	
128	9	1	68	0.183	
129	9	1	91	0.152	
129	9	1	97	0.143	
129	9	1	72	0.158	
129	9	1	73	0.117	
129	9	1	74	0.139	
130	9	1	65	0.126	
130	9	1	175	0.074	
130	9	1	68	0.161	
130	9	1	68	0.145	
130	9	1	69	0.225	
131	9	1	84	0.180	
131	9	1	78	0.208	
131	9	1	71	0.139	
131	9	1	70	0.131	
131	9	1	71	0.157	
132	9	1	108	0.074	
132	9	1	224	0.075	
132	9	1	71	0.140	
132	9	1	71	0.184	
132	9	1	71	0.160	
133	9	1	250	0.086	
133	9	1	250	0.085	
133	9	1	77	0.144	
133	9	1	76	0.104	
133	9	1	72	0.114	
134	9	1	172	0.075	
134	9	1	41	0.074	
134	9	1	79	0.152	
134	9	1	70	0.143	
134	9	1	73	0.102	
135	9	1	71	0.202	
135	9	1	71	0.206	
135	9	1	69	0.200	
135	9	1	69	0.217	
135	9	1	69	0.204	
136	9	1	85	0.165	
136	9	1	87	0.105	
136	9	1	74	0.118	
136	9	1	49	0.121	
136	9	1	79	0.104	
137	9	1	250	0.187	
137	9	1	250	0.103	
137	9	1	78	0.092	
137	9	1	81	0.109	
137	9	1	77	0.101	
138	9	1	110	0.096	
138	9	1	107	0.121	
138	9	1	80	0.111	
138	9	1	83	0.125	
138	9	1	83	0.095	
139	9	1	148	0.074	
139	9	1	122	0.073	
139	9	1	68	0.154	
139	9	1	68	0.149	
139	9	1	68	0.133	
140	9	1	105	0.117	
140	9	1	103	0.091	
140	9	1	73	0.103	
140	9	1	72	0.118	
140	9	1	78	0.119	
141	9	1	112	0.067	
141	9	1	122	0.066	
141	9	1	69	0.137	
141	9	1	68	0.134	
141	9	1	68	0.134	
142	9	1	90	0.089	
142	9	1	86	0.126	
142	9	1	69	0.112	
142	9	1	69	0.122	
142	9	1	69	0.118	
143	9	1	94	0.155	
143	9	1	106	0.135	
143	9	1	77	0.177	
143	9	1	77	0.157	
143	9	1	76	0.156	
144	9	1	82	0.115	
144	9	1	83	0.111	
144	9	1	72	0.077	
144	9	1	75	0.075	
144	9	1	72	0.109	
145	9	1	85	0.072	
145	9	1	121	0.090	
145	9	1	82	0.161	
145	9	1	68	0.167	
145	9	1	69	0.188	
146	9	1	78	0.137	
146	9	1	71	0.321	
146	9	1	70	0.184	
146	9	1	70	0.182	
146	9	1	70	0.214	
147	9	1	93	0.091	
147	9	1	90	0.106	
147	9	1	72	0.119	
147	9	1	71	0.105	
147	9	1	71	0.090	
148	9	1	60	0.125	
148	9	1	108	0.093	
148	9	1	71	0.101	
148	9	1	70	0.109	
148	9	1	71	0.113	
149	9	1	64	0.071	
149	9	1	52	0.065	
149	9	1	72	0.148	
149	9	1	73	0.170	
149	9	1	73	0.170	
150	9	1	83	0.135	
150	9	1	94	0.119	
150	9	1	73	0.111	
150	9	1	74	0.118	
150	9	1	76	0.122	
151	9	1	63	0.075	
151	9	1	88	0.095	
151	9	1	71	0.126	
151	9	1	71	0.110	
151	9	1	74	0.098	
152	9	1	72	0.173	
152	9	1	77	0.220	
152	9	1	70	0.235	
152	9	1	70	0.213	
152	9	1	70	0.112	
153	9	1	95	0.067	
153	9	1	89	0.074	
153	9	1	65	0.075	
153	9	1	53	0.064	
153	9	1	52	0.092	
154	9	1	154	0.085	
154	9	1	159	0.082	
154	9	1	77	0.164	
154	9	1	74	0.155	
154	9	1	74	0.182	
155	9	1	80	0.112	
155	9	1	82	0.126	
155	9	1	69	0.147	
155	9	1	69	0.139	
155	9	1	69	0.137	
156	9	1	97	0.127	
156	9	1	100	0.099	
156	9	1	69	0.163	
156	9	1	68	0.156	
156	9	1	68	0.156	
157	9	1	48	0.073	
157	9	1	37	0.071	
157	9	1	72	0.113	
157	9	1	76	0.100	
157	9	1	72	0.101	
158	9	1	113	0.121	
158	9	1	108	0.102	
158	9	1	80	0.077	
158	9	1	66	0.069	
158	9	1	94	0.102	
159	9	1	69	0.313	
159	9	1	72	0.343	
159	9	1	69	0.243	
159	9	1	69	0.205	
159	9	1	68	0.180	
160	9	1	180	0.075	
160	9	1	103	0.075	
160	9	1	71	0.118	
160	9	1	70	0.103	
160	9	1	72	0.113	
161	9	1	69	0.259	
161	9	1	71	0.278	
161	9	1	68	0.212	
161	9	1	69	0.206	
161	9	1	72	0.135	
162	9	1	137	0.089	
162	9	1	53	0.072	
162	9	1	75	0.123	
162	9	1	71	0.159	
162	9	1	74	0.125	
163	9	1	241	0.075	
163	9	1	128	0.066	
163	9	1	75	0.123	
163	9	1	81	0.124	
163	9	1	77	0.103	
164	9	1	87	0.175	
164	9	1	100	0.128	
164	9	1	69	0.162	
164	9	1	70	0.100	
164	9	1	69	0.154	
165	9	1	250	0.105	
165	9	1	250	0.138	
165	9	1	71	0.104	
165	9	1	71	0.100	
165	9	1	70	0.115	
166	9	1	88	0.084	
166	9	1	89	0.104	
166	9	1	70	0.125	
166	9	1	69	0.135	
166	9	1	72	0.130	
167	9	1	37	0.075	
167	9	1	34	0.069	
167	9	1	30	0.073	
167	9	1	28	0.046	
167	9	1	37	0.069	
168	9	1	103	0.178	
168	9	1	90	0.138	
168	9	1	74	0.150	
168	9	1	73	0.140	
168	9	1	73	0.141	
169	9	1	89	0.101	
169	9	1	141	0.113	
169	9	1	99	0.099	
169	9	1	95	0.081	
169	9	1	89	0.083	
170	9	1	250	0.267	
170	9	1	250	0.324	
170	9	1	69	0.141	
170	9	1	68	0.155	
170	9	1	69	0.126	
171	9	1	222	0.073	
171	9	1	250	0.129	
171	9	1	74	0.131	
171	9	1	39	0.122	
171	9	1	77	0.077	
172	9	1	84	0.126	
172	9	1	83	0.102	
172	9	1	38	0.052	
172	9	1	37	0.070	
172	9	1	37	0.066	
173	9	1	180	0.081	
173	9	1	59	0.074	
173	9	1	76	0.132	
173	9	1	76	0.108	
173	9	1	75	0.129	
174	9	1	250	0.083	
174	9	1	226	0.073	
174	9	1	70	0.116	
174	9	1	70	0.126	
174	9	1	70	0.120	
175	9	1	250	0.124	
175	9	1	194	0.066	
175	9	1	74	0.097	
175	9	1	96	0.096	
175	9	1	73	0.101	
176	9	1	86	0.164	
176	9	1	92	0.142	
176	9	1	77	0.194	
176	9	1	81	0.192	
176	9	1	77	0.201	
177	9	1	144	0.088	
177	9	1	139	0.121	
177	9	1	70	0.128	
177	9	1	71	0.107	
177	9	1	79	0.150	
178	9	1	118	0.079	
178	9	1	114	0.089	
178	9	1	71	0.150	
178	9	1	74	0.139	
178	9	1	70	0.151	
179	9	1	96	0.116	
179	9	1	106	0.108	
179	9	1	70	0.129	
179	9	1	75	0.120	
179	9	1	70	0.153	
180	9	1	90	0.087	
180	9	1	90	0.103	
180	9	1	77	0.104	
180	9	1	84	0.089	
180	9	1	82	0.098	
181	9	1	116	0.080	
181	9	1	107	0.106	
181	9	1	74	0.115	
181	9	1	72	0.087	
181	9	1	72	0.096	
182	9	1	216	0.075	
182	9	1	78	0.093	
182	9	1	54	0.069	
182	9	1	54	0.068	
182	9	1	75	0.099	
183	9	1	75	0.119	
183	9	1	80	0.145	
183	9	1	77	0.168	
183	9	1	74	0.169	
183	9	1	45	0.141	
184	9	1	75	0.184	
184	9	1	92	0.141	
184	9	1	72	0.126	
184	9	1	72	0.117	
184	9	1	77	0.137	
185	9	1	74	0.072	
185	9	1	105	0.079	
185	9	1	72	0.147	
185	9	1	72	0.135	
185	9	1	72	0.148	
186	9	1	81	0.120	
186	9	1	80	0.133	
186	9	1	75	0.124	
186	9	1	75	0.124	
186	9	1	78	0.120	
187	9	1	93	0.186	
187	9	1	91	0.156	
187	9	1	70	0.115	
187	9	1	70	0.117	
187	9	1	69	0.123	
188	9	1	87	0.100	
188	9	1	86	0.090	
188	9	1	76	0.099	
188	9	1	73	0.097	
188	9	1	74	0.123	
189	9	1	47	0.074	
189	9	1	114	0.094	
189	9	1	70	0.084	
189	9	1	70	0.101	
189	9	1	75	0.091	
190	9	1	81	0.127	
190	9	1	81	0.092	
190	9	1	75	0.138	
190	9	1	85	0.115	
190	9	1	78	0.094	
191	9	1	98	0.093	
191	9	1	108	0.097	
191	9	1	39	0.068	
191	9	1	80	0.086	
191	9	1	53	0.075	
192	9	1	155	0.075	
192	9	1	184	0.101	
192	9	1	109	0.100	
192	9	1	33	0.132	
192	9	1	96	0.124	
193	9	1	250	0.138	
193	9	1	250	0.263	
193	9	1	71	0.101	
193	9	1	70	0.098	
193	9	1	79	0.089	
194	9	1	159	0.103	
194	9	1	105	0.070	
194	9	1	77	0.099	
194	9	1	73	0.111	
194	9	1	77	0.100	
195	9	1	109	0.094	
195	9	1	115	0.098	
195	9	1	75	0.087	
195	9	1	75	0.100	
195	9	1	75	0.097	
196	9	1	79	0.087	
196	9	1	82	0.088	
196	9	1	78	0.108	
196	9	1	69	0.105	
196	9	1	69	0.118	
197	9	1	250	0.082	
197	9	1	250	0.086	
197	9	1	78	0.127	
197	9	1	77	0.151	
197	9	1	79	0.108	
198	9	1	69	0.072	
198	9	1	68	0.074	
198	9	1	70	0.134	
198	9	1	71	0.104	
198	9	1	71	0.102	
199	9	1	112	0.101	
199	9	1	75	0.081	
199	9	1	77	0.090	
199	9	1	85	0.094	
199	9	1	89	0.100	
200	9	1	81	0.103	
200	9	1	83	0.124	
200	9	1	68	0.158	
200	9	1	69	0.136	
200	9	1	69	0.124	
201	9	1	77	0.099	
201	9	1	77	0.101	
201	9	1	73	0.101	
201	9	1	72	0.102	
201	9	1	72	0.115	
202	9	1	72	0.163	
202	9	1	71	0.182	
202	9	1	69	0.173	
202	9	1	69	0.153	
202	9	1	69	0.185	
203	9	1	154	0.113	
203	9	1	232	0.093	
203	9	1	76	0.084	
203	9	1	74	0.116	
203	9	1	82	0.124	
204	9	1	110	0.091	
204	9	1	37	0.064	
204	9	1	74	0.110	
204	9	1	72	0.120	
204	9	1	72	0.121	
205	9	1	250	0.095	
205	9	1	250	0.119	
205	9	1	90	0.107	
205	9	1	95	0.087	
205	9	1	86	0.084	
206	9	1	128	0.075	
206	9	1	174	0.075	
206	9	1	72	0.094	
206	9	1	70	0.115	
206	9	1	73	0.103	
207	9	1	81	0.111	
207	9	1	78	0.085	
207	9	1	54	0.115	
207	9	1	57	0.118	
207	9	1	75	0.126	
208	9	1	93	0.105	
208	9	1	89	0.105	
208	9	1	80	0.094	
208	9	1	73	0.087	
208	9	1	71	0.102	
209	9	1	250	0.076	
209	9	1	250	0.101	
209	9	1	74	0.132	
209	9	1	74	0.134	
209	9	1	75	0.162	
210	9	1	161	0.075	
210	9	1	134	0.106	
210	9	1	73	0.132	
210	9	1	71	0.128	
210	9	1	72	0.110	
211	9	1	102	0.092	
211	9	1	106	0.087	
211	9	1	55	0.128	
211	9	1	51	0.095	
211	9	1	59	0.066	
212	9	1	72	0.128	
212	9	1	75	0.107	
212	9	1	70	0.102	
212	9	1	70	0.102	
212	9	1	69	0.121	
213	9	1	250	0.572	
213	9	1	250	0.528	
213	9	1	71	0.079	
213	9	1	77	0.101	
213	9	1	81	0.081	
214	9	1	146	0.075	
214	9	1	117	0.074	
214	9	1	86	0.114	
214	9	1	95	0.104	
214	9	1	63	0.073	
215	9	1	124	0.109	
215	9	1	250	0.079	
215	9	1	72	0.118	
215	9	1	250	0.080	
215	9	1	73	0.105	
216	9	1	121	0.096	
216	9	1	133	0.089	
216	9	1	74	0.133	
216	9	1	74	0.136	
216	9	1	74	0.131	
217	9	1	81	0.102	
217	9	1	81	0.103	
217	9	1	76	0.111	
217	9	1	79	0.102	
217	9	1	74	0.083	
218	9	1	61	0.074	
218	9	1	44	0.073	
218	9	1	69	0.148	
218	9	1	69	0.102	
218	9	1	71	0.134	
219	9	1	90	0.107	
219	9	1	98	0.107	
219	9	1	74	0.128	
219	9	1	74	0.115	
219	9	1	73	0.136	
220	9	1	130	0.048	
220	9	1	148	0.069	
220	9	1	90	0.083	
220	9	1	45	0.073	
220	9	1	49	0.063	
221	9	1	86	0.074	
221	9	1	89	0.064	
221	9	1	62	0.067	
221	9	1	82	0.081	
221	9	1	53	0.074	
222	9	1	72	0.142	
222	9	1	77	0.121	
222	9	1	71	0.121	
222	9	1	79	0.096	
222	9	1	78	0.105	
223	9	1	250	0.103	
223	9	1	250	0.140	
223	9	1	72	0.117	
223	9	1	76	0.106	
223	9	1	76	0.116	
224	9	1	250	0.119	
224	9	1	250	0.166	
224	9	1	76	0.092	
224	9	1	74	0.102	
224	9	1	73	0.121	
225	9	1	75	0.108	
225	9	1	77	0.115	
225	9	1	75	0.105	
225	9	1	75	0.125	
225	9	1	71	0.109	
226	9	1	75	0.120	
226	9	1	72	0.126	
226	9	1	82	0.129	
226	9	1	85	0.120	
226	9	1	70	0.105	
227	9	1	158	0.072	
227	9	1	200	0.073	
227	9	1	44	0.068	
227	9	1	76	0.108	
227	9	1	76	0.100	
228	9	1	250	0.124	
228	9	1	249	0.069	
228	9	1	85	0.115	
228	9	1	98	0.091	
228	9	1	98	0.092	
229	9	1	80	0.095	
229	9	1	85	0.102	
229	9	1	74	0.107	
229	9	1	76	0.095	
229	9	1	76	0.100	
230	9	1	80	0.103	
230	9	1	80	0.102	
230	9	1	73	0.121	
230	9	1	72	0.076	
230	9	1	27	0.073	
231	9	1	250	0.103	
231	9	1	250	0.104	
231	9	1	80	0.108	
231	9	1	71	0.185	
231	9	1	71	0.194	
232	9	1	95	0.129	
232	9	1	102	0.102	
232	9	1	71	0.121	
232	9	1	72	0.139	
232	9	1	74	0.137	
233	9	1	74	0.191	
233	9	1	76	0.202	
233	9	1	68	0.173	
233	9	1	68	0.152	
233	9	1	68	0.187	
234	9	1	95	0.079	
234	9	1	58	0.056	
234	9	1	76	0.107	
234	9	1	74	0.122	
234	9	1	72	0.103	
235	9	1	101	0.099	
235	9	1	84	0.107	
235	9	1	75	0.120	
235	9	1	74	0.122	
235	9	1	77	0.131	
236	9	1	71	0.172	
236	9	1	71	0.182	
236	9	1	70	0.159	
236	9	1	70	0.142	
236	9	1	70	0.153	
237	9	1	38	0.063	
237	9	1	30	0.070	
237	9	1	74	0.076	
237	9	1	32	0.070	
237	9	1	74	0.076	
238	9	1	250	0.163	
238	9	1	250	0.456	
238	9	1	42	0.047	
238	9	1	48	0.158	
238	9	1	61	0.063	
239	9	1	75	0.190	
239	9	1	74	0.212	
239	9	1	73	0.188	
239	9	1	73	0.203	
239	9	1	73	0.151	
240	9	1	83	0.204	
240	9	1	86	0.224	
240	9	1	78	0.135	
240	9	1	76	0.183	
240	9	1	79	0.189	
241	9	1	250	0.099	
241	9	1	227	0.075	
241	9	1	81	0.107	
241	9	1	75	0.085	
241	9	1	78	0.106	
242	9	1	88	0.124	
242	9	1	92	0.093	
242	9	1	77	0.099	
242	9	1	77	0.100	
242	9	1	72	0.078	
243	9	1	250	0.116	
243	9	1	250	0.110	
243	9	1	42	0.068	
243	9	1	78	0.078	
243	9	1	38	0.069	
244	9	1	139	0.090	
244	9	1	152	0.095	
244	9	1	52	0.059	
244	9	1	75	0.075	
244	9	1	77	0.080	
245	9	1	250	0.077	
245	9	1	192	0.073	
245	9	1	77	0.083	
245	9	1	74	0.089	
245	9	1	74	0.084	
246	9	1	128	0.083	
246	9	1	57	0.126	
246	9	1	74	0.077	
246	9	1	38	0.065	
246	9	1	45	0.061	
247	9	1	80	0.155	
247	9	1	81	0.138	
247	9	1	69	0.191	
247	9	1	70	0.202	
247	9	1	69	0.148	
248	9	1	79	0.141	
248	9	1	80	0.170	
248	9	1	74	0.157	
248	9	1	72	0.149	
248	9	1	75	0.167	
249	9	1	250	0.084	
249	9	1	250	0.078	
249	9	1	81	0.099	
249	9	1	85	0.080	
249	9	1	80	0.145	
250	9	1	159	0.078	
250	9	1	147	0.081	
250	9	1	25	0.047	
250	9	1	45	0.055	
250	9	1	86	0.082	
251	9	1	78	0.130	
251	9	1	81	0.107	
251	9	1	71	0.137	
251	9	1	70	0.147	
251	9	1	71	0.146	
252	9	1	84	0.083	
252	9	1	88	0.078	
252	9	1	71	0.107	
252	9	1	71	0.107	
252	9	1	71	0.107	
253	9	1	250	0.079	
253	9	1	250	0.084	
253	9	1	75	0.081	
253	9	1	75	0.084	
253	9	1	72	0.095	
254	9	1	124	0.080	
254	9	1	66	0.069	
254	9	1	83	0.084	
254	9	1	81	0.115	
254	9	1	82	0.089	
255	9	1	54	0.101	
255	9	1	97	0.080	
255	9	1	77	0.095	
255	9	1	83	0.087	
255	9	1	83	0.103	
256	9	1	131	0.101	
256	9	1	123	0.100	
256	9	1	80	0.091	
256	9	1	77	0.077	
256	9	1	81	0.081	
257	9	1	82	0.186	
257	9	1	83	0.219	
257	9	1	70	0.224	
257	9	1	69	0.173	
257	9	1	70	0.230	
258	9	1	43	0.064	
258	9	1	32	0.027	
258	9	1	48	0.076	
258	9	1	36	0.065	
258	9	1	49	0.073	
259	9	1	94	0.167	
259	9	1	84	0.098	
259	9	1	72	0.166	
259	9	1	72	0.171	
259	9	1	90	0.205	
260	9	1	186	0.074	
260	9	1	183	0.075	
260	9	1	88	0.082	
260	9	1	82	0.106	
260	9	1	86	0.084	
261	9	1	67	0.074	
261	9	1	130	0.078	
261	9	1	73	0.084	
261	9	1	72	0.111	
261	9	1	72	0.100	
262	9	1	81	0.074	
262	9	1	94	0.074	
262	9	1	49	0.057	
262	9	1	80	0.090	
262	9	1	85	0.089	
263	9	1	250	0.379	
263	9	1	250	0.383	
263	9	1	76	0.100	
263	9	1	76	0.100	
263	9	1	76	0.121	
264	9	1	250	0.276	
264	9	1	250	0.182	
264	9	1	72	0.144	
264	9	1	74	0.146	
264	9	1	74	0.130	
265	9	1	141	0.117	
265	9	1	136	0.079	
265	9	1	69	0.064	
265	9	1	95	0.089	
265	9	1	92	0.089	
266	9	1	107	0.084	
266	9	1	103	0.126	
266	9	1	78	0.107	
266	9	1	86	0.088	
266	9	1	81	0.099	
267	9	1	89	0.091	
267	9	1	80	0.066	
267	9	1	72	0.103	
267	9	1	72	0.091	
267	9	1	72	0.101	
268	9	1	78	0.101	
268	9	1	31	0.072	
268	9	1	77	0.082	
268	9	1	73	0.101	
268	9	1	72	0.100	
269	9	1	108	0.075	
269	9	1	112	0.074	
269	9	1	71	0.121	
269	9	1	70	0.120	
269	9	1	71	0.120	
270	9	1	250	0.087	
270	9	1	250	0.126	
270	9	1	70	0.175	
270	9	1	70	0.211	
270	9	1	70	0.175	
271	9	1	80	0.086	
271	9	1	137	0.090	
271	9	1	35	0.072	
271	9	1	42	0.065	
271	9	1	51	0.063	
272	9	1	69	0.070	
272	9	1	74	0.074	
272	9	1	58	0.064	
272	9	1	40	0.128	
272	9	1	54	0.051	
273	9	1	250	0.091	
273	9	1	188	0.075	
273	9	1	81	0.084	
273	9	1	82	0.096	
273	9	1	33	0.141	
274	9	1	80	0.148	
274	9	1	81	0.167	
274	9	1	68	0.187	
274	9	1	69	0.133	
274	9	1	69	0.141	
275	9	1	250	0.090	
275	9	1	250	0.076	
275	9	1	67	0.075	
275	9	1	67	0.075	
275	9	1	69	0.067	
276	9	1	239	0.075	
276	9	1	250	0.082	
276	9	1	77	0.108	
276	9	1	54	0.091	
276	9	1	81	0.083	
277	9	1	250	0.079	
277	9	1	250	0.087	
277	9	1	72	0.112	
277	9	1	73	0.119	
277	9	1	74	0.125	
278	9	1	250	0.076	
278	9	1	250	0.084	
278	9	1	76	0.089	
278	9	1	76	0.095	
278	9	1	76	0.092	
279	9	1	100	0.089	
279	9	1	35	0.072	
279	9	1	79	0.092	
279	9	1	60	0.071	
279	9	1	85	0.077	
280	9	1	94	0.127	
280	9	1	97	0.091	
280	9	1	104	0.104	
280	9	1	78	0.106	
280	9	1	77	0.091	
281	9	1	250	0.394	
281	9	1	250	0.163	
281	9	1	104	0.092	
281	9	1	51	0.075	
281	9	1	85	0.089	
282	9	1	143	0.079	
282	9	1	133	0.079	
282	9	1	90	0.088	
282	9	1	93	0.086	
282	9	1	127	0.075	
283	9	1	66	0.072	
283	9	1	64	0.062	
283	9	1	36	0.052	
283	9	1	36	0.067	
283	9	1	41	0.073	
284	9	1	92	0.090	
284	9	1	112	0.091	
284	9	1	77	0.099	
284	9	1	75	0.127	
284	9	1	79	0.093	
285	9	1	130	0.077	
285	9	1	230	0.094	
285	9	1	39	0.102	
285	9	1	37	0.069	
285	9	1	37	0.071	
286	9	1	96	0.075	
286	9	1	91	0.092	
286	9	1	50	0.059	
286	9	1	76	0.100	
286	9	1	78	0.100	
287	9	1	67	0.066	
287	9	1	45	0.074	
287	9	1	89	0.108	
287	9	1	95	0.098	
287	9	1	81	0.101	
288	9	1	60	0.103	
288	9	1	115	0.090	
288	9	1	80	0.078	
288	9	1	79	0.095	
288	9	1	39	0.073	
289	9	1	99	0.078	
289	9	1	80	0.163	
289	9	1	73	0.138	
289	9	1	73	0.140	
289	9	1	74	0.180	
290	9	1	81	0.161	
290	9	1	84	0.127	
290	9	1	80	0.125	
290	9	1	76	0.149	
290	9	1	78	0.134	
291	9	1	128	0.073	
291	9	1	86	0.071	
291	9	1	69	0.158	
291	9	1	69	0.126	
291	9	1	69	0.142	
292	9	1	92	0.114	
292	9	1	95	0.103	
292	9	1	81	0.083	
292	9	1	65	0.059	
292	9	1	87	0.113	
293	9	1	250	0.201	
293	9	1	250	0.165	
293	9	1	75	0.117	
293	9	1	78	0.095	
293	9	1	80	0.086	
294	9	1	169	0.074	
294	9	1	135	0.073	
294	9	1	89	0.099	
294	9	1	44	0.133	
294	9	1	85	0.116	
295	9	1	250	0.098	
295	9	1	250	0.091	
295	9	1	43	0.062	
295	9	1	82	0.101	
295	9	1	43	0.060	
296	9	1	97	0.089	
296	9	1	98	0.095	
296	9	1	74	0.148	
296	9	1	74	0.149	
296	9	1	74	0.147	
297	9	1	70	0.070	
297	9	1	74	0.075	
297	9	1	37	0.061	
297	9	1	37	0.071	
297	9	1	37	0.073	
298	9	1	146	0.050	
298	9	1	76	0.063	
298	9	1	77	0.122	
298	9	1	78	0.127	
298	9	1	79	0.103	
299	9	1	188	0.075	
299	9	1	180	0.074	
299	9	1	77	0.117	
299	9	1	96	0.108	
299	9	1	78	0.120	
