Below are the simulation results for the test trials
WORLD	TASK	SUCCESS	STEPS	LOWEST_CLEARANCE
0	6	1	88	0.087	
0	6	1	91	0.081	
0	6	1	138	0.052	
0	6	1	201	0.068	
0	6	1	111	0.068	
1	6	1	101	0.069	
1	6	1	118	0.114	
1	6	1	205	0.080	
1	6	1	219	0.092	
1	6	1	224	0.090	
2	6	1	39	0.118	
2	6	1	47	0.075	
2	6	1	250	0.144	
2	6	1	250	0.126	
2	6	1	250	0.100	
3	6	1	74	0.245	
3	6	1	87	0.250	
3	6	1	73	0.172	
3	6	1	74	0.175	
3	6	1	72	0.231	
4	6	1	38	0.062	
4	6	1	42	0.056	
4	6	1	104	0.072	
4	6	1	104	0.075	
4	6	1	104	0.073	
5	6	1	70	0.338	
5	6	1	72	0.282	
5	6	1	69	0.205	
5	6	1	69	0.205	
5	6	1	68	0.213	
6	6	1	107	0.106	
6	6	1	98	0.081	
6	6	1	169	0.068	
6	6	1	250	0.299	
6	6	1	194	0.070	
7	6	1	77	0.073	
7	6	1	96	0.100	
7	6	1	172	0.074	
7	6	1	203	0.081	
7	6	1	187	0.073	
8	6	1	102	0.133	
8	6	1	85	0.122	
8	6	1	141	0.119	
8	6	1	98	0.153	
8	6	1	116	0.139	
9	6	1	73	0.214	
9	6	1	71	0.200	
9	6	1	68	0.111	
9	6	1	68	0.169	
9	6	1	69	0.161	
10	6	1	89	0.159	
10	6	1	94	0.197	
10	6	1	111	0.115	
10	6	1	108	0.122	
10	6	1	109	0.094	
11	6	1	70	0.252	
11	6	1	70	0.252	
11	6	1	71	0.187	
11	6	1	71	0.155	
11	6	1	71	0.155	
12	6	1	51	0.058	
12	6	1	110	0.076	
12	6	1	87	0.073	
12	6	1	138	0.075	
12	6	1	179	0.074	
13	6	1	80	0.103	
13	6	1	78	0.140	
13	6	1	122	0.114	
13	6	1	116	0.106	
13	6	1	126	0.129	
14	6	1	93	0.206	
14	6	1	121	0.105	
14	6	1	78	0.086	
14	6	1	73	0.140	
14	6	1	76	0.080	
15	6	1	72	0.307	
15	6	1	73	0.219	
15	6	1	71	0.247	
15	6	1	75	0.243	
15	6	1	72	0.272	
16	6	1	42	0.066	
16	6	1	62	0.070	
16	6	1	42	0.104	
16	6	1	40	0.074	
16	6	1	83	0.080	
17	6	1	72	0.230	
17	6	1	71	0.173	
17	6	1	118	0.230	
17	6	1	127	0.201	
17	6	1	90	0.334	
18	6	1	74	0.242	
18	6	1	71	0.156	
18	6	1	95	0.143	
18	6	1	88	0.182	
18	6	1	84	0.188	
19	6	1	116	0.090	
19	6	1	104	0.094	
19	6	1	236	0.069	
19	6	1	224	0.069	
19	6	1	244	0.083	
20	6	1	68	0.295	
20	6	1	69	0.312	
20	6	1	75	0.309	
20	6	1	80	0.267	
20	6	1	71	0.320	
21	6	1	81	0.193	
21	6	1	81	0.191	
21	6	1	74	0.096	
21	6	1	72	0.196	
21	6	1	72	0.109	
22	6	1	98	0.099	
22	6	1	130	0.077	
22	6	1	45	0.061	
22	6	1	66	0.074	
22	6	1	70	0.075	
23	6	1	88	0.114	
23	6	1	101	0.153	
23	6	1	250	0.252	
23	6	1	250	0.253	
23	6	1	250	0.087	
24	6	1	121	0.087	
24	6	1	92	0.133	
24	6	1	79	0.073	
24	6	1	159	0.103	
24	6	1	146	0.119	
25	6	1	70	0.193	
25	6	1	68	0.198	
25	6	1	73	0.304	
25	6	1	87	0.215	
25	6	1	73	0.299	
26	6	1	84	0.134	
26	6	1	89	0.086	
26	6	1	103	0.115	
26	6	1	41	0.070	
26	6	1	107	0.108	
27	6	1	77	0.169	
27	6	1	73	0.210	
27	6	1	75	0.071	
27	6	1	94	0.070	
27	6	1	113	0.102	
28	6	1	72	0.224	
28	6	1	74	0.237	
28	6	1	71	0.249	
28	6	1	77	0.261	
28	6	1	71	0.305	
29	6	1	67	0.066	
29	6	1	77	0.071	
29	6	1	78	0.068	
29	6	1	69	0.066	
29	6	1	74	0.075	
30	6	1	106	0.093	
30	6	1	47	0.073	
30	6	1	87	0.130	
30	6	1	167	0.082	
30	6	1	136	0.103	
31	6	1	76	0.158	
31	6	1	75	0.201	
31	6	1	78	0.181	
31	6	1	70	0.219	
31	6	1	80	0.209	
32	6	1	80	0.114	
32	6	1	78	0.114	
32	6	1	84	0.089	
32	6	1	88	0.087	
32	6	1	85	0.089	
33	6	1	69	0.072	
33	6	1	59	0.075	
33	6	1	177	0.084	
33	6	1	250	0.083	
33	6	1	184	0.074	
34	6	1	73	0.173	
34	6	1	73	0.173	
34	6	1	70	0.171	
34	6	1	71	0.165	
34	6	1	71	0.165	
35	6	1	98	0.087	
35	6	1	101	0.099	
35	6	1	147	0.077	
35	6	1	103	0.075	
35	6	1	109	0.071	
36	6	1	75	0.208	
36	6	1	76	0.227	
36	6	1	81	0.131	
36	6	1	90	0.111	
36	6	1	71	0.135	
37	6	1	133	0.102	
37	6	1	43	0.072	
37	6	1	71	0.074	
37	6	1	89	0.075	
37	6	1	104	0.075	
38	6	1	90	0.060	
38	6	1	108	0.079	
38	6	1	209	0.074	
38	6	1	232	0.069	
38	6	1	208	0.071	
39	6	1	86	0.131	
39	6	1	93	0.078	
39	6	1	108	0.089	
39	6	1	136	0.109	
39	6	1	63	0.074	
40	6	1	68	0.319	
40	6	1	68	0.343	
40	6	1	68	0.339	
40	6	1	68	0.366	
40	6	1	68	0.339	
41	6	1	69	0.205	
41	6	1	68	0.250	
41	6	1	69	0.259	
41	6	1	70	0.270	
41	6	1	69	0.259	
42	6	1	68	0.672	
42	6	1	68	0.672	
42	6	1	68	0.646	
42	6	1	68	0.646	
42	6	1	68	0.646	
43	6	1	67	0.072	
43	6	1	43	0.067	
43	6	1	174	0.074	
43	6	1	250	0.279	
43	6	1	250	0.425	
44	6	1	99	0.095	
44	6	1	96	0.101	
44	6	1	86	0.073	
44	6	1	81	0.074	
44	6	1	84	0.073	
45	6	1	86	0.112	
45	6	1	90	0.096	
45	6	1	157	0.087	
45	6	1	98	0.072	
45	6	1	180	0.084	
46	6	1	33	0.071	
46	6	1	35	0.067	
46	6	1	60	0.074	
46	6	1	94	0.075	
46	6	1	37	0.069	
47	6	1	50	0.072	
47	6	1	50	0.066	
47	6	1	173	0.075	
47	6	1	80	0.082	
47	6	1	87	0.074	
48	6	1	78	0.137	
48	6	1	75	0.123	
48	6	1	50	0.097	
48	6	1	83	0.075	
48	6	1	60	0.080	
49	6	1	89	0.065	
49	6	1	165	0.068	
49	6	1	135	0.066	
49	6	1	145	0.073	
49	6	1	117	0.070	
50	6	1	75	0.192	
50	6	1	72	0.269	
50	6	1	74	0.290	
50	6	1	75	0.259	
50	6	1	77	0.253	
51	6	1	76	0.168	
51	6	1	74	0.297	
51	6	1	73	0.142	
51	6	1	71	0.148	
51	6	1	73	0.096	
52	6	1	78	0.148	
52	6	1	73	0.204	
52	6	1	146	0.200	
52	6	1	149	0.190	
52	6	1	207	0.168	
53	6	1	82	0.146	
53	6	1	85	0.120	
53	6	1	98	0.076	
53	6	1	100	0.106	
53	6	1	92	0.134	
54	6	1	70	0.255	
54	6	1	70	0.337	
54	6	1	68	0.303	
54	6	1	68	0.280	
54	6	1	68	0.328	
55	6	1	87	0.096	
55	6	1	92	0.099	
55	6	1	250	0.186	
55	6	1	250	0.166	
55	6	1	135	0.073	
56	6	1	96	0.182	
56	6	1	97	0.205	
56	6	1	112	0.216	
56	6	1	110	0.293	
56	6	1	112	0.230	
57	6	1	82	0.131	
57	6	1	96	0.082	
57	6	1	154	0.066	
57	6	1	207	0.072	
57	6	1	136	0.075	
58	6	1	75	0.070	
58	6	1	75	0.063	
58	6	1	64	0.060	
58	6	1	204	0.073	
58	6	1	68	0.074	
59	6	1	96	0.071	
59	6	1	46	0.073	
59	6	1	32	0.070	
59	6	1	32	0.070	
59	6	1	33	0.067	
60	6	1	112	0.089	
60	6	1	101	0.098	
60	6	1	96	0.075	
60	6	1	57	0.063	
60	6	1	66	0.074	
61	6	1	68	0.397	
61	6	1	68	0.397	
61	6	1	68	0.388	
61	6	1	68	0.388	
61	6	1	68	0.378	
62	6	1	51	0.067	
62	6	1	53	0.070	
62	6	1	74	0.074	
62	6	1	77	0.073	
62	6	1	93	0.074	
63	6	1	101	0.080	
63	6	1	34	0.073	
63	6	1	35	0.073	
63	6	1	34	0.068	
63	6	1	120	0.080	
64	6	1	83	0.171	
64	6	1	91	0.153	
64	6	1	89	0.075	
64	6	1	250	0.082	
64	6	1	250	0.129	
65	6	1	72	0.245	
65	6	1	69	0.303	
65	6	1	69	0.220	
65	6	1	68	0.220	
65	6	1	68	0.230	
66	6	1	85	0.080	
66	6	1	76	0.083	
66	6	1	35	0.072	
66	6	1	53	0.075	
66	6	1	151	0.086	
67	6	1	68	0.354	
67	6	1	68	0.354	
67	6	1	68	0.366	
67	6	1	68	0.376	
67	6	1	68	0.366	
68	6	1	86	0.155	
68	6	1	73	0.132	
68	6	1	71	0.100	
68	6	1	79	0.115	
68	6	1	80	0.109	
69	6	1	46	0.068	
69	6	1	49	0.052	
69	6	1	118	0.072	
69	6	1	136	0.064	
69	6	1	175	0.063	
70	6	1	70	0.281	
70	6	1	93	0.168	
70	6	1	78	0.097	
70	6	1	70	0.118	
70	6	1	76	0.120	
71	6	1	99	0.208	
71	6	1	85	0.212	
71	6	1	97	0.133	
71	6	1	96	0.161	
71	6	1	97	0.156	
72	6	1	71	0.230	
72	6	1	71	0.223	
72	6	1	73	0.214	
72	6	1	71	0.239	
72	6	1	72	0.205	
73	6	1	91	0.126	
73	6	1	78	0.109	
73	6	1	169	0.087	
73	6	1	68	0.069	
73	6	1	58	0.072	
74	6	1	100	0.109	
74	6	1	85	0.181	
74	6	1	46	0.073	
74	6	1	47	0.058	
74	6	1	48	0.074	
75	6	1	68	0.357	
75	6	1	68	0.358	
75	6	1	68	0.360	
75	6	1	68	0.360	
75	6	1	68	0.360	
76	6	1	79	0.176	
76	6	1	87	0.121	
76	6	1	118	0.113	
76	6	1	123	0.113	
76	6	1	95	0.115	
77	6	1	75	0.283	
77	6	1	72	0.223	
77	6	1	73	0.213	
77	6	1	82	0.200	
77	6	1	72	0.179	
78	6	1	113	0.088	
78	6	1	107	0.102	
78	6	1	250	0.083	
78	6	1	250	0.098	
78	6	1	250	0.078	
79	6	1	75	0.164	
79	6	1	81	0.108	
79	6	1	82	0.092	
79	6	1	72	0.117	
79	6	1	72	0.124	
80	6	1	101	0.116	
80	6	1	102	0.106	
80	6	1	163	0.102	
80	6	1	84	0.066	
80	6	1	97	0.072	
81	6	1	103	0.106	
81	6	1	87	0.176	
81	6	1	250	0.083	
81	6	1	250	0.111	
81	6	1	250	0.119	
82	6	1	58	0.074	
82	6	1	67	0.074	
82	6	1	105	0.071	
82	6	1	250	0.082	
82	6	1	95	0.074	
83	6	1	71	0.233	
83	6	1	72	0.174	
83	6	1	69	0.201	
83	6	1	71	0.138	
83	6	1	73	0.086	
84	6	1	35	0.071	
84	6	1	76	0.103	
84	6	1	73	0.096	
84	6	1	71	0.121	
84	6	1	72	0.081	
85	6	1	86	0.128	
85	6	1	84	0.123	
85	6	1	140	0.102	
85	6	1	133	0.101	
85	6	1	127	0.108	
86	6	1	40	0.071	
86	6	1	48	0.066	
86	6	1	250	0.096	
86	6	1	250	1.505	
86	6	1	79	0.066	
87	6	1	71	0.207	
87	6	1	78	0.227	
87	6	1	69	0.176	
87	6	1	72	0.120	
87	6	1	70	0.108	
88	6	1	83	0.147	
88	6	1	77	0.144	
88	6	1	69	0.064	
88	6	1	99	0.129	
88	6	1	153	0.100	
89	6	1	104	0.075	
89	6	1	94	0.079	
89	6	1	42	0.063	
89	6	1	47	0.069	
89	6	1	61	0.073	
90	6	1	71	0.249	
90	6	1	70	0.261	
90	6	1	73	0.120	
90	6	1	69	0.156	
90	6	1	70	0.122	
91	6	1	81	0.169	
91	6	1	80	0.210	
91	6	1	71	0.183	
91	6	1	71	0.159	
91	6	1	69	0.170	
92	6	1	77	0.191	
92	6	1	84	0.138	
92	6	1	239	0.074	
92	6	1	172	0.117	
92	6	1	170	0.114	
93	6	1	68	0.795	
93	6	1	68	0.795	
93	6	1	68	0.799	
93	6	1	68	0.799	
93	6	1	68	0.799	
94	6	1	68	0.385	
94	6	1	68	0.373	
94	6	1	68	0.379	
94	6	1	68	0.379	
94	6	1	68	0.379	
95	6	1	91	0.080	
95	6	1	88	0.108	
95	6	1	69	0.075	
95	6	1	48	0.072	
95	6	1	58	0.073	
96	6	1	59	0.059	
96	6	1	95	0.090	
96	6	1	92	0.067	
96	6	1	114	0.086	
96	6	1	123	0.121	
97	6	1	60	0.065	
97	6	1	50	0.071	
97	6	1	55	0.069	
97	6	1	51	0.061	
97	6	1	56	0.074	
98	6	1	85	0.142	
98	6	1	89	0.125	
98	6	1	58	0.072	
98	6	1	72	0.072	
98	6	1	68	0.073	
99	6	1	87	0.111	
99	6	1	77	0.139	
99	6	1	31	0.064	
99	6	1	29	0.068	
99	6	1	35	0.073	
100	6	1	100	0.109	
100	6	1	96	0.140	
100	6	1	60	0.099	
100	6	1	174	0.079	
100	6	1	62	0.070	
101	6	1	73	0.291	
101	6	1	71	0.264	
101	6	1	75	0.373	
101	6	1	75	0.355	
101	6	1	73	0.353	
102	6	1	74	0.126	
102	6	1	99	0.079	
102	6	1	144	0.097	
102	6	1	156	0.077	
102	6	1	136	0.073	
103	6	1	103	0.097	
103	6	1	96	0.093	
103	6	1	250	0.203	
103	6	1	250	0.221	
103	6	1	147	0.066	
104	6	1	126	0.091	
104	6	1	111	0.113	
104	6	1	184	0.075	
104	6	1	92	0.074	
104	6	1	117	0.063	
105	6	1	54	0.073	
105	6	1	62	0.073	
105	6	1	126	0.081	
105	6	1	38	0.062	
105	6	1	138	0.086	
106	6	1	95	0.100	
106	6	1	93	0.131	
106	6	1	192	0.112	
106	6	1	250	0.142	
106	6	1	240	0.076	
107	6	1	72	0.173	
107	6	1	75	0.189	
107	6	1	97	0.084	
107	6	1	117	0.123	
107	6	1	102	0.061	
108	6	1	70	0.234	
108	6	1	73	0.229	
108	6	1	86	0.284	
108	6	1	112	0.163	
108	6	1	81	0.217	
109	6	1	86	0.144	
109	6	1	74	0.186	
109	6	1	114	0.103	
109	6	1	92	0.088	
109	6	1	131	0.079	
110	6	1	88	0.113	
110	6	1	79	0.178	
110	6	1	250	0.371	
110	6	1	250	0.288	
110	6	1	216	0.089	
111	6	1	43	0.057	
111	6	1	139	0.076	
111	6	1	250	0.108	
111	6	1	250	0.147	
111	6	1	85	0.075	
112	6	1	92	0.074	
112	6	1	74	0.074	
112	6	1	241	0.075	
112	6	1	250	0.167	
112	6	1	250	0.078	
113	6	1	79	0.070	
113	6	1	122	0.085	
113	6	1	158	0.074	
113	6	1	135	0.097	
113	6	1	250	0.076	
114	6	1	75	0.084	
114	6	1	76	0.069	
114	6	1	161	0.073	
114	6	1	163	0.073	
114	6	1	155	0.069	
115	6	1	99	0.094	
115	6	1	111	0.085	
115	6	1	80	0.074	
115	6	1	74	0.070	
115	6	1	176	0.071	
116	6	1	74	0.163	
116	6	1	74	0.204	
116	6	1	99	0.164	
116	6	1	104	0.150	
116	6	1	106	0.162	
117	6	1	96	0.113	
117	6	1	66	0.063	
117	6	1	169	0.074	
117	6	1	111	0.071	
117	6	1	81	0.067	
118	6	1	30	0.102	
118	6	1	35	0.053	
118	6	1	92	0.064	
118	6	1	36	0.061	
118	6	1	107	0.080	
119	6	1	95	0.098	
119	6	1	80	0.065	
119	6	1	57	0.065	
119	6	1	42	0.072	
119	6	1	60	0.067	
120	6	1	57	0.073	
120	6	1	126	0.133	
120	6	1	250	0.094	
120	6	1	250	0.097	
120	6	1	90	0.088	
121	6	1	103	0.084	
121	6	1	48	0.068	
121	6	1	52	0.074	
121	6	1	146	0.092	
121	6	1	134	0.076	
122	6	1	82	0.124	
122	6	1	89	0.112	
122	6	1	183	0.093	
122	6	1	211	0.090	
122	6	1	157	0.118	
123	6	1	100	0.073	
123	6	1	117	0.070	
123	6	1	250	0.093	
123	6	1	250	0.085	
123	6	1	250	0.092	
124	6	1	105	0.141	
124	6	1	92	0.090	
124	6	1	180	0.074	
124	6	1	199	0.073	
124	6	1	222	0.071	
125	6	1	101	0.103	
125	6	1	38	0.060	
125	6	1	89	0.063	
125	6	1	54	0.071	
125	6	1	71	0.068	
126	6	1	104	0.089	
126	6	1	83	0.060	
126	6	1	250	0.145	
126	6	1	250	0.221	
126	6	1	250	0.119	
127	6	1	124	0.094	
127	6	1	61	0.072	
127	6	1	64	0.075	
127	6	1	63	0.073	
127	6	1	68	0.074	
128	6	1	71	0.161	
128	6	1	71	0.160	
128	6	1	82	0.286	
128	6	1	79	0.243	
128	6	1	75	0.225	
129	6	1	93	0.113	
129	6	1	74	0.070	
129	6	1	131	0.107	
129	6	1	102	0.055	
129	6	1	134	0.095	
130	6	1	80	0.118	
130	6	1	88	0.164	
130	6	1	162	0.106	
130	6	1	148	0.102	
130	6	1	202	0.113	
131	6	1	62	0.056	
131	6	1	99	0.105	
131	6	1	151	0.073	
131	6	1	191	0.070	
131	6	1	141	0.071	
132	6	1	42	0.074	
132	6	1	80	0.122	
132	6	1	52	0.074	
132	6	1	108	0.074	
132	6	1	49	0.072	
133	6	1	115	0.072	
133	6	1	129	0.077	
133	6	1	250	0.111	
133	6	1	110	0.073	
133	6	1	121	0.075	
134	6	1	108	0.110	
134	6	1	111	0.076	
134	6	1	250	0.373	
134	6	1	207	0.073	
134	6	1	250	0.366	
135	6	1	70	0.269	
135	6	1	69	0.266	
135	6	1	84	0.185	
135	6	1	78	0.247	
135	6	1	71	0.251	
136	6	1	73	0.070	
136	6	1	73	0.072	
136	6	1	115	0.057	
136	6	1	111	0.073	
136	6	1	133	0.073	
137	6	1	82	0.068	
137	6	1	102	0.070	
137	6	1	158	0.074	
137	6	1	250	0.077	
137	6	1	250	0.080	
138	6	1	104	0.069	
138	6	1	78	0.070	
138	6	1	250	0.078	
138	6	1	250	0.127	
138	6	1	250	0.088	
139	6	1	81	0.068	
139	6	1	82	0.071	
139	6	1	99	0.064	
139	6	1	95	0.070	
139	6	1	87	0.071	
140	6	1	125	0.085	
140	6	1	121	0.083	
140	6	1	250	0.158	
140	6	1	230	0.073	
140	6	1	250	0.172	
141	6	1	101	0.128	
141	6	1	103	0.141	
141	6	1	138	0.074	
141	6	1	65	0.074	
141	6	1	49	0.069	
142	6	1	92	0.080	
142	6	1	55	0.102	
142	6	1	84	0.073	
142	6	1	107	0.073	
142	6	1	129	0.074	
143	6	1	78	0.154	
143	6	1	107	0.128	
143	6	1	203	0.096	
143	6	1	166	0.112	
143	6	1	237	0.115	
144	6	1	72	0.075	
144	6	1	83	0.071	
144	6	1	250	0.084	
144	6	1	212	0.075	
144	6	1	250	0.851	
145	6	1	100	0.082	
145	6	1	102	0.107	
145	6	1	74	0.075	
145	6	1	155	0.133	
145	6	1	77	0.071	
146	6	1	72	0.187	
146	6	1	69	0.174	
146	6	1	96	0.177	
146	6	1	69	0.218	
146	6	1	72	0.214	
147	6	1	95	0.104	
147	6	1	93	0.136	
147	6	1	140	0.079	
147	6	1	96	0.074	
147	6	1	129	0.065	
148	6	1	67	0.072	
148	6	1	82	0.074	
148	6	1	157	0.074	
148	6	1	163	0.075	
148	6	1	250	0.135	
149	6	1	84	0.150	
149	6	1	80	0.120	
149	6	1	113	0.102	
149	6	1	73	0.074	
149	6	1	141	0.097	
150	6	1	96	0.104	
150	6	1	100	0.125	
150	6	1	167	0.074	
150	6	1	250	0.086	
150	6	1	250	0.101	
151	6	1	93	0.065	
151	6	1	116	0.088	
151	6	1	168	0.066	
151	6	1	231	0.069	
151	6	1	155	0.074	
152	6	1	78	0.135	
152	6	1	86	0.155	
152	6	1	79	0.110	
152	6	1	72	0.143	
152	6	1	78	0.096	
153	6	1	47	0.070	
153	6	1	111	0.071	
153	6	1	226	0.073	
153	6	1	182	0.072	
153	6	1	243	0.074	
154	6	1	117	0.116	
154	6	1	126	0.100	
154	6	1	213	0.075	
154	6	1	172	0.073	
154	6	1	250	0.198	
155	6	1	94	0.135	
155	6	1	85	0.096	
155	6	1	250	0.082	
155	6	1	246	0.075	
155	6	1	73	0.069	
156	6	1	91	0.228	
156	6	1	94	0.261	
156	6	1	107	0.224	
156	6	1	91	0.297	
156	6	1	94	0.217	
157	6	1	64	0.075	
157	6	1	53	0.070	
157	6	1	214	0.071	
157	6	1	151	0.071	
157	6	1	205	0.075	
158	6	1	62	0.067	
158	6	1	58	0.068	
158	6	1	52	0.059	
158	6	1	120	0.083	
158	6	1	66	0.075	
159	6	1	77	0.271	
159	6	1	82	0.195	
159	6	1	91	0.311	
159	6	1	98	0.219	
159	6	1	89	0.315	
160	6	1	80	0.074	
160	6	1	69	0.072	
160	6	1	250	0.195	
160	6	1	250	1.322	
160	6	1	185	0.074	
161	6	1	75	0.171	
161	6	1	75	0.160	
161	6	1	84	0.164	
161	6	1	93	0.187	
161	6	1	84	0.164	
162	6	1	86	0.081	
162	6	1	55	0.070	
162	6	1	250	0.305	
162	6	1	250	0.447	
162	6	1	250	0.271	
163	6	1	146	0.081	
163	6	1	174	0.082	
163	6	1	105	0.066	
163	6	1	164	0.074	
163	6	1	164	0.070	
164	6	1	84	0.126	
164	6	1	74	0.093	
164	6	1	202	0.085	
164	6	1	99	0.071	
164	6	1	185	0.111	
165	6	1	126	0.079	
165	6	1	131	0.083	
165	6	1	244	0.073	
165	6	1	250	0.076	
165	6	1	250	0.093	
166	6	1	94	0.084	
166	6	1	131	0.086	
166	6	1	140	0.109	
166	6	1	54	0.072	
166	6	1	93	0.084	
167	6	1	56	0.074	
167	6	1	60	0.074	
167	6	1	250	0.521	
167	6	1	217	0.075	
167	6	1	250	0.101	
168	6	1	106	0.088	
168	6	1	59	0.065	
168	6	1	86	0.070	
168	6	1	53	0.071	
168	6	1	42	0.075	
169	6	1	67	0.065	
169	6	1	85	0.074	
169	6	1	161	0.072	
169	6	1	61	0.070	
169	6	1	90	0.063	
170	6	1	125	0.096	
170	6	1	68	0.074	
170	6	1	126	0.067	
170	6	1	48	0.075	
170	6	1	126	0.069	
171	6	1	70	0.066	
171	6	1	97	0.070	
171	6	1	216	0.064	
171	6	1	250	0.126	
171	6	1	250	0.128	
172	6	1	116	0.077	
172	6	1	122	0.078	
172	6	1	250	0.195	
172	6	1	244	0.069	
172	6	1	194	0.072	
173	6	1	74	0.075	
173	6	1	79	0.073	
173	6	1	107	0.072	
173	6	1	143	0.067	
173	6	1	131	0.066	
174	6	1	87	0.080	
174	6	1	86	0.115	
174	6	1	250	0.108	
174	6	1	103	0.067	
174	6	1	182	0.085	
175	6	1	144	0.071	
175	6	1	122	0.080	
175	6	1	250	0.083	
175	6	1	250	0.485	
175	6	1	137	0.074	
176	6	1	109	0.132	
176	6	1	133	0.086	
176	6	1	145	0.073	
176	6	1	128	0.053	
176	6	1	140	0.059	
177	6	1	87	0.073	
177	6	1	68	0.067	
177	6	1	250	0.135	
177	6	1	250	0.233	
177	6	1	250	0.153	
178	6	1	118	0.104	
178	6	1	124	0.097	
178	6	1	96	0.075	
178	6	1	110	0.069	
178	6	1	107	0.051	
179	6	1	46	0.070	
179	6	1	63	0.074	
179	6	1	127	0.074	
179	6	1	46	0.062	
179	6	1	70	0.070	
180	6	1	57	0.071	
180	6	1	50	0.092	
180	6	1	250	0.086	
180	6	1	250	0.099	
180	6	1	159	0.074	
181	6	1	127	0.086	
181	6	1	98	0.066	
181	6	1	250	0.144	
181	6	1	250	0.076	
181	6	1	250	0.187	
182	6	1	134	0.074	
182	6	1	117	0.069	
182	6	1	221	0.065	
182	6	1	250	0.075	
182	6	1	250	0.449	
183	6	1	99	0.100	
183	6	1	75	0.074	
183	6	1	250	0.287	
183	6	1	250	0.254	
183	6	1	250	0.305	
184	6	1	112	0.078	
184	6	1	102	0.107	
184	6	1	85	0.067	
184	6	1	152	0.089	
184	6	1	104	0.069	
185	6	1	65	0.145	
185	6	1	91	0.101	
185	6	1	141	0.072	
185	6	1	163	0.065	
185	6	1	105	0.074	
186	6	1	47	0.068	
186	6	1	105	0.081	
186	6	1	250	0.261	
186	6	1	250	0.140	
186	6	1	250	0.139	
187	6	1	109	0.080	
187	6	1	50	0.069	
187	6	1	126	0.066	
187	6	1	145	0.072	
187	6	1	116	0.073	
188	6	1	103	0.100	
188	6	1	114	0.127	
188	6	1	164	0.070	
188	6	1	90	0.061	
188	6	1	98	0.073	
189	6	1	80	0.073	
189	6	1	53	0.072	
189	6	1	145	0.075	
189	6	1	118	0.070	
189	6	1	126	0.074	
190	6	1	45	0.065	
190	6	1	35	0.070	
190	6	1	197	0.070	
190	6	1	250	0.181	
190	6	1	183	0.073	
191	6	1	118	0.081	
191	6	1	53	0.068	
191	6	1	83	0.073	
191	6	1	114	0.070	
191	6	1	99	0.068	
192	6	1	134	0.085	
192	6	1	136	0.079	
192	6	1	128	0.066	
192	6	1	137	0.072	
192	6	1	76	0.069	
193	6	1	144	0.100	
193	6	1	102	0.065	
193	6	1	250	0.326	
193	6	1	250	0.636	
193	6	1	250	0.312	
194	6	1	154	0.077	
194	6	1	116	0.074	
194	6	1	232	0.074	
194	6	1	238	0.074	
194	6	1	250	0.102	
195	6	1	66	0.073	
195	6	1	67	0.082	
195	6	1	180	0.070	
195	6	1	96	0.069	
195	6	1	250	0.750	
196	6	1	87	0.077	
196	6	1	99	0.076	
196	6	1	100	0.100	
196	6	1	124	0.068	
196	6	1	100	0.068	
197	6	1	116	0.082	
197	6	1	99	0.084	
197	6	1	161	0.074	
197	6	1	156	0.072	
197	6	1	161	0.070	
198	6	1	84	0.073	
198	6	1	56	0.059	
198	6	1	250	0.203	
198	6	1	250	0.125	
198	6	1	250	0.293	
199	6	1	118	0.075	
199	6	1	50	0.065	
199	6	1	75	0.067	
199	6	1	250	0.079	
199	6	1	195	0.075	
200	6	1	108	0.110	
200	6	1	133	0.086	
200	6	1	57	0.072	
200	6	1	188	0.099	
200	6	1	76	0.072	
201	6	1	121	0.100	
201	6	1	128	0.099	
201	6	1	132	0.065	
201	6	1	155	0.074	
201	6	1	100	0.067	
202	6	1	80	0.118	
202	6	1	105	0.115	
202	6	1	219	0.108	
202	6	1	234	0.103	
202	6	1	181	0.078	
203	6	1	63	0.073	
203	6	1	58	0.071	
203	6	1	47	0.073	
203	6	1	45	0.066	
203	6	1	47	0.071	
204	6	1	35	0.075	
204	6	1	113	0.083	
204	6	1	165	0.072	
204	6	1	112	0.072	
204	6	1	187	0.074	
205	6	1	44	0.074	
205	6	1	74	0.075	
205	6	1	90	0.071	
205	6	1	152	0.074	
205	6	1	131	0.074	
206	6	1	45	0.069	
206	6	1	110	0.100	
206	6	1	250	0.249	
206	6	1	186	0.070	
206	6	1	157	0.067	
207	6	1	64	0.061	
207	6	1	59	0.060	
207	6	1	167	0.070	
207	6	1	123	0.073	
207	6	1	250	0.225	
208	6	1	75	0.062	
208	6	1	79	0.072	
208	6	1	100	0.073	
208	6	1	109	0.069	
208	6	1	250	0.077	
209	6	1	110	0.123	
209	6	1	91	0.143	
209	6	1	158	0.129	
209	6	1	124	0.118	
209	6	1	137	0.103	
210	6	1	61	0.062	
210	6	1	57	0.072	
210	6	1	166	0.061	
210	6	1	154	0.072	
210	6	1	206	0.065	
211	6	1	33	0.071	
211	6	1	34	0.072	
211	6	1	71	0.070	
211	6	1	58	0.072	
211	6	1	37	0.073	
212	6	1	84	0.072	
212	6	1	96	0.073	
212	6	1	74	0.069	
212	6	1	55	0.074	
212	6	1	50	0.067	
213	6	1	112	0.086	
213	6	1	137	0.088	
213	6	1	250	0.085	
213	6	1	250	0.104	
213	6	1	175	0.074	
214	6	1	86	0.075	
214	6	1	80	0.070	
214	6	1	211	0.070	
214	6	1	250	0.083	
214	6	1	250	0.111	
215	6	1	94	0.131	
215	6	1	96	0.084	
215	6	1	222	0.116	
215	6	1	194	0.106	
215	6	1	192	0.083	
216	6	1	82	0.144	
216	6	1	89	0.082	
216	6	1	227	0.096	
216	6	1	71	0.073	
216	6	1	93	0.070	
217	6	1	118	0.111	
217	6	1	100	0.103	
217	6	1	250	0.080	
217	6	1	230	0.091	
217	6	1	55	0.122	
218	6	1	66	0.074	
218	6	1	110	0.082	
218	6	1	155	0.063	
218	6	1	149	0.064	
218	6	1	115	0.070	
219	6	1	47	0.073	
219	6	1	104	0.081	
219	6	1	244	0.052	
219	6	1	166	0.058	
219	6	1	250	0.085	
220	6	1	81	0.067	
220	6	1	89	0.081	
220	6	1	129	0.074	
220	6	1	149	0.073	
220	6	1	152	0.073	
221	6	1	105	0.072	
221	6	1	67	0.074	
221	6	1	232	0.074	
221	6	1	215	0.074	
221	6	1	211	0.073	
222	6	1	123	0.101	
222	6	1	84	0.072	
222	6	1	201	0.075	
222	6	1	250	0.080	
222	6	1	250	0.082	
223	6	1	120	0.072	
223	6	1	120	0.090	
223	6	1	250	0.095	
223	6	1	234	0.074	
223	6	1	250	0.188	
224	6	1	94	0.109	
224	6	1	96	0.094	
224	6	1	221	0.074	
224	6	1	122	0.074	
224	6	1	205	0.075	
225	6	1	121	0.084	
225	6	1	52	0.068	
225	6	1	250	0.096	
225	6	1	250	0.103	
225	6	1	250	0.182	
226	6	1	77	0.126	
226	6	1	78	0.138	
226	6	1	184	0.134	
226	6	1	144	0.091	
226	6	1	134	0.117	
227	6	1	129	0.082	
227	6	1	119	0.061	
227	6	1	250	0.136	
227	6	1	250	0.125	
227	6	1	250	0.114	
228	6	1	88	0.078	
228	6	1	57	0.102	
228	6	1	85	0.065	
228	6	1	98	0.066	
228	6	1	96	0.062	
229	6	1	75	0.054	
229	6	1	59	0.071	
229	6	1	250	1.359	
229	6	1	240	0.074	
229	6	1	250	0.096	
230	6	1	46	0.073	
230	6	1	120	0.079	
230	6	1	250	0.159	
230	6	1	204	0.075	
230	6	1	105	0.051	
231	6	1	92	0.124	
231	6	1	100	0.090	
231	6	1	113	0.140	
231	6	1	43	0.067	
231	6	1	119	0.154	
232	6	1	71	0.072	
232	6	1	54	0.065	
232	6	1	238	0.072	
232	6	1	240	0.073	
232	6	1	250	0.094	
233	6	1	80	0.160	
233	6	1	73	0.262	
233	6	1	106	0.207	
233	6	1	99	0.210	
233	6	1	90	0.235	
234	6	1	114	0.093	
234	6	1	94	0.090	
234	6	1	239	0.073	
234	6	1	250	0.825	
234	6	1	250	0.336	
235	6	1	121	0.076	
235	6	1	139	0.095	
235	6	1	250	1.151	
235	6	1	250	0.665	
235	6	1	250	0.399	
236	6	1	75	0.157	
236	6	1	70	0.134	
236	6	1	76	0.177	
236	6	1	76	0.162	
236	6	1	76	0.177	
237	6	1	55	0.072	
237	6	1	40	0.074	
237	6	1	159	0.073	
237	6	1	98	0.069	
237	6	1	79	0.072	
238	6	1	74	0.075	
238	6	1	132	0.090	
238	6	1	213	0.049	
238	6	1	250	0.086	
238	6	1	242	0.074	
239	6	1	70	0.074	
239	6	1	101	0.124	
239	6	1	99	0.130	
239	6	1	81	0.070	
239	6	1	33	0.068	
240	6	1	78	0.206	
240	6	1	80	0.212	
240	6	1	78	0.135	
240	6	1	83	0.133	
240	6	1	77	0.116	
241	6	1	35	0.088	
241	6	1	102	0.088	
241	6	1	192	0.067	
241	6	1	250	0.089	
241	6	1	185	0.060	
242	6	1	135	0.083	
242	6	1	136	0.078	
242	6	1	250	0.107	
242	6	1	250	0.080	
242	6	1	250	0.087	
243	6	1	209	0.075	
243	6	1	202	0.068	
243	6	1	106	0.079	
243	6	1	153	0.075	
243	6	1	129	0.074	
244	6	1	106	0.077	
244	6	1	67	0.068	
244	6	1	250	0.183	
244	6	1	124	0.075	
244	6	1	250	0.083	
245	6	1	121	0.072	
245	6	1	118	0.073	
245	6	1	211	0.071	
245	6	1	196	0.070	
245	6	1	250	0.079	
246	6	1	103	0.068	
246	6	1	76	0.071	
246	6	1	158	0.069	
246	6	1	136	0.069	
246	6	1	96	0.074	
247	6	1	97	0.142	
247	6	1	91	0.136	
247	6	1	75	0.062	
247	6	1	68	0.073	
247	6	1	130	0.066	
248	6	1	46	0.063	
248	6	1	52	0.074	
248	6	1	180	0.072	
248	6	1	250	0.384	
248	6	1	250	0.388	
249	6	1	71	0.074	
249	6	1	48	0.071	
249	6	1	106	0.074	
249	6	1	79	0.074	
249	6	1	250	0.084	
250	6	1	52	0.072	
250	6	1	50	0.071	
250	6	1	250	0.240	
250	6	1	250	0.249	
250	6	1	250	0.374	
251	6	1	102	0.102	
251	6	1	94	0.095	
251	6	1	115	0.091	
251	6	1	158	0.074	
251	6	1	153	0.073	
252	6	1	134	0.101	
252	6	1	80	0.071	
252	6	1	135	0.073	
252	6	1	195	0.074	
252	6	1	187	0.074	
253	6	1	57	0.066	
253	6	1	118	0.087	
253	6	1	206	0.074	
253	6	1	250	0.087	
253	6	1	250	0.206	
254	6	1	55	0.071	
254	6	1	110	0.111	
254	6	1	52	0.074	
254	6	1	114	0.075	
254	6	1	53	0.074	
255	6	1	116	0.074	
255	6	1	142	0.079	
255	6	1	250	0.183	
255	6	1	250	0.081	
255	6	1	250	0.233	
256	6	1	36	0.070	
256	6	1	44	0.072	
256	6	1	117	0.074	
256	6	1	168	0.075	
256	6	1	113	0.074	
257	6	1	76	0.174	
257	6	1	74	0.160	
257	6	1	96	0.086	
257	6	1	95	0.125	
257	6	1	88	0.115	
258	6	1	127	0.072	
258	6	1	103	0.068	
258	6	1	117	0.070	
258	6	1	250	0.136	
258	6	1	250	0.157	
259	6	1	78	0.172	
259	6	1	99	0.179	
259	6	1	89	0.134	
259	6	1	96	0.081	
259	6	1	67	0.073	
260	6	1	51	0.068	
260	6	1	40	0.065	
260	6	1	155	0.054	
260	6	1	221	0.058	
260	6	1	70	0.070	
261	6	1	76	0.068	
261	6	1	73	0.064	
261	6	1	85	0.075	
261	6	1	111	0.075	
261	6	1	60	0.074	
262	6	1	111	0.068	
262	6	1	150	0.071	
262	6	1	250	0.118	
262	6	1	250	0.117	
262	6	1	168	0.158	
263	6	1	92	0.111	
263	6	1	35	0.086	
263	6	1	101	0.071	
263	6	1	126	0.071	
263	6	1	92	0.073	
264	6	1	116	0.070	
264	6	1	250	0.093	
264	6	1	80	0.060	
264	6	1	250	0.210	
264	6	1	113	0.074	
265	6	1	68	0.085	
265	6	1	51	0.063	
265	6	1	171	0.056	
265	6	1	168	0.054	
265	6	1	163	0.059	
266	6	1	99	0.075	
266	6	1	97	0.074	
266	6	1	170	0.072	
266	6	1	250	0.099	
266	6	1	152	0.055	
267	6	1	88	0.088	
267	6	1	115	0.092	
267	6	1	250	0.090	
267	6	1	250	0.078	
267	6	1	250	0.097	
268	6	1	84	0.072	
268	6	1	77	0.073	
268	6	1	155	0.075	
268	6	1	250	0.079	
268	6	1	115	0.074	
269	6	1	74	0.073	
269	6	1	106	0.080	
269	6	1	250	0.205	
269	6	1	250	0.115	
269	6	1	250	0.229	
270	6	1	79	0.131	
270	6	1	83	0.128	
270	6	1	98	0.122	
270	6	1	79	0.086	
270	6	1	74	0.104	
271	6	1	71	0.075	
271	6	1	120	0.076	
271	6	1	121	0.071	
271	6	1	142	0.074	
271	6	1	113	0.071	
272	6	1	46	0.067	
272	6	1	50	0.068	
272	6	1	250	0.077	
272	6	1	250	0.149	
272	6	1	193	0.071	
273	6	1	40	0.072	
273	6	1	174	0.083	
273	6	1	250	0.162	
273	6	1	247	0.073	
273	6	1	250	0.094	
274	6	1	84	0.182	
274	6	1	74	0.157	
274	6	1	144	0.179	
274	6	1	141	0.141	
274	6	1	156	0.187	
275	6	1	79	0.070	
275	6	1	55	0.071	
275	6	1	250	0.130	
275	6	1	163	0.070	
275	6	1	207	0.067	
276	6	1	124	0.086	
276	6	1	87	0.073	
276	6	1	202	0.071	
276	6	1	250	0.078	
276	6	1	241	0.074	
277	6	1	104	0.114	
277	6	1	90	0.134	
277	6	1	85	0.100	
277	6	1	152	0.069	
277	6	1	176	0.075	
278	6	1	91	0.087	
278	6	1	89	0.052	
278	6	1	225	0.061	
278	6	1	250	0.369	
278	6	1	250	0.125	
279	6	1	67	0.066	
279	6	1	94	0.071	
279	6	1	205	0.069	
279	6	1	250	0.315	
279	6	1	250	0.245	
280	6	1	106	0.100	
280	6	1	122	0.099	
280	6	1	58	0.069	
280	6	1	87	0.073	
280	6	1	75	0.068	
281	6	1	41	0.072	
281	6	1	43	0.072	
281	6	1	42	0.067	
281	6	1	40	0.064	
281	6	1	99	0.075	
282	6	1	40	0.069	
282	6	1	40	0.074	
282	6	1	250	0.400	
282	6	1	205	0.063	
282	6	1	250	0.276	
283	6	1	64	0.074	
283	6	1	54	0.074	
283	6	1	250	0.193	
283	6	1	250	0.121	
283	6	1	250	0.904	
284	6	1	134	0.084	
284	6	1	57	0.072	
284	6	1	250	0.122	
284	6	1	88	0.074	
284	6	1	55	0.064	
285	6	1	56	0.069	
285	6	1	66	0.069	
285	6	1	100	0.072	
285	6	1	116	0.068	
285	6	1	121	0.073	
286	6	1	74	0.069	
286	6	1	84	0.070	
286	6	1	228	0.074	
286	6	1	61	0.072	
286	6	1	250	0.195	
287	6	1	105	0.067	
287	6	1	66	0.074	
287	6	1	136	0.074	
287	6	1	124	0.075	
287	6	1	77	0.064	
288	6	1	48	0.059	
288	6	1	54	0.100	
288	6	1	153	0.074	
288	6	1	152	0.073	
288	6	1	135	0.070	
289	6	1	81	0.084	
289	6	1	78	0.078	
289	6	1	122	0.088	
289	6	1	114	0.078	
289	6	1	87	0.072	
290	6	1	106	0.103	
290	6	1	57	0.066	
290	6	1	140	0.066	
290	6	1	149	0.071	
290	6	1	250	0.076	
291	6	1	71	0.239	
291	6	1	72	0.223	
291	6	1	72	0.246	
291	6	1	73	0.259	
291	6	1	72	0.213	
292	6	1	110	0.086	
292	6	1	95	0.061	
292	6	1	134	0.075	
292	6	1	103	0.073	
292	6	1	109	0.075	
293	6	1	70	0.073	
293	6	1	123	0.085	
293	6	1	250	0.148	
293	6	1	250	0.079	
293	6	1	85	0.074	
294	6	1	68	0.073	
294	6	1	124	0.081	
294	6	1	172	0.074	
294	6	1	177	0.072	
294	6	1	206	0.070	
295	6	1	99	0.076	
295	6	1	106	0.086	
295	6	1	250	0.520	
295	6	1	250	0.076	
295	6	1	123	0.065	
296	6	1	109	0.148	
296	6	1	116	0.077	
296	6	1	37	0.068	
296	6	1	193	0.096	
296	6	1	39	0.070	
297	6	1	56	0.073	
297	6	1	45	0.075	
297	6	1	250	0.194	
297	6	1	250	0.165	
297	6	1	250	0.246	
298	6	1	59	0.069	
298	6	1	68	0.074	
298	6	1	215	0.074	
298	6	1	115	0.063	
298	6	1	250	0.102	
299	6	1	59	0.073	
299	6	1	148	0.092	
299	6	1	250	0.246	
299	6	1	250	0.201	
299	6	1	250	0.110	
0	7	1	59	0.082	
0	7	1	55	0.077	
0	7	1	88	0.070	
0	7	1	177	0.091	
0	7	1	100	0.074	
1	7	1	57	0.201	
1	7	1	58	0.218	
1	7	1	250	0.132	
1	7	1	232	0.066	
1	7	1	250	0.198	
2	7	1	33	0.066	
2	7	1	30	0.074	
2	7	1	244	0.062	
2	7	1	239	0.046	
2	7	1	209	0.066	
3	7	1	46	0.280	
3	7	1	47	0.256	
3	7	1	45	0.144	
3	7	1	44	0.167	
3	7	1	47	0.185	
4	7	1	37	0.074	
4	7	1	34	0.062	
4	7	1	81	0.064	
4	7	1	149	0.059	
4	7	1	134	0.074	
5	7	1	44	0.316	
5	7	1	44	0.301	
5	7	1	44	0.310	
5	7	1	44	0.310	
5	7	1	44	0.310	
6	7	1	55	0.073	
6	7	1	44	0.049	
6	7	1	69	0.069	
6	7	1	124	0.067	
6	7	1	66	0.071	
7	7	1	84	0.061	
7	7	1	59	0.128	
7	7	1	179	0.071	
7	7	1	229	0.075	
7	7	1	230	0.107	
8	7	1	48	0.179	
8	7	1	48	0.179	
8	7	1	38	0.061	
8	7	1	45	0.164	
8	7	1	48	0.164	
9	7	1	46	0.314	
9	7	1	45	0.308	
9	7	1	47	0.203	
9	7	1	44	0.193	
9	7	1	44	0.193	
10	7	1	57	0.180	
10	7	1	46	0.231	
10	7	1	47	0.150	
10	7	1	90	0.173	
10	7	1	46	0.159	
11	7	1	45	0.252	
11	7	1	45	0.252	
11	7	1	46	0.211	
11	7	1	44	0.148	
11	7	1	45	0.240	
12	7	1	61	0.070	
12	7	1	34	0.075	
12	7	1	114	0.069	
12	7	1	136	0.068	
12	7	1	149	0.075	
13	7	1	39	0.071	
13	7	1	58	0.126	
13	7	1	154	0.066	
13	7	1	250	0.127	
13	7	1	250	0.082	
14	7	1	58	0.226	
14	7	1	58	0.258	
14	7	1	116	0.111	
14	7	1	173	0.145	
14	7	1	211	0.093	
15	7	1	47	0.339	
15	7	1	47	0.293	
15	7	1	51	0.235	
15	7	1	52	0.272	
15	7	1	53	0.288	
16	7	1	55	0.175	
16	7	1	54	0.098	
16	7	1	143	0.100	
16	7	1	72	0.061	
16	7	1	72	0.073	
17	7	1	52	0.308	
17	7	1	49	0.332	
17	7	1	122	0.208	
17	7	1	152	0.208	
17	7	1	195	0.181	
18	7	1	43	0.279	
18	7	1	43	0.289	
18	7	1	250	0.154	
18	7	1	187	0.173	
18	7	1	141	0.164	
19	7	1	119	0.084	
19	7	1	48	0.069	
19	7	1	232	0.075	
19	7	1	171	0.071	
19	7	1	250	0.097	
20	7	1	44	0.309	
20	7	1	44	0.293	
20	7	1	167	0.222	
20	7	1	55	0.281	
20	7	1	123	0.089	
21	7	1	54	0.245	
21	7	1	49	0.284	
21	7	1	50	0.176	
21	7	1	46	0.149	
21	7	1	52	0.223	
22	7	1	33	0.071	
22	7	1	66	0.081	
22	7	1	103	0.074	
22	7	1	133	0.075	
22	7	1	82	0.068	
23	7	1	113	0.130	
23	7	1	128	0.099	
23	7	1	134	0.070	
23	7	1	227	0.081	
23	7	1	217	0.069	
24	7	1	70	0.118	
24	7	1	138	0.074	
24	7	1	223	0.071	
24	7	1	193	0.072	
24	7	1	173	0.066	
25	7	1	44	0.316	
25	7	1	44	0.316	
25	7	1	154	0.073	
25	7	1	154	0.100	
25	7	1	119	0.358	
26	7	1	54	0.177	
26	7	1	57	0.128	
26	7	1	53	0.174	
26	7	1	107	0.092	
26	7	1	137	0.174	
27	7	1	47	0.201	
27	7	1	47	0.201	
27	7	1	45	0.090	
27	7	1	45	0.090	
27	7	1	45	0.125	
28	7	1	44	0.314	
28	7	1	45	0.290	
28	7	1	92	0.082	
28	7	1	141	0.355	
28	7	1	113	0.426	
29	7	1	29	0.055	
29	7	1	31	0.069	
29	7	1	40	0.072	
29	7	1	46	0.071	
29	7	1	44	0.047	
30	7	1	59	0.152	
30	7	1	93	0.129	
30	7	1	27	0.069	
30	7	1	100	0.100	
30	7	1	33	0.071	
31	7	1	51	0.290	
31	7	1	51	0.290	
31	7	1	151	0.089	
31	7	1	149	0.081	
31	7	1	97	0.100	
32	7	1	50	0.234	
32	7	1	49	0.205	
32	7	1	76	0.073	
32	7	1	62	0.106	
32	7	1	65	0.088	
33	7	1	61	0.071	
33	7	1	59	0.069	
33	7	1	250	0.079	
33	7	1	205	0.078	
33	7	1	208	0.070	
34	7	1	46	0.202	
34	7	1	46	0.143	
34	7	1	55	0.130	
34	7	1	56	0.089	
34	7	1	54	0.077	
35	7	1	57	0.078	
35	7	1	38	0.070	
35	7	1	48	0.082	
35	7	1	39	0.068	
35	7	1	54	0.077	
36	7	1	45	0.189	
36	7	1	48	0.184	
36	7	1	45	0.158	
36	7	1	44	0.209	
36	7	1	44	0.193	
37	7	1	74	0.099	
37	7	1	88	0.079	
37	7	1	50	0.067	
37	7	1	52	0.070	
37	7	1	169	0.088	
38	7	1	45	0.099	
38	7	1	50	0.071	
38	7	1	69	0.074	
38	7	1	86	0.067	
38	7	1	100	0.059	
39	7	1	77	0.077	
39	7	1	48	0.139	
39	7	1	109	0.068	
39	7	1	250	0.089	
39	7	1	125	0.065	
40	7	1	43	0.332	
40	7	1	43	0.332	
40	7	1	43	0.388	
40	7	1	43	0.388	
40	7	1	43	0.365	
41	7	1	44	0.321	
41	7	1	46	0.295	
41	7	1	243	0.095	
41	7	1	69	0.386	
41	7	1	58	0.366	
42	7	1	43	0.656	
42	7	1	43	0.664	
42	7	1	43	0.697	
42	7	1	43	0.698	
42	7	1	43	0.700	
43	7	1	45	0.124	
43	7	1	51	0.069	
43	7	1	250	0.083	
43	7	1	106	0.051	
43	7	1	168	0.063	
44	7	1	45	0.086	
44	7	1	64	0.045	
44	7	1	249	0.060	
44	7	1	114	0.071	
44	7	1	124	0.072	
45	7	1	64	0.074	
45	7	1	43	0.063	
45	7	1	91	0.078	
45	7	1	49	0.056	
45	7	1	136	0.065	
46	7	1	62	0.077	
46	7	1	30	0.059	
46	7	1	129	0.075	
46	7	1	112	0.071	
46	7	1	115	0.068	
47	7	1	55	0.062	
47	7	1	54	0.075	
47	7	1	119	0.071	
47	7	1	170	0.074	
47	7	1	49	0.049	
48	7	1	54	0.151	
48	7	1	53	0.129	
48	7	1	158	0.080	
48	7	1	93	0.064	
48	7	1	68	0.072	
49	7	1	78	0.142	
49	7	1	69	0.074	
49	7	1	160	0.075	
49	7	1	250	0.076	
49	7	1	187	0.075	
50	7	1	60	0.361	
50	7	1	59	0.371	
50	7	1	55	0.359	
50	7	1	102	0.104	
50	7	1	106	0.219	
51	7	1	48	0.293	
51	7	1	47	0.224	
51	7	1	165	0.204	
51	7	1	149	0.079	
51	7	1	250	0.155	
52	7	1	52	0.369	
52	7	1	52	0.314	
52	7	1	234	0.134	
52	7	1	146	0.099	
52	7	1	223	0.133	
53	7	1	52	0.192	
53	7	1	48	0.193	
53	7	1	115	0.102	
53	7	1	45	0.064	
53	7	1	45	0.065	
54	7	1	48	0.266	
54	7	1	48	0.242	
54	7	1	44	0.218	
54	7	1	44	0.244	
54	7	1	44	0.221	
55	7	1	119	0.097	
55	7	1	99	0.106	
55	7	1	250	0.079	
55	7	1	250	0.100	
55	7	1	150	0.073	
56	7	1	76	0.285	
56	7	1	64	0.272	
56	7	1	250	0.083	
56	7	1	246	0.081	
56	7	1	250	0.081	
57	7	1	76	0.076	
57	7	1	98	0.082	
57	7	1	191	0.074	
57	7	1	250	0.084	
57	7	1	158	0.075	
58	7	1	126	0.072	
58	7	1	79	0.069	
58	7	1	132	0.065	
58	7	1	89	0.061	
58	7	1	113	0.076	
59	7	1	128	0.075	
59	7	1	107	0.083	
59	7	1	132	0.058	
59	7	1	110	0.061	
59	7	1	52	0.068	
60	7	1	31	0.062	
60	7	1	44	0.072	
60	7	1	250	0.191	
60	7	1	137	0.072	
60	7	1	137	0.072	
61	7	1	43	0.353	
61	7	1	43	0.369	
61	7	1	43	0.373	
61	7	1	43	0.373	
61	7	1	43	0.380	
62	7	1	56	0.072	
62	7	1	69	0.074	
62	7	1	250	0.162	
62	7	1	120	0.075	
62	7	1	250	0.173	
63	7	1	57	0.084	
63	7	1	106	0.089	
63	7	1	83	0.070	
63	7	1	250	0.100	
63	7	1	250	0.181	
64	7	1	59	0.140	
64	7	1	45	0.182	
64	7	1	246	0.126	
64	7	1	250	0.120	
64	7	1	243	0.081	
65	7	1	45	0.336	
65	7	1	46	0.339	
65	7	1	44	0.260	
65	7	1	44	0.260	
65	7	1	44	0.284	
66	7	1	50	0.089	
66	7	1	48	0.103	
66	7	1	31	0.074	
66	7	1	31	0.075	
66	7	1	31	0.075	
67	7	1	43	0.392	
67	7	1	43	0.382	
67	7	1	43	0.370	
67	7	1	43	0.370	
67	7	1	43	0.370	
68	7	1	52	0.153	
68	7	1	51	0.169	
68	7	1	29	0.054	
68	7	1	42	0.062	
68	7	1	34	0.058	
69	7	1	33	0.070	
69	7	1	41	0.066	
69	7	1	92	0.069	
69	7	1	250	0.076	
69	7	1	155	0.086	
70	7	1	51	0.275	
70	7	1	51	0.274	
70	7	1	91	0.117	
70	7	1	164	0.209	
70	7	1	89	0.137	
71	7	1	53	0.234	
71	7	1	53	0.234	
71	7	1	177	0.086	
71	7	1	170	0.117	
71	7	1	113	0.109	
72	7	1	44	0.283	
72	7	1	44	0.248	
72	7	1	104	0.149	
72	7	1	91	0.071	
72	7	1	77	0.069	
73	7	1	58	0.119	
73	7	1	61	0.138	
73	7	1	45	0.054	
73	7	1	42	0.037	
73	7	1	125	0.070	
74	7	1	56	0.134	
74	7	1	54	0.090	
74	7	1	25	0.071	
74	7	1	58	0.072	
74	7	1	174	0.084	
75	7	1	43	0.370	
75	7	1	43	0.370	
75	7	1	43	0.373	
75	7	1	43	0.373	
75	7	1	43	0.365	
76	7	1	56	0.133	
76	7	1	55	0.118	
76	7	1	242	0.109	
76	7	1	97	0.071	
76	7	1	112	0.128	
77	7	1	45	0.320	
77	7	1	45	0.324	
77	7	1	45	0.387	
77	7	1	45	0.396	
77	7	1	45	0.395	
78	7	1	207	0.108	
78	7	1	89	0.117	
78	7	1	165	0.056	
78	7	1	185	0.105	
78	7	1	170	0.075	
79	7	1	55	0.243	
79	7	1	49	0.232	
79	7	1	45	0.160	
79	7	1	44	0.211	
79	7	1	43	0.195	
80	7	1	89	0.137	
80	7	1	99	0.113	
80	7	1	112	0.074	
80	7	1	172	0.081	
80	7	1	83	0.073	
81	7	1	107	0.138	
81	7	1	83	0.081	
81	7	1	51	0.074	
81	7	1	250	0.112	
81	7	1	114	0.069	
82	7	1	48	0.059	
82	7	1	59	0.075	
82	7	1	169	0.074	
82	7	1	193	0.074	
82	7	1	172	0.074	
83	7	1	46	0.191	
83	7	1	45	0.204	
83	7	1	48	0.138	
83	7	1	47	0.165	
83	7	1	47	0.132	
84	7	1	54	0.228	
84	7	1	49	0.276	
84	7	1	81	0.084	
84	7	1	49	0.109	
84	7	1	50	0.127	
85	7	1	78	0.099	
85	7	1	221	0.095	
85	7	1	189	0.072	
85	7	1	250	0.102	
85	7	1	250	0.099	
86	7	1	138	0.092	
86	7	1	104	0.080	
86	7	1	212	0.061	
86	7	1	250	0.086	
86	7	1	117	0.066	
87	7	1	46	0.203	
87	7	1	46	0.242	
87	7	1	45	0.142	
87	7	1	44	0.140	
87	7	1	44	0.133	
88	7	1	49	0.232	
88	7	1	48	0.247	
88	7	1	44	0.248	
88	7	1	44	0.237	
88	7	1	44	0.261	
89	7	1	61	0.066	
89	7	1	81	0.088	
89	7	1	167	0.066	
89	7	1	90	0.073	
89	7	1	129	0.073	
90	7	1	45	0.201	
90	7	1	45	0.197	
90	7	1	45	0.180	
90	7	1	44	0.212	
90	7	1	44	0.212	
91	7	1	135	0.133	
91	7	1	110	0.253	
91	7	1	67	0.212	
91	7	1	83	0.116	
91	7	1	67	0.212	
92	7	1	60	0.182	
92	7	1	56	0.132	
92	7	1	141	0.062	
92	7	1	99	0.073	
92	7	1	232	0.069	
93	7	1	43	0.805	
93	7	1	43	0.805	
93	7	1	43	0.822	
93	7	1	43	0.822	
93	7	1	43	0.822	
94	7	1	43	0.387	
94	7	1	43	0.387	
94	7	1	43	0.401	
94	7	1	43	0.401	
94	7	1	43	0.401	
95	7	1	52	0.131	
95	7	1	52	0.134	
95	7	1	201	0.117	
95	7	1	28	0.057	
95	7	1	28	0.057	
96	7	1	79	0.138	
96	7	1	139	0.152	
96	7	1	239	0.147	
96	7	1	168	0.069	
96	7	1	165	0.074	
97	7	1	63	0.116	
97	7	1	65	0.098	
97	7	1	91	0.063	
97	7	1	136	0.074	
97	7	1	112	0.069	
98	7	1	123	0.117	
98	7	1	107	0.069	
98	7	1	43	0.069	
98	7	1	81	0.074	
98	7	1	78	0.070	
99	7	1	65	0.087	
99	7	1	60	0.079	
99	7	1	250	0.102	
99	7	1	134	0.067	
99	7	1	114	0.092	
100	7	1	49	0.211	
100	7	1	49	0.195	
100	7	1	119	0.073	
100	7	1	56	0.073	
100	7	1	170	0.081	
101	7	1	46	0.322	
101	7	1	46	0.316	
101	7	1	215	0.113	
101	7	1	165	0.158	
101	7	1	94	0.363	
102	7	1	46	0.122	
102	7	1	73	0.133	
102	7	1	46	0.118	
102	7	1	49	0.109	
102	7	1	48	0.125	
103	7	1	22	0.063	
103	7	1	130	0.119	
103	7	1	171	0.072	
103	7	1	162	0.075	
103	7	1	228	0.070	
104	7	1	89	0.089	
104	7	1	73	0.132	
104	7	1	217	0.064	
104	7	1	117	0.073	
104	7	1	237	0.072	
105	7	1	40	0.073	
105	7	1	27	0.062	
105	7	1	26	0.059	
105	7	1	27	0.073	
105	7	1	27	0.074	
106	7	1	68	0.142	
106	7	1	136	0.087	
106	7	1	119	0.071	
106	7	1	112	0.073	
106	7	1	250	0.086	
107	7	1	176	0.093	
107	7	1	212	0.073	
107	7	1	250	0.256	
107	7	1	250	0.177	
107	7	1	250	0.078	
108	7	1	45	0.270	
108	7	1	45	0.270	
108	7	1	44	0.356	
108	7	1	44	0.356	
108	7	1	44	0.356	
109	7	1	59	0.197	
109	7	1	65	0.091	
109	7	1	99	0.075	
109	7	1	138	0.069	
109	7	1	178	0.080	
110	7	1	127	0.170	
110	7	1	54	0.163	
110	7	1	140	0.075	
110	7	1	154	0.075	
110	7	1	163	0.110	
111	7	1	226	0.084	
111	7	1	124	0.085	
111	7	1	148	0.070	
111	7	1	250	0.094	
111	7	1	149	0.073	
112	7	1	79	0.062	
112	7	1	92	0.074	
112	7	1	250	0.234	
112	7	1	250	0.105	
112	7	1	114	0.072	
113	7	1	42	0.053	
113	7	1	92	0.075	
113	7	1	170	0.058	
113	7	1	124	0.065	
113	7	1	94	0.075	
114	7	1	57	0.065	
114	7	1	75	0.069	
114	7	1	250	0.160	
114	7	1	121	0.066	
114	7	1	160	0.063	
115	7	1	68	0.086	
115	7	1	97	0.112	
115	7	1	250	0.110	
115	7	1	82	0.063	
115	7	1	170	0.071	
116	7	1	62	0.148	
116	7	1	87	0.139	
116	7	1	137	0.180	
116	7	1	160	0.160	
116	7	1	171	0.091	
117	7	1	37	0.072	
117	7	1	75	0.101	
117	7	1	134	0.074	
117	7	1	80	0.070	
117	7	1	108	0.074	
118	7	1	101	0.121	
118	7	1	78	0.069	
118	7	1	119	0.074	
118	7	1	172	0.074	
118	7	1	94	0.071	
119	7	1	73	0.074	
119	7	1	74	0.103	
119	7	1	122	0.074	
119	7	1	62	0.072	
119	7	1	80	0.074	
120	7	1	23	0.066	
120	7	1	28	0.068	
120	7	1	250	0.144	
120	7	1	235	0.081	
120	7	1	226	0.072	
121	7	1	206	0.098	
121	7	1	131	0.086	
121	7	1	53	0.070	
121	7	1	55	0.074	
121	7	1	96	0.071	
122	7	1	73	0.078	
122	7	1	179	0.192	
122	7	1	136	0.074	
122	7	1	219	0.074	
122	7	1	104	0.066	
123	7	1	63	0.058	
123	7	1	65	0.063	
123	7	1	139	0.070	
123	7	1	130	0.068	
123	7	1	127	0.075	
124	7	1	80	0.176	
124	7	1	71	0.056	
124	7	1	157	0.063	
124	7	1	117	0.067	
124	7	1	250	0.078	
125	7	1	121	0.142	
125	7	1	113	0.112	
125	7	1	111	0.075	
125	7	1	84	0.064	
125	7	1	71	0.063	
126	7	1	125	0.082	
126	7	1	140	0.076	
126	7	1	250	0.146	
126	7	1	222	0.053	
126	7	1	250	0.089	
127	7	1	123	0.086	
127	7	1	31	0.100	
127	7	1	39	0.074	
127	7	1	105	0.090	
127	7	1	42	0.075	
128	7	1	49	0.231	
128	7	1	44	0.307	
128	7	1	116	0.069	
128	7	1	94	0.129	
128	7	1	79	0.182	
129	7	1	76	0.107	
129	7	1	73	0.080	
129	7	1	117	0.074	
129	7	1	250	0.080	
129	7	1	250	0.087	
130	7	1	51	0.252	
130	7	1	50	0.246	
130	7	1	114	0.102	
130	7	1	145	0.085	
130	7	1	177	0.108	
131	7	1	250	0.102	
131	7	1	250	0.114	
131	7	1	148	0.069	
131	7	1	127	0.056	
131	7	1	233	0.086	
132	7	1	60	0.186	
132	7	1	63	0.131	
132	7	1	163	0.074	
132	7	1	100	0.072	
132	7	1	93	0.067	
133	7	1	66	0.151	
133	7	1	73	0.087	
133	7	1	124	0.073	
133	7	1	187	0.073	
133	7	1	117	0.069	
134	7	1	149	0.076	
134	7	1	135	0.070	
134	7	1	160	0.072	
134	7	1	211	0.074	
134	7	1	250	0.078	
135	7	1	46	0.250	
135	7	1	47	0.301	
135	7	1	47	0.316	
135	7	1	50	0.266	
135	7	1	48	0.288	
136	7	1	60	0.114	
136	7	1	72	0.072	
136	7	1	250	0.085	
136	7	1	250	0.126	
136	7	1	250	0.122	
137	7	1	67	0.074	
137	7	1	65	0.069	
137	7	1	250	0.122	
137	7	1	250	0.080	
137	7	1	250	0.086	
138	7	1	29	0.073	
138	7	1	101	0.095	
138	7	1	83	0.068	
138	7	1	87	0.053	
138	7	1	90	0.074	
139	7	1	156	0.141	
139	7	1	73	0.101	
139	7	1	249	0.087	
139	7	1	154	0.071	
139	7	1	250	0.121	
140	7	1	120	0.086	
140	7	1	100	0.057	
140	7	1	229	0.074	
140	7	1	203	0.070	
140	7	1	201	0.067	
141	7	1	25	0.062	
141	7	1	22	0.073	
141	7	1	149	0.071	
141	7	1	205	0.074	
141	7	1	185	0.068	
142	7	1	56	0.097	
142	7	1	57	0.126	
142	7	1	190	0.074	
142	7	1	208	0.095	
142	7	1	135	0.085	
143	7	1	67	0.155	
143	7	1	39	0.075	
143	7	1	186	0.073	
143	7	1	150	0.072	
143	7	1	97	0.072	
144	7	1	105	0.086	
144	7	1	80	0.092	
144	7	1	234	0.096	
144	7	1	250	0.111	
144	7	1	250	0.110	
145	7	1	54	0.183	
145	7	1	53	0.160	
145	7	1	83	0.116	
145	7	1	133	0.156	
145	7	1	88	0.102	
146	7	1	48	0.297	
146	7	1	47	0.266	
146	7	1	226	0.101	
146	7	1	61	0.273	
146	7	1	123	0.076	
147	7	1	47	0.149	
147	7	1	57	0.110	
147	7	1	58	0.075	
147	7	1	46	0.108	
147	7	1	71	0.085	
148	7	1	49	0.111	
148	7	1	81	0.073	
148	7	1	111	0.073	
148	7	1	156	0.075	
148	7	1	114	0.070	
149	7	1	56	0.151	
149	7	1	63	0.125	
149	7	1	43	0.061	
149	7	1	89	0.074	
149	7	1	139	0.075	
150	7	1	48	0.074	
150	7	1	68	0.100	
150	7	1	134	0.072	
150	7	1	130	0.066	
150	7	1	246	0.084	
151	7	1	88	0.089	
151	7	1	64	0.126	
151	7	1	250	0.120	
151	7	1	250	0.077	
151	7	1	201	0.069	
152	7	1	56	0.202	
152	7	1	60	0.130	
152	7	1	50	0.082	
152	7	1	49	0.114	
152	7	1	50	0.106	
153	7	1	73	0.060	
153	7	1	95	0.076	
153	7	1	193	0.073	
153	7	1	192	0.066	
153	7	1	155	0.074	
154	7	1	78	0.132	
154	7	1	75	0.111	
154	7	1	120	0.068	
154	7	1	144	0.065	
154	7	1	250	0.076	
155	7	1	66	0.108	
155	7	1	52	0.074	
155	7	1	165	0.079	
155	7	1	47	0.073	
155	7	1	177	0.076	
156	7	1	52	0.340	
156	7	1	66	0.316	
156	7	1	222	0.181	
156	7	1	97	0.148	
156	7	1	248	0.101	
157	7	1	52	0.059	
157	7	1	41	0.056	
157	7	1	153	0.072	
157	7	1	191	0.074	
157	7	1	231	0.072	
158	7	1	71	0.061	
158	7	1	64	0.068	
158	7	1	221	0.066	
158	7	1	127	0.073	
158	7	1	86	0.061	
159	7	1	48	0.278	
159	7	1	51	0.277	
159	7	1	49	0.307	
159	7	1	46	0.307	
159	7	1	48	0.307	
160	7	1	67	0.084	
160	7	1	64	0.074	
160	7	1	142	0.063	
160	7	1	150	0.074	
160	7	1	187	0.070	
161	7	1	45	0.255	
161	7	1	45	0.255	
161	7	1	70	0.244	
161	7	1	196	0.249	
161	7	1	157	0.307	
162	7	1	138	0.081	
162	7	1	84	0.110	
162	7	1	118	0.062	
162	7	1	90	0.072	
162	7	1	93	0.074	
163	7	1	24	0.063	
163	7	1	169	0.087	
163	7	1	153	0.068	
163	7	1	116	0.073	
163	7	1	145	0.064	
164	7	1	124	0.100	
164	7	1	88	0.141	
164	7	1	250	0.076	
164	7	1	250	0.078	
164	7	1	182	0.075	
165	7	1	87	0.079	
165	7	1	81	0.099	
165	7	1	197	0.073	
165	7	1	134	0.072	
165	7	1	113	0.074	
166	7	1	170	0.126	
166	7	1	62	0.124	
166	7	1	250	0.092	
166	7	1	118	0.061	
166	7	1	125	0.103	
167	7	1	41	0.068	
167	7	1	46	0.075	
167	7	1	118	0.073	
167	7	1	135	0.067	
167	7	1	132	0.057	
168	7	1	81	0.074	
168	7	1	159	0.053	
168	7	1	104	0.056	
168	7	1	75	0.068	
168	7	1	83	0.064	
169	7	1	52	0.071	
169	7	1	51	0.072	
169	7	1	89	0.069	
169	7	1	148	0.071	
169	7	1	100	0.070	
170	7	1	66	0.075	
170	7	1	56	0.072	
170	7	1	132	0.105	
170	7	1	161	0.067	
170	7	1	136	0.070	
171	7	1	90	0.071	
171	7	1	171	0.076	
171	7	1	250	0.087	
171	7	1	202	0.066	
171	7	1	120	0.075	
172	7	1	31	0.075	
172	7	1	35	0.067	
172	7	1	129	0.065	
172	7	1	175	0.070	
172	7	1	123	0.073	
173	7	1	58	0.070	
173	7	1	45	0.074	
173	7	1	99	0.067	
173	7	1	174	0.073	
173	7	1	163	0.076	
174	7	1	65	0.122	
174	7	1	61	0.172	
174	7	1	180	0.098	
174	7	1	213	0.074	
174	7	1	146	0.114	
175	7	1	50	0.086	
175	7	1	73	0.074	
175	7	1	173	0.072	
175	7	1	123	0.075	
175	7	1	249	0.074	
176	7	1	125	0.192	
176	7	1	72	0.159	
176	7	1	242	0.068	
176	7	1	116	0.070	
176	7	1	156	0.060	
177	7	1	81	0.094	
177	7	1	153	0.095	
177	7	1	121	0.069	
177	7	1	152	0.070	
177	7	1	224	0.056	
178	7	1	78	0.078	
178	7	1	123	0.094	
178	7	1	88	0.069	
178	7	1	84	0.065	
178	7	1	94	0.072	
179	7	1	79	0.070	
179	7	1	76	0.068	
179	7	1	72	0.073	
179	7	1	50	0.075	
179	7	1	140	0.074	
180	7	1	85	0.073	
180	7	1	27	0.067	
180	7	1	205	0.072	
180	7	1	124	0.071	
180	7	1	125	0.062	
181	7	1	61	0.066	
181	7	1	82	0.083	
181	7	1	135	0.075	
181	7	1	132	0.070	
181	7	1	250	0.096	
182	7	1	48	0.069	
182	7	1	65	0.069	
182	7	1	183	0.064	
182	7	1	202	0.063	
182	7	1	181	0.057	
183	7	1	67	0.112	
183	7	1	51	0.071	
183	7	1	250	0.313	
183	7	1	205	0.069	
183	7	1	187	0.074	
184	7	1	79	0.113	
184	7	1	65	0.135	
184	7	1	225	0.059	
184	7	1	163	0.071	
184	7	1	125	0.069	
185	7	1	69	0.136	
185	7	1	71	0.116	
185	7	1	201	0.062	
185	7	1	145	0.074	
185	7	1	81	0.061	
186	7	1	85	0.075	
186	7	1	67	0.075	
186	7	1	171	0.070	
186	7	1	120	0.071	
186	7	1	90	0.067	
187	7	1	44	0.066	
187	7	1	40	0.066	
187	7	1	108	0.071	
187	7	1	175	0.072	
187	7	1	134	0.074	
188	7	1	221	0.080	
188	7	1	75	0.097	
188	7	1	226	0.072	
188	7	1	250	0.098	
188	7	1	250	0.112	
189	7	1	61	0.074	
189	7	1	46	0.063	
189	7	1	250	0.629	
189	7	1	222	0.074	
189	7	1	250	0.160	
190	7	1	74	0.073	
190	7	1	62	0.073	
190	7	1	82	0.073	
190	7	1	122	0.067	
190	7	1	79	0.074	
191	7	1	45	0.067	
191	7	1	80	0.091	
191	7	1	106	0.075	
191	7	1	142	0.074	
191	7	1	135	0.059	
192	7	1	33	0.070	
192	7	1	36	0.074	
192	7	1	88	0.071	
192	7	1	75	0.055	
192	7	1	137	0.075	
193	7	1	72	0.073	
193	7	1	121	0.100	
193	7	1	250	0.121	
193	7	1	250	0.308	
193	7	1	229	0.074	
194	7	1	131	0.056	
194	7	1	214	0.078	
194	7	1	131	0.071	
194	7	1	98	0.060	
194	7	1	72	0.074	
195	7	1	62	0.083	
195	7	1	105	0.102	
195	7	1	199	0.073	
195	7	1	250	0.081	
195	7	1	250	0.134	
196	7	1	64	0.119	
196	7	1	52	0.074	
196	7	1	149	0.074	
196	7	1	151	0.073	
196	7	1	153	0.073	
197	7	1	105	0.095	
197	7	1	62	0.071	
197	7	1	250	0.100	
197	7	1	222	0.072	
197	7	1	250	0.075	
198	7	1	90	0.130	
198	7	1	163	0.101	
198	7	1	181	0.074	
198	7	1	187	0.066	
198	7	1	131	0.074	
199	7	1	105	0.079	
199	7	1	40	0.071	
199	7	1	166	0.074	
199	7	1	103	0.072	
199	7	1	152	0.070	
200	7	1	84	0.115	
200	7	1	63	0.117	
200	7	1	250	0.128	
200	7	1	76	0.071	
200	7	1	63	0.074	
201	7	1	57	0.087	
201	7	1	64	0.107	
201	7	1	64	0.073	
201	7	1	93	0.077	
201	7	1	70	0.071	
202	7	1	55	0.071	
202	7	1	78	0.086	
202	7	1	117	0.070	
202	7	1	143	0.090	
202	7	1	223	0.090	
203	7	1	49	0.062	
203	7	1	36	0.071	
203	7	1	91	0.049	
203	7	1	111	0.072	
203	7	1	71	0.072	
204	7	1	152	0.080	
204	7	1	33	0.073	
204	7	1	104	0.071	
204	7	1	111	0.074	
204	7	1	116	0.072	
205	7	1	31	0.066	
205	7	1	27	0.061	
205	7	1	54	0.067	
205	7	1	114	0.074	
205	7	1	119	0.072	
206	7	1	178	0.075	
206	7	1	136	0.073	
206	7	1	187	0.071	
206	7	1	214	0.073	
206	7	1	210	0.072	
207	7	1	69	0.062	
207	7	1	109	0.076	
207	7	1	160	0.059	
207	7	1	68	0.059	
207	7	1	91	0.071	
208	7	1	61	0.073	
208	7	1	50	0.058	
208	7	1	250	0.085	
208	7	1	250	0.191	
208	7	1	250	0.116	
209	7	1	93	0.148	
209	7	1	54	0.118	
209	7	1	138	0.123	
209	7	1	172	0.121	
209	7	1	130	0.074	
210	7	1	134	0.083	
210	7	1	58	0.073	
210	7	1	250	0.098	
210	7	1	201	0.073	
210	7	1	202	0.073	
211	7	1	155	0.082	
211	7	1	129	0.073	
211	7	1	156	0.067	
211	7	1	159	0.062	
211	7	1	83	0.061	
212	7	1	28	0.070	
212	7	1	32	0.065	
212	7	1	238	0.143	
212	7	1	156	0.074	
212	7	1	250	0.140	
213	7	1	77	0.066	
213	7	1	85	0.069	
213	7	1	250	0.117	
213	7	1	250	0.153	
213	7	1	142	0.065	
214	7	1	104	0.064	
214	7	1	106	0.072	
214	7	1	177	0.075	
214	7	1	101	0.068	
214	7	1	123	0.075	
215	7	1	90	0.083	
215	7	1	84	0.081	
215	7	1	190	0.078	
215	7	1	200	0.092	
215	7	1	194	0.097	
216	7	1	70	0.105	
216	7	1	34	0.076	
216	7	1	25	0.075	
216	7	1	25	0.068	
216	7	1	80	0.067	
217	7	1	100	0.103	
217	7	1	139	0.118	
217	7	1	169	0.072	
217	7	1	240	0.074	
217	7	1	70	0.104	
218	7	1	46	0.074	
218	7	1	72	0.071	
218	7	1	107	0.073	
218	7	1	101	0.072	
218	7	1	152	0.068	
219	7	1	50	0.072	
219	7	1	25	0.070	
219	7	1	79	0.068	
219	7	1	152	0.077	
219	7	1	159	0.070	
220	7	1	62	0.089	
220	7	1	73	0.070	
220	7	1	156	0.073	
220	7	1	229	0.074	
220	7	1	250	0.084	
221	7	1	80	0.069	
221	7	1	80	0.063	
221	7	1	227	0.075	
221	7	1	209	0.071	
221	7	1	244	0.068	
222	7	1	39	0.107	
222	7	1	62	0.074	
222	7	1	250	0.085	
222	7	1	191	0.064	
222	7	1	169	0.069	
223	7	1	49	0.079	
223	7	1	28	0.074	
223	7	1	250	0.154	
223	7	1	250	0.076	
223	7	1	250	0.127	
224	7	1	82	0.111	
224	7	1	96	0.072	
224	7	1	145	0.075	
224	7	1	82	0.073	
224	7	1	117	0.051	
225	7	1	43	0.073	
225	7	1	49	0.075	
225	7	1	175	0.078	
225	7	1	250	0.086	
225	7	1	179	0.064	
226	7	1	39	0.070	
226	7	1	55	0.078	
226	7	1	250	0.085	
226	7	1	140	0.073	
226	7	1	244	0.075	
227	7	1	101	0.058	
227	7	1	76	0.071	
227	7	1	111	0.068	
227	7	1	177	0.071	
227	7	1	207	0.073	
228	7	1	47	0.073	
228	7	1	56	0.061	
228	7	1	171	0.057	
228	7	1	223	0.071	
228	7	1	198	0.065	
229	7	1	65	0.074	
229	7	1	79	0.073	
229	7	1	150	0.070	
229	7	1	118	0.072	
229	7	1	171	0.074	
230	7	1	38	0.068	
230	7	1	35	0.066	
230	7	1	105	0.072	
230	7	1	121	0.075	
230	7	1	134	0.074	
231	7	1	56	0.192	
231	7	1	71	0.159	
231	7	1	146	0.076	
231	7	1	72	0.072	
231	7	1	49	0.075	
232	7	1	92	0.104	
232	7	1	68	0.139	
232	7	1	180	0.074	
232	7	1	201	0.070	
232	7	1	185	0.071	
233	7	1	48	0.344	
233	7	1	49	0.301	
233	7	1	131	0.096	
233	7	1	79	0.334	
233	7	1	200	0.267	
234	7	1	122	0.108	
234	7	1	94	0.081	
234	7	1	112	0.070	
234	7	1	202	0.097	
234	7	1	232	0.080	
235	7	1	72	0.081	
235	7	1	44	0.066	
235	7	1	235	0.082	
235	7	1	115	0.074	
235	7	1	133	0.072	
236	7	1	50	0.195	
236	7	1	51	0.181	
236	7	1	62	0.100	
236	7	1	207	0.122	
236	7	1	29	0.073	
237	7	1	55	0.074	
237	7	1	49	0.073	
237	7	1	192	0.073	
237	7	1	147	0.071	
237	7	1	82	0.136	
238	7	1	78	0.088	
238	7	1	64	0.069	
238	7	1	119	0.073	
238	7	1	102	0.073	
238	7	1	245	0.070	
239	7	1	61	0.136	
239	7	1	67	0.126	
239	7	1	26	0.053	
239	7	1	28	0.071	
239	7	1	51	0.063	
240	7	1	67	0.190	
240	7	1	169	0.190	
240	7	1	250	0.118	
240	7	1	240	0.072	
240	7	1	139	0.069	
241	7	1	38	0.056	
241	7	1	26	0.075	
241	7	1	209	0.068	
241	7	1	102	0.071	
241	7	1	88	0.067	
242	7	1	70	0.064	
242	7	1	51	0.057	
242	7	1	64	0.072	
242	7	1	109	0.070	
242	7	1	184	0.070	
243	7	1	37	0.064	
243	7	1	50	0.094	
243	7	1	173	0.075	
243	7	1	119	0.074	
243	7	1	97	0.072	
244	7	1	70	0.071	
244	7	1	113	0.079	
244	7	1	63	0.070	
244	7	1	212	0.077	
244	7	1	117	0.073	
245	7	1	89	0.073	
245	7	1	99	0.068	
245	7	1	171	0.073	
245	7	1	250	0.091	
245	7	1	163	0.073	
246	7	1	51	0.048	
246	7	1	46	0.063	
246	7	1	89	0.070	
246	7	1	112	0.072	
246	7	1	148	0.066	
247	7	1	47	0.170	
247	7	1	47	0.132	
247	7	1	51	0.094	
247	7	1	57	0.085	
247	7	1	93	0.094	
248	7	1	55	0.075	
248	7	1	52	0.075	
248	7	1	127	0.069	
248	7	1	128	0.069	
248	7	1	113	0.074	
249	7	1	38	0.068	
249	7	1	37	0.074	
249	7	1	94	0.074	
249	7	1	117	0.068	
249	7	1	83	0.055	
250	7	1	48	0.074	
250	7	1	57	0.072	
250	7	1	223	0.074	
250	7	1	130	0.056	
250	7	1	222	0.075	
251	7	1	69	0.077	
251	7	1	76	0.076	
251	7	1	114	0.075	
251	7	1	119	0.072	
251	7	1	136	0.075	
252	7	1	89	0.093	
252	7	1	68	0.089	
252	7	1	53	0.069	
252	7	1	85	0.078	
252	7	1	46	0.072	
253	7	1	40	0.058	
253	7	1	77	0.105	
253	7	1	220	0.107	
253	7	1	188	0.074	
253	7	1	183	0.067	
254	7	1	75	0.083	
254	7	1	75	0.111	
254	7	1	79	0.068	
254	7	1	250	0.112	
254	7	1	75	0.045	
255	7	1	100	0.075	
255	7	1	134	0.068	
255	7	1	103	0.084	
255	7	1	39	0.069	
255	7	1	42	0.071	
256	7	1	100	0.074	
256	7	1	121	0.079	
256	7	1	162	0.070	
256	7	1	171	0.063	
256	7	1	151	0.066	
257	7	1	54	0.198	
257	7	1	56	0.245	
257	7	1	55	0.119	
257	7	1	64	0.180	
257	7	1	70	0.216	
258	7	1	83	0.072	
258	7	1	38	0.065	
258	7	1	234	0.074	
258	7	1	232	0.073	
258	7	1	168	0.070	
259	7	1	50	0.122	
259	7	1	26	0.072	
259	7	1	105	0.074	
259	7	1	115	0.075	
259	7	1	166	0.124	
260	7	1	96	0.072	
260	7	1	81	0.073	
260	7	1	128	0.068	
260	7	1	129	0.073	
260	7	1	96	0.056	
261	7	1	49	0.072	
261	7	1	171	0.092	
261	7	1	148	0.067	
261	7	1	147	0.075	
261	7	1	110	0.074	
262	7	1	105	0.078	
262	7	1	112	0.100	
262	7	1	250	0.110	
262	7	1	250	0.086	
262	7	1	250	0.109	
263	7	1	74	0.093	
263	7	1	65	0.090	
263	7	1	67	0.073	
263	7	1	134	0.075	
263	7	1	121	0.072	
264	7	1	33	0.075	
264	7	1	50	0.075	
264	7	1	144	0.068	
264	7	1	113	0.057	
264	7	1	92	0.075	
265	7	1	140	0.039	
265	7	1	133	0.060	
265	7	1	247	0.071	
265	7	1	189	0.063	
265	7	1	87	0.069	
266	7	1	113	0.072	
266	7	1	68	0.074	
266	7	1	237	0.072	
266	7	1	250	0.119	
266	7	1	250	0.305	
267	7	1	124	0.082	
267	7	1	70	0.087	
267	7	1	82	0.071	
267	7	1	165	0.066	
267	7	1	96	0.074	
268	7	1	30	0.071	
268	7	1	71	0.062	
268	7	1	243	0.074	
268	7	1	100	0.069	
268	7	1	146	0.069	
269	7	1	80	0.091	
269	7	1	55	0.075	
269	7	1	250	0.094	
269	7	1	219	0.068	
269	7	1	191	0.073	
270	7	1	46	0.194	
270	7	1	49	0.109	
270	7	1	164	0.107	
270	7	1	197	0.092	
270	7	1	100	0.081	
271	7	1	63	0.072	
271	7	1	38	0.071	
271	7	1	94	0.070	
271	7	1	224	0.089	
271	7	1	212	0.071	
272	7	1	49	0.073	
272	7	1	39	0.086	
272	7	1	196	0.065	
272	7	1	180	0.072	
272	7	1	139	0.074	
273	7	1	150	0.073	
273	7	1	123	0.082	
273	7	1	233	0.078	
273	7	1	211	0.069	
273	7	1	226	0.070	
274	7	1	52	0.118	
274	7	1	84	0.144	
274	7	1	183	0.091	
274	7	1	250	0.086	
274	7	1	243	0.129	
275	7	1	84	0.074	
275	7	1	76	0.072	
275	7	1	250	0.076	
275	7	1	150	0.071	
275	7	1	160	0.069	
276	7	1	68	0.054	
276	7	1	71	0.070	
276	7	1	250	0.202	
276	7	1	162	0.069	
276	7	1	250	0.085	
277	7	1	35	0.044	
277	7	1	71	0.103	
277	7	1	157	0.068	
277	7	1	186	0.074	
277	7	1	161	0.071	
278	7	1	34	0.074	
278	7	1	44	0.071	
278	7	1	250	0.104	
278	7	1	250	0.088	
278	7	1	250	0.085	
279	7	1	86	0.062	
279	7	1	45	0.063	
279	7	1	250	0.091	
279	7	1	250	0.815	
279	7	1	250	0.098	
280	7	1	225	0.099	
280	7	1	157	0.082	
280	7	1	107	0.066	
280	7	1	108	0.073	
280	7	1	108	0.057	
281	7	1	39	0.068	
281	7	1	69	0.057	
281	7	1	89	0.069	
281	7	1	63	0.073	
281	7	1	250	0.080	
282	7	1	40	0.034	
282	7	1	132	0.068	
282	7	1	150	0.058	
282	7	1	128	0.071	
282	7	1	123	0.075	
283	7	1	38	0.067	
283	7	1	48	0.073	
283	7	1	211	0.073	
283	7	1	250	0.088	
283	7	1	227	0.066	
284	7	1	59	0.072	
284	7	1	39	0.074	
284	7	1	219	0.071	
284	7	1	198	0.074	
284	7	1	250	0.103	
285	7	1	85	0.071	
285	7	1	129	0.074	
285	7	1	250	0.091	
285	7	1	250	0.170	
285	7	1	151	0.064	
286	7	1	144	0.074	
286	7	1	110	0.099	
286	7	1	174	0.071	
286	7	1	195	0.073	
286	7	1	149	0.069	
287	7	1	43	0.074	
287	7	1	30	0.071	
287	7	1	149	0.068	
287	7	1	120	0.070	
287	7	1	250	0.114	
288	7	1	23	0.074	
288	7	1	45	0.062	
288	7	1	119	0.071	
288	7	1	191	0.072	
288	7	1	132	0.068	
289	7	1	76	0.077	
289	7	1	59	0.101	
289	7	1	68	0.067	
289	7	1	114	0.064	
289	7	1	93	0.073	
290	7	1	96	0.070	
290	7	1	71	0.073	
290	7	1	237	0.073	
290	7	1	136	0.062	
290	7	1	160	0.070	
291	7	1	45	0.197	
291	7	1	46	0.203	
291	7	1	208	0.151	
291	7	1	55	0.223	
291	7	1	235	0.263	
292	7	1	209	0.074	
292	7	1	212	0.062	
292	7	1	112	0.067	
292	7	1	74	0.075	
292	7	1	121	0.073	
293	7	1	48	0.063	
293	7	1	88	0.071	
293	7	1	88	0.072	
293	7	1	100	0.073	
293	7	1	81	0.067	
294	7	1	132	0.076	
294	7	1	100	0.090	
294	7	1	124	0.074	
294	7	1	130	0.071	
294	7	1	192	0.073	
295	7	1	40	0.095	
295	7	1	41	0.053	
295	7	1	131	0.070	
295	7	1	250	0.088	
295	7	1	212	0.074	
296	7	1	92	0.098	
296	7	1	58	0.177	
296	7	1	152	0.074	
296	7	1	96	0.063	
296	7	1	63	0.069	
297	7	1	38	0.067	
297	7	1	57	0.065	
297	7	1	250	0.114	
297	7	1	201	0.074	
297	7	1	250	0.164	
298	7	1	114	0.071	
298	7	1	72	0.075	
298	7	1	140	0.074	
298	7	1	125	0.075	
298	7	1	140	0.071	
299	7	1	144	0.093	
299	7	1	147	0.078	
299	7	1	122	0.075	
299	7	1	225	0.075	
299	7	1	105	0.072	
0	8	1	83	0.125	
0	8	1	75	0.180	
0	8	1	250	0.320	
0	8	1	250	0.077	
0	8	1	250	0.097	
1	8	1	72	0.231	
1	8	1	77	0.211	
1	8	1	70	0.178	
1	8	1	82	0.151	
1	8	1	89	0.185	
2	8	1	84	0.108	
2	8	1	79	0.112	
2	8	1	250	0.145	
2	8	1	250	0.112	
2	8	1	250	0.200	
3	8	1	64	0.206	
3	8	1	64	0.229	
3	8	1	68	0.182	
3	8	1	65	0.210	
3	8	1	70	0.214	
4	8	1	91	0.116	
4	8	1	91	0.097	
4	8	1	250	0.076	
4	8	1	191	0.070	
4	8	1	41	0.075	
5	8	1	60	0.340	
5	8	1	60	0.312	
5	8	1	60	0.239	
5	8	1	60	0.239	
5	8	1	59	0.253	
6	8	1	125	0.140	
6	8	1	69	0.165	
6	8	1	250	0.133	
6	8	1	250	0.112	
6	8	1	250	0.138	
7	8	1	93	0.114	
7	8	1	81	0.123	
7	8	1	250	0.406	
7	8	1	250	0.475	
7	8	1	250	0.354	
8	8	1	67	0.098	
8	8	1	67	0.156	
8	8	1	51	0.071	
8	8	1	47	0.062	
8	8	1	66	0.128	
9	8	1	60	0.243	
9	8	1	60	0.264	
9	8	1	60	0.197	
9	8	1	60	0.199	
9	8	1	61	0.216	
10	8	1	64	0.236	
10	8	1	62	0.268	
10	8	1	74	0.160	
10	8	1	75	0.166	
10	8	1	78	0.160	
11	8	1	60	0.295	
11	8	1	62	0.312	
11	8	1	60	0.235	
11	8	1	61	0.193	
11	8	1	61	0.235	
12	8	1	85	0.109	
12	8	1	83	0.103	
12	8	1	250	0.150	
12	8	1	250	0.143	
12	8	1	250	0.145	
13	8	1	73	0.138	
13	8	1	73	0.128	
13	8	1	162	0.071	
13	8	1	121	0.067	
13	8	1	80	0.073	
14	8	1	66	0.199	
14	8	1	65	0.202	
14	8	1	64	0.179	
14	8	1	64	0.182	
14	8	1	64	0.179	
15	8	1	75	0.229	
15	8	1	63	0.213	
15	8	1	75	0.246	
15	8	1	68	0.210	
15	8	1	65	0.198	
16	8	1	77	0.201	
16	8	1	79	0.162	
16	8	1	250	0.328	
16	8	1	250	0.566	
16	8	1	250	0.337	
17	8	1	62	0.355	
17	8	1	63	0.327	
17	8	1	66	0.280	
17	8	1	75	0.367	
17	8	1	75	0.387	
18	8	1	60	0.362	
18	8	1	60	0.347	
18	8	1	60	0.370	
18	8	1	60	0.356	
18	8	1	60	0.370	
19	8	1	96	0.154	
19	8	1	103	0.132	
19	8	1	250	0.089	
19	8	1	250	0.095	
19	8	1	250	0.075	
20	8	1	61	0.352	
20	8	1	62	0.351	
20	8	1	64	0.236	
20	8	1	64	0.236	
20	8	1	64	0.236	
21	8	1	63	0.287	
21	8	1	64	0.261	
21	8	1	65	0.240	
21	8	1	71	0.191	
21	8	1	65	0.205	
22	8	1	67	0.190	
22	8	1	64	0.134	
22	8	1	250	0.087	
22	8	1	102	0.134	
22	8	1	36	0.029	
23	8	1	79	0.201	
23	8	1	72	0.201	
23	8	1	250	0.154	
23	8	1	250	0.175	
23	8	1	250	0.391	
24	8	1	76	0.203	
24	8	1	76	0.180	
24	8	1	250	0.173	
24	8	1	250	0.118	
24	8	1	250	0.122	
25	8	1	61	0.308	
25	8	1	61	0.308	
25	8	1	61	0.404	
25	8	1	61	0.404	
25	8	1	61	0.403	
26	8	1	65	0.204	
26	8	1	100	0.220	
26	8	1	100	0.090	
26	8	1	34	0.073	
26	8	1	39	0.073	
27	8	1	63	0.229	
27	8	1	67	0.199	
27	8	1	64	0.110	
27	8	1	44	0.065	
27	8	1	42	0.069	
28	8	1	62	0.309	
28	8	1	60	0.295	
28	8	1	76	0.365	
28	8	1	60	0.365	
28	8	1	60	0.337	
29	8	1	62	0.069	
29	8	1	50	0.064	
29	8	1	41	0.095	
29	8	1	42	0.091	
29	8	1	250	0.079	
30	8	1	88	0.172	
30	8	1	82	0.159	
30	8	1	98	0.100	
30	8	1	90	0.083	
30	8	1	88	0.124	
31	8	1	63	0.296	
31	8	1	61	0.263	
31	8	1	69	0.213	
31	8	1	74	0.179	
31	8	1	70	0.195	
32	8	1	62	0.208	
32	8	1	61	0.215	
32	8	1	61	0.220	
32	8	1	61	0.190	
32	8	1	61	0.202	
33	8	1	54	0.075	
33	8	1	52	0.085	
33	8	1	250	0.085	
33	8	1	250	0.096	
33	8	1	250	0.098	
34	8	1	64	0.285	
34	8	1	62	0.267	
34	8	1	62	0.170	
34	8	1	62	0.195	
34	8	1	63	0.175	
35	8	1	54	0.067	
35	8	1	54	0.067	
35	8	1	250	0.078	
35	8	1	94	0.075	
35	8	1	77	0.075	
36	8	1	64	0.227	
36	8	1	61	0.236	
36	8	1	61	0.141	
36	8	1	62	0.179	
36	8	1	62	0.179	
37	8	1	95	0.133	
37	8	1	90	0.151	
37	8	1	250	0.092	
37	8	1	250	0.096	
37	8	1	250	0.120	
38	8	1	80	0.116	
38	8	1	80	0.102	
38	8	1	250	0.099	
38	8	1	250	0.079	
38	8	1	250	0.080	
39	8	1	68	0.183	
39	8	1	68	0.190	
39	8	1	68	0.167	
39	8	1	77	0.102	
39	8	1	64	0.163	
40	8	1	59	0.374	
40	8	1	59	0.374	
40	8	1	59	0.343	
40	8	1	59	0.345	
40	8	1	59	0.343	
41	8	1	60	0.278	
41	8	1	60	0.270	
41	8	1	60	0.388	
41	8	1	68	0.345	
41	8	1	68	0.321	
42	8	1	59	0.653	
42	8	1	59	0.653	
42	8	1	59	0.653	
42	8	1	59	0.653	
42	8	1	59	0.653	
43	8	1	89	0.120	
43	8	1	89	0.193	
43	8	1	133	0.115	
43	8	1	200	0.091	
43	8	1	110	0.119	
44	8	1	81	0.137	
44	8	1	82	0.140	
44	8	1	38	0.069	
44	8	1	58	0.063	
44	8	1	34	0.065	
45	8	1	77	0.078	
45	8	1	80	0.094	
45	8	1	250	0.332	
45	8	1	250	0.169	
45	8	1	250	0.266	
46	8	1	84	0.103	
46	8	1	86	0.100	
46	8	1	250	1.176	
46	8	1	250	0.954	
46	8	1	250	1.279	
47	8	1	59	0.069	
47	8	1	106	0.073	
47	8	1	250	0.114	
47	8	1	250	0.315	
47	8	1	250	0.180	
48	8	1	75	0.134	
48	8	1	79	0.086	
48	8	1	46	0.070	
48	8	1	48	0.073	
48	8	1	78	0.122	
49	8	1	78	0.160	
49	8	1	93	0.156	
49	8	1	250	1.443	
49	8	1	250	1.442	
49	8	1	250	1.450	
50	8	1	61	0.344	
50	8	1	66	0.327	
50	8	1	73	0.340	
50	8	1	73	0.421	
50	8	1	77	0.376	
51	8	1	61	0.215	
51	8	1	61	0.222	
51	8	1	98	0.189	
51	8	1	68	0.208	
51	8	1	73	0.213	
52	8	1	63	0.302	
52	8	1	61	0.365	
52	8	1	66	0.394	
52	8	1	63	0.344	
52	8	1	62	0.325	
53	8	1	74	0.171	
53	8	1	76	0.121	
53	8	1	75	0.092	
53	8	1	80	0.079	
53	8	1	47	0.090	
54	8	1	66	0.373	
54	8	1	61	0.330	
54	8	1	62	0.224	
54	8	1	62	0.224	
54	8	1	62	0.224	
55	8	1	92	0.115	
55	8	1	103	0.087	
55	8	1	250	0.080	
55	8	1	217	0.074	
55	8	1	174	0.075	
56	8	1	70	0.241	
56	8	1	64	0.303	
56	8	1	97	0.277	
56	8	1	100	0.303	
56	8	1	146	0.185	
57	8	1	57	0.047	
57	8	1	83	0.146	
57	8	1	213	0.080	
57	8	1	250	0.094	
57	8	1	161	0.085	
58	8	1	95	0.075	
58	8	1	250	0.083	
58	8	1	250	1.410	
58	8	1	250	1.423	
58	8	1	250	1.427	
59	8	1	52	0.057	
59	8	1	103	0.100	
59	8	1	164	0.074	
59	8	1	250	0.080	
59	8	1	250	0.077	
60	8	1	84	0.083	
60	8	1	76	0.089	
60	8	1	250	0.131	
60	8	1	250	0.101	
60	8	1	250	0.120	
61	8	1	59	0.393	
61	8	1	59	0.395	
61	8	1	59	0.395	
61	8	1	59	0.395	
61	8	1	59	0.393	
62	8	1	48	0.066	
62	8	1	54	0.072	
62	8	1	250	0.084	
62	8	1	181	0.070	
62	8	1	250	0.110	
63	8	1	75	0.186	
63	8	1	69	0.176	
63	8	1	76	0.166	
63	8	1	76	0.166	
63	8	1	76	0.145	
64	8	1	67	0.173	
64	8	1	70	0.157	
64	8	1	71	0.105	
64	8	1	72	0.090	
64	8	1	76	0.076	
65	8	1	60	0.272	
65	8	1	60	0.269	
65	8	1	60	0.238	
65	8	1	60	0.238	
65	8	1	60	0.238	
66	8	1	78	0.147	
66	8	1	85	0.121	
66	8	1	45	0.053	
66	8	1	47	0.069	
66	8	1	65	0.073	
67	8	1	59	0.403	
67	8	1	59	0.404	
67	8	1	59	0.348	
67	8	1	59	0.348	
67	8	1	59	0.348	
68	8	1	69	0.227	
68	8	1	65	0.251	
68	8	1	92	0.101	
68	8	1	237	0.071	
68	8	1	124	0.119	
69	8	1	38	0.075	
69	8	1	88	0.106	
69	8	1	250	0.075	
69	8	1	250	0.080	
69	8	1	250	0.079	
70	8	1	63	0.244	
70	8	1	64	0.267	
70	8	1	64	0.164	
70	8	1	64	0.180	
70	8	1	63	0.213	
71	8	1	65	0.222	
71	8	1	67	0.270	
71	8	1	71	0.170	
71	8	1	70	0.151	
71	8	1	73	0.116	
72	8	1	61	0.215	
72	8	1	61	0.202	
72	8	1	66	0.157	
72	8	1	64	0.143	
72	8	1	67	0.205	
73	8	1	69	0.187	
73	8	1	70	0.144	
73	8	1	142	0.088	
73	8	1	35	0.102	
73	8	1	130	0.092	
74	8	1	65	0.194	
74	8	1	63	0.141	
74	8	1	59	0.071	
74	8	1	250	0.121	
74	8	1	250	0.115	
75	8	1	59	0.370	
75	8	1	59	0.370	
75	8	1	59	0.340	
75	8	1	59	0.338	
75	8	1	59	0.348	
76	8	1	83	0.080	
76	8	1	77	0.104	
76	8	1	250	0.086	
76	8	1	250	0.081	
76	8	1	32	0.063	
77	8	1	60	0.371	
77	8	1	61	0.371	
77	8	1	60	0.340	
77	8	1	60	0.347	
77	8	1	61	0.353	
78	8	1	87	0.098	
78	8	1	83	0.078	
78	8	1	250	0.082	
78	8	1	250	0.076	
78	8	1	148	0.073	
79	8	1	61	0.268	
79	8	1	70	0.253	
79	8	1	62	0.199	
79	8	1	61	0.234	
79	8	1	63	0.234	
80	8	1	101	0.124	
80	8	1	88	0.124	
80	8	1	160	0.098	
80	8	1	125	0.075	
80	8	1	180	0.075	
81	8	1	85	0.123	
81	8	1	79	0.171	
81	8	1	43	0.053	
81	8	1	113	0.078	
81	8	1	250	0.162	
82	8	1	58	0.068	
82	8	1	50	0.064	
82	8	1	228	0.075	
82	8	1	250	0.129	
82	8	1	250	0.141	
83	8	1	63	0.220	
83	8	1	63	0.220	
83	8	1	61	0.193	
83	8	1	63	0.217	
83	8	1	63	0.217	
84	8	1	68	0.229	
84	8	1	62	0.223	
84	8	1	76	0.082	
84	8	1	77	0.107	
84	8	1	61	0.072	
85	8	1	79	0.150	
85	8	1	91	0.158	
85	8	1	138	0.070	
85	8	1	250	0.128	
85	8	1	250	0.090	
86	8	1	38	0.074	
86	8	1	33	0.073	
86	8	1	250	0.145	
86	8	1	250	0.118	
86	8	1	250	0.452	
87	8	1	60	0.235	
87	8	1	63	0.181	
87	8	1	60	0.267	
87	8	1	60	0.202	
87	8	1	60	0.201	
88	8	1	61	0.369	
88	8	1	61	0.379	
88	8	1	62	0.266	
88	8	1	61	0.210	
88	8	1	62	0.270	
89	8	1	89	0.156	
89	8	1	81	0.152	
89	8	1	121	0.096	
89	8	1	119	0.123	
89	8	1	176	0.150	
90	8	1	61	0.342	
90	8	1	60	0.302	
90	8	1	61	0.199	
90	8	1	60	0.179	
90	8	1	61	0.204	
91	8	1	65	0.253	
91	8	1	65	0.227	
91	8	1	63	0.190	
91	8	1	63	0.188	
91	8	1	63	0.163	
92	8	1	65	0.075	
92	8	1	72	0.094	
92	8	1	250	0.088	
92	8	1	250	0.081	
92	8	1	250	0.077	
93	8	1	59	0.795	
93	8	1	59	0.795	
93	8	1	59	0.795	
93	8	1	59	0.795	
93	8	1	59	0.795	
94	8	1	59	0.364	
94	8	1	59	0.392	
94	8	1	59	0.370	
94	8	1	59	0.370	
94	8	1	59	0.392	
95	8	1	67	0.156	
95	8	1	71	0.156	
95	8	1	47	0.074	
95	8	1	43	0.075	
95	8	1	41	0.072	
96	8	1	76	0.189	
96	8	1	79	0.148	
96	8	1	69	0.073	
96	8	1	125	0.075	
96	8	1	73	0.070	
97	8	1	74	0.136	
97	8	1	78	0.109	
97	8	1	250	0.082	
97	8	1	48	0.066	
97	8	1	51	0.070	
98	8	1	95	0.177	
98	8	1	84	0.179	
98	8	1	250	0.175	
98	8	1	250	0.104	
98	8	1	250	0.115	
99	8	1	81	0.164	
99	8	1	77	0.131	
99	8	1	250	0.090	
99	8	1	211	0.068	
99	8	1	166	0.084	
100	8	1	67	0.181	
100	8	1	67	0.191	
100	8	1	161	0.092	
100	8	1	49	0.074	
100	8	1	88	0.069	
101	8	1	62	0.312	
101	8	1	60	0.299	
101	8	1	62	0.241	
101	8	1	62	0.238	
101	8	1	62	0.241	
102	8	1	71	0.166	
102	8	1	70	0.152	
102	8	1	65	0.182	
102	8	1	69	0.165	
102	8	1	65	0.183	
103	8	1	101	0.098	
103	8	1	88	0.114	
103	8	1	250	0.703	
103	8	1	250	1.117	
103	8	1	250	0.950	
104	8	1	85	0.113	
104	8	1	86	0.102	
104	8	1	80	0.074	
104	8	1	202	0.075	
104	8	1	250	0.097	
105	8	1	92	0.118	
105	8	1	85	0.169	
105	8	1	250	1.556	
105	8	1	250	1.481	
105	8	1	250	1.515	
106	8	1	75	0.148	
106	8	1	86	0.127	
106	8	1	250	0.540	
106	8	1	250	0.107	
106	8	1	200	0.068	
107	8	1	76	0.273	
107	8	1	64	0.209	
107	8	1	87	0.158	
107	8	1	67	0.156	
107	8	1	67	0.251	
108	8	1	60	0.290	
108	8	1	61	0.301	
108	8	1	70	0.361	
108	8	1	62	0.330	
108	8	1	62	0.330	
109	8	1	69	0.180	
109	8	1	92	0.197	
109	8	1	250	0.156	
109	8	1	214	0.070	
109	8	1	250	0.087	
110	8	1	71	0.118	
110	8	1	70	0.088	
110	8	1	250	0.292	
110	8	1	41	0.074	
110	8	1	47	0.070	
111	8	1	125	0.142	
111	8	1	129	0.125	
111	8	1	250	0.818	
111	8	1	250	0.617	
111	8	1	250	0.246	
112	8	1	96	0.081	
112	8	1	60	0.070	
112	8	1	231	0.072	
112	8	1	250	0.075	
112	8	1	191	0.073	
113	8	1	62	0.075	
113	8	1	109	0.085	
113	8	1	250	0.108	
113	8	1	222	0.073	
113	8	1	250	0.089	
114	8	1	135	0.084	
114	8	1	82	0.100	
114	8	1	250	0.082	
114	8	1	250	0.085	
114	8	1	187	0.075	
115	8	1	79	0.114	
115	8	1	75	0.132	
115	8	1	250	0.097	
115	8	1	58	0.075	
115	8	1	250	0.083	
116	8	1	63	0.274	
116	8	1	63	0.270	
116	8	1	65	0.208	
116	8	1	66	0.217	
116	8	1	69	0.235	
117	8	1	79	0.147	
117	8	1	95	0.096	
117	8	1	58	0.075	
117	8	1	250	0.126	
117	8	1	250	0.095	
118	8	1	90	0.133	
118	8	1	97	0.134	
118	8	1	250	0.716	
118	8	1	189	0.073	
118	8	1	193	0.075	
119	8	1	94	0.118	
119	8	1	86	0.114	
119	8	1	250	0.109	
119	8	1	250	0.103	
119	8	1	250	0.117	
120	8	1	90	0.181	
120	8	1	84	0.166	
120	8	1	250	0.122	
120	8	1	250	0.093	
120	8	1	193	0.075	
121	8	1	80	0.121	
121	8	1	74	0.152	
121	8	1	250	0.077	
121	8	1	250	0.128	
121	8	1	250	0.077	
122	8	1	67	0.133	
122	8	1	73	0.172	
122	8	1	64	0.124	
122	8	1	71	0.091	
122	8	1	72	0.131	
123	8	1	91	0.125	
123	8	1	98	0.153	
123	8	1	250	0.102	
123	8	1	250	0.090	
123	8	1	250	0.104	
124	8	1	114	0.171	
124	8	1	91	0.097	
124	8	1	55	0.068	
124	8	1	102	0.071	
124	8	1	250	0.140	
125	8	1	83	0.125	
125	8	1	86	0.136	
125	8	1	32	0.061	
125	8	1	29	0.055	
125	8	1	62	0.051	
126	8	1	85	0.111	
126	8	1	81	0.112	
126	8	1	250	0.098	
126	8	1	250	0.087	
126	8	1	179	0.075	
127	8	1	81	0.079	
127	8	1	59	0.067	
127	8	1	44	0.063	
127	8	1	250	0.089	
127	8	1	250	0.094	
128	8	1	60	0.221	
128	8	1	62	0.267	
128	8	1	250	0.081	
128	8	1	45	0.050	
128	8	1	47	0.068	
129	8	1	73	0.162	
129	8	1	91	0.167	
129	8	1	250	0.121	
129	8	1	250	0.110	
129	8	1	250	0.131	
130	8	1	66	0.184	
130	8	1	67	0.231	
130	8	1	104	0.083	
130	8	1	63	0.096	
130	8	1	63	0.153	
131	8	1	80	0.189	
131	8	1	81	0.192	
131	8	1	151	0.067	
131	8	1	250	0.130	
131	8	1	250	0.149	
132	8	1	77	0.150	
132	8	1	79	0.171	
132	8	1	250	0.118	
132	8	1	250	0.080	
132	8	1	250	0.133	
133	8	1	82	0.164	
133	8	1	91	0.150	
133	8	1	250	0.107	
133	8	1	250	0.175	
133	8	1	250	0.131	
134	8	1	83	0.159	
134	8	1	85	0.161	
134	8	1	250	0.340	
134	8	1	250	0.385	
134	8	1	250	0.415	
135	8	1	61	0.261	
135	8	1	63	0.238	
135	8	1	64	0.215	
135	8	1	64	0.152	
135	8	1	85	0.184	
136	8	1	88	0.160	
136	8	1	84	0.119	
136	8	1	250	0.092	
136	8	1	250	0.095	
136	8	1	250	0.097	
137	8	1	100	0.073	
137	8	1	95	0.075	
137	8	1	250	0.138	
137	8	1	250	0.181	
137	8	1	250	0.139	
138	8	1	100	0.085	
138	8	1	107	0.113	
138	8	1	178	0.074	
138	8	1	250	0.095	
138	8	1	250	0.093	
139	8	1	69	0.167	
139	8	1	71	0.176	
139	8	1	250	0.090	
139	8	1	250	0.082	
139	8	1	250	0.091	
140	8	1	55	0.071	
140	8	1	86	0.111	
140	8	1	250	0.096	
140	8	1	250	0.149	
140	8	1	250	0.093	
141	8	1	71	0.118	
141	8	1	81	0.153	
141	8	1	250	0.105	
141	8	1	250	0.110	
141	8	1	250	0.146	
142	8	1	76	0.104	
142	8	1	70	0.115	
142	8	1	67	0.125	
142	8	1	71	0.078	
142	8	1	65	0.094	
143	8	1	98	0.176	
143	8	1	68	0.062	
143	8	1	250	0.093	
143	8	1	250	0.383	
143	8	1	250	1.175	
144	8	1	52	0.069	
144	8	1	106	0.071	
144	8	1	250	0.155	
144	8	1	250	0.153	
144	8	1	250	0.166	
145	8	1	67	0.219	
145	8	1	83	0.197	
145	8	1	68	0.124	
145	8	1	67	0.130	
145	8	1	69	0.174	
146	8	1	63	0.320	
146	8	1	94	0.324	
146	8	1	74	0.286	
146	8	1	62	0.336	
146	8	1	62	0.311	
147	8	1	82	0.124	
147	8	1	74	0.134	
147	8	1	69	0.074	
147	8	1	63	0.067	
147	8	1	88	0.073	
148	8	1	80	0.097	
148	8	1	84	0.094	
148	8	1	91	0.087	
148	8	1	72	0.088	
148	8	1	73	0.103	
149	8	1	78	0.181	
149	8	1	74	0.117	
149	8	1	102	0.066	
149	8	1	122	0.074	
149	8	1	100	0.073	
150	8	1	92	0.145	
150	8	1	90	0.121	
150	8	1	250	0.119	
150	8	1	250	0.113	
150	8	1	250	0.103	
151	8	1	77	0.111	
151	8	1	82	0.110	
151	8	1	250	0.128	
151	8	1	250	0.099	
151	8	1	250	0.104	
152	8	1	67	0.225	
152	8	1	65	0.242	
152	8	1	68	0.117	
152	8	1	65	0.159	
152	8	1	66	0.117	
153	8	1	74	0.066	
153	8	1	73	0.073	
153	8	1	250	0.116	
153	8	1	250	0.168	
153	8	1	250	0.135	
154	8	1	80	0.164	
154	8	1	83	0.154	
154	8	1	154	0.074	
154	8	1	109	0.075	
154	8	1	143	0.074	
155	8	1	73	0.110	
155	8	1	84	0.175	
155	8	1	250	0.096	
155	8	1	250	0.184	
155	8	1	250	0.118	
156	8	1	61	0.239	
156	8	1	62	0.306	
156	8	1	66	0.292	
156	8	1	63	0.255	
156	8	1	64	0.310	
157	8	1	99	0.076	
157	8	1	106	0.085	
157	8	1	250	0.091	
157	8	1	246	0.075	
157	8	1	250	0.276	
158	8	1	99	0.123	
158	8	1	108	0.091	
158	8	1	250	0.098	
158	8	1	250	0.131	
158	8	1	246	0.074	
159	8	1	60	0.374	
159	8	1	60	0.362	
159	8	1	61	0.361	
159	8	1	60	0.357	
159	8	1	61	0.361	
160	8	1	55	0.070	
160	8	1	53	0.066	
160	8	1	250	0.119	
160	8	1	250	0.126	
160	8	1	250	0.121	
161	8	1	61	0.175	
161	8	1	62	0.271	
161	8	1	61	0.253	
161	8	1	61	0.208	
161	8	1	61	0.206	
162	8	1	89	0.143	
162	8	1	87	0.150	
162	8	1	250	0.105	
162	8	1	250	0.146	
162	8	1	250	0.127	
163	8	1	67	0.069	
163	8	1	39	0.070	
163	8	1	250	0.145	
163	8	1	250	0.137	
163	8	1	250	0.156	
164	8	1	83	0.107	
164	8	1	108	0.165	
164	8	1	250	0.085	
164	8	1	250	0.081	
164	8	1	249	0.056	
165	8	1	89	0.105	
165	8	1	82	0.113	
165	8	1	64	0.072	
165	8	1	61	0.075	
165	8	1	112	0.073	
166	8	1	80	0.127	
166	8	1	78	0.132	
166	8	1	250	0.092	
166	8	1	250	0.076	
166	8	1	66	0.071	
167	8	1	47	0.077	
167	8	1	48	0.068	
167	8	1	250	0.106	
167	8	1	250	0.099	
167	8	1	250	0.103	
168	8	1	88	0.159	
168	8	1	84	0.179	
168	8	1	250	1.288	
168	8	1	250	1.351	
168	8	1	250	1.374	
169	8	1	89	0.108	
169	8	1	45	0.073	
169	8	1	250	0.162	
169	8	1	250	0.134	
169	8	1	250	0.154	
170	8	1	110	0.120	
170	8	1	71	0.172	
170	8	1	250	0.081	
170	8	1	43	0.075	
170	8	1	44	0.071	
171	8	1	103	0.114	
171	8	1	102	0.091	
171	8	1	250	0.105	
171	8	1	250	0.091	
171	8	1	250	0.103	
172	8	1	82	0.100	
172	8	1	50	0.074	
172	8	1	250	1.002	
172	8	1	250	0.943	
172	8	1	250	0.947	
173	8	1	109	0.125	
173	8	1	112	0.129	
173	8	1	250	0.253	
173	8	1	250	0.218	
173	8	1	250	0.147	
174	8	1	84	0.160	
174	8	1	78	0.184	
174	8	1	87	0.065	
174	8	1	91	0.069	
174	8	1	104	0.082	
175	8	1	87	0.108	
175	8	1	105	0.102	
175	8	1	250	0.111	
175	8	1	250	0.137	
175	8	1	250	0.085	
176	8	1	101	0.083	
176	8	1	76	0.109	
176	8	1	33	0.074	
176	8	1	38	0.071	
176	8	1	37	0.069	
177	8	1	95	0.148	
177	8	1	104	0.143	
177	8	1	250	0.091	
177	8	1	250	0.086	
177	8	1	250	0.087	
178	8	1	76	0.147	
178	8	1	86	0.160	
178	8	1	35	0.072	
178	8	1	250	0.081	
178	8	1	250	0.080	
179	8	1	33	0.071	
179	8	1	46	0.071	
179	8	1	48	0.073	
179	8	1	146	0.078	
179	8	1	230	0.080	
180	8	1	41	0.067	
180	8	1	85	0.086	
180	8	1	250	0.103	
180	8	1	250	0.083	
180	8	1	250	0.100	
181	8	1	117	0.079	
181	8	1	103	0.083	
181	8	1	250	0.109	
181	8	1	250	0.096	
181	8	1	250	0.092	
182	8	1	90	0.092	
182	8	1	30	0.073	
182	8	1	250	0.094	
182	8	1	250	0.132	
182	8	1	108	0.055	
183	8	1	117	0.133	
183	8	1	75	0.134	
183	8	1	120	0.116	
183	8	1	107	0.073	
183	8	1	127	0.092	
184	8	1	81	0.134	
184	8	1	87	0.176	
184	8	1	107	0.096	
184	8	1	126	0.089	
184	8	1	108	0.070	
185	8	1	82	0.155	
185	8	1	82	0.154	
185	8	1	39	0.072	
185	8	1	38	0.075	
185	8	1	250	0.083	
186	8	1	107	0.086	
186	8	1	126	0.116	
186	8	1	250	0.087	
186	8	1	250	0.089	
186	8	1	76	0.068	
187	8	1	107	0.078	
187	8	1	52	0.071	
187	8	1	250	0.118	
187	8	1	250	0.107	
187	8	1	250	0.125	
188	8	1	96	0.080	
188	8	1	76	0.066	
188	8	1	250	0.080	
188	8	1	250	0.091	
188	8	1	250	0.145	
189	8	1	95	0.081	
189	8	1	80	0.077	
189	8	1	250	0.261	
189	8	1	127	0.075	
189	8	1	186	0.075	
190	8	1	97	0.133	
190	8	1	91	0.105	
190	8	1	250	0.616	
190	8	1	250	0.695	
190	8	1	250	0.615	
191	8	1	76	0.074	
191	8	1	44	0.074	
191	8	1	250	0.109	
191	8	1	250	0.086	
191	8	1	250	0.082	
192	8	1	111	0.096	
192	8	1	103	0.110	
192	8	1	250	0.506	
192	8	1	250	0.433	
192	8	1	250	0.246	
193	8	1	131	0.093	
193	8	1	106	0.082	
193	8	1	250	0.182	
193	8	1	250	0.213	
193	8	1	250	0.186	
194	8	1	43	0.073	
194	8	1	111	0.091	
194	8	1	250	0.117	
194	8	1	250	0.121	
194	8	1	250	0.118	
195	8	1	98	0.100	
195	8	1	86	0.087	
195	8	1	250	0.087	
195	8	1	250	0.084	
195	8	1	250	0.081	
196	8	1	98	0.083	
196	8	1	98	0.103	
196	8	1	243	0.074	
196	8	1	250	0.228	
196	8	1	250	0.203	
197	8	1	97	0.106	
197	8	1	94	0.079	
197	8	1	250	0.143	
197	8	1	250	0.140	
197	8	1	250	0.133	
198	8	1	85	0.082	
198	8	1	91	0.078	
198	8	1	86	0.073	
198	8	1	121	0.074	
198	8	1	123	0.075	
199	8	1	59	0.065	
199	8	1	117	0.091	
199	8	1	250	0.195	
199	8	1	250	0.181	
199	8	1	250	0.209	
200	8	1	90	0.169	
200	8	1	83	0.158	
200	8	1	250	0.116	
200	8	1	250	0.079	
200	8	1	250	0.088	
201	8	1	41	0.072	
201	8	1	74	0.079	
201	8	1	51	0.065	
201	8	1	57	0.053	
201	8	1	66	0.084	
202	8	1	77	0.104	
202	8	1	78	0.108	
202	8	1	103	0.073	
202	8	1	149	0.083	
202	8	1	70	0.068	
203	8	1	87	0.083	
203	8	1	69	0.109	
203	8	1	55	0.060	
203	8	1	52	0.071	
203	8	1	250	0.091	
204	8	1	91	0.113	
204	8	1	118	0.105	
204	8	1	250	0.100	
204	8	1	250	0.105	
204	8	1	250	0.111	
205	8	1	111	0.089	
205	8	1	122	0.126	
205	8	1	250	0.354	
205	8	1	250	0.379	
205	8	1	250	0.483	
206	8	1	97	0.096	
206	8	1	89	0.088	
206	8	1	250	0.085	
206	8	1	250	0.174	
206	8	1	245	0.074	
207	8	1	104	0.067	
207	8	1	107	0.088	
207	8	1	250	0.155	
207	8	1	250	0.129	
207	8	1	250	0.120	
208	8	1	47	0.048	
208	8	1	74	0.072	
208	8	1	250	0.119	
208	8	1	250	0.325	
208	8	1	250	0.111	
209	8	1	71	0.168	
209	8	1	75	0.191	
209	8	1	66	0.072	
209	8	1	55	0.075	
209	8	1	39	0.069	
210	8	1	96	0.129	
210	8	1	107	0.124	
210	8	1	250	0.141	
210	8	1	250	0.106	
210	8	1	250	0.221	
211	8	1	40	0.063	
211	8	1	38	0.073	
211	8	1	250	0.120	
211	8	1	250	0.113	
211	8	1	250	0.119	
212	8	1	71	0.098	
212	8	1	71	0.098	
212	8	1	45	0.074	
212	8	1	56	0.074	
212	8	1	31	0.068	
213	8	1	106	0.117	
213	8	1	86	0.098	
213	8	1	250	0.107	
213	8	1	250	0.120	
213	8	1	250	0.115	
214	8	1	110	0.124	
214	8	1	101	0.101	
214	8	1	250	0.892	
214	8	1	250	0.956	
214	8	1	250	0.819	
215	8	1	78	0.120	
215	8	1	71	0.129	
215	8	1	250	0.159	
215	8	1	250	0.109	
215	8	1	250	0.112	
216	8	1	88	0.169	
216	8	1	81	0.206	
216	8	1	250	1.030	
216	8	1	250	1.039	
216	8	1	250	1.046	
217	8	1	79	0.094	
217	8	1	84	0.102	
217	8	1	250	0.924	
217	8	1	250	0.850	
217	8	1	250	0.906	
218	8	1	45	0.070	
218	8	1	35	0.013	
218	8	1	217	0.074	
218	8	1	200	0.075	
218	8	1	249	0.074	
219	8	1	73	0.072	
219	8	1	97	0.090	
219	8	1	250	0.373	
219	8	1	116	0.074	
219	8	1	250	0.104	
220	8	1	61	0.072	
220	8	1	59	0.067	
220	8	1	116	0.072	
220	8	1	188	0.075	
220	8	1	114	0.075	
221	8	1	94	0.071	
221	8	1	67	0.074	
221	8	1	250	0.104	
221	8	1	250	0.140	
221	8	1	250	0.091	
222	8	1	100	0.132	
222	8	1	101	0.095	
222	8	1	250	0.395	
222	8	1	250	0.248	
222	8	1	250	0.391	
223	8	1	85	0.074	
223	8	1	101	0.076	
223	8	1	250	0.102	
223	8	1	250	0.112	
223	8	1	250	0.098	
224	8	1	82	0.096	
224	8	1	34	0.068	
224	8	1	250	0.105	
224	8	1	250	0.090	
224	8	1	189	0.074	
225	8	1	82	0.079	
225	8	1	26	0.033	
225	8	1	250	0.090	
225	8	1	202	0.075	
225	8	1	145	0.075	
226	8	1	73	0.075	
226	8	1	70	0.088	
226	8	1	250	0.119	
226	8	1	124	0.074	
226	8	1	94	0.074	
227	8	1	106	0.124	
227	8	1	92	0.115	
227	8	1	180	0.099	
227	8	1	250	0.087	
227	8	1	250	0.094	
228	8	1	105	0.089	
228	8	1	98	0.133	
228	8	1	95	0.070	
228	8	1	146	0.115	
228	8	1	250	0.099	
229	8	1	118	0.084	
229	8	1	42	0.069	
229	8	1	250	0.082	
229	8	1	250	0.101	
229	8	1	250	0.075	
230	8	1	44	0.074	
230	8	1	110	0.078	
230	8	1	250	0.242	
230	8	1	250	0.079	
230	8	1	250	0.088	
231	8	1	72	0.190	
231	8	1	77	0.200	
231	8	1	54	0.075	
231	8	1	103	0.100	
231	8	1	102	0.108	
232	8	1	84	0.097	
232	8	1	83	0.103	
232	8	1	250	0.198	
232	8	1	250	0.105	
232	8	1	250	0.103	
233	8	1	60	0.320	
233	8	1	68	0.330	
233	8	1	73	0.328	
233	8	1	61	0.290	
233	8	1	60	0.330	
234	8	1	87	0.118	
234	8	1	55	0.069	
234	8	1	250	0.075	
234	8	1	250	0.076	
234	8	1	250	0.093	
235	8	1	37	0.050	
235	8	1	59	0.068	
235	8	1	250	0.078	
235	8	1	250	0.081	
235	8	1	243	0.075	
236	8	1	70	0.181	
236	8	1	80	0.147	
236	8	1	37	0.072	
236	8	1	72	0.093	
236	8	1	73	0.107	
237	8	1	42	0.129	
237	8	1	48	0.072	
237	8	1	250	0.161	
237	8	1	154	0.073	
237	8	1	250	0.200	
238	8	1	64	0.066	
238	8	1	84	0.088	
238	8	1	51	0.073	
238	8	1	45	0.068	
238	8	1	122	0.075	
239	8	1	74	0.207	
239	8	1	82	0.102	
239	8	1	69	0.070	
239	8	1	85	0.142	
239	8	1	94	0.119	
240	8	1	70	0.162	
240	8	1	72	0.209	
240	8	1	40	0.075	
240	8	1	250	0.085	
240	8	1	72	0.139	
241	8	1	81	0.118	
241	8	1	91	0.102	
241	8	1	250	0.084	
241	8	1	250	0.208	
241	8	1	250	0.976	
242	8	1	108	0.079	
242	8	1	110	0.082	
242	8	1	250	0.140	
242	8	1	250	0.169	
242	8	1	250	0.120	
243	8	1	92	0.075	
243	8	1	77	0.074	
243	8	1	250	0.078	
243	8	1	191	0.075	
243	8	1	164	0.073	
244	8	1	64	0.068	
244	8	1	62	0.071	
244	8	1	250	0.117	
244	8	1	250	0.230	
244	8	1	250	0.173	
245	8	1	107	0.092	
245	8	0	44	0.010	
245	8	1	250	0.108	
245	8	1	250	0.093	
245	8	1	250	0.111	
246	8	1	104	0.072	
246	8	1	76	0.069	
246	8	1	250	0.454	
246	8	1	250	0.438	
246	8	1	250	0.404	
247	8	1	64	0.171	
247	8	1	65	0.199	
247	8	1	37	0.073	
247	8	1	84	0.080	
247	8	1	250	0.108	
248	8	1	87	0.187	
248	8	1	81	0.114	
248	8	1	250	0.111	
248	8	1	250	0.113	
248	8	1	250	0.380	
249	8	1	38	0.070	
249	8	1	36	0.072	
249	8	1	54	0.069	
249	8	1	250	0.083	
249	8	1	250	0.089	
250	8	1	46	0.063	
250	8	1	42	0.070	
250	8	1	250	0.084	
250	8	1	250	0.079	
250	8	1	250	0.081	
251	8	1	86	0.116	
251	8	1	82	0.121	
251	8	1	83	0.074	
251	8	1	194	0.072	
251	8	1	71	0.094	
252	8	1	38	0.073	
252	8	1	38	0.073	
252	8	1	55	0.073	
252	8	1	59	0.074	
252	8	1	55	0.073	
253	8	1	104	0.078	
253	8	1	96	0.102	
253	8	1	138	0.073	
253	8	1	107	0.071	
253	8	1	86	0.074	
254	8	1	86	0.119	
254	8	1	89	0.113	
254	8	1	250	1.167	
254	8	1	250	1.370	
254	8	1	250	1.331	
255	8	1	68	0.058	
255	8	1	32	0.267	
255	8	1	250	1.084	
255	8	1	250	0.181	
255	8	1	250	0.951	
256	8	1	42	0.065	
256	8	1	42	0.057	
256	8	1	72	0.072	
256	8	1	82	0.072	
256	8	1	80	0.072	
257	8	1	64	0.228	
257	8	1	66	0.245	
257	8	1	86	0.078	
257	8	1	71	0.167	
257	8	1	71	0.081	
258	8	1	83	0.073	
258	8	1	92	0.061	
258	8	1	250	1.203	
258	8	1	250	0.363	
258	8	1	250	0.524	
259	8	1	65	0.166	
259	8	1	68	0.147	
259	8	1	68	0.121	
259	8	1	89	0.129	
259	8	1	82	0.097	
260	8	1	96	0.097	
260	8	1	110	0.083	
260	8	1	250	0.275	
260	8	1	250	0.247	
260	8	1	250	0.365	
261	8	1	40	0.090	
261	8	1	52	0.074	
261	8	1	250	0.075	
261	8	1	250	0.138	
261	8	1	237	0.075	
262	8	1	112	0.099	
262	8	1	118	0.089	
262	8	1	250	0.480	
262	8	1	250	0.425	
262	8	1	250	0.510	
263	8	1	97	0.114	
263	8	1	80	0.127	
263	8	1	250	0.094	
263	8	1	250	0.140	
263	8	1	250	0.099	
264	8	1	99	0.112	
264	8	1	92	0.141	
264	8	1	250	0.090	
264	8	1	193	0.070	
264	8	1	250	0.103	
265	8	1	39	0.095	
265	8	1	98	0.074	
265	8	1	250	0.137	
265	8	1	250	0.112	
265	8	1	250	0.131	
266	8	1	97	0.077	
266	8	1	98	0.086	
266	8	1	129	0.085	
266	8	1	250	0.347	
266	8	1	242	0.074	
267	8	1	30	0.066	
267	8	1	69	0.072	
267	8	1	225	0.071	
267	8	1	250	0.303	
267	8	1	241	0.074	
268	8	1	127	0.093	
268	8	1	62	0.070	
268	8	1	250	0.157	
268	8	1	250	0.625	
268	8	1	250	0.239	
269	8	1	49	0.075	
269	8	1	62	0.070	
269	8	1	61	0.067	
269	8	1	54	0.067	
269	8	1	77	0.071	
270	8	1	66	0.164	
270	8	1	65	0.212	
270	8	1	66	0.167	
270	8	1	61	0.171	
270	8	1	63	0.139	
271	8	1	82	0.074	
271	8	1	44	0.078	
271	8	1	250	0.181	
271	8	1	250	0.127	
271	8	1	250	0.111	
272	8	1	97	0.066	
272	8	1	85	0.051	
272	8	1	250	0.119	
272	8	1	250	0.114	
272	8	1	250	0.114	
273	8	1	142	0.088	
273	8	1	120	0.079	
273	8	1	250	0.135	
273	8	1	250	0.132	
273	8	1	250	0.370	
274	8	1	66	0.178	
274	8	1	68	0.203	
274	8	1	66	0.127	
274	8	1	64	0.147	
274	8	1	66	0.131	
275	8	1	45	0.073	
275	8	1	64	0.074	
275	8	1	250	0.116	
275	8	1	250	0.102	
275	8	1	250	0.119	
276	8	1	141	0.079	
276	8	1	130	0.084	
276	8	1	219	0.075	
276	8	1	184	0.075	
276	8	1	80	0.073	
277	8	1	94	0.078	
277	8	1	84	0.076	
277	8	1	45	0.064	
277	8	1	250	0.078	
277	8	1	218	0.106	
278	8	1	107	0.106	
278	8	1	90	0.074	
278	8	1	250	0.185	
278	8	1	250	0.192	
278	8	1	250	0.162	
279	8	1	92	0.070	
279	8	1	96	0.075	
279	8	1	250	0.634	
279	8	1	250	0.075	
279	8	1	250	0.293	
280	8	1	250	0.082	
280	8	1	250	0.105	
280	8	1	250	0.141	
280	8	1	250	0.140	
280	8	1	250	0.806	
281	8	1	97	0.093	
281	8	1	92	0.118	
281	8	1	130	0.074	
281	8	1	176	0.075	
281	8	1	88	0.074	
282	8	1	29	0.068	
282	8	1	136	0.113	
282	8	1	250	0.116	
282	8	1	250	0.212	
282	8	1	250	0.190	
283	8	1	108	0.073	
283	8	1	137	0.074	
283	8	1	250	0.133	
283	8	1	250	0.132	
283	8	1	250	0.137	
284	8	1	84	0.134	
284	8	1	91	0.127	
284	8	1	244	0.075	
284	8	1	250	0.088	
284	8	1	250	0.083	
285	8	1	102	0.082	
285	8	1	118	0.081	
285	8	1	250	0.087	
285	8	1	250	0.082	
285	8	1	169	0.073	
286	8	1	93	0.089	
286	8	1	95	0.090	
286	8	1	246	0.075	
286	8	1	104	0.073	
286	8	1	70	0.074	
287	8	1	55	0.064	
287	8	1	70	0.074	
287	8	1	250	0.102	
287	8	1	250	0.136	
287	8	1	250	0.146	
288	8	1	45	0.089	
288	8	1	101	0.092	
288	8	1	250	0.121	
288	8	1	250	0.103	
288	8	1	250	0.090	
289	8	1	69	0.153	
289	8	1	75	0.082	
289	8	1	53	0.074	
289	8	1	104	0.160	
289	8	1	47	0.075	
290	8	1	111	0.101	
290	8	1	107	0.098	
290	8	1	241	0.068	
290	8	1	250	0.373	
290	8	1	250	0.375	
291	8	1	62	0.273	
291	8	1	64	0.240	
291	8	1	64	0.213	
291	8	1	63	0.261	
291	8	1	63	0.247	
292	8	1	102	0.100	
292	8	1	101	0.109	
292	8	1	48	0.070	
292	8	1	100	0.085	
292	8	1	174	0.081	
293	8	1	115	0.097	
293	8	1	117	0.110	
293	8	1	250	0.193	
293	8	1	250	0.210	
293	8	1	250	0.140	
294	8	1	95	0.108	
294	8	1	66	0.072	
294	8	1	250	0.078	
294	8	1	62	0.065	
294	8	1	76	0.069	
295	8	1	115	0.101	
295	8	1	98	0.096	
295	8	1	122	0.073	
295	8	1	97	0.073	
295	8	1	154	0.074	
296	8	1	80	0.138	
296	8	1	78	0.170	
296	8	1	53	0.072	
296	8	1	250	0.101	
296	8	1	250	0.110	
297	8	1	52	0.073	
297	8	1	61	0.068	
297	8	1	250	0.578	
297	8	1	250	0.458	
297	8	1	250	0.477	
298	8	1	97	0.077	
298	8	1	98	0.086	
298	8	1	250	0.113	
298	8	1	250	0.107	
298	8	1	250	0.110	
299	8	1	43	0.069	
299	8	1	46	0.063	
299	8	1	250	0.104	
299	8	1	250	0.111	
299	8	1	250	0.122	
0	9	1	100	0.137	
0	9	1	76	0.182	
0	9	1	101	0.089	
0	9	1	145	0.074	
0	9	1	250	0.335	
1	9	1	84	0.213	
1	9	1	84	0.215	
1	9	1	250	0.118	
1	9	1	250	0.119	
1	9	1	250	0.103	
2	9	1	89	0.095	
2	9	1	85	0.104	
2	9	1	250	0.096	
2	9	1	250	0.093	
2	9	1	250	0.098	
3	9	1	69	0.167	
3	9	1	69	0.183	
3	9	1	73	0.178	
3	9	1	73	0.202	
3	9	1	73	0.178	
4	9	1	97	0.097	
4	9	1	38	0.061	
4	9	1	250	0.102	
4	9	1	228	0.071	
4	9	1	250	0.090	
5	9	1	68	0.257	
5	9	1	68	0.257	
5	9	1	68	0.274	
5	9	1	68	0.274	
5	9	1	69	0.254	
6	9	1	84	0.197	
6	9	1	94	0.154	
6	9	1	250	0.124	
6	9	1	210	0.093	
6	9	1	218	0.117	
7	9	1	78	0.137	
7	9	1	89	0.123	
7	9	1	250	0.406	
7	9	1	250	0.398	
7	9	1	250	0.424	
8	9	1	81	0.076	
8	9	1	63	0.074	
8	9	1	74	0.106	
8	9	1	75	0.147	
8	9	1	131	0.087	
9	9	1	69	0.255	
9	9	1	68	0.314	
9	9	1	68	0.195	
9	9	1	68	0.235	
9	9	1	68	0.228	
10	9	1	69	0.233	
10	9	1	72	0.265	
10	9	1	73	0.203	
10	9	1	70	0.198	
10	9	1	69	0.213	
11	9	1	70	0.297	
11	9	1	70	0.297	
11	9	1	68	0.230	
11	9	1	69	0.225	
11	9	1	68	0.256	
12	9	1	82	0.222	
12	9	1	103	0.196	
12	9	1	250	0.091	
12	9	1	250	0.082	
12	9	1	250	0.098	
13	9	1	86	0.121	
13	9	1	89	0.115	
13	9	1	95	0.105	
13	9	1	38	0.066	
13	9	1	88	0.101	
14	9	1	72	0.245	
14	9	1	70	0.225	
14	9	1	72	0.204	
14	9	1	70	0.191	
14	9	1	71	0.179	
15	9	1	76	0.247	
15	9	1	71	0.277	
15	9	1	71	0.210	
15	9	1	89	0.152	
15	9	1	71	0.215	
16	9	1	75	0.203	
16	9	1	88	0.128	
16	9	1	81	0.149	
16	9	1	76	0.139	
16	9	1	76	0.157	
17	9	1	72	0.330	
17	9	1	71	0.330	
17	9	1	70	0.328	
17	9	1	71	0.352	
17	9	1	71	0.337	
18	9	1	69	0.339	
18	9	1	69	0.320	
18	9	1	71	0.277	
18	9	1	79	0.320	
18	9	1	68	0.362	
19	9	1	101	0.141	
19	9	1	98	0.142	
19	9	1	250	0.086	
19	9	1	49	0.075	
19	9	1	250	0.098	
20	9	1	68	0.326	
20	9	1	68	0.305	
20	9	1	69	0.324	
20	9	1	69	0.324	
20	9	1	69	0.324	
21	9	1	73	0.235	
21	9	1	72	0.205	
21	9	1	94	0.188	
21	9	1	77	0.222	
21	9	1	78	0.218	
22	9	1	83	0.145	
22	9	1	77	0.215	
22	9	1	43	0.069	
22	9	1	42	0.073	
22	9	1	39	0.067	
23	9	1	77	0.131	
23	9	1	84	0.124	
23	9	1	250	0.091	
23	9	1	250	0.093	
23	9	1	250	0.082	
24	9	1	87	0.160	
24	9	1	92	0.101	
24	9	1	250	0.080	
24	9	1	250	0.131	
24	9	1	116	0.135	
25	9	1	68	0.335	
25	9	1	68	0.335	
25	9	1	70	0.371	
25	9	1	69	0.341	
25	9	1	69	0.345	
26	9	1	79	0.174	
26	9	1	94	0.165	
26	9	1	82	0.146	
26	9	1	87	0.113	
26	9	1	94	0.091	
27	9	1	77	0.181	
27	9	1	74	0.229	
27	9	1	70	0.078	
27	9	1	42	0.049	
27	9	1	70	0.081	
28	9	1	80	0.142	
28	9	1	78	0.244	
28	9	1	68	0.332	
28	9	1	68	0.338	
28	9	1	68	0.324	
29	9	1	117	0.081	
29	9	1	116	0.076	
29	9	1	50	0.079	
29	9	1	250	0.085	
29	9	1	46	0.104	
30	9	1	86	0.221	
30	9	1	94	0.137	
30	9	1	101	0.140	
30	9	1	40	0.058	
30	9	1	111	0.157	
31	9	1	72	0.291	
31	9	1	73	0.283	
31	9	1	74	0.227	
31	9	1	80	0.224	
31	9	1	70	0.234	
32	9	1	69	0.261	
32	9	1	69	0.265	
32	9	1	70	0.170	
32	9	1	70	0.164	
32	9	1	70	0.170	
33	9	1	89	0.078	
33	9	1	64	0.065	
33	9	1	250	0.094	
33	9	1	239	0.070	
33	9	1	169	0.074	
34	9	1	70	0.275	
34	9	1	70	0.296	
34	9	1	70	0.164	
34	9	1	71	0.191	
34	9	1	72	0.159	
35	9	1	78	0.099	
35	9	1	80	0.104	
35	9	1	250	0.081	
35	9	1	250	0.097	
35	9	1	250	0.078	
36	9	1	69	0.345	
36	9	1	76	0.190	
36	9	1	75	0.181	
36	9	1	75	0.164	
36	9	1	74	0.180	
37	9	1	96	0.155	
37	9	1	96	0.119	
37	9	1	250	0.085	
37	9	1	250	0.077	
37	9	1	49	0.072	
38	9	1	92	0.149	
38	9	1	92	0.149	
38	9	1	250	0.720	
38	9	1	250	0.349	
38	9	1	250	0.913	
39	9	1	74	0.231	
39	9	1	76	0.141	
39	9	1	71	0.215	
39	9	1	74	0.179	
39	9	1	68	0.140	
40	9	1	68	0.388	
40	9	1	68	0.386	
40	9	1	68	0.337	
40	9	1	68	0.337	
40	9	1	68	0.337	
41	9	1	68	0.319	
41	9	1	68	0.297	
41	9	1	68	0.399	
41	9	1	68	0.399	
41	9	1	68	0.398	
42	9	1	68	0.603	
42	9	1	68	0.603	
42	9	1	68	0.603	
42	9	1	68	0.603	
42	9	1	68	0.603	
43	9	1	97	0.121	
43	9	1	115	0.166	
43	9	1	155	0.081	
43	9	1	250	0.087	
43	9	1	79	0.078	
44	9	1	97	0.096	
44	9	1	93	0.143	
44	9	1	250	0.085	
44	9	1	161	0.075	
44	9	1	250	0.105	
45	9	1	44	0.067	
45	9	1	35	0.060	
45	9	1	250	0.179	
45	9	1	250	0.107	
45	9	1	250	0.105	
46	9	1	89	0.109	
46	9	1	90	0.105	
46	9	1	250	1.241	
46	9	1	250	0.465	
46	9	1	250	0.595	
47	9	1	102	0.088	
47	9	1	90	0.085	
47	9	1	250	0.097	
47	9	1	250	0.080	
47	9	1	250	0.081	
48	9	1	76	0.182	
48	9	1	77	0.191	
48	9	1	65	0.069	
48	9	1	61	0.057	
48	9	1	102	0.096	
49	9	1	90	0.155	
49	9	1	102	0.178	
49	9	1	152	0.122	
49	9	1	250	0.079	
49	9	1	236	0.109	
50	9	1	104	0.298	
50	9	1	76	0.361	
50	9	1	74	0.346	
50	9	1	70	0.380	
50	9	1	72	0.371	
51	9	1	70	0.259	
51	9	1	70	0.273	
51	9	1	71	0.206	
51	9	1	73	0.220	
51	9	1	70	0.206	
52	9	1	71	0.351	
52	9	1	70	0.298	
52	9	1	73	0.300	
52	9	1	70	0.345	
52	9	1	72	0.324	
53	9	1	82	0.145	
53	9	1	79	0.174	
53	9	1	250	0.083	
53	9	1	61	0.067	
53	9	1	93	0.104	
54	9	1	68	0.295	
54	9	1	68	0.288	
54	9	1	71	0.275	
54	9	1	68	0.192	
54	9	1	69	0.256	
55	9	1	30	0.050	
55	9	1	56	0.070	
55	9	1	250	0.107	
55	9	1	250	0.127	
55	9	1	250	0.096	
56	9	1	74	0.237	
56	9	1	73	0.297	
56	9	1	74	0.299	
56	9	1	78	0.239	
56	9	1	77	0.278	
57	9	1	90	0.138	
57	9	1	91	0.119	
57	9	1	94	0.092	
57	9	1	71	0.072	
57	9	1	250	0.080	
58	9	1	104	0.139	
58	9	1	110	0.078	
58	9	1	250	1.329	
58	9	1	250	1.301	
58	9	1	250	1.347	
59	9	1	119	0.104	
59	9	1	105	0.105	
59	9	1	45	0.074	
59	9	1	55	0.075	
59	9	1	250	0.094	
60	9	1	90	0.083	
60	9	1	91	0.084	
60	9	1	58	0.075	
60	9	1	89	0.075	
60	9	1	250	0.101	
61	9	1	68	0.416	
61	9	1	68	0.425	
61	9	1	68	0.398	
61	9	1	68	0.416	
61	9	1	68	0.398	
62	9	1	117	0.077	
62	9	1	49	0.064	
62	9	1	51	0.069	
62	9	1	56	0.074	
62	9	1	182	0.073	
63	9	1	78	0.144	
63	9	1	81	0.163	
63	9	1	78	0.171	
63	9	1	76	0.120	
63	9	1	80	0.124	
64	9	1	90	0.101	
64	9	1	56	0.074	
64	9	1	65	0.075	
64	9	1	62	0.071	
64	9	1	143	0.074	
65	9	1	69	0.267	
65	9	1	69	0.311	
65	9	1	69	0.198	
65	9	1	69	0.183	
65	9	1	71	0.187	
66	9	1	81	0.133	
66	9	1	85	0.076	
66	9	1	250	0.510	
66	9	1	250	0.087	
66	9	1	250	0.084	
67	9	1	68	0.329	
67	9	1	68	0.329	
67	9	1	68	0.314	
67	9	1	68	0.314	
67	9	1	68	0.314	
68	9	1	72	0.254	
68	9	1	71	0.294	
68	9	1	83	0.118	
68	9	1	78	0.131	
68	9	1	83	0.135	
69	9	1	91	0.125	
69	9	1	87	0.137	
69	9	1	164	0.076	
69	9	1	42	0.072	
69	9	1	126	0.079	
70	9	1	73	0.186	
70	9	1	72	0.186	
70	9	1	73	0.212	
70	9	1	73	0.147	
70	9	1	74	0.161	
71	9	1	71	0.193	
71	9	1	76	0.146	
71	9	1	83	0.108	
71	9	1	73	0.136	
71	9	1	89	0.144	
72	9	1	74	0.276	
72	9	1	72	0.284	
72	9	1	73	0.235	
72	9	1	72	0.264	
72	9	1	71	0.282	
73	9	1	84	0.211	
73	9	1	77	0.128	
73	9	1	29	0.072	
73	9	1	179	0.085	
73	9	1	153	0.077	
74	9	1	89	0.164	
74	9	1	73	0.205	
74	9	1	70	0.149	
74	9	1	73	0.157	
74	9	1	73	0.132	
75	9	1	68	0.356	
75	9	1	68	0.362	
75	9	1	68	0.330	
75	9	1	68	0.353	
75	9	1	68	0.331	
76	9	1	79	0.142	
76	9	1	83	0.119	
76	9	1	83	0.074	
76	9	1	48	0.074	
76	9	1	34	0.074	
77	9	1	69	0.281	
77	9	1	71	0.252	
77	9	1	69	0.311	
77	9	1	71	0.407	
77	9	1	69	0.341	
78	9	1	83	0.078	
78	9	1	85	0.133	
78	9	1	130	0.075	
78	9	1	37	0.065	
78	9	1	250	0.088	
79	9	1	70	0.243	
79	9	1	70	0.229	
79	9	1	75	0.160	
79	9	1	71	0.205	
79	9	1	70	0.215	
80	9	1	106	0.188	
80	9	1	90	0.115	
80	9	1	152	0.064	
80	9	1	245	0.121	
80	9	1	154	0.124	
81	9	1	91	0.157	
81	9	1	81	0.180	
81	9	1	250	0.081	
81	9	1	250	0.094	
81	9	1	250	0.108	
82	9	1	49	0.068	
82	9	1	97	0.081	
82	9	1	54	0.072	
82	9	1	58	0.071	
82	9	1	77	0.071	
83	9	1	71	0.248	
83	9	1	72	0.226	
83	9	1	71	0.228	
83	9	1	71	0.215	
83	9	1	71	0.192	
84	9	1	71	0.159	
84	9	1	69	0.216	
84	9	1	250	0.097	
84	9	1	76	0.072	
84	9	1	83	0.079	
85	9	1	83	0.149	
85	9	1	82	0.145	
85	9	1	239	0.081	
85	9	1	104	0.171	
85	9	1	112	0.079	
86	9	1	96	0.098	
86	9	1	92	0.090	
86	9	1	43	0.064	
86	9	1	37	0.033	
86	9	1	44	0.062	
87	9	1	69	0.304	
87	9	1	69	0.301	
87	9	1	69	0.202	
87	9	1	69	0.211	
87	9	1	68	0.267	
88	9	1	69	0.252	
88	9	1	70	0.238	
88	9	1	69	0.208	
88	9	1	69	0.200	
88	9	1	70	0.153	
89	9	1	93	0.089	
89	9	1	87	0.084	
89	9	1	51	0.074	
89	9	1	54	0.064	
89	9	1	65	0.073	
90	9	1	69	0.247	
90	9	1	69	0.246	
90	9	1	70	0.197	
90	9	1	70	0.192	
90	9	1	69	0.222	
91	9	1	72	0.238	
91	9	1	72	0.235	
91	9	1	75	0.146	
91	9	1	74	0.142	
91	9	1	74	0.190	
92	9	1	91	0.101	
92	9	1	82	0.148	
92	9	1	46	0.074	
92	9	1	42	0.072	
92	9	1	60	0.074	
93	9	1	68	0.786	
93	9	1	68	0.786	
93	9	1	68	0.786	
93	9	1	68	0.786	
93	9	1	68	0.786	
94	9	1	68	0.396	
94	9	1	68	0.450	
94	9	1	68	0.416	
94	9	1	68	0.450	
94	9	1	68	0.416	
95	9	1	81	0.190	
95	9	1	80	0.183	
95	9	1	48	0.072	
95	9	1	62	0.069	
95	9	1	87	0.069	
96	9	1	85	0.127	
96	9	1	82	0.133	
96	9	1	94	0.109	
96	9	1	97	0.111	
96	9	1	89	0.167	
97	9	1	86	0.133	
97	9	1	70	0.162	
97	9	1	52	0.070	
97	9	1	250	0.099	
97	9	1	57	0.071	
98	9	1	90	0.133	
98	9	1	91	0.155	
98	9	1	250	0.077	
98	9	1	123	0.078	
98	9	1	30	0.082	
99	9	1	83	0.094	
99	9	1	87	0.114	
99	9	1	95	0.134	
99	9	1	93	0.145	
99	9	1	102	0.101	
100	9	1	80	0.158	
100	9	1	78	0.157	
100	9	1	76	0.134	
100	9	1	73	0.147	
100	9	1	76	0.112	
101	9	1	69	0.278	
101	9	1	69	0.267	
101	9	1	69	0.364	
101	9	1	70	0.418	
101	9	1	69	0.393	
102	9	1	71	0.102	
102	9	1	82	0.118	
102	9	1	71	0.176	
102	9	1	91	0.126	
102	9	1	74	0.181	
103	9	1	86	0.102	
103	9	1	88	0.145	
103	9	1	250	0.116	
103	9	1	250	0.126	
103	9	1	250	0.083	
104	9	1	88	0.069	
104	9	1	77	0.075	
104	9	1	250	0.460	
104	9	1	250	0.218	
104	9	1	250	0.460	
105	9	1	87	0.159	
105	9	1	102	0.155	
105	9	1	250	1.434	
105	9	1	250	1.375	
105	9	1	250	1.469	
106	9	1	90	0.113	
106	9	1	98	0.087	
106	9	1	250	0.085	
106	9	1	250	0.423	
106	9	1	177	0.058	
107	9	1	76	0.223	
107	9	1	83	0.243	
107	9	1	98	0.255	
107	9	1	78	0.102	
107	9	1	75	0.125	
108	9	1	69	0.369	
108	9	1	77	0.348	
108	9	1	69	0.364	
108	9	1	72	0.342	
108	9	1	70	0.304	
109	9	1	84	0.223	
109	9	1	78	0.094	
109	9	1	95	0.127	
109	9	1	210	0.084	
109	9	1	79	0.149	
110	9	1	74	0.164	
110	9	1	80	0.100	
110	9	1	104	0.075	
110	9	1	44	0.063	
110	9	1	122	0.088	
111	9	1	130	0.109	
111	9	1	120	0.111	
111	9	1	250	0.868	
111	9	1	250	1.077	
111	9	1	250	0.988	
112	9	1	70	0.055	
112	9	1	68	0.071	
112	9	1	250	0.090	
112	9	1	250	0.091	
112	9	1	155	0.074	
113	9	1	95	0.122	
113	9	1	97	0.112	
113	9	1	132	0.075	
113	9	1	98	0.075	
113	9	1	101	0.075	
114	9	1	250	0.090	
114	9	1	250	0.110	
114	9	1	250	0.199	
114	9	1	250	0.147	
114	9	1	250	0.185	
115	9	1	48	0.096	
115	9	1	83	0.117	
115	9	1	250	0.098	
115	9	1	250	0.099	
115	9	1	250	0.081	
116	9	1	78	0.250	
116	9	1	79	0.215	
116	9	1	73	0.182	
116	9	1	75	0.204	
116	9	1	74	0.208	
117	9	1	114	0.105	
117	9	1	114	0.104	
117	9	1	250	0.105	
117	9	1	250	0.111	
117	9	1	250	0.150	
118	9	1	90	0.153	
118	9	1	106	0.137	
118	9	1	250	1.125	
118	9	1	250	1.135	
118	9	1	250	1.184	
119	9	1	87	0.130	
119	9	1	37	0.073	
119	9	1	33	0.070	
119	9	1	31	0.071	
119	9	1	31	0.045	
120	9	1	92	0.165	
120	9	1	83	0.176	
120	9	1	250	1.178	
120	9	1	250	1.125	
120	9	1	250	1.161	
121	9	1	103	0.109	
121	9	1	84	0.138	
121	9	1	250	1.356	
121	9	1	250	1.384	
121	9	1	250	0.841	
122	9	1	74	0.211	
122	9	1	74	0.238	
122	9	1	74	0.107	
122	9	1	76	0.104	
122	9	1	62	0.070	
123	9	1	108	0.162	
123	9	1	86	0.117	
123	9	1	131	0.074	
123	9	1	250	0.097	
123	9	1	32	0.103	
124	9	1	90	0.134	
124	9	1	94	0.148	
124	9	1	250	0.076	
124	9	1	36	0.074	
124	9	1	101	0.074	
125	9	1	77	0.073	
125	9	1	89	0.152	
125	9	1	250	0.077	
125	9	1	250	0.085	
125	9	1	71	0.074	
126	9	1	92	0.085	
126	9	1	89	0.077	
126	9	1	58	0.075	
126	9	1	88	0.075	
126	9	1	151	0.072	
127	9	1	82	0.132	
127	9	1	89	0.130	
127	9	1	250	0.275	
127	9	1	250	0.436	
127	9	1	250	0.195	
128	9	1	69	0.249	
128	9	1	71	0.226	
128	9	1	83	0.244	
128	9	1	69	0.178	
128	9	1	79	0.106	
129	9	1	79	0.184	
129	9	1	87	0.080	
129	9	1	250	0.327	
129	9	1	250	0.345	
129	9	1	250	0.317	
130	9	1	72	0.259	
130	9	1	76	0.223	
130	9	1	80	0.128	
130	9	1	78	0.098	
130	9	1	243	0.075	
131	9	1	78	0.203	
131	9	1	85	0.181	
131	9	1	46	0.071	
131	9	1	98	0.101	
131	9	1	44	0.060	
132	9	1	83	0.141	
132	9	1	81	0.153	
132	9	1	72	0.059	
132	9	1	35	0.073	
132	9	1	38	0.071	
133	9	1	99	0.166	
133	9	1	84	0.141	
133	9	1	250	0.087	
133	9	1	250	0.101	
133	9	1	250	0.091	
134	9	1	89	0.162	
134	9	1	79	0.130	
134	9	1	66	0.074	
134	9	1	84	0.071	
134	9	1	40	0.071	
135	9	1	70	0.277	
135	9	1	69	0.277	
135	9	1	70	0.218	
135	9	1	70	0.257	
135	9	1	70	0.262	
136	9	1	111	0.117	
136	9	1	98	0.096	
136	9	1	51	0.066	
136	9	1	250	0.095	
136	9	1	56	0.074	
137	9	1	122	0.092	
137	9	1	105	0.106	
137	9	1	250	0.116	
137	9	1	250	0.109	
137	9	1	250	0.121	
138	9	1	114	0.102	
138	9	1	66	0.064	
138	9	1	250	0.114	
138	9	1	250	0.076	
138	9	1	250	1.017	
139	9	1	78	0.075	
139	9	1	75	0.172	
139	9	1	67	0.071	
139	9	1	71	0.140	
139	9	1	250	0.088	
140	9	1	96	0.124	
140	9	1	90	0.096	
140	9	1	138	0.069	
140	9	1	111	0.072	
140	9	1	250	0.089	
141	9	1	81	0.087	
141	9	1	82	0.088	
141	9	1	250	0.087	
141	9	1	250	0.095	
141	9	1	250	0.111	
142	9	1	61	0.074	
142	9	1	60	0.074	
142	9	1	62	0.070	
142	9	1	60	0.072	
142	9	1	59	0.074	
143	9	1	146	0.079	
143	9	1	120	0.108	
143	9	1	250	1.341	
143	9	1	250	1.337	
143	9	1	250	1.320	
144	9	1	250	0.135	
144	9	1	250	0.193	
144	9	1	250	0.163	
144	9	1	250	0.182	
144	9	1	250	0.150	
145	9	1	73	0.235	
145	9	1	72	0.240	
145	9	1	73	0.206	
145	9	1	71	0.176	
145	9	1	72	0.149	
146	9	1	71	0.281	
146	9	1	72	0.346	
146	9	1	70	0.298	
146	9	1	71	0.325	
146	9	1	71	0.272	
147	9	1	51	0.072	
147	9	1	80	0.097	
147	9	1	66	0.073	
147	9	1	111	0.071	
147	9	1	60	0.074	
148	9	1	50	0.070	
148	9	1	44	0.063	
148	9	1	250	0.088	
148	9	1	78	0.070	
148	9	1	250	0.076	
149	9	1	82	0.190	
149	9	1	79	0.177	
149	9	1	102	0.074	
149	9	1	146	0.069	
149	9	1	250	0.080	
150	9	1	94	0.091	
150	9	1	89	0.082	
150	9	1	49	0.063	
150	9	1	56	0.063	
150	9	1	74	0.052	
151	9	1	80	0.131	
151	9	1	85	0.108	
151	9	1	250	0.113	
151	9	1	250	0.110	
151	9	1	250	0.089	
152	9	1	79	0.243	
152	9	1	74	0.237	
152	9	1	72	0.167	
152	9	1	74	0.131	
152	9	1	74	0.121	
153	9	1	88	0.076	
153	9	1	83	0.080	
153	9	1	250	0.141	
153	9	1	250	0.162	
153	9	1	250	0.175	
154	9	1	90	0.133	
154	9	1	85	0.162	
154	9	1	93	0.094	
154	9	1	103	0.073	
154	9	1	99	0.126	
155	9	1	95	0.110	
155	9	1	86	0.132	
155	9	1	87	0.074	
155	9	1	110	0.071	
155	9	1	39	0.090	
156	9	1	76	0.267	
156	9	1	80	0.267	
156	9	1	71	0.285	
156	9	1	71	0.285	
156	9	1	98	0.277	
157	9	1	50	0.109	
157	9	1	90	0.098	
157	9	1	139	0.077	
157	9	1	250	0.144	
157	9	1	171	0.074	
158	9	1	60	0.074	
158	9	1	106	0.084	
158	9	1	250	0.266	
158	9	1	250	0.188	
158	9	1	250	0.126	
159	9	1	68	0.366	
159	9	1	68	0.363	
159	9	1	69	0.378	
159	9	1	68	0.338	
159	9	1	69	0.323	
160	9	1	107	0.095	
160	9	1	99	0.093	
160	9	1	250	0.135	
160	9	1	250	0.140	
160	9	1	250	0.128	
161	9	1	69	0.236	
161	9	1	69	0.257	
161	9	1	71	0.189	
161	9	1	71	0.226	
161	9	1	70	0.222	
162	9	1	95	0.143	
162	9	1	95	0.149	
162	9	1	250	0.089	
162	9	1	250	0.101	
162	9	1	250	0.102	
163	9	1	102	0.098	
163	9	1	111	0.109	
163	9	1	250	0.086	
163	9	1	65	0.071	
163	9	1	39	0.071	
164	9	1	75	0.103	
164	9	1	89	0.090	
164	9	1	200	0.094	
164	9	1	250	0.090	
164	9	1	220	0.071	
165	9	1	109	0.094	
165	9	1	110	0.082	
165	9	1	250	0.686	
165	9	1	250	0.719	
165	9	1	250	0.687	
166	9	1	102	0.120	
166	9	1	86	0.125	
166	9	1	71	0.071	
166	9	1	114	0.074	
166	9	1	52	0.074	
167	9	1	57	0.080	
167	9	1	55	0.076	
167	9	1	250	0.101	
167	9	1	250	0.130	
167	9	1	250	0.141	
168	9	1	117	0.091	
168	9	1	86	0.155	
168	9	1	250	1.197	
168	9	1	250	1.008	
168	9	1	250	1.239	
169	9	1	68	0.063	
169	9	1	59	0.061	
169	9	1	56	0.071	
169	9	1	250	0.090	
169	9	1	250	0.092	
170	9	1	79	0.114	
170	9	1	92	0.113	
170	9	1	98	0.103	
170	9	1	103	0.138	
170	9	1	76	0.100	
171	9	1	199	0.075	
171	9	1	250	0.107	
171	9	1	250	0.090	
171	9	1	250	0.079	
171	9	1	250	0.078	
172	9	1	94	0.111	
172	9	1	101	0.086	
172	9	1	250	0.857	
172	9	1	250	0.128	
172	9	1	250	0.780	
173	9	1	89	0.145	
173	9	1	94	0.095	
173	9	1	250	0.108	
173	9	1	250	0.116	
173	9	1	250	0.140	
174	9	1	90	0.105	
174	9	1	78	0.090	
174	9	1	59	0.073	
174	9	1	82	0.074	
174	9	1	63	0.062	
175	9	1	34	0.068	
175	9	1	34	0.065	
175	9	1	110	0.097	
175	9	1	35	0.046	
175	9	1	50	0.072	
176	9	1	49	0.074	
176	9	1	58	0.074	
176	9	1	57	0.075	
176	9	1	64	0.074	
176	9	1	37	0.072	
177	9	1	96	0.159	
177	9	1	91	0.167	
177	9	1	51	0.075	
177	9	1	179	0.056	
177	9	1	110	0.073	
178	9	1	82	0.123	
178	9	1	87	0.140	
178	9	1	250	0.127	
178	9	1	250	0.134	
178	9	1	250	0.121	
179	9	1	94	0.103	
179	9	1	94	0.140	
179	9	1	43	0.073	
179	9	1	35	0.073	
179	9	1	250	0.078	
180	9	1	50	0.071	
180	9	1	109	0.096	
180	9	1	250	0.095	
180	9	1	250	0.076	
180	9	1	250	0.082	
181	9	1	101	0.101	
181	9	1	112	0.120	
181	9	1	250	0.102	
181	9	1	250	0.095	
181	9	1	250	0.096	
182	9	1	124	0.076	
182	9	1	133	0.097	
182	9	1	250	0.145	
182	9	1	72	0.073	
182	9	1	87	0.070	
183	9	1	89	0.123	
183	9	1	88	0.116	
183	9	1	149	0.068	
183	9	1	250	0.322	
183	9	1	250	0.308	
184	9	1	104	0.140	
184	9	1	94	0.144	
184	9	1	250	0.334	
184	9	1	250	0.305	
184	9	1	250	0.315	
185	9	1	86	0.153	
185	9	1	95	0.114	
185	9	1	250	0.094	
185	9	1	250	0.167	
185	9	1	250	0.089	
186	9	1	107	0.116	
186	9	1	112	0.113	
186	9	1	250	0.129	
186	9	1	250	0.145	
186	9	1	250	0.266	
187	9	1	87	0.103	
187	9	1	88	0.128	
187	9	1	73	0.073	
187	9	1	211	0.070	
187	9	1	151	0.075	
188	9	1	66	0.073	
188	9	1	86	0.098	
188	9	1	250	0.120	
188	9	1	250	0.143	
188	9	1	250	0.137	
189	9	1	58	0.071	
189	9	1	115	0.075	
189	9	1	250	0.230	
189	9	1	250	0.090	
189	9	1	250	0.086	
190	9	1	92	0.147	
190	9	1	86	0.102	
190	9	1	250	0.909	
190	9	1	250	0.665	
190	9	1	250	0.532	
191	9	1	43	0.070	
191	9	1	112	0.083	
191	9	1	250	0.107	
191	9	1	250	0.120	
191	9	1	250	0.129	
192	9	1	104	0.101	
192	9	1	118	0.084	
192	9	1	250	0.173	
192	9	1	250	0.175	
192	9	1	250	0.433	
193	9	1	115	0.097	
193	9	1	110	0.107	
193	9	1	250	0.182	
193	9	1	250	0.232	
193	9	1	250	0.087	
194	9	1	95	0.100	
194	9	1	102	0.095	
194	9	1	60	0.072	
194	9	1	142	0.073	
194	9	1	108	0.075	
195	9	1	104	0.101	
195	9	1	62	0.073	
195	9	1	250	0.134	
195	9	1	150	0.075	
195	9	1	125	0.069	
196	9	1	36	0.073	
196	9	1	30	0.069	
196	9	1	250	0.083	
196	9	1	250	0.147	
196	9	1	148	0.074	
197	9	1	46	0.074	
197	9	1	66	0.067	
197	9	1	250	0.135	
197	9	1	250	0.090	
197	9	1	250	0.102	
198	9	1	96	0.089	
198	9	1	98	0.107	
198	9	1	250	0.094	
198	9	1	250	0.090	
198	9	1	187	0.072	
199	9	1	61	0.071	
199	9	1	70	0.072	
199	9	1	250	0.114	
199	9	1	250	0.094	
199	9	1	250	0.112	
200	9	1	88	0.170	
200	9	1	84	0.143	
200	9	1	250	0.079	
200	9	1	152	0.074	
200	9	1	191	0.075	
201	9	1	90	0.098	
201	9	1	96	0.090	
201	9	1	171	0.075	
201	9	1	250	0.076	
201	9	1	64	0.069	
202	9	1	44	0.065	
202	9	1	86	0.078	
202	9	1	74	0.070	
202	9	1	37	0.072	
202	9	1	106	0.096	
203	9	1	90	0.113	
203	9	1	46	0.031	
203	9	1	63	0.074	
203	9	1	98	0.122	
203	9	1	250	0.076	
204	9	1	97	0.082	
204	9	1	97	0.087	
204	9	1	250	0.098	
204	9	1	250	0.098	
204	9	1	250	0.094	
205	9	1	136	0.128	
205	9	1	138	0.112	
205	9	1	130	0.114	
205	9	1	250	0.107	
205	9	1	250	0.125	
206	9	1	89	0.090	
206	9	1	92	0.082	
206	9	1	250	0.143	
206	9	1	250	0.102	
206	9	1	250	0.147	
207	9	1	49	0.075	
207	9	1	130	0.078	
207	9	1	199	0.073	
207	9	1	50	0.075	
207	9	1	69	0.072	
208	9	1	70	0.074	
208	9	1	69	0.073	
208	9	1	130	0.073	
208	9	1	250	0.087	
208	9	1	250	0.086	
209	9	1	82	0.153	
209	9	1	87	0.114	
209	9	1	37	0.068	
209	9	1	88	0.080	
209	9	1	36	0.074	
210	9	1	103	0.134	
210	9	1	99	0.132	
210	9	1	250	0.198	
210	9	1	250	0.161	
210	9	1	250	0.159	
211	9	1	95	0.114	
211	9	1	102	0.120	
211	9	1	250	0.102	
211	9	1	250	0.094	
211	9	1	250	0.105	
212	9	1	82	0.127	
212	9	1	91	0.102	
212	9	1	72	0.119	
212	9	1	37	0.064	
212	9	1	45	0.059	
213	9	1	123	0.077	
213	9	1	124	0.077	
213	9	1	59	0.072	
213	9	1	90	0.074	
213	9	1	204	0.074	
214	9	1	112	0.108	
214	9	1	108	0.101	
214	9	1	250	0.401	
214	9	1	250	0.707	
214	9	1	250	0.770	
215	9	1	250	0.216	
215	9	1	90	0.136	
215	9	1	132	0.101	
215	9	1	250	0.219	
215	9	1	106	0.074	
216	9	1	82	0.174	
216	9	1	88	0.163	
216	9	1	41	0.060	
216	9	1	93	0.063	
216	9	1	94	0.086	
217	9	1	97	0.122	
217	9	1	95	0.101	
217	9	1	99	0.074	
217	9	1	38	0.067	
217	9	1	115	0.081	
218	9	1	75	0.128	
218	9	1	73	0.128	
218	9	1	97	0.088	
218	9	1	59	0.067	
218	9	1	97	0.084	
219	9	1	110	0.095	
219	9	1	110	0.078	
219	9	1	86	0.067	
219	9	1	250	0.204	
219	9	1	111	0.054	
220	9	1	68	0.079	
220	9	1	69	0.064	
220	9	1	93	0.073	
220	9	1	116	0.075	
220	9	1	102	0.075	
221	9	1	84	0.069	
221	9	1	91	0.070	
221	9	1	250	0.125	
221	9	1	250	0.123	
221	9	1	250	0.120	
222	9	1	92	0.101	
222	9	1	58	0.064	
222	9	1	72	0.075	
222	9	1	97	0.073	
222	9	1	78	0.073	
223	9	1	250	0.101	
223	9	1	250	0.090	
223	9	1	250	0.100	
223	9	1	250	0.132	
223	9	1	250	0.119	
224	9	1	124	0.080	
224	9	1	115	0.089	
224	9	1	250	0.086	
224	9	1	131	0.073	
224	9	1	82	0.068	
225	9	1	28	0.068	
225	9	1	27	0.057	
225	9	1	85	0.072	
225	9	1	83	0.071	
225	9	1	153	0.072	
226	9	1	48	0.074	
226	9	1	70	0.116	
226	9	1	56	0.067	
226	9	1	63	0.073	
226	9	1	79	0.072	
227	9	1	101	0.084	
227	9	1	103	0.082	
227	9	1	250	0.079	
227	9	1	248	0.074	
227	9	1	249	0.074	
228	9	1	65	0.103	
228	9	1	81	0.099	
228	9	1	142	0.097	
228	9	1	79	0.092	
228	9	1	89	0.095	
229	9	1	122	0.080	
229	9	1	106	0.087	
229	9	1	79	0.073	
229	9	1	74	0.072	
229	9	1	138	0.071	
230	9	1	92	0.100	
230	9	1	95	0.075	
230	9	1	223	0.075	
230	9	1	94	0.071	
230	9	1	91	0.075	
231	9	1	84	0.191	
231	9	1	90	0.184	
231	9	1	98	0.091	
231	9	1	113	0.095	
231	9	1	38	0.061	
232	9	1	100	0.085	
232	9	1	91	0.114	
232	9	1	250	0.082	
232	9	1	250	0.101	
232	9	1	60	0.075	
233	9	1	69	0.301	
233	9	1	68	0.299	
233	9	1	68	0.309	
233	9	1	69	0.273	
233	9	1	70	0.350	
234	9	1	55	0.073	
234	9	1	93	0.117	
234	9	1	250	0.101	
234	9	1	250	0.089	
234	9	1	250	0.087	
235	9	1	100	0.102	
235	9	1	45	0.066	
235	9	1	250	0.097	
235	9	1	250	0.105	
235	9	1	250	0.085	
236	9	1	92	0.114	
236	9	1	76	0.181	
236	9	1	39	0.071	
236	9	1	84	0.085	
236	9	1	38	0.067	
237	9	1	44	0.070	
237	9	1	50	0.073	
237	9	1	250	0.089	
237	9	1	250	0.109	
237	9	1	250	0.207	
238	9	1	63	0.144	
238	9	1	214	0.096	
238	9	1	250	0.182	
238	9	1	250	0.160	
238	9	1	250	0.150	
239	9	1	84	0.204	
239	9	1	74	0.225	
239	9	1	250	0.088	
239	9	1	101	0.120	
239	9	1	85	0.129	
240	9	1	84	0.222	
240	9	1	82	0.173	
240	9	1	51	0.063	
240	9	1	45	0.066	
240	9	1	250	0.091	
241	9	1	91	0.108	
241	9	1	89	0.137	
241	9	1	250	0.607	
241	9	1	250	0.824	
241	9	1	250	0.759	
242	9	1	78	0.064	
242	9	1	112	0.078	
242	9	1	250	0.095	
242	9	1	250	0.080	
242	9	1	250	0.076	
243	9	1	48	0.089	
243	9	1	52	0.068	
243	9	1	55	0.104	
243	9	1	121	0.074	
243	9	1	59	0.072	
244	9	1	106	0.076	
244	9	1	58	0.066	
244	9	1	124	0.073	
244	9	1	225	0.074	
244	9	1	250	0.079	
245	9	1	117	0.094	
245	9	1	109	0.093	
245	9	1	250	0.126	
245	9	1	250	0.141	
245	9	1	250	0.108	
246	9	1	100	0.071	
246	9	1	122	0.090	
246	9	1	250	0.811	
246	9	1	250	0.791	
246	9	1	250	0.823	
247	9	1	77	0.186	
247	9	1	72	0.195	
247	9	1	76	0.139	
247	9	1	74	0.187	
247	9	1	82	0.159	
248	9	1	98	0.078	
248	9	1	92	0.127	
248	9	1	250	0.107	
248	9	1	244	0.073	
248	9	1	250	0.085	
249	9	1	104	0.111	
249	9	1	97	0.121	
249	9	1	250	0.092	
249	9	1	250	0.090	
249	9	1	250	0.085	
250	9	1	32	0.039	
250	9	1	26	0.040	
250	9	1	76	0.071	
250	9	1	44	0.072	
250	9	1	250	0.095	
251	9	1	90	0.101	
251	9	1	86	0.108	
251	9	1	79	0.074	
251	9	1	122	0.075	
251	9	1	250	0.092	
252	9	1	55	0.067	
252	9	1	54	0.074	
252	9	1	250	0.119	
252	9	1	250	0.112	
252	9	1	250	0.178	
253	9	1	43	0.075	
253	9	1	96	0.094	
253	9	1	250	0.826	
253	9	1	250	0.584	
253	9	1	250	0.435	
254	9	1	51	0.027	
254	9	1	95	0.151	
254	9	1	250	1.303	
254	9	1	250	1.285	
254	9	1	250	0.409	
255	9	1	62	0.070	
255	9	1	66	0.072	
255	9	1	250	0.467	
255	9	1	250	0.902	
255	9	1	250	0.732	
256	9	1	48	0.075	
256	9	1	52	0.062	
256	9	1	250	0.129	
256	9	1	250	0.102	
256	9	1	250	0.082	
257	9	1	73	0.139	
257	9	1	75	0.153	
257	9	1	80	0.122	
257	9	1	76	0.122	
257	9	1	64	0.069	
258	9	1	80	0.085	
258	9	1	100	0.074	
258	9	1	250	0.168	
258	9	1	250	0.174	
258	9	1	250	0.149	
259	9	1	78	0.185	
259	9	1	79	0.195	
259	9	1	90	0.087	
259	9	1	79	0.132	
259	9	1	84	0.172	
260	9	1	123	0.096	
260	9	1	109	0.075	
260	9	1	250	0.317	
260	9	1	250	0.115	
260	9	1	250	0.922	
261	9	1	102	0.108	
261	9	1	88	0.097	
261	9	1	35	0.075	
261	9	1	250	0.084	
261	9	1	128	0.074	
262	9	1	125	0.096	
262	9	1	131	0.106	
262	9	1	250	0.076	
262	9	1	187	0.075	
262	9	1	250	0.078	
263	9	1	99	0.126	
263	9	1	92	0.122	
263	9	1	250	0.081	
263	9	1	143	0.075	
263	9	1	48	0.072	
264	9	1	114	0.091	
264	9	1	93	0.091	
264	9	1	250	0.083	
264	9	1	250	0.102	
264	9	1	54	0.075	
265	9	1	132	0.105	
265	9	1	124	0.084	
265	9	1	250	0.115	
265	9	1	50	0.071	
265	9	1	250	0.121	
266	9	1	103	0.106	
266	9	1	100	0.116	
266	9	1	250	0.527	
266	9	1	250	0.646	
266	9	1	250	0.607	
267	9	1	99	0.084	
267	9	1	94	0.087	
267	9	1	250	0.384	
267	9	1	250	0.109	
267	9	1	250	0.215	
268	9	1	93	0.101	
268	9	1	45	0.068	
268	9	1	250	0.100	
268	9	1	250	0.104	
268	9	1	250	0.088	
269	9	1	94	0.093	
269	9	1	52	0.066	
269	9	1	80	0.072	
269	9	1	96	0.074	
269	9	1	250	0.084	
270	9	1	75	0.157	
270	9	1	78	0.136	
270	9	1	80	0.107	
270	9	1	77	0.081	
270	9	1	76	0.093	
271	9	1	60	0.128	
271	9	1	133	0.093	
271	9	1	250	0.126	
271	9	1	250	0.143	
271	9	1	250	0.106	
272	9	1	111	0.069	
272	9	1	100	0.067	
272	9	1	250	0.144	
272	9	1	250	0.158	
272	9	1	250	0.179	
273	9	1	101	0.077	
273	9	1	111	0.102	
273	9	1	250	0.076	
273	9	1	90	0.074	
273	9	1	99	0.075	
274	9	1	70	0.182	
274	9	1	71	0.156	
274	9	1	74	0.125	
274	9	1	85	0.194	
274	9	1	78	0.146	
275	9	1	80	0.112	
275	9	1	101	0.065	
275	9	1	250	0.172	
275	9	1	250	0.199	
275	9	1	250	0.197	
276	9	1	112	0.093	
276	9	1	114	0.097	
276	9	1	250	0.278	
276	9	1	250	0.282	
276	9	1	203	0.074	
277	9	1	96	0.107	
277	9	1	110	0.111	
277	9	1	250	0.588	
277	9	1	250	1.015	
277	9	1	250	0.618	
278	9	1	100	0.087	
278	9	1	101	0.096	
278	9	1	250	0.198	
278	9	1	250	0.231	
278	9	1	250	0.187	
279	9	1	142	0.076	
279	9	1	53	0.074	
279	9	1	250	0.700	
279	9	1	250	0.938	
279	9	1	250	0.915	
280	9	1	117	0.085	
280	9	1	102	0.097	
280	9	1	250	0.108	
280	9	1	250	0.108	
280	9	1	250	0.115	
281	9	1	123	0.086	
281	9	1	109	0.093	
281	9	1	103	0.073	
281	9	1	121	0.074	
281	9	1	250	0.084	
282	9	1	125	0.075	
282	9	1	116	0.071	
282	9	1	250	0.116	
282	9	1	250	0.098	
282	9	1	250	0.115	
283	9	1	53	0.071	
283	9	1	55	0.074	
283	9	1	98	0.072	
283	9	1	83	0.073	
283	9	1	99	0.075	
284	9	1	93	0.093	
284	9	1	103	0.108	
284	9	1	103	0.075	
284	9	1	137	0.074	
284	9	1	250	0.077	
285	9	1	79	0.067	
285	9	1	50	0.073	
285	9	1	145	0.074	
285	9	1	169	0.073	
285	9	1	148	0.072	
286	9	1	99	0.104	
286	9	1	91	0.102	
286	9	1	250	0.094	
286	9	1	250	0.081	
286	9	1	61	0.073	
287	9	1	91	0.069	
287	9	1	41	0.074	
287	9	1	109	0.073	
287	9	1	204	0.074	
287	9	1	39	0.074	
288	9	1	57	0.075	
288	9	1	44	0.071	
288	9	1	126	0.075	
288	9	1	250	0.092	
288	9	1	250	0.086	
289	9	1	81	0.175	
289	9	1	86	0.205	
289	9	1	60	0.074	
289	9	1	72	0.074	
289	9	1	166	0.077	
290	9	1	102	0.101	
290	9	1	50	0.091	
290	9	1	250	0.221	
290	9	1	250	0.215	
290	9	1	250	0.225	
291	9	1	70	0.268	
291	9	1	70	0.226	
291	9	1	71	0.208	
291	9	1	71	0.208	
291	9	1	75	0.231	
292	9	1	75	0.101	
292	9	1	100	0.098	
292	9	1	250	0.121	
292	9	1	250	0.106	
292	9	1	250	0.128	
293	9	1	129	0.095	
293	9	1	98	0.107	
293	9	1	250	0.101	
293	9	1	33	0.075	
293	9	1	250	0.095	
294	9	1	117	0.086	
294	9	1	125	0.091	
294	9	1	250	0.122	
294	9	1	250	0.119	
294	9	1	250	0.129	
295	9	1	120	0.097	
295	9	1	101	0.103	
295	9	1	250	0.350	
295	9	1	250	0.385	
295	9	1	250	0.302	
296	9	1	89	0.144	
296	9	1	81	0.116	
296	9	1	95	0.087	
296	9	1	93	0.085	
296	9	1	69	0.066	
297	9	1	54	0.075	
297	9	1	56	0.074	
297	9	1	250	1.102	
297	9	1	250	0.128	
297	9	1	250	0.118	
298	9	1	135	0.077	
298	9	1	58	0.074	
298	9	1	250	0.104	
298	9	1	250	0.101	
298	9	1	250	0.101	
299	9	1	45	0.071	
299	9	1	60	0.073	
299	9	1	250	0.272	
299	9	1	250	0.117	
299	9	1	250	0.148	
