Below are the simulation results for the test trials
WORLD	TASK	SUCCESS	STEPS	LOWEST_CLEARANCE
0	6	1	250	0.066	
0	6	1	234	0.097	
0	6	1	116	0.069	
0	6	1	119	0.069	
0	6	1	113	0.080	
1	6	1	250	0.079	
1	6	1	250	0.111	
1	6	1	82	0.129	
1	6	1	85	0.155	
1	6	1	93	0.097	
2	6	1	250	0.074	
2	6	1	117	0.110	
2	6	1	105	0.083	
2	6	1	105	0.065	
2	6	1	46	0.110	
3	6	1	217	0.194	
3	6	1	250	0.158	
3	6	1	76	0.166	
3	6	1	77	0.123	
3	6	1	75	0.207	
4	6	1	250	0.135	
4	6	1	250	0.229	
4	6	1	108	0.063	
4	6	1	137	0.069	
4	6	1	104	0.051	
5	6	1	78	0.333	
5	6	1	78	0.283	
5	6	1	73	0.186	
5	6	1	72	0.209	
5	6	1	74	0.235	
6	6	1	210	0.065	
6	6	1	244	0.056	
6	6	1	91	0.094	
6	6	1	83	0.089	
6	6	1	85	0.109	
7	6	1	133	0.056	
7	6	1	125	0.051	
7	6	1	78	0.135	
7	6	1	78	0.116	
7	6	1	119	0.066	
8	6	1	250	0.135	
8	6	1	240	0.140	
8	6	1	78	0.121	
8	6	1	77	0.069	
8	6	1	74	0.144	
9	6	1	157	0.134	
9	6	1	83	0.219	
9	6	1	80	0.171	
9	6	1	76	0.193	
9	6	1	79	0.171	
10	6	1	250	0.182	
10	6	1	250	0.169	
10	6	1	98	0.086	
10	6	1	79	0.149	
10	6	1	85	0.097	
11	6	1	83	0.241	
11	6	1	85	0.234	
11	6	1	73	0.196	
11	6	1	73	0.196	
11	6	1	73	0.196	
12	6	1	250	0.110	
12	6	1	250	0.126	
12	6	1	94	0.083	
12	6	1	81	0.088	
12	6	1	88	0.086	
13	6	1	250	0.115	
13	6	1	250	0.075	
13	6	1	109	0.092	
13	6	1	118	0.107	
13	6	1	109	0.105	
14	6	1	250	0.134	
14	6	1	250	0.164	
14	6	1	90	0.076	
14	6	1	88	0.129	
14	6	1	80	0.110	
15	6	1	100	0.225	
15	6	1	106	0.193	
15	6	1	78	0.251	
15	6	1	78	0.224	
15	6	1	75	0.153	
16	6	1	250	0.181	
16	6	1	250	0.153	
16	6	1	48	0.131	
16	6	1	82	0.127	
16	6	1	81	0.122	
17	6	1	192	0.117	
17	6	1	237	0.122	
17	6	1	99	0.210	
17	6	1	97	0.143	
17	6	1	95	0.161	
18	6	1	250	0.104	
18	6	1	250	0.112	
18	6	1	81	0.143	
18	6	1	77	0.179	
18	6	1	79	0.195	
19	6	1	250	0.079	
19	6	1	250	0.077	
19	6	1	120	0.048	
19	6	1	123	0.083	
19	6	1	90	0.086	
20	6	1	99	0.145	
20	6	1	97	0.162	
20	6	1	90	0.130	
20	6	1	78	0.267	
20	6	1	83	0.214	
21	6	1	250	0.323	
21	6	1	250	0.146	
21	6	1	78	0.184	
21	6	1	78	0.127	
21	6	1	88	0.101	
22	6	1	250	0.277	
22	6	1	250	0.124	
22	6	1	88	0.112	
22	6	1	82	0.128	
22	6	1	94	0.085	
23	6	1	250	0.172	
23	6	1	250	0.190	
23	6	1	104	0.132	
23	6	1	65	0.071	
23	6	1	107	0.115	
24	6	1	250	0.174	
24	6	1	250	0.188	
24	6	1	117	0.172	
24	6	1	130	0.063	
24	6	1	119	0.105	
25	6	1	74	0.171	
25	6	1	74	0.171	
25	6	1	83	0.160	
25	6	1	75	0.217	
25	6	1	83	0.159	
26	6	1	250	0.057	
26	6	1	250	0.072	
26	6	1	88	0.073	
26	6	1	73	0.154	
26	6	1	92	0.081	
27	6	1	166	0.143	
27	6	1	190	0.124	
27	6	1	82	0.105	
27	6	1	75	0.168	
27	6	1	84	0.096	
28	6	1	76	0.256	
28	6	1	92	0.177	
28	6	1	100	0.163	
28	6	1	87	0.377	
28	6	1	94	0.258	
29	6	1	250	0.172	
29	6	1	250	0.135	
29	6	1	58	0.046	
29	6	1	53	0.057	
29	6	1	59	0.035	
30	6	1	250	0.067	
30	6	1	250	0.079	
30	6	1	88	0.118	
30	6	1	89	0.119	
30	6	1	87	0.163	
31	6	1	114	0.216	
31	6	1	191	0.156	
31	6	1	78	0.122	
31	6	1	78	0.123	
31	6	1	75	0.166	
32	6	1	207	0.103	
32	6	1	175	0.148	
32	6	1	93	0.080	
32	6	1	81	0.130	
32	6	1	80	0.150	
33	6	1	207	0.083	
33	6	1	173	0.088	
33	6	1	78	0.056	
33	6	1	94	0.084	
33	6	1	79	0.058	
34	6	1	230	0.089	
34	6	1	176	0.125	
34	6	1	75	0.163	
34	6	1	76	0.172	
34	6	1	87	0.094	
35	6	1	163	0.077	
35	6	1	198	0.093	
35	6	1	91	0.105	
35	6	1	96	0.088	
35	6	1	87	0.112	
36	6	1	166	0.159	
36	6	1	133	0.205	
36	6	1	73	0.207	
36	6	1	73	0.214	
36	6	1	73	0.174	
37	6	1	250	0.066	
37	6	1	250	0.087	
37	6	1	105	0.044	
37	6	1	95	0.074	
37	6	1	91	0.069	
38	6	1	250	0.076	
38	6	1	250	0.082	
38	6	1	105	0.084	
38	6	1	106	0.059	
38	6	1	110	0.050	
39	6	1	250	0.070	
39	6	1	250	0.076	
39	6	1	75	0.123	
39	6	1	85	0.143	
39	6	1	90	0.109	
40	6	1	200	0.378	
40	6	1	193	0.384	
40	6	1	72	0.346	
40	6	1	72	0.346	
40	6	1	72	0.346	
41	6	1	79	0.340	
41	6	1	104	0.348	
41	6	1	75	0.276	
41	6	1	75	0.284	
41	6	1	74	0.295	
42	6	1	75	0.642	
42	6	1	75	0.642	
42	6	1	72	0.642	
42	6	1	72	0.642	
42	6	1	72	0.642	
43	6	1	250	0.070	
43	6	1	250	0.083	
43	6	1	99	0.076	
43	6	1	102	0.075	
43	6	1	101	0.066	
44	6	1	250	0.103	
44	6	1	250	0.113	
44	6	1	90	0.094	
44	6	1	82	0.100	
44	6	1	82	0.129	
45	6	1	68	0.076	
45	6	1	250	0.097	
45	6	1	205	0.086	
45	6	1	241	0.084	
45	6	1	80	0.090	
46	6	1	250	0.103	
46	6	1	250	0.107	
46	6	1	118	0.055	
46	6	1	104	0.112	
46	6	1	109	0.061	
47	6	1	250	0.053	
47	6	1	250	0.051	
47	6	1	102	0.050	
47	6	1	89	0.057	
47	6	1	93	0.060	
48	6	1	250	0.180	
48	6	1	250	0.435	
48	6	1	87	0.097	
48	6	1	82	0.066	
48	6	1	78	0.137	
49	6	1	250	0.149	
49	6	1	250	0.110	
49	6	1	97	0.088	
49	6	1	98	0.072	
49	6	1	101	0.104	
50	6	1	82	0.216	
50	6	1	82	0.145	
50	6	1	80	0.145	
50	6	1	77	0.165	
50	6	1	81	0.134	
51	6	1	168	0.209	
51	6	1	174	0.187	
51	6	1	82	0.176	
51	6	1	75	0.144	
51	6	1	79	0.171	
52	6	1	250	0.122	
52	6	1	250	0.129	
52	6	1	93	0.142	
52	6	1	81	0.170	
52	6	1	96	0.159	
53	6	1	250	0.124	
53	6	1	250	0.105	
53	6	1	148	0.094	
53	6	1	140	0.119	
53	6	1	178	0.114	
54	6	1	224	0.162	
54	6	1	250	0.206	
54	6	1	73	0.239	
54	6	1	73	0.245	
54	6	1	73	0.153	
55	6	1	250	0.098	
55	6	1	250	0.084	
55	6	1	109	0.105	
55	6	1	107	0.107	
55	6	1	103	0.092	
56	6	1	250	0.075	
56	6	1	250	0.082	
56	6	1	130	0.155	
56	6	1	197	0.141	
56	6	1	137	0.130	
57	6	1	250	0.064	
57	6	1	250	0.083	
57	6	1	103	0.073	
57	6	1	89	0.070	
57	6	1	84	0.118	
58	6	1	250	0.141	
58	6	1	250	0.109	
58	6	1	59	0.048	
58	6	1	140	0.047	
58	6	1	125	0.059	
59	6	1	250	0.053	
59	6	1	250	0.085	
59	6	1	98	0.045	
59	6	1	107	0.047	
59	6	1	99	0.072	
60	6	1	250	0.076	
60	6	1	249	0.079	
60	6	1	96	0.050	
60	6	1	101	0.068	
60	6	1	99	0.076	
61	6	1	74	0.402	
61	6	1	73	0.401	
61	6	1	72	0.397	
61	6	1	72	0.397	
61	6	1	72	0.397	
62	6	1	152	0.061	
62	6	1	207	0.053	
62	6	1	135	0.050	
62	6	1	114	0.049	
62	6	1	142	0.058	
63	6	1	250	0.147	
63	6	1	250	0.162	
63	6	1	128	0.178	
63	6	1	138	0.135	
63	6	1	151	0.163	
64	6	1	223	0.084	
64	6	1	141	0.097	
64	6	1	98	0.163	
64	6	1	93	0.111	
64	6	1	102	0.103	
65	6	1	194	0.105	
65	6	1	157	0.175	
65	6	1	75	0.108	
65	6	1	75	0.143	
65	6	1	75	0.144	
66	6	1	250	0.104	
66	6	1	250	0.115	
66	6	1	106	0.086	
66	6	1	107	0.071	
66	6	1	103	0.110	
67	6	1	79	0.406	
67	6	1	80	0.389	
67	6	1	72	0.338	
67	6	1	72	0.353	
67	6	1	72	0.338	
68	6	1	250	0.164	
68	6	1	247	0.104	
68	6	1	73	0.168	
68	6	1	73	0.218	
68	6	1	75	0.177	
69	6	1	250	0.077	
69	6	1	250	0.091	
69	6	1	110	0.084	
69	6	1	101	0.066	
69	6	1	105	0.084	
70	6	1	219	0.108	
70	6	1	250	0.114	
70	6	1	72	0.161	
70	6	1	73	0.150	
70	6	1	75	0.204	
71	6	1	215	0.112	
71	6	1	196	0.106	
71	6	1	114	0.107	
71	6	1	110	0.120	
71	6	1	114	0.114	
72	6	1	94	0.211	
72	6	1	161	0.166	
72	6	1	75	0.244	
72	6	1	78	0.238	
72	6	1	76	0.229	
73	6	1	250	0.109	
73	6	1	250	0.104	
73	6	1	81	0.136	
73	6	1	85	0.123	
73	6	1	77	0.150	
74	6	1	250	0.175	
74	6	1	250	0.097	
74	6	1	79	0.174	
74	6	1	90	0.127	
74	6	1	93	0.128	
75	6	1	76	0.383	
75	6	1	76	0.383	
75	6	1	72	0.352	
75	6	1	72	0.352	
75	6	1	72	0.343	
76	6	1	250	0.146	
76	6	1	250	0.124	
76	6	1	95	0.116	
76	6	1	88	0.149	
76	6	1	96	0.124	
77	6	1	154	0.158	
77	6	1	145	0.110	
77	6	1	90	0.205	
77	6	1	89	0.212	
77	6	1	83	0.209	
78	6	1	250	0.095	
78	6	1	226	0.081	
78	6	1	98	0.118	
78	6	1	97	0.123	
78	6	1	113	0.071	
79	6	1	250	0.134	
79	6	1	250	0.133	
79	6	1	78	0.131	
79	6	1	78	0.089	
79	6	1	75	0.090	
80	6	1	154	0.128	
80	6	1	115	0.115	
80	6	1	120	0.059	
80	6	1	81	0.131	
80	6	1	61	0.134	
81	6	1	250	0.189	
81	6	1	250	0.166	
81	6	1	95	0.120	
81	6	1	89	0.172	
81	6	1	86	0.149	
82	6	1	222	0.051	
82	6	1	148	0.047	
82	6	1	49	0.103	
82	6	1	100	0.047	
82	6	1	101	0.054	
83	6	1	250	0.202	
83	6	1	250	0.145	
83	6	1	75	0.149	
83	6	1	75	0.160	
83	6	1	77	0.040	
84	6	1	168	0.137	
84	6	1	242	0.097	
84	6	1	79	0.097	
84	6	1	88	0.093	
84	6	1	79	0.084	
85	6	1	250	0.107	
85	6	1	120	0.069	
85	6	1	106	0.100	
85	6	1	115	0.108	
85	6	1	118	0.108	
86	6	1	250	0.070	
86	6	1	250	0.084	
86	6	1	122	0.048	
86	6	1	94	0.097	
86	6	1	127	0.065	
87	6	1	250	0.133	
87	6	1	250	0.124	
87	6	1	79	0.142	
87	6	1	78	0.125	
87	6	1	79	0.112	
88	6	1	250	0.109	
88	6	1	247	0.112	
88	6	1	73	0.107	
88	6	1	73	0.116	
88	6	1	74	0.122	
89	6	1	250	0.834	
89	6	1	250	0.653	
89	6	1	76	0.135	
89	6	1	74	0.070	
89	6	1	87	0.066	
90	6	1	118	0.162	
90	6	1	182	0.188	
90	6	1	75	0.169	
90	6	1	76	0.166	
90	6	1	75	0.143	
91	6	1	250	0.087	
91	6	1	155	0.156	
91	6	1	81	0.140	
91	6	1	82	0.121	
91	6	1	82	0.139	
92	6	1	205	0.109	
92	6	1	250	0.113	
92	6	1	143	0.104	
92	6	1	106	0.178	
92	6	1	107	0.162	
93	6	1	75	0.797	
93	6	1	75	0.797	
93	6	1	72	0.795	
93	6	1	72	0.795	
93	6	1	72	0.795	
94	6	1	75	0.385	
94	6	1	75	0.385	
94	6	1	72	0.399	
94	6	1	72	0.399	
94	6	1	72	0.399	
95	6	1	250	0.216	
95	6	1	250	0.232	
95	6	1	83	0.127	
95	6	1	79	0.112	
95	6	1	82	0.124	
96	6	1	250	0.084	
96	6	1	250	0.091	
96	6	1	98	0.123	
96	6	1	99	0.055	
96	6	1	96	0.107	
97	6	1	160	0.108	
97	6	1	184	0.094	
97	6	1	80	0.077	
97	6	1	81	0.112	
97	6	1	81	0.149	
98	6	1	250	0.115	
98	6	1	250	0.122	
98	6	1	43	0.072	
98	6	1	85	0.144	
98	6	1	86	0.125	
99	6	1	250	0.083	
99	6	1	250	0.101	
99	6	1	109	0.124	
99	6	1	60	0.115	
99	6	1	119	0.089	
100	6	1	83	0.191	
100	6	1	80	0.165	
100	6	1	101	0.100	
100	6	1	93	0.109	
100	6	1	94	0.139	
101	6	1	250	0.140	
101	6	1	220	0.162	
101	6	1	87	0.188	
101	6	1	77	0.237	
101	6	1	82	0.306	
102	6	1	250	0.958	
102	6	1	250	0.960	
102	6	1	74	0.128	
102	6	1	75	0.127	
102	6	1	75	0.137	
103	6	1	250	0.060	
103	6	1	250	0.069	
103	6	1	135	0.069	
103	6	1	150	0.057	
103	6	1	162	0.073	
104	6	1	250	0.116	
104	6	1	250	0.109	
104	6	1	88	0.116	
104	6	1	98	0.066	
104	6	1	92	0.105	
105	6	1	250	0.086	
105	6	1	250	0.083	
105	6	1	103	0.072	
105	6	1	99	0.094	
105	6	1	90	0.060	
106	6	1	250	0.118	
106	6	1	250	0.097	
106	6	1	88	0.123	
106	6	1	91	0.114	
106	6	1	96	0.076	
107	6	1	197	0.086	
107	6	1	228	0.143	
107	6	1	87	0.175	
107	6	1	104	0.121	
107	6	1	90	0.166	
108	6	1	77	0.322	
108	6	1	76	0.231	
108	6	1	81	0.166	
108	6	1	73	0.247	
108	6	1	81	0.166	
109	6	1	250	0.112	
109	6	1	250	0.107	
109	6	1	84	0.104	
109	6	1	83	0.137	
109	6	1	83	0.155	
110	6	1	250	0.078	
110	6	1	250	0.091	
110	6	1	93	0.132	
110	6	1	103	0.122	
110	6	1	85	0.189	
111	6	1	250	0.065	
111	6	1	250	0.085	
111	6	1	153	0.077	
111	6	1	143	0.073	
111	6	1	150	0.087	
112	6	1	250	0.073	
112	6	1	250	0.074	
112	6	1	228	0.049	
112	6	1	158	0.059	
112	6	1	173	0.046	
113	6	1	250	0.068	
113	6	1	250	0.079	
113	6	1	138	0.079	
113	6	1	129	0.098	
113	6	1	116	0.087	
114	6	1	250	0.175	
114	6	1	250	0.453	
114	6	1	111	0.082	
114	6	1	117	0.076	
114	6	1	116	0.086	
115	6	1	250	0.107	
115	6	1	250	0.103	
115	6	1	111	0.087	
115	6	1	104	0.088	
115	6	1	120	0.090	
116	6	1	124	0.120	
116	6	1	118	0.152	
116	6	1	86	0.151	
116	6	1	77	0.156	
116	6	1	90	0.154	
117	6	1	250	0.081	
117	6	1	250	0.093	
117	6	1	111	0.053	
117	6	1	106	0.086	
117	6	1	116	0.063	
118	6	1	250	0.066	
118	6	1	250	0.094	
118	6	1	162	0.071	
118	6	1	152	0.073	
118	6	1	117	0.086	
119	6	1	250	0.076	
119	6	1	250	0.052	
119	6	1	95	0.093	
119	6	1	117	0.060	
119	6	1	101	0.095	
120	6	1	250	0.181	
120	6	1	250	0.080	
120	6	1	109	0.096	
120	6	1	50	0.074	
120	6	1	115	0.105	
121	6	1	250	0.086	
121	6	1	250	0.076	
121	6	1	85	0.113	
121	6	1	97	0.108	
121	6	1	89	0.134	
122	6	1	205	0.086	
122	6	1	250	0.090	
122	6	1	105	0.108	
122	6	1	108	0.132	
122	6	1	101	0.134	
123	6	1	250	0.081	
123	6	1	250	0.076	
123	6	1	93	0.087	
123	6	1	106	0.062	
123	6	1	113	0.050	
124	6	1	250	0.098	
124	6	1	250	0.228	
124	6	1	95	0.094	
124	6	1	98	0.122	
124	6	1	80	0.153	
125	6	1	250	0.109	
125	6	1	250	0.102	
125	6	1	117	0.058	
125	6	1	102	0.094	
125	6	1	113	0.046	
126	6	1	250	0.097	
126	6	1	250	0.108	
126	6	1	164	0.076	
126	6	1	196	0.074	
126	6	1	140	0.119	
127	6	1	176	0.068	
127	6	1	156	0.063	
127	6	1	91	0.089	
127	6	1	97	0.092	
127	6	1	92	0.070	
128	6	1	128	0.154	
128	6	1	126	0.200	
128	6	1	76	0.272	
128	6	1	77	0.247	
128	6	1	82	0.256	
129	6	1	243	0.078	
129	6	1	226	0.068	
129	6	1	127	0.081	
129	6	1	151	0.065	
129	6	1	129	0.079	
130	6	1	199	0.078	
130	6	1	187	0.085	
130	6	1	80	0.190	
130	6	1	86	0.124	
130	6	1	86	0.121	
131	6	1	250	0.089	
131	6	1	250	0.063	
131	6	1	100	0.074	
131	6	1	102	0.075	
131	6	1	107	0.125	
132	6	1	250	0.095	
132	6	1	250	0.138	
132	6	1	92	0.116	
132	6	1	91	0.112	
132	6	1	87	0.086	
133	6	1	82	0.127	
133	6	1	85	0.122	
133	6	1	118	0.088	
133	6	1	109	0.052	
133	6	1	112	0.072	
134	6	1	250	0.065	
134	6	1	214	0.095	
134	6	1	109	0.082	
134	6	1	119	0.067	
134	6	1	108	0.076	
135	6	1	92	0.172	
135	6	1	83	0.236	
135	6	1	87	0.188	
135	6	1	90	0.218	
135	6	1	81	0.262	
136	6	1	250	0.051	
136	6	1	250	0.105	
136	6	1	142	0.068	
136	6	1	133	0.064	
136	6	1	146	0.054	
137	6	1	250	0.061	
137	6	1	250	0.096	
137	6	1	184	0.045	
137	6	1	153	0.068	
137	6	1	193	0.056	
138	6	1	250	0.072	
138	6	1	250	0.068	
138	6	1	134	0.067	
138	6	1	142	0.064	
138	6	1	131	0.087	
139	6	1	250	0.123	
139	6	1	250	0.157	
139	6	1	103	0.101	
139	6	1	96	0.078	
139	6	1	85	0.116	
140	6	1	250	0.114	
140	6	1	250	0.134	
140	6	1	96	0.103	
140	6	1	116	0.102	
140	6	1	117	0.094	
141	6	1	250	0.127	
141	6	1	250	0.103	
141	6	1	114	0.084	
141	6	1	114	0.103	
141	6	1	107	0.092	
142	6	1	250	0.152	
142	6	1	250	0.125	
142	6	1	75	0.097	
142	6	1	74	0.139	
142	6	1	77	0.097	
143	6	1	120	0.127	
143	6	1	250	0.169	
143	6	1	88	0.083	
143	6	1	82	0.132	
143	6	1	90	0.111	
144	6	1	215	0.093	
144	6	1	204	0.095	
144	6	1	118	0.079	
144	6	1	111	0.079	
144	6	1	98	0.080	
145	6	1	250	0.375	
145	6	1	250	0.427	
145	6	1	81	0.075	
145	6	1	73	0.176	
145	6	1	75	0.091	
146	6	1	103	0.156	
146	6	1	80	0.170	
146	6	1	75	0.230	
146	6	1	77	0.209	
146	6	1	86	0.153	
147	6	1	250	0.064	
147	6	1	240	0.109	
147	6	1	88	0.114	
147	6	1	104	0.115	
147	6	1	89	0.123	
148	6	1	250	0.070	
148	6	1	250	0.083	
148	6	1	109	0.072	
148	6	1	113	0.102	
148	6	1	98	0.061	
149	6	1	250	0.089	
149	6	1	250	0.298	
149	6	1	84	0.110	
149	6	1	83	0.073	
149	6	1	80	0.128	
150	6	1	250	0.128	
150	6	1	250	0.271	
150	6	1	96	0.105	
150	6	1	97	0.090	
150	6	1	98	0.084	
151	6	1	250	0.121	
151	6	1	250	0.121	
151	6	1	179	0.082	
151	6	1	180	0.070	
151	6	1	144	0.086	
152	6	1	250	0.082	
152	6	1	250	0.082	
152	6	1	76	0.253	
152	6	1	83	0.107	
152	6	1	82	0.095	
153	6	1	250	0.145	
153	6	1	250	0.114	
153	6	1	130	0.058	
153	6	1	156	0.057	
153	6	1	103	0.043	
154	6	1	250	0.104	
154	6	1	250	0.104	
154	6	1	95	0.086	
154	6	1	101	0.109	
154	6	1	102	0.077	
155	6	1	250	0.083	
155	6	1	250	0.118	
155	6	1	83	0.107	
155	6	1	78	0.113	
155	6	1	105	0.108	
156	6	1	122	0.129	
156	6	1	112	0.197	
156	6	1	93	0.234	
156	6	1	103	0.234	
156	6	1	93	0.217	
157	6	1	250	0.070	
157	6	1	250	0.060	
157	6	1	135	0.067	
157	6	1	123	0.079	
157	6	1	122	0.084	
158	6	1	250	0.132	
158	6	1	250	0.135	
158	6	1	98	0.060	
158	6	1	117	0.068	
158	6	1	99	0.098	
159	6	1	250	0.235	
159	6	1	250	0.166	
159	6	1	82	0.192	
159	6	1	88	0.160	
159	6	1	80	0.224	
160	6	1	250	0.156	
160	6	1	250	0.154	
160	6	1	113	0.076	
160	6	1	115	0.080	
160	6	1	107	0.086	
161	6	1	77	0.183	
161	6	1	78	0.220	
161	6	1	73	0.216	
161	6	1	73	0.308	
161	6	1	76	0.190	
162	6	1	250	0.066	
162	6	1	250	0.062	
162	6	1	132	0.073	
162	6	1	126	0.062	
162	6	1	120	0.071	
163	6	1	250	0.266	
163	6	1	250	0.343	
163	6	1	87	0.117	
163	6	1	106	0.068	
163	6	1	90	0.127	
164	6	1	161	0.079	
164	6	1	177	0.099	
164	6	1	106	0.092	
164	6	1	116	0.071	
164	6	1	112	0.085	
165	6	1	250	0.075	
165	6	1	250	0.076	
165	6	1	141	0.071	
165	6	1	148	0.063	
165	6	1	146	0.070	
166	6	1	94	0.081	
166	6	1	85	0.077	
166	6	1	88	0.129	
166	6	1	87	0.134	
166	6	1	84	0.130	
167	6	1	166	0.061	
167	6	1	183	0.046	
167	6	1	68	0.038	
167	6	1	61	0.051	
167	6	1	64	0.072	
168	6	1	250	0.094	
168	6	1	250	0.102	
168	6	1	102	0.072	
168	6	1	105	0.063	
168	6	1	97	0.055	
169	6	1	250	0.105	
169	6	1	250	0.088	
169	6	1	111	0.057	
169	6	1	85	0.047	
169	6	1	97	0.047	
170	6	1	250	0.110	
170	6	1	250	0.073	
170	6	1	107	0.073	
170	6	1	110	0.071	
170	6	1	116	0.074	
171	6	1	250	0.085	
171	6	1	250	0.075	
171	6	1	128	0.071	
171	6	1	124	0.063	
171	6	1	128	0.071	
172	6	1	250	0.070	
172	6	1	250	0.060	
172	6	1	123	0.085	
172	6	1	109	0.053	
172	6	1	110	0.072	
173	6	1	250	0.172	
173	6	1	250	0.157	
173	6	1	107	0.052	
173	6	1	113	0.115	
173	6	1	104	0.089	
174	6	1	250	0.481	
174	6	1	250	0.185	
174	6	1	83	0.124	
174	6	1	85	0.133	
174	6	1	89	0.144	
175	6	1	250	0.083	
175	6	1	250	0.075	
175	6	1	127	0.077	
175	6	1	133	0.065	
175	6	1	127	0.055	
176	6	1	250	0.106	
176	6	1	181	0.148	
176	6	1	87	0.078	
176	6	1	84	0.139	
176	6	1	100	0.059	
177	6	1	250	0.071	
177	6	1	250	0.082	
177	6	1	168	0.074	
177	6	1	163	0.075	
177	6	1	139	0.088	
178	6	1	250	0.075	
178	6	1	250	0.092	
178	6	1	80	0.099	
178	6	1	94	0.109	
178	6	1	87	0.099	
179	6	1	250	0.066	
179	6	1	250	0.079	
179	6	1	109	0.059	
179	6	1	99	0.057	
179	6	1	97	0.011	
180	6	1	250	0.084	
180	6	1	250	0.119	
180	6	1	131	0.074	
180	6	1	71	0.101	
180	6	1	128	0.060	
181	6	1	250	0.127	
181	6	1	250	0.141	
181	6	1	109	0.105	
181	6	1	102	0.077	
181	6	1	104	0.065	
182	6	1	250	0.074	
182	6	1	250	0.077	
182	6	1	120	0.077	
182	6	1	125	0.067	
182	6	1	132	0.087	
183	6	1	170	0.101	
183	6	1	250	0.066	
183	6	1	112	0.080	
183	6	1	112	0.080	
183	6	1	114	0.072	
184	6	1	250	0.073	
184	6	1	216	0.096	
184	6	1	141	0.116	
184	6	1	137	0.092	
184	6	1	158	0.086	
185	6	1	250	0.109	
185	6	1	250	0.157	
185	6	1	85	0.133	
185	6	1	98	0.092	
185	6	1	81	0.095	
186	6	1	250	0.067	
186	6	1	250	0.056	
186	6	1	144	0.078	
186	6	1	134	0.069	
186	6	1	123	0.070	
187	6	1	250	0.163	
187	6	1	250	0.066	
187	6	1	202	0.048	
187	6	1	194	0.077	
187	6	1	195	0.056	
188	6	1	250	0.185	
188	6	1	250	0.209	
188	6	1	85	0.108	
188	6	1	83	0.111	
188	6	1	78	0.112	
189	6	1	250	0.092	
189	6	1	250	0.070	
189	6	1	164	0.061	
189	6	1	134	0.081	
189	6	1	154	0.086	
190	6	1	250	0.066	
190	6	1	250	0.039	
190	6	1	103	0.073	
190	6	1	107	0.060	
190	6	1	113	0.088	
191	6	1	250	0.070	
191	6	1	250	0.297	
191	6	1	105	0.072	
191	6	1	55	0.100	
191	6	1	115	0.070	
192	6	1	150	0.093	
192	6	1	250	0.100	
192	6	1	107	0.057	
192	6	1	107	0.067	
192	6	1	99	0.051	
193	6	1	250	0.088	
193	6	1	250	0.090	
193	6	1	182	0.078	
193	6	1	163	0.070	
193	6	1	165	0.074	
194	6	1	250	0.154	
194	6	1	250	0.190	
194	6	1	101	0.074	
194	6	1	34	0.273	
194	6	1	101	0.058	
195	6	1	250	0.067	
195	6	1	250	0.070	
195	6	1	82	0.074	
195	6	1	75	0.081	
195	6	1	77	0.085	
196	6	1	250	0.098	
196	6	1	250	0.107	
196	6	1	111	0.067	
196	6	1	128	0.063	
196	6	1	117	0.095	
197	6	1	157	0.071	
197	6	1	198	0.072	
197	6	1	85	0.126	
197	6	1	82	0.111	
197	6	1	85	0.138	
198	6	1	250	0.071	
198	6	1	250	0.089	
198	6	1	83	0.115	
198	6	1	82	0.104	
198	6	1	93	0.101	
199	6	1	250	0.117	
199	6	1	250	0.089	
199	6	1	107	0.078	
199	6	1	105	0.086	
199	6	1	114	0.100	
200	6	1	250	0.137	
200	6	1	250	0.149	
200	6	1	105	0.131	
200	6	1	92	0.129	
200	6	1	104	0.173	
201	6	1	250	0.082	
201	6	1	250	0.125	
201	6	1	87	0.060	
201	6	1	95	0.095	
201	6	1	90	0.075	
202	6	1	250	0.115	
202	6	1	250	0.115	
202	6	1	92	0.058	
202	6	1	109	0.139	
202	6	1	106	0.110	
203	6	1	250	0.089	
203	6	1	250	0.088	
203	6	1	94	0.077	
203	6	1	97	0.057	
203	6	0	50	0.016	
204	6	1	250	0.088	
204	6	1	250	0.057	
204	6	1	116	0.068	
204	6	1	103	0.080	
204	6	1	103	0.065	
205	6	1	250	0.148	
205	6	1	250	0.078	
205	6	1	123	0.071	
205	6	1	137	0.070	
205	6	1	137	0.082	
206	6	1	142	0.100	
206	6	1	177	0.098	
206	6	1	115	0.096	
206	6	1	113	0.078	
206	6	1	110	0.087	
207	6	1	250	0.089	
207	6	1	250	0.078	
207	6	1	116	0.057	
207	6	1	121	0.078	
207	6	1	124	0.067	
208	6	1	250	0.085	
208	6	1	250	0.088	
208	6	1	113	0.076	
208	6	1	102	0.059	
208	6	1	108	0.066	
209	6	1	250	0.111	
209	6	1	224	0.098	
209	6	1	82	0.164	
209	6	1	100	0.137	
209	6	1	95	0.157	
210	6	1	250	0.050	
210	6	1	250	0.087	
210	6	1	114	0.052	
210	6	1	107	0.079	
210	6	1	102	0.052	
211	6	1	250	0.141	
211	6	1	250	0.101	
211	6	1	100	0.041	
211	6	1	106	0.058	
211	6	1	97	0.077	
212	6	1	140	0.111	
212	6	1	181	0.126	
212	6	1	86	0.129	
212	6	1	96	0.133	
212	6	1	86	0.123	
213	6	1	250	0.151	
213	6	1	250	0.134	
213	6	1	125	0.105	
213	6	1	144	0.079	
213	6	1	157	0.072	
214	6	1	250	0.149	
214	6	1	250	0.089	
214	6	1	118	0.080	
214	6	1	122	0.096	
214	6	1	126	0.079	
215	6	1	250	0.066	
215	6	1	250	0.175	
215	6	1	84	0.128	
215	6	1	89	0.109	
215	6	1	87	0.083	
216	6	1	250	0.075	
216	6	1	250	0.077	
216	6	1	48	0.096	
216	6	1	92	0.114	
216	6	1	80	0.114	
217	6	1	250	0.193	
217	6	1	250	0.148	
217	6	1	108	0.071	
217	6	1	99	0.084	
217	6	1	98	0.094	
218	6	1	224	0.048	
218	6	1	250	0.048	
218	6	1	121	0.083	
218	6	1	129	0.049	
218	6	1	118	0.051	
219	6	1	250	0.065	
219	6	1	250	0.076	
219	6	1	125	0.065	
219	6	1	145	0.067	
219	6	1	119	0.067	
220	6	1	195	0.072	
220	6	1	202	0.085	
220	6	1	67	0.062	
220	6	1	77	0.051	
220	6	1	65	0.061	
221	6	1	250	0.076	
221	6	1	250	0.090	
221	6	1	124	0.065	
221	6	1	204	0.056	
221	6	1	205	0.050	
222	6	1	70	0.071	
222	6	1	250	0.100	
222	6	1	87	0.083	
222	6	1	89	0.086	
222	6	1	82	0.077	
223	6	1	250	0.110	
223	6	1	250	0.158	
223	6	1	118	0.071	
223	6	1	116	0.065	
223	6	1	105	0.090	
224	6	1	242	0.130	
224	6	1	250	0.114	
224	6	1	50	0.131	
224	6	1	100	0.117	
224	6	1	90	0.113	
225	6	1	250	0.079	
225	6	1	250	0.075	
225	6	1	81	0.101	
225	6	1	163	0.071	
225	6	1	137	0.058	
226	6	1	192	0.093	
226	6	1	193	0.087	
226	6	1	93	0.116	
226	6	1	95	0.107	
226	6	1	87	0.137	
227	6	1	250	0.117	
227	6	1	250	0.125	
227	6	1	116	0.061	
227	6	1	62	0.118	
227	6	1	119	0.058	
228	6	1	250	0.114	
228	6	1	210	0.069	
228	6	1	146	0.059	
228	6	1	156	0.063	
228	6	1	90	0.081	
229	6	1	250	0.097	
229	6	1	250	0.082	
229	6	1	127	0.088	
229	6	1	119	0.081	
229	6	1	121	0.049	
230	6	1	250	0.055	
230	6	1	250	0.082	
230	6	1	118	0.071	
230	6	1	124	0.087	
230	6	1	108	0.070	
231	6	1	250	0.100	
231	6	1	250	0.120	
231	6	1	94	0.115	
231	6	1	85	0.123	
231	6	1	93	0.146	
232	6	1	250	0.110	
232	6	1	250	0.085	
232	6	1	105	0.105	
232	6	1	89	0.093	
232	6	1	103	0.103	
233	6	1	90	0.223	
233	6	1	99	0.260	
233	6	1	85	0.160	
233	6	1	77	0.171	
233	6	1	78	0.170	
234	6	1	250	0.080	
234	6	1	250	0.077	
234	6	1	94	0.112	
234	6	1	97	0.093	
234	6	1	95	0.115	
235	6	1	250	0.119	
235	6	1	250	0.134	
235	6	1	62	0.193	
235	6	1	127	0.097	
235	6	1	147	0.073	
236	6	1	164	0.084	
236	6	1	175	0.110	
236	6	1	113	0.111	
236	6	1	112	0.110	
236	6	1	111	0.167	
237	6	1	250	0.064	
237	6	1	250	0.075	
237	6	1	130	0.070	
237	6	1	81	0.123	
237	6	1	63	0.108	
238	6	1	250	0.125	
238	6	1	250	0.131	
238	6	1	113	0.073	
238	6	1	113	0.082	
238	6	1	96	0.051	
239	6	1	250	0.272	
239	6	1	250	0.260	
239	6	1	86	0.151	
239	6	1	83	0.180	
239	6	1	87	0.158	
240	6	1	219	0.111	
240	6	1	210	0.142	
240	6	1	85	0.141	
240	6	1	92	0.105	
240	6	1	86	0.146	
241	6	1	140	0.093	
241	6	1	250	0.087	
241	6	1	142	0.076	
241	6	1	70	0.094	
241	6	1	122	0.100	
242	6	1	250	0.204	
242	6	1	250	0.203	
242	6	1	99	0.093	
242	6	1	108	0.073	
242	6	1	103	0.079	
243	6	1	250	0.054	
243	6	1	250	0.072	
243	6	1	115	0.068	
243	6	1	127	0.055	
243	6	1	125	0.056	
244	6	1	250	0.188	
244	6	1	250	0.261	
244	6	1	95	0.057	
244	6	1	97	0.055	
244	6	1	119	0.061	
245	6	1	250	0.188	
245	6	1	250	0.258	
245	6	1	96	0.089	
245	6	1	102	0.102	
245	6	1	110	0.070	
246	6	1	250	0.094	
246	6	1	250	0.078	
246	6	1	132	0.077	
246	6	1	111	0.073	
246	6	1	123	0.068	
247	6	1	250	0.140	
247	6	1	250	0.124	
247	6	1	81	0.168	
247	6	1	75	0.204	
247	6	1	79	0.159	
248	6	1	250	0.089	
248	6	1	250	0.071	
248	6	1	117	0.089	
248	6	1	126	0.055	
248	6	1	110	0.083	
249	6	1	157	0.053	
249	6	1	133	0.099	
249	6	1	96	0.048	
249	6	1	63	0.041	
249	6	1	106	0.043	
250	6	1	250	0.048	
250	6	1	250	0.090	
250	6	1	144	0.034	
250	6	1	152	0.054	
250	6	1	145	0.081	
251	6	1	250	0.132	
251	6	1	250	0.143	
251	6	1	84	0.088	
251	6	1	92	0.088	
251	6	1	89	0.091	
252	6	1	163	0.095	
252	6	1	245	0.064	
252	6	1	98	0.085	
252	6	1	99	0.090	
252	6	1	93	0.103	
253	6	1	250	0.081	
253	6	1	250	0.075	
253	6	1	129	0.071	
253	6	1	162	0.082	
253	6	1	155	0.072	
254	6	1	250	0.138	
254	6	1	250	0.149	
254	6	1	117	0.064	
254	6	1	109	0.080	
254	6	1	101	0.092	
255	6	1	230	0.095	
255	6	1	250	0.151	
255	6	1	109	0.084	
255	6	1	108	0.070	
255	6	1	105	0.066	
256	6	1	250	0.102	
256	6	1	250	0.090	
256	6	1	127	0.096	
256	6	1	144	0.066	
256	6	1	123	0.060	
257	6	1	78	0.167	
257	6	1	89	0.120	
257	6	1	79	0.139	
257	6	1	77	0.157	
257	6	1	79	0.185	
258	6	1	250	0.090	
258	6	1	250	0.108	
258	6	1	122	0.071	
258	6	1	105	0.062	
258	6	1	116	0.070	
259	6	1	250	0.113	
259	6	1	250	0.140	
259	6	1	85	0.117	
259	6	1	85	0.113	
259	6	1	96	0.096	
260	6	1	250	0.063	
260	6	1	250	0.065	
260	6	1	109	0.043	
260	6	1	104	0.078	
260	6	1	114	0.053	
261	6	1	250	0.059	
261	6	1	250	0.153	
261	6	1	112	0.066	
261	6	1	108	0.077	
261	6	1	99	0.074	
262	6	1	250	0.067	
262	6	1	250	0.064	
262	6	1	146	0.089	
262	6	1	151	0.089	
262	6	1	68	0.151	
263	6	1	250	0.130	
263	6	1	250	0.156	
263	6	1	98	0.124	
263	6	1	97	0.112	
263	6	1	91	0.096	
264	6	1	250	0.078	
264	6	1	250	0.072	
264	6	1	97	0.054	
264	6	1	97	0.072	
264	6	1	92	0.074	
265	6	1	250	0.197	
265	6	1	250	0.163	
265	6	1	99	0.099	
265	6	1	97	0.101	
265	6	1	102	0.087	
266	6	1	250	0.047	
266	6	1	250	0.071	
266	6	1	152	0.079	
266	6	1	191	0.082	
266	6	1	148	0.096	
267	6	1	250	0.074	
267	6	1	250	0.157	
267	6	1	116	0.100	
267	6	1	97	0.092	
267	6	1	114	0.092	
268	6	1	250	0.092	
268	6	1	250	0.091	
268	6	1	134	0.081	
268	6	1	122	0.060	
268	6	1	126	0.040	
269	6	1	250	0.096	
269	6	1	250	0.073	
269	6	1	197	0.068	
269	6	1	144	0.051	
269	6	1	149	0.092	
270	6	1	250	0.101	
270	6	1	240	0.083	
270	6	1	81	0.076	
270	6	1	79	0.103	
270	6	1	81	0.144	
271	6	1	250	0.046	
271	6	1	250	0.077	
271	6	1	119	0.071	
271	6	1	128	0.074	
271	6	1	135	0.053	
272	6	1	250	0.112	
272	6	1	250	0.069	
272	6	1	169	0.054	
272	6	1	109	0.064	
272	6	1	241	0.058	
273	6	1	97	0.152	
273	6	1	67	0.150	
273	6	1	51	0.161	
273	6	1	45	0.160	
273	6	1	139	0.079	
274	6	1	250	0.115	
274	6	1	250	0.098	
274	6	1	86	0.117	
274	6	1	90	0.153	
274	6	1	93	0.152	
275	6	1	250	0.088	
275	6	1	250	0.102	
275	6	1	243	0.067	
275	6	1	164	0.052	
275	6	1	136	0.062	
276	6	1	250	0.096	
276	6	1	250	0.072	
276	6	1	136	0.047	
276	6	1	159	0.092	
276	6	1	159	0.045	
277	6	1	250	0.137	
277	6	1	250	0.137	
277	6	1	91	0.110	
277	6	1	88	0.136	
277	6	1	92	0.115	
278	6	1	250	0.121	
278	6	1	250	0.062	
278	6	1	165	0.080	
278	6	1	146	0.080	
278	6	1	197	0.064	
279	6	1	250	0.052	
279	6	1	250	0.057	
279	6	1	134	0.078	
279	6	1	132	0.064	
279	6	1	140	0.065	
280	6	1	250	0.078	
280	6	1	250	0.085	
280	6	1	99	0.115	
280	6	1	105	0.110	
280	6	1	102	0.091	
281	6	1	250	0.086	
281	6	1	250	0.070	
281	6	1	144	0.059	
281	6	1	132	0.056	
281	6	1	131	0.070	
282	6	1	127	0.086	
282	6	1	154	0.062	
282	6	1	130	0.067	
282	6	1	137	0.087	
282	6	1	135	0.092	
283	6	1	160	0.061	
283	6	1	180	0.064	
283	6	1	62	0.048	
283	6	1	59	0.064	
283	6	1	63	0.057	
284	6	1	250	0.096	
284	6	1	250	0.102	
284	6	1	89	0.054	
284	6	1	89	0.106	
284	6	1	89	0.086	
285	6	1	250	0.067	
285	6	1	250	0.059	
285	6	1	130	0.059	
285	6	1	178	0.075	
285	6	1	147	0.089	
286	6	1	250	0.072	
286	6	1	250	0.061	
286	6	1	91	0.105	
286	6	1	111	0.081	
286	6	1	94	0.089	
287	6	1	250	0.166	
287	6	1	250	0.190	
287	6	1	120	0.086	
287	6	1	110	0.062	
287	6	1	116	0.089	
288	6	1	250	0.097	
288	6	1	250	0.080	
288	6	1	111	0.047	
288	6	1	140	0.100	
288	6	1	117	0.053	
289	6	1	250	0.558	
289	6	1	250	0.574	
289	6	1	123	0.053	
289	6	1	117	0.052	
289	6	1	128	0.058	
290	6	1	230	0.082	
290	6	1	250	0.053	
290	6	1	136	0.095	
290	6	1	135	0.072	
290	6	1	125	0.072	
291	6	1	145	0.123	
291	6	1	103	0.113	
291	6	1	88	0.163	
291	6	1	76	0.275	
291	6	1	88	0.171	
292	6	1	250	0.075	
292	6	1	250	0.082	
292	6	1	121	0.094	
292	6	1	106	0.082	
292	6	1	123	0.056	
293	6	1	250	0.059	
293	6	1	250	0.056	
293	6	1	115	0.069	
293	6	1	121	0.053	
293	6	1	110	0.056	
294	6	1	250	0.068	
294	6	1	250	0.083	
294	6	1	141	0.051	
294	6	1	140	0.063	
294	6	1	143	0.095	
295	6	1	250	0.075	
295	6	1	250	0.100	
295	6	1	189	0.065	
295	6	1	151	0.052	
295	6	1	153	0.059	
296	6	1	250	0.145	
296	6	1	250	0.103	
296	6	1	110	0.083	
296	6	1	96	0.152	
296	6	1	93	0.137	
297	6	1	250	0.121	
297	6	1	250	0.109	
297	6	1	130	0.044	
297	6	1	111	0.055	
297	6	1	109	0.061	
298	6	1	250	0.172	
298	6	1	250	0.191	
298	6	1	124	0.045	
298	6	1	134	0.035	
298	6	1	132	0.062	
299	6	1	250	0.252	
299	6	1	250	0.099	
299	6	1	135	0.096	
299	6	1	141	0.086	
299	6	1	131	0.064	
0	7	1	250	0.066	
0	7	1	250	0.041	
0	7	1	114	0.061	
0	7	1	101	0.077	
0	7	1	184	0.055	
1	7	1	250	0.073	
1	7	1	168	0.176	
1	7	1	149	0.125	
1	7	1	120	0.223	
1	7	1	153	0.115	
2	7	1	199	0.059	
2	7	1	130	0.067	
2	7	1	108	0.053	
2	7	1	97	0.068	
2	7	1	166	0.052	
3	7	1	188	0.255	
3	7	1	103	0.285	
3	7	1	58	0.189	
3	7	1	61	0.167	
3	7	1	141	0.084	
4	7	1	250	0.058	
4	7	1	250	0.037	
4	7	1	91	0.055	
4	7	0	102	0.002	
4	7	1	138	0.087	
5	7	1	60	0.288	
5	7	1	60	0.288	
5	7	1	45	0.222	
5	7	1	45	0.222	
5	7	1	47	0.325	
6	7	1	250	0.082	
6	7	1	250	0.050	
6	7	1	104	0.094	
6	7	1	118	0.087	
6	7	1	92	0.090	
7	7	1	250	0.037	
7	7	1	250	0.050	
7	7	1	101	0.094	
7	7	1	91	0.102	
7	7	1	134	0.036	
8	7	1	226	0.094	
8	7	1	173	0.139	
8	7	1	80	0.133	
8	7	1	50	0.146	
8	7	1	157	0.085	
9	7	1	178	0.122	
9	7	1	137	0.265	
9	7	1	52	0.249	
9	7	1	62	0.215	
9	7	1	60	0.244	
10	7	1	250	0.053	
10	7	1	193	0.080	
10	7	1	157	0.101	
10	7	1	82	0.145	
10	7	1	162	0.109	
11	7	1	213	0.149	
11	7	1	142	0.316	
11	7	1	56	0.225	
11	7	1	56	0.267	
11	7	1	53	0.230	
12	7	1	250	0.081	
12	7	1	250	0.058	
12	7	1	113	0.111	
12	7	1	119	0.121	
12	7	1	121	0.105	
13	7	1	102	0.142	
13	7	1	172	0.093	
13	7	1	137	0.083	
13	7	1	78	0.132	
13	7	1	184	0.057	
14	7	1	250	0.092	
14	7	1	210	0.119	
14	7	1	109	0.154	
14	7	1	146	0.094	
14	7	1	140	0.123	
15	7	1	59	0.346	
15	7	1	83	0.329	
15	7	1	53	0.316	
15	7	1	50	0.289	
15	7	1	54	0.268	
16	7	1	250	0.081	
16	7	1	199	0.082	
16	7	1	86	0.158	
16	7	1	133	0.122	
16	7	1	109	0.083	
17	7	1	60	0.297	
17	7	1	77	0.223	
17	7	1	138	0.189	
17	7	1	77	0.300	
17	7	1	87	0.198	
18	7	1	55	0.324	
18	7	1	57	0.216	
18	7	1	53	0.221	
18	7	1	51	0.201	
18	7	1	51	0.246	
19	7	1	195	0.078	
19	7	1	125	0.091	
19	7	1	145	0.025	
19	7	1	96	0.044	
19	7	1	95	0.146	
20	7	1	180	0.263	
20	7	1	85	0.263	
20	7	1	113	0.156	
20	7	1	137	0.287	
20	7	1	134	0.266	
21	7	1	229	0.155	
21	7	1	217	0.069	
21	7	1	73	0.151	
21	7	1	80	0.128	
21	7	1	88	0.130	
22	7	1	180	0.073	
22	7	1	231	0.124	
22	7	1	123	0.063	
22	7	1	119	0.059	
22	7	1	124	0.073	
23	7	1	250	0.093	
23	7	1	250	0.146	
23	7	1	70	0.110	
23	7	1	109	0.108	
23	7	1	93	0.064	
24	7	1	250	0.077	
24	7	1	250	0.113	
24	7	1	135	0.040	
24	7	1	140	0.128	
24	7	1	105	0.073	
25	7	1	48	0.273	
25	7	1	48	0.273	
25	7	1	47	0.271	
25	7	1	47	0.271	
25	7	1	47	0.271	
26	7	1	105	0.183	
26	7	1	145	0.072	
26	7	1	108	0.068	
26	7	1	74	0.130	
26	7	1	66	0.193	
27	7	1	66	0.177	
27	7	1	73	0.118	
27	7	1	49	0.223	
27	7	1	49	0.237	
27	7	1	49	0.237	
28	7	1	171	0.095	
28	7	1	160	0.084	
28	7	1	136	0.189	
28	7	1	208	0.082	
28	7	1	121	0.183	
29	7	1	99	0.055	
29	7	1	68	0.049	
29	7	1	56	0.034	
29	7	1	82	0.039	
29	7	0	44	0.020	
30	7	1	250	0.083	
30	7	1	162	0.122	
30	7	1	92	0.082	
30	7	1	101	0.093	
30	7	1	138	0.058	
31	7	1	52	0.225	
31	7	1	53	0.246	
31	7	1	52	0.277	
31	7	1	57	0.272	
31	7	1	56	0.246	
32	7	1	123	0.183	
32	7	1	171	0.074	
32	7	1	107	0.073	
32	7	1	108	0.048	
32	7	1	124	0.042	
33	7	1	76	0.060	
33	7	1	106	0.074	
33	7	1	79	0.073	
33	7	0	108	0.023	
33	7	1	81	0.081	
34	7	1	242	0.078	
34	7	1	137	0.150	
34	7	1	74	0.129	
34	7	1	150	0.167	
34	7	1	133	0.249	
35	7	1	99	0.105	
35	7	1	124	0.070	
35	7	1	69	0.077	
35	7	1	110	0.083	
35	7	1	62	0.092	
36	7	1	187	0.237	
36	7	1	158	0.081	
36	7	1	130	0.102	
36	7	1	94	0.236	
36	7	1	108	0.231	
37	7	1	250	0.083	
37	7	1	250	0.082	
37	7	1	104	0.047	
37	7	1	153	0.098	
37	7	1	153	0.079	
38	7	1	250	0.062	
38	7	1	250	0.082	
38	7	1	94	0.138	
38	7	1	206	0.057	
38	7	1	86	0.104	
39	7	1	250	0.080	
39	7	1	250	0.134	
39	7	1	77	0.124	
39	7	1	84	0.131	
39	7	1	84	0.101	
40	7	1	48	0.445	
40	7	1	48	0.451	
40	7	1	45	0.315	
40	7	1	45	0.352	
40	7	1	45	0.384	
41	7	1	140	0.210	
41	7	1	152	0.347	
41	7	1	100	0.414	
41	7	1	73	0.297	
41	7	1	111	0.412	
42	7	1	47	0.681	
42	7	1	47	0.681	
42	7	1	45	0.632	
42	7	1	45	0.633	
42	7	1	45	0.632	
43	7	1	189	0.074	
43	7	1	250	0.087	
43	7	1	115	0.074	
43	7	1	154	0.067	
43	7	1	99	0.100	
44	7	1	224	0.076	
44	7	1	225	0.044	
44	7	1	114	0.099	
44	7	1	153	0.057	
44	7	1	138	0.109	
45	7	1	161	0.082	
45	7	1	195	0.107	
45	7	1	93	0.069	
45	7	1	85	0.070	
45	7	1	103	0.088	
46	7	1	250	0.080	
46	7	1	250	0.063	
46	7	1	132	0.084	
46	7	1	228	0.060	
46	7	1	155	0.048	
47	7	1	187	0.061	
47	7	1	242	0.059	
47	7	1	80	0.044	
47	7	1	80	0.060	
47	7	1	124	0.065	
48	7	1	200	0.099	
48	7	1	250	0.096	
48	7	1	109	0.106	
48	7	1	80	0.105	
48	7	1	177	0.092	
49	7	1	250	0.086	
49	7	1	250	0.150	
49	7	1	131	0.062	
49	7	1	154	0.094	
49	7	1	122	0.088	
50	7	1	62	0.267	
50	7	1	65	0.212	
50	7	1	68	0.222	
50	7	1	64	0.312	
50	7	1	69	0.225	
51	7	1	237	0.141	
51	7	1	180	0.241	
51	7	1	108	0.154	
51	7	1	85	0.125	
51	7	1	95	0.179	
52	7	1	72	0.257	
52	7	1	70	0.213	
52	7	1	72	0.127	
52	7	1	92	0.182	
52	7	1	107	0.103	
53	7	1	250	0.105	
53	7	1	204	0.175	
53	7	1	101	0.166	
53	7	1	117	0.154	
53	7	1	250	0.093	
54	7	1	250	0.081	
54	7	1	250	0.252	
54	7	1	77	0.227	
54	7	1	214	0.063	
54	7	1	113	0.186	
55	7	1	250	0.080	
55	7	1	161	0.100	
55	7	1	112	0.102	
55	7	1	145	0.092	
55	7	1	135	0.116	
56	7	1	246	0.117	
56	7	1	162	0.143	
56	7	1	101	0.232	
56	7	1	109	0.276	
56	7	1	110	0.107	
57	7	1	250	0.073	
57	7	1	250	0.076	
57	7	1	114	0.125	
57	7	1	144	0.077	
57	7	1	126	0.064	
58	7	1	250	0.076	
58	7	1	250	0.089	
58	7	1	168	0.037	
58	7	1	160	0.079	
58	7	1	127	0.067	
59	7	1	250	0.056	
59	7	1	250	0.068	
59	7	1	178	0.086	
59	7	1	100	0.065	
59	7	1	134	0.055	
60	7	1	166	0.063	
60	7	1	215	0.079	
60	7	1	98	0.076	
60	7	1	130	0.031	
60	7	1	114	0.062	
61	7	1	220	0.293	
61	7	1	200	0.277	
61	7	1	46	0.459	
61	7	1	46	0.459	
61	7	1	46	0.459	
62	7	1	250	0.047	
62	7	1	250	0.065	
62	7	1	137	0.042	
62	7	1	155	0.081	
62	7	1	122	0.058	
63	7	1	107	0.149	
63	7	1	172	0.161	
63	7	1	83	0.088	
63	7	1	75	0.129	
63	7	1	84	0.163	
64	7	1	78	0.094	
64	7	1	65	0.077	
64	7	1	66	0.144	
64	7	1	103	0.064	
64	7	1	60	0.145	
65	7	1	145	0.074	
65	7	1	51	0.408	
65	7	1	46	0.305	
65	7	1	46	0.269	
65	7	1	46	0.269	
66	7	1	75	0.127	
66	7	1	77	0.111	
66	7	1	62	0.130	
66	7	1	60	0.133	
66	7	1	65	0.107	
67	7	1	65	0.474	
67	7	1	60	0.486	
67	7	1	45	0.370	
67	7	1	45	0.370	
67	7	1	45	0.370	
68	7	1	148	0.213	
68	7	1	152	0.176	
68	7	1	138	0.204	
68	7	1	82	0.151	
68	7	1	123	0.139	
69	7	1	124	0.087	
69	7	1	107	0.115	
69	7	1	92	0.092	
69	7	1	83	0.076	
69	7	1	90	0.073	
70	7	1	83	0.121	
70	7	1	175	0.051	
70	7	1	67	0.142	
70	7	1	82	0.126	
70	7	1	57	0.200	
71	7	1	223	0.118	
71	7	1	126	0.150	
71	7	1	117	0.089	
71	7	1	157	0.085	
71	7	1	142	0.084	
72	7	1	54	0.272	
72	7	1	59	0.186	
72	7	1	46	0.259	
72	7	1	45	0.245	
72	7	1	46	0.211	
73	7	1	250	0.078	
73	7	1	219	0.097	
73	7	1	77	0.141	
73	7	1	98	0.052	
73	7	1	111	0.125	
74	7	1	250	0.190	
74	7	1	176	0.137	
74	7	1	84	0.132	
74	7	1	86	0.199	
74	7	1	137	0.190	
75	7	1	67	0.423	
75	7	1	61	0.474	
75	7	1	45	0.346	
75	7	1	45	0.346	
75	7	1	45	0.348	
76	7	1	250	0.104	
76	7	1	250	0.077	
76	7	1	98	0.129	
76	7	1	96	0.146	
76	7	1	129	0.110	
77	7	1	85	0.141	
77	7	1	108	0.138	
77	7	1	143	0.083	
77	7	1	108	0.193	
77	7	1	118	0.104	
78	7	1	250	0.079	
78	7	1	250	0.078	
78	7	1	107	0.111	
78	7	1	109	0.116	
78	7	1	162	0.059	
79	7	1	131	0.152	
79	7	1	128	0.089	
79	7	1	59	0.241	
79	7	1	50	0.221	
79	7	1	55	0.209	
80	7	1	216	0.115	
80	7	1	73	0.074	
80	7	1	63	0.088	
80	7	1	158	0.106	
80	7	1	73	0.102	
81	7	1	250	0.126	
81	7	1	250	0.118	
81	7	1	76	0.105	
81	7	1	89	0.135	
81	7	1	130	0.075	
82	7	1	154	0.049	
82	7	1	113	0.058	
82	7	1	123	0.045	
82	7	1	92	0.054	
82	7	1	87	0.069	
83	7	1	137	0.085	
83	7	1	105	0.148	
83	7	1	76	0.077	
83	7	1	52	0.231	
83	7	1	56	0.148	
84	7	1	191	0.078	
84	7	1	250	0.047	
84	7	1	154	0.051	
84	7	1	89	0.174	
84	7	1	174	0.048	
85	7	1	64	0.120	
85	7	1	204	0.117	
85	7	1	74	0.157	
85	7	1	43	0.110	
85	7	1	85	0.124	
86	7	1	250	0.060	
86	7	1	250	0.074	
86	7	1	35	0.119	
86	7	1	110	0.070	
86	7	1	104	0.052	
87	7	1	139	0.101	
87	7	1	163	0.155	
87	7	1	56	0.143	
87	7	1	55	0.186	
87	7	1	52	0.180	
88	7	1	136	0.072	
88	7	1	164	0.061	
88	7	1	52	0.183	
88	7	1	64	0.161	
88	7	1	62	0.112	
89	7	1	250	0.050	
89	7	1	250	0.076	
89	7	1	94	0.063	
89	7	1	108	0.088	
89	7	1	168	0.060	
90	7	1	194	0.128	
90	7	1	133	0.137	
90	7	1	51	0.243	
90	7	1	50	0.210	
90	7	1	54	0.196	
91	7	1	250	0.088	
91	7	1	250	0.060	
91	7	1	90	0.146	
91	7	1	112	0.186	
91	7	1	110	0.174	
92	7	1	159	0.135	
92	7	1	175	0.125	
92	7	1	149	0.114	
92	7	1	150	0.075	
92	7	1	101	0.137	
93	7	1	47	0.824	
93	7	1	47	0.824	
93	7	1	45	0.823	
93	7	1	45	0.823	
93	7	1	45	0.823	
94	7	1	48	0.443	
94	7	1	48	0.407	
94	7	1	45	0.392	
94	7	1	45	0.396	
94	7	1	45	0.392	
95	7	1	250	0.167	
95	7	1	250	0.090	
95	7	1	102	0.143	
95	7	1	108	0.140	
95	7	1	167	0.097	
96	7	1	250	0.108	
96	7	1	250	0.041	
96	7	1	157	0.095	
96	7	1	203	0.104	
96	7	1	145	0.143	
97	7	1	210	0.073	
97	7	1	190	0.099	
97	7	1	93	0.093	
97	7	1	98	0.044	
97	7	1	118	0.090	
98	7	1	250	0.063	
98	7	1	250	0.126	
98	7	1	146	0.133	
98	7	1	101	0.092	
98	7	1	114	0.146	
99	7	1	250	0.074	
99	7	1	249	0.121	
99	7	1	120	0.123	
99	7	1	137	0.066	
99	7	1	109	0.103	
100	7	1	119	0.110	
100	7	1	67	0.161	
100	7	1	143	0.091	
100	7	1	91	0.119	
100	7	1	105	0.088	
101	7	1	50	0.211	
101	7	1	50	0.184	
101	7	1	53	0.356	
101	7	1	56	0.374	
101	7	1	61	0.343	
102	7	1	216	0.075	
102	7	1	117	0.077	
102	7	1	48	0.172	
102	7	1	49	0.147	
102	7	1	50	0.103	
103	7	1	250	0.046	
103	7	1	250	0.096	
103	7	1	117	0.080	
103	7	1	124	0.085	
103	7	1	104	0.124	
104	7	1	250	0.094	
104	7	1	250	0.080	
104	7	1	97	0.070	
104	7	1	126	0.084	
104	7	1	187	0.047	
105	7	1	250	0.057	
105	7	1	250	0.063	
105	7	1	85	0.077	
105	7	1	96	0.076	
105	7	1	105	0.079	
106	7	1	192	0.065	
106	7	1	250	0.061	
106	7	1	146	0.088	
106	7	1	98	0.161	
106	7	1	234	0.103	
107	7	1	57	0.131	
107	7	1	69	0.141	
107	7	1	109	0.181	
107	7	1	78	0.110	
107	7	1	181	0.152	
108	7	1	129	0.160	
108	7	1	141	0.174	
108	7	1	104	0.177	
108	7	1	84	0.221	
108	7	1	122	0.162	
109	7	1	250	0.078	
109	7	1	250	0.087	
109	7	1	109	0.091	
109	7	1	160	0.093	
109	7	1	107	0.094	
110	7	1	137	0.078	
110	7	1	227	0.080	
110	7	1	115	0.111	
110	7	1	99	0.131	
110	7	1	97	0.144	
111	7	1	250	0.087	
111	7	1	250	0.059	
111	7	1	199	0.070	
111	7	1	125	0.086	
111	7	1	124	0.087	
112	7	1	250	0.051	
112	7	1	155	0.082	
112	7	1	90	0.086	
112	7	1	109	0.066	
112	7	1	123	0.058	
113	7	1	199	0.041	
113	7	1	147	0.048	
113	7	1	153	0.078	
113	7	1	107	0.048	
113	7	1	132	0.077	
114	7	1	250	0.070	
114	7	1	250	0.070	
114	7	1	152	0.091	
114	7	1	143	0.082	
114	7	1	105	0.088	
115	7	1	250	0.087	
115	7	1	250	0.088	
115	7	1	93	0.082	
115	7	1	145	0.091	
115	7	1	112	0.088	
116	7	1	194	0.141	
116	7	1	206	0.177	
116	7	1	97	0.181	
116	7	1	95	0.167	
116	7	1	125	0.188	
117	7	1	250	0.043	
117	7	1	250	0.043	
117	7	1	196	0.059	
117	7	1	176	0.074	
117	7	1	174	0.047	
118	7	1	250	0.059	
118	7	1	250	0.069	
118	7	1	104	0.090	
118	7	1	112	0.080	
118	7	1	89	0.050	
119	7	1	125	0.067	
119	7	1	108	0.087	
119	7	1	111	0.067	
119	7	1	80	0.120	
119	7	1	77	0.100	
120	7	1	250	0.081	
120	7	1	226	0.061	
120	7	1	112	0.104	
120	7	1	189	0.071	
120	7	1	105	0.086	
121	7	1	194	0.059	
121	7	1	134	0.076	
121	7	1	171	0.074	
121	7	1	101	0.084	
121	7	1	93	0.089	
122	7	1	105	0.067	
122	7	1	133	0.121	
122	7	1	73	0.116	
122	7	1	79	0.117	
122	7	1	96	0.176	
123	7	1	250	0.081	
123	7	1	250	0.053	
123	7	1	155	0.083	
123	7	1	126	0.119	
123	7	1	152	0.093	
124	7	1	193	0.133	
124	7	1	250	0.080	
124	7	1	106	0.103	
124	7	1	75	0.134	
124	7	1	150	0.063	
125	7	1	250	0.073	
125	7	1	250	0.103	
125	7	1	110	0.079	
125	7	1	137	0.070	
125	7	1	204	0.045	
126	7	1	250	0.079	
126	7	1	250	0.118	
126	7	1	92	0.092	
126	7	1	68	0.041	
126	7	1	127	0.090	
127	7	1	250	0.112	
127	7	1	250	0.058	
127	7	1	95	0.065	
127	7	1	157	0.068	
127	7	1	106	0.055	
128	7	1	49	0.215	
128	7	1	49	0.245	
128	7	1	131	0.119	
128	7	1	53	0.277	
128	7	1	53	0.278	
129	7	1	156	0.075	
129	7	1	151	0.071	
129	7	1	111	0.121	
129	7	1	75	0.155	
129	7	1	116	0.085	
130	7	1	250	0.075	
130	7	1	250	0.105	
130	7	1	135	0.137	
130	7	1	95	0.142	
130	7	1	124	0.145	
131	7	1	250	0.065	
131	7	1	250	0.053	
131	7	1	108	0.095	
131	7	1	111	0.072	
131	7	1	126	0.119	
132	7	1	223	0.072	
132	7	1	241	0.136	
132	7	1	94	0.102	
132	7	1	86	0.127	
132	7	1	83	0.120	
133	7	1	250	0.089	
133	7	1	250	0.074	
133	7	1	103	0.042	
133	7	1	121	0.047	
133	7	1	146	0.083	
134	7	1	105	0.110	
134	7	1	109	0.099	
134	7	1	74	0.121	
134	7	1	75	0.088	
134	7	1	86	0.080	
135	7	1	224	0.227	
135	7	1	77	0.232	
135	7	1	103	0.104	
135	7	1	187	0.256	
135	7	1	130	0.098	
136	7	1	211	0.062	
136	7	1	170	0.044	
136	7	1	143	0.086	
136	7	1	99	0.122	
136	7	1	137	0.063	
137	7	1	250	0.060	
137	7	1	250	0.077	
137	7	1	129	0.051	
137	7	1	131	0.076	
137	7	1	109	0.062	
138	7	1	250	0.068	
138	7	1	250	0.080	
138	7	1	111	0.085	
138	7	1	121	0.082	
138	7	1	144	0.050	
139	7	1	117	0.082	
139	7	1	103	0.127	
139	7	1	217	0.079	
139	7	1	229	0.071	
139	7	1	116	0.176	
140	7	1	250	0.087	
140	7	1	250	0.073	
140	7	1	144	0.090	
140	7	1	139	0.076	
140	7	1	175	0.042	
141	7	1	250	0.111	
141	7	1	250	0.125	
141	7	1	207	0.062	
141	7	1	113	0.088	
141	7	1	123	0.143	
142	7	1	139	0.122	
142	7	1	216	0.089	
142	7	1	83	0.081	
142	7	1	77	0.065	
142	7	1	89	0.072	
143	7	1	235	0.073	
143	7	1	182	0.066	
143	7	1	79	0.085	
143	7	1	114	0.075	
143	7	1	100	0.087	
144	7	1	195	0.098	
144	7	1	154	0.048	
144	7	1	97	0.048	
144	7	1	134	0.112	
144	7	1	108	0.113	
145	7	1	166	0.073	
145	7	1	250	0.055	
145	7	1	151	0.089	
145	7	1	118	0.060	
145	7	1	96	0.076	
146	7	1	84	0.115	
146	7	1	153	0.117	
146	7	1	95	0.106	
146	7	1	96	0.198	
146	7	1	78	0.186	
147	7	1	198	0.081	
147	7	1	176	0.111	
147	7	1	67	0.117	
147	7	1	64	0.135	
147	7	1	193	0.073	
148	7	1	192	0.094	
148	7	1	250	0.052	
148	7	1	101	0.093	
148	7	1	125	0.071	
148	7	1	109	0.094	
149	7	1	250	0.119	
149	7	1	250	0.120	
149	7	1	113	0.082	
149	7	1	81	0.123	
149	7	1	114	0.067	
150	7	1	130	0.070	
150	7	1	144	0.067	
150	7	1	162	0.090	
150	7	1	134	0.067	
150	7	1	97	0.120	
151	7	1	250	0.098	
151	7	1	140	0.092	
151	7	1	109	0.080	
151	7	1	123	0.096	
151	7	1	94	0.066	
152	7	1	120	0.119	
152	7	1	153	0.092	
152	7	1	69	0.077	
152	7	1	141	0.098	
152	7	1	123	0.094	
153	7	1	140	0.103	
153	7	1	89	0.107	
153	7	1	143	0.051	
153	7	1	200	0.045	
153	7	1	100	0.054	
154	7	1	186	0.046	
154	7	1	175	0.128	
154	7	1	112	0.099	
154	7	1	90	0.118	
154	7	1	104	0.098	
155	7	1	124	0.137	
155	7	1	124	0.080	
155	7	1	131	0.090	
155	7	1	79	0.110	
155	7	1	82	0.096	
156	7	1	68	0.256	
156	7	1	61	0.214	
156	7	1	118	0.174	
156	7	1	83	0.240	
156	7	1	71	0.281	
157	7	1	220	0.046	
157	7	1	192	0.066	
157	7	1	111	0.074	
157	7	1	112	0.071	
157	7	1	134	0.047	
158	7	1	250	0.063	
158	7	1	250	0.043	
158	7	1	148	0.049	
158	7	1	121	0.039	
158	7	1	115	0.065	
159	7	1	95	0.245	
159	7	1	126	0.085	
159	7	1	149	0.061	
159	7	1	129	0.072	
159	7	1	73	0.268	
160	7	1	242	0.064	
160	7	1	65	0.106	
160	7	1	142	0.054	
160	7	1	131	0.092	
160	7	1	94	0.106	
161	7	1	90	0.114	
161	7	1	233	0.119	
161	7	1	120	0.100	
161	7	1	155	0.132	
161	7	1	188	0.083	
162	7	1	250	0.066	
162	7	1	250	0.069	
162	7	1	98	0.098	
162	7	1	117	0.057	
162	7	1	123	0.051	
163	7	1	250	0.064	
163	7	1	250	0.072	
163	7	1	105	0.085	
163	7	1	93	0.077	
163	7	1	107	0.085	
164	7	1	217	0.055	
164	7	1	180	0.072	
164	7	1	182	0.082	
164	7	1	110	0.105	
164	7	1	139	0.100	
165	7	1	186	0.086	
165	7	1	250	0.063	
165	7	1	157	0.092	
165	7	1	159	0.082	
165	7	1	174	0.082	
166	7	1	135	0.112	
166	7	1	250	0.097	
166	7	1	105	0.128	
166	7	1	127	0.131	
166	7	1	110	0.104	
167	7	1	145	0.098	
167	7	1	124	0.044	
167	7	1	58	0.041	
167	7	1	76	0.050	
167	7	1	55	0.035	
168	7	1	250	0.047	
168	7	1	80	0.096	
168	7	1	250	0.042	
168	7	1	94	0.122	
168	7	1	195	0.064	
169	7	1	235	0.081	
169	7	1	135	0.062	
169	7	1	160	0.053	
169	7	1	97	0.048	
169	7	1	125	0.033	
170	7	1	230	0.061	
170	7	1	250	0.067	
170	7	1	87	0.056	
170	7	1	94	0.060	
170	7	1	137	0.072	
171	7	1	235	0.044	
171	7	1	250	0.054	
171	7	1	110	0.061	
171	7	1	152	0.066	
171	7	1	140	0.090	
172	7	1	250	0.069	
172	7	1	225	0.039	
172	7	1	166	0.092	
172	7	1	130	0.060	
172	7	1	163	0.045	
173	7	1	250	0.051	
173	7	1	250	0.040	
173	7	1	110	0.079	
173	7	1	135	0.083	
173	7	1	139	0.090	
174	7	1	66	0.148	
174	7	1	59	0.123	
174	7	1	63	0.165	
174	7	1	89	0.072	
174	7	1	66	0.158	
175	7	1	250	0.066	
175	7	1	250	0.084	
175	7	1	137	0.089	
175	7	1	108	0.076	
175	7	1	129	0.089	
176	7	1	250	0.050	
176	7	1	105	0.137	
176	7	1	135	0.125	
176	7	1	90	0.106	
176	7	1	92	0.073	
177	7	1	244	0.112	
177	7	1	250	0.102	
177	7	1	202	0.055	
177	7	1	151	0.081	
177	7	1	132	0.084	
178	7	1	250	0.089	
178	7	1	250	0.100	
178	7	1	93	0.064	
178	7	1	88	0.089	
178	7	1	156	0.062	
179	7	1	250	0.055	
179	7	1	250	0.051	
179	7	1	129	0.052	
179	7	1	85	0.080	
179	7	1	114	0.057	
180	7	1	185	0.057	
180	7	1	147	0.059	
180	7	1	75	0.100	
180	7	1	114	0.043	
180	7	1	81	0.075	
181	7	1	250	0.069	
181	7	1	205	0.089	
181	7	1	103	0.073	
181	7	1	108	0.074	
181	7	1	146	0.089	
182	7	1	250	0.058	
182	7	1	250	0.068	
182	7	1	194	0.051	
182	7	1	103	0.068	
182	7	1	123	0.086	
183	7	1	241	0.065	
183	7	1	113	0.052	
183	7	1	90	0.045	
183	7	1	129	0.087	
183	7	1	128	0.139	
184	7	1	250	0.090	
184	7	1	250	0.082	
184	7	1	108	0.103	
184	7	1	121	0.092	
184	7	1	94	0.080	
185	7	1	250	0.098	
185	7	1	250	0.060	
185	7	1	126	0.133	
185	7	1	98	0.098	
185	7	1	110	0.108	
186	7	1	250	0.058	
186	7	1	250	0.048	
186	7	1	111	0.058	
186	7	1	132	0.074	
186	7	1	129	0.091	
187	7	1	250	0.056	
187	7	1	211	0.096	
187	7	1	134	0.052	
187	7	1	175	0.049	
187	7	1	125	0.066	
188	7	1	250	0.235	
188	7	1	231	0.091	
188	7	1	152	0.081	
188	7	1	89	0.095	
188	7	1	139	0.083	
189	7	1	250	0.074	
189	7	1	243	0.084	
189	7	1	130	0.086	
189	7	1	86	0.103	
189	7	1	97	0.084	
190	7	1	250	0.050	
190	7	1	250	0.055	
190	7	1	164	0.034	
190	7	1	113	0.059	
190	7	1	104	0.057	
191	7	1	250	0.078	
191	7	1	250	0.093	
191	7	1	106	0.090	
191	7	1	124	0.086	
191	7	1	213	0.056	
192	7	1	250	0.052	
192	7	1	250	0.067	
192	7	1	182	0.038	
192	7	1	141	0.089	
192	7	1	74	0.046	
193	7	1	250	0.063	
193	7	1	250	0.120	
193	7	1	203	0.087	
193	7	1	88	0.103	
193	7	1	103	0.091	
194	7	1	104	0.104	
194	7	1	179	0.073	
194	7	1	109	0.086	
194	7	1	98	0.100	
194	7	1	119	0.076	
195	7	1	127	0.087	
195	7	1	112	0.086	
195	7	1	108	0.087	
195	7	1	130	0.089	
195	7	1	84	0.096	
196	7	1	162	0.082	
196	7	1	250	0.071	
196	7	1	162	0.095	
196	7	1	152	0.065	
196	7	1	83	0.095	
197	7	1	250	0.069	
197	7	1	250	0.100	
197	7	1	101	0.115	
197	7	1	116	0.151	
197	7	1	97	0.078	
198	7	1	250	0.123	
198	7	1	250	0.088	
198	7	1	127	0.084	
198	7	1	98	0.093	
198	7	1	105	0.081	
199	7	1	250	0.080	
199	7	1	250	0.067	
199	7	1	93	0.089	
199	7	1	70	0.089	
199	7	1	190	0.066	
200	7	1	250	0.076	
200	7	1	250	0.064	
200	7	1	85	0.100	
200	7	1	112	0.090	
200	7	1	180	0.075	
201	7	1	158	0.097	
201	7	1	198	0.073	
201	7	1	81	0.099	
201	7	1	109	0.109	
201	7	1	55	0.120	
202	7	1	250	0.086	
202	7	1	250	0.075	
202	7	1	84	0.190	
202	7	1	111	0.141	
202	7	1	118	0.111	
203	7	1	204	0.051	
203	7	1	250	0.036	
203	7	1	119	0.027	
203	7	1	69	0.059	
203	7	1	87	0.035	
204	7	1	250	0.065	
204	7	1	250	0.046	
204	7	1	115	0.090	
204	7	1	116	0.075	
204	7	1	94	0.116	
205	7	1	250	0.056	
205	7	1	250	0.088	
205	7	1	234	0.054	
205	7	1	120	0.087	
205	7	1	149	0.054	
206	7	1	250	0.064	
206	7	1	250	0.078	
206	7	1	90	0.064	
206	7	1	199	0.046	
206	7	1	126	0.096	
207	7	1	204	0.083	
207	7	1	90	0.101	
207	7	1	124	0.077	
207	7	1	234	0.028	
207	7	1	86	0.044	
208	7	1	113	0.060	
208	7	1	69	0.107	
208	7	1	98	0.076	
208	7	1	131	0.092	
208	7	1	95	0.070	
209	7	1	250	0.087	
209	7	1	250	0.092	
209	7	1	112	0.126	
209	7	1	135	0.134	
209	7	1	100	0.134	
210	7	1	140	0.091	
210	7	1	210	0.072	
210	7	1	93	0.059	
210	7	1	124	0.060	
210	7	1	102	0.100	
211	7	1	250	0.074	
211	7	1	250	0.072	
211	7	1	125	0.063	
211	7	1	143	0.050	
211	7	1	199	0.050	
212	7	1	65	0.117	
212	7	1	90	0.088	
212	7	1	62	0.144	
212	7	1	64	0.134	
212	7	1	61	0.137	
213	7	1	250	0.136	
213	7	1	250	0.089	
213	7	1	126	0.105	
213	7	1	110	0.086	
213	7	1	157	0.102	
214	7	1	250	0.062	
214	7	1	250	0.070	
214	7	1	90	0.075	
214	7	1	93	0.093	
214	7	1	94	0.055	
215	7	1	146	0.105	
215	7	1	242	0.102	
215	7	1	100	0.126	
215	7	1	116	0.123	
215	7	1	88	0.040	
216	7	1	250	0.081	
216	7	1	126	0.103	
216	7	1	93	0.098	
216	7	1	132	0.103	
216	7	1	98	0.095	
217	7	1	250	0.125	
217	7	1	250	0.139	
217	7	1	106	0.094	
217	7	1	125	0.090	
217	7	1	131	0.086	
218	7	1	213	0.047	
218	7	1	227	0.042	
218	7	1	126	0.070	
218	7	1	113	0.096	
218	7	1	93	0.092	
219	7	1	250	0.092	
219	7	1	250	0.057	
219	7	1	88	0.100	
219	7	1	110	0.086	
219	7	1	152	0.053	
220	7	1	182	0.058	
220	7	1	115	0.095	
220	7	1	65	0.055	
220	7	1	115	0.052	
220	7	1	80	0.061	
221	7	1	193	0.061	
221	7	1	191	0.058	
221	7	1	159	0.062	
221	7	1	122	0.046	
221	7	1	99	0.040	
222	7	1	183	0.080	
222	7	1	246	0.081	
222	7	1	189	0.096	
222	7	1	74	0.081	
222	7	1	128	0.070	
223	7	1	250	0.050	
223	7	1	219	0.076	
223	7	1	114	0.086	
223	7	1	110	0.110	
223	7	1	96	0.079	
224	7	1	205	0.100	
224	7	1	250	0.084	
224	7	1	185	0.099	
224	7	1	117	0.080	
224	7	1	122	0.101	
225	7	1	250	0.074	
225	7	1	250	0.065	
225	7	1	94	0.102	
225	7	1	113	0.076	
225	7	1	134	0.058	
226	7	1	102	0.089	
226	7	1	190	0.072	
226	7	1	169	0.075	
226	7	1	93	0.127	
226	7	1	76	0.143	
227	7	1	250	0.096	
227	7	1	250	0.093	
227	7	1	137	0.050	
227	7	1	97	0.132	
227	7	1	92	0.132	
228	7	1	123	0.037	
228	7	1	250	0.058	
228	7	1	128	0.069	
228	7	1	163	0.081	
228	7	1	75	0.058	
229	7	1	250	0.081	
229	7	1	250	0.052	
229	7	1	114	0.092	
229	7	1	105	0.087	
229	7	1	116	0.085	
230	7	1	250	0.098	
230	7	1	250	0.050	
230	7	1	194	0.063	
230	7	1	84	0.053	
230	7	1	115	0.059	
231	7	1	146	0.100	
231	7	1	146	0.096	
231	7	1	85	0.124	
231	7	1	77	0.154	
231	7	1	122	0.093	
232	7	1	250	0.068	
232	7	1	250	0.078	
232	7	1	93	0.097	
232	7	1	165	0.083	
232	7	1	113	0.090	
233	7	1	104	0.188	
233	7	1	85	0.235	
233	7	1	98	0.257	
233	7	1	105	0.294	
233	7	1	109	0.113	
234	7	1	250	0.091	
234	7	1	50	0.149	
234	7	1	99	0.077	
234	7	1	111	0.120	
234	7	1	211	0.071	
235	7	1	250	0.072	
235	7	1	250	0.067	
235	7	1	80	0.126	
235	7	1	128	0.097	
235	7	1	129	0.104	
236	7	1	116	0.117	
236	7	1	122	0.074	
236	7	1	123	0.101	
236	7	1	96	0.102	
236	7	1	160	0.059	
237	7	1	174	0.073	
237	7	1	64	0.120	
237	7	1	135	0.068	
237	7	1	75	0.075	
237	7	1	83	0.075	
238	7	1	250	0.107	
238	7	1	232	0.119	
238	7	1	117	0.093	
238	7	1	237	0.048	
238	7	1	151	0.071	
239	7	1	250	0.058	
239	7	1	232	0.060	
239	7	1	54	0.115	
239	7	1	112	0.060	
239	7	1	125	0.110	
240	7	1	250	0.125	
240	7	1	250	0.063	
240	7	1	107	0.137	
240	7	1	168	0.120	
240	7	1	135	0.155	
241	7	1	118	0.072	
241	7	1	250	0.093	
241	7	1	100	0.118	
241	7	1	120	0.061	
241	7	1	71	0.053	
242	7	1	250	0.078	
242	7	1	250	0.075	
242	7	1	138	0.057	
242	7	1	250	0.061	
242	7	1	117	0.074	
243	7	1	250	0.070	
243	7	1	250	0.041	
243	7	1	123	0.059	
243	7	1	118	0.062	
243	7	1	96	0.095	
244	7	1	250	0.097	
244	7	1	250	0.054	
244	7	1	108	0.034	
244	7	1	167	0.052	
244	7	1	189	0.071	
245	7	1	250	0.075	
245	7	1	250	0.054	
245	7	1	176	0.073	
245	7	1	115	0.076	
245	7	1	109	0.097	
246	7	1	250	0.053	
246	7	1	250	0.059	
246	7	1	201	0.066	
246	7	1	167	0.051	
246	7	1	110	0.074	
247	7	1	250	0.117	
247	7	1	209	0.071	
247	7	1	83	0.135	
247	7	1	124	0.076	
247	7	1	72	0.168	
248	7	1	233	0.086	
248	7	1	204	0.043	
248	7	1	177	0.056	
248	7	1	130	0.080	
248	7	1	145	0.079	
249	7	1	113	0.018	
249	7	1	250	0.083	
249	7	1	98	0.061	
249	7	1	233	0.023	
249	7	0	112	0.000	
250	7	1	250	0.026	
250	7	1	250	0.017	
250	7	1	113	0.055	
250	7	1	109	0.025	
250	7	1	129	0.015	
251	7	1	203	0.092	
251	7	1	191	0.078	
251	7	1	76	0.100	
251	7	1	127	0.085	
251	7	1	108	0.133	
252	7	1	156	0.084	
252	7	1	208	0.100	
252	7	1	156	0.082	
252	7	1	104	0.104	
252	7	1	111	0.072	
253	7	1	187	0.097	
253	7	1	246	0.076	
253	7	1	143	0.076	
253	7	1	127	0.083	
253	7	1	133	0.080	
254	7	1	250	0.040	
254	7	1	250	0.074	
254	7	1	105	0.093	
254	7	1	118	0.066	
254	7	1	168	0.060	
255	7	1	250	0.064	
255	7	1	250	0.079	
255	7	1	143	0.087	
255	7	1	74	0.068	
255	7	1	112	0.095	
256	7	1	250	0.062	
256	7	1	250	0.071	
256	7	1	102	0.091	
256	7	1	250	0.036	
256	7	1	111	0.061	
257	7	1	82	0.122	
257	7	1	76	0.171	
257	7	1	58	0.193	
257	7	1	55	0.191	
257	7	1	56	0.201	
258	7	1	250	0.066	
258	7	1	250	0.058	
258	7	1	100	0.059	
258	7	1	138	0.060	
258	7	1	102	0.077	
259	7	1	242	0.152	
259	7	1	170	0.106	
259	7	1	135	0.075	
259	7	1	74	0.102	
259	7	1	90	0.093	
260	7	1	250	0.065	
260	7	1	250	0.095	
260	7	1	108	0.050	
260	7	1	149	0.093	
260	7	1	109	0.051	
261	7	1	121	0.058	
261	7	1	78	0.087	
261	7	1	186	0.057	
261	7	1	88	0.120	
261	7	1	85	0.085	
262	7	1	88	0.079	
262	7	1	106	0.077	
262	7	1	93	0.088	
262	7	1	65	0.074	
262	7	1	111	0.101	
263	7	1	157	0.069	
263	7	1	250	0.065	
263	7	1	107	0.079	
263	7	1	230	0.069	
263	7	1	97	0.079	
264	7	1	250	0.087	
264	7	1	250	0.076	
264	7	1	110	0.053	
264	7	1	103	0.079	
264	7	1	123	0.048	
265	7	1	250	0.104	
265	7	1	250	0.108	
265	7	1	77	0.066	
265	7	1	170	0.062	
265	7	1	104	0.046	
266	7	1	250	0.046	
266	7	1	206	0.039	
266	7	1	188	0.057	
266	7	1	118	0.092	
266	7	1	121	0.096	
267	7	1	250	0.093	
267	7	1	250	0.116	
267	7	1	113	0.122	
267	7	1	179	0.068	
267	7	1	232	0.087	
268	7	1	250	0.082	
268	7	1	250	0.065	
268	7	1	137	0.044	
268	7	1	248	0.047	
268	7	1	139	0.075	
269	7	1	142	0.112	
269	7	1	170	0.102	
269	7	1	129	0.074	
269	7	1	107	0.092	
269	7	1	102	0.074	
270	7	1	203	0.119	
270	7	1	207	0.116	
270	7	1	65	0.140	
270	7	1	49	0.151	
270	7	1	69	0.101	
271	7	1	247	0.060	
271	7	1	181	0.073	
271	7	1	88	0.074	
271	7	1	80	0.106	
271	7	1	87	0.074	
272	7	1	250	0.056	
272	7	1	120	0.093	
272	7	1	68	0.010	
272	7	1	110	0.046	
272	7	1	182	0.021	
273	7	1	250	0.078	
273	7	1	250	0.078	
273	7	1	119	0.059	
273	7	1	207	0.082	
273	7	1	134	0.106	
274	7	1	250	0.097	
274	7	1	250	0.086	
274	7	1	139	0.131	
274	7	1	185	0.157	
274	7	1	110	0.150	
275	7	1	147	0.077	
275	7	1	243	0.038	
275	7	1	117	0.053	
275	7	1	81	0.050	
275	7	1	110	0.069	
276	7	1	250	0.056	
276	7	1	180	0.074	
276	7	1	142	0.082	
276	7	1	183	0.086	
276	7	1	159	0.068	
277	7	1	250	0.116	
277	7	1	250	0.133	
277	7	1	80	0.116	
277	7	1	92	0.043	
277	7	1	142	0.091	
278	7	1	181	0.112	
278	7	1	234	0.070	
278	7	1	207	0.075	
278	7	1	235	0.071	
278	7	1	111	0.126	
279	7	1	250	0.064	
279	7	1	250	0.055	
279	7	1	141	0.054	
279	7	1	118	0.051	
279	7	1	111	0.047	
280	7	1	250	0.108	
280	7	1	250	0.077	
280	7	1	119	0.093	
280	7	1	101	0.084	
280	7	1	114	0.088	
281	7	1	250	0.060	
281	7	1	250	0.042	
281	7	1	64	0.063	
281	7	1	211	0.045	
281	7	1	163	0.047	
282	7	1	250	0.036	
282	7	1	250	0.051	
282	7	1	120	0.083	
282	7	1	128	0.095	
282	7	1	127	0.088	
283	7	1	140	0.061	
283	7	1	172	0.051	
283	7	1	89	0.054	
283	7	1	92	0.066	
283	7	1	69	0.032	
284	7	1	220	0.078	
284	7	1	250	0.077	
284	7	1	210	0.058	
284	7	1	92	0.089	
284	7	1	141	0.101	
285	7	1	183	0.052	
285	7	1	231	0.069	
285	7	1	95	0.094	
285	7	1	105	0.082	
285	7	1	102	0.057	
286	7	1	249	0.056	
286	7	1	250	0.103	
286	7	1	130	0.078	
286	7	1	117	0.079	
286	7	1	123	0.058	
287	7	1	250	0.108	
287	7	1	250	0.052	
287	7	1	118	0.055	
287	7	1	123	0.062	
287	7	1	123	0.081	
288	7	1	39	0.074	
288	7	1	39	0.080	
288	7	1	84	0.079	
288	7	1	41	0.095	
288	7	1	83	0.063	
289	7	1	250	0.050	
289	7	1	250	0.106	
289	7	1	108	0.072	
289	7	1	169	0.054	
289	7	1	139	0.080	
290	7	1	250	0.045	
290	7	1	250	0.082	
290	7	1	129	0.077	
290	7	1	151	0.044	
290	7	1	108	0.123	
291	7	1	49	0.154	
291	7	1	54	0.147	
291	7	1	57	0.252	
291	7	1	57	0.252	
291	7	1	57	0.252	
292	7	1	250	0.094	
292	7	1	250	0.131	
292	7	1	135	0.098	
292	7	1	110	0.064	
292	7	1	89	0.097	
293	7	1	250	0.062	
293	7	1	250	0.075	
293	7	1	250	0.031	
293	7	1	160	0.057	
293	7	1	119	0.044	
294	7	1	250	0.076	
294	7	1	250	0.070	
294	7	1	104	0.071	
294	7	1	143	0.080	
294	7	1	179	0.051	
295	7	1	250	0.048	
295	7	1	135	0.098	
295	7	1	94	0.039	
295	7	1	145	0.085	
295	7	1	122	0.076	
296	7	1	250	0.077	
296	7	1	250	0.072	
296	7	1	153	0.067	
296	7	1	99	0.131	
296	7	1	211	0.050	
297	7	1	250	0.057	
297	7	1	250	0.050	
297	7	1	149	0.049	
297	7	1	162	0.050	
297	7	1	136	0.044	
298	7	1	250	0.060	
298	7	1	250	0.053	
298	7	1	140	0.060	
298	7	1	124	0.091	
298	7	1	85	0.095	
299	7	1	250	0.076	
299	7	1	250	0.085	
299	7	1	122	0.116	
299	7	1	137	0.088	
299	7	1	120	0.066	
0	8	1	88	0.097	
0	8	1	80	0.067	
0	8	1	92	0.132	
0	8	1	91	0.128	
0	8	1	87	0.141	
1	8	1	93	0.151	
1	8	1	174	0.175	
1	8	1	71	0.195	
1	8	1	67	0.225	
1	8	1	71	0.238	
2	8	1	250	0.189	
2	8	1	250	0.113	
2	8	1	148	0.057	
2	8	1	146	0.055	
2	8	1	154	0.058	
3	8	1	77	0.191	
3	8	1	71	0.175	
3	8	1	65	0.247	
3	8	1	62	0.267	
3	8	1	65	0.232	
4	8	1	223	0.074	
4	8	1	250	0.104	
4	8	1	102	0.065	
4	8	1	96	0.103	
4	8	1	101	0.128	
5	8	1	63	0.410	
5	8	1	63	0.438	
5	8	1	59	0.307	
5	8	1	59	0.307	
5	8	1	59	0.307	
6	8	1	129	0.158	
6	8	1	120	0.079	
6	8	1	78	0.150	
6	8	1	81	0.142	
6	8	1	88	0.172	
7	8	1	250	0.064	
7	8	1	175	0.102	
7	8	1	131	0.079	
7	8	1	128	0.066	
7	8	1	111	0.069	
8	8	1	94	0.103	
8	8	1	250	0.070	
8	8	1	86	0.090	
8	8	1	92	0.108	
8	8	1	96	0.091	
9	8	1	68	0.253	
9	8	1	68	0.302	
9	8	1	61	0.324	
9	8	1	61	0.327	
9	8	1	61	0.323	
10	8	1	72	0.228	
10	8	1	81	0.228	
10	8	1	71	0.226	
10	8	1	62	0.245	
10	8	1	62	0.235	
11	8	1	66	0.446	
11	8	1	67	0.415	
11	8	1	66	0.273	
11	8	1	66	0.272	
11	8	1	66	0.272	
12	8	1	241	0.157	
12	8	1	184	0.118	
12	8	1	91	0.130	
12	8	1	84	0.142	
12	8	1	90	0.173	
13	8	1	98	0.160	
13	8	1	112	0.085	
13	8	1	88	0.095	
13	8	1	84	0.091	
13	8	1	92	0.128	
14	8	1	79	0.280	
14	8	1	84	0.237	
14	8	1	68	0.213	
14	8	1	66	0.200	
14	8	1	65	0.260	
15	8	1	96	0.182	
15	8	1	87	0.169	
15	8	1	66	0.277	
15	8	1	64	0.280	
15	8	1	66	0.254	
16	8	1	250	0.080	
16	8	1	250	0.061	
16	8	1	65	0.123	
16	8	1	108	0.109	
16	8	1	111	0.094	
17	8	1	156	0.130	
17	8	1	250	0.053	
17	8	1	88	0.317	
17	8	1	78	0.381	
17	8	1	78	0.250	
18	8	1	63	0.283	
18	8	1	63	0.283	
18	8	1	60	0.297	
18	8	1	60	0.302	
18	8	1	60	0.297	
19	8	1	89	0.178	
19	8	1	92	0.150	
19	8	1	79	0.112	
19	8	1	74	0.191	
19	8	1	78	0.174	
20	8	1	131	0.079	
20	8	1	203	0.078	
20	8	1	67	0.311	
20	8	1	67	0.311	
20	8	1	74	0.343	
21	8	1	76	0.343	
21	8	1	72	0.289	
21	8	1	64	0.220	
21	8	1	64	0.264	
21	8	1	65	0.243	
22	8	1	119	0.150	
22	8	1	109	0.136	
22	8	1	74	0.143	
22	8	1	83	0.108	
22	8	1	81	0.144	
23	8	1	80	0.137	
23	8	1	82	0.134	
23	8	1	72	0.181	
23	8	1	75	0.170	
23	8	1	74	0.190	
24	8	1	125	0.115	
24	8	1	120	0.111	
24	8	1	78	0.159	
24	8	1	87	0.196	
24	8	1	88	0.181	
25	8	1	91	0.152	
25	8	1	86	0.168	
25	8	1	60	0.309	
25	8	1	60	0.309	
25	8	1	60	0.309	
26	8	1	116	0.189	
26	8	1	117	0.203	
26	8	1	68	0.193	
26	8	1	70	0.192	
26	8	1	69	0.192	
27	8	1	69	0.210	
27	8	1	69	0.210	
27	8	1	68	0.196	
27	8	1	68	0.196	
27	8	1	65	0.195	
28	8	1	64	0.281	
28	8	1	63	0.319	
28	8	1	65	0.302	
28	8	1	65	0.328	
28	8	1	66	0.330	
29	8	1	156	0.193	
29	8	1	165	0.211	
29	8	1	85	0.101	
29	8	1	71	0.066	
29	8	1	59	0.085	
30	8	1	183	0.189	
30	8	1	175	0.122	
30	8	1	100	0.117	
30	8	1	96	0.148	
30	8	1	95	0.136	
31	8	1	109	0.245	
31	8	1	72	0.285	
31	8	1	66	0.291	
31	8	1	67	0.272	
31	8	1	66	0.298	
32	8	1	69	0.183	
32	8	1	82	0.284	
32	8	1	62	0.288	
32	8	1	64	0.260	
32	8	1	61	0.298	
33	8	1	250	0.052	
33	8	1	250	0.051	
33	8	1	250	0.050	
33	8	1	165	0.052	
33	8	1	159	0.052	
34	8	1	81	0.286	
34	8	1	82	0.290	
34	8	1	66	0.209	
34	8	1	65	0.230	
34	8	1	66	0.209	
35	8	1	150	0.093	
35	8	1	190	0.061	
35	8	1	103	0.077	
35	8	1	102	0.080	
35	8	1	96	0.053	
36	8	1	91	0.278	
36	8	1	69	0.269	
36	8	1	61	0.242	
36	8	1	60	0.265	
36	8	1	60	0.209	
37	8	1	250	0.098	
37	8	1	250	0.061	
37	8	1	191	0.046	
37	8	1	83	0.112	
37	8	1	87	0.105	
38	8	1	75	0.109	
38	8	1	69	0.159	
38	8	1	99	0.112	
38	8	1	100	0.119	
38	8	1	99	0.115	
39	8	1	122	0.086	
39	8	1	128	0.085	
39	8	1	62	0.146	
39	8	1	66	0.157	
39	8	1	66	0.157	
40	8	1	63	0.567	
40	8	1	63	0.566	
40	8	1	59	0.376	
40	8	1	59	0.351	
40	8	1	59	0.351	
41	8	1	62	0.366	
41	8	1	62	0.366	
41	8	1	59	0.361	
41	8	1	59	0.336	
41	8	1	59	0.361	
42	8	1	62	0.665	
42	8	1	62	0.668	
42	8	1	59	0.638	
42	8	1	59	0.638	
42	8	1	59	0.638	
43	8	1	250	0.084	
43	8	1	231	0.048	
43	8	1	127	0.089	
43	8	1	101	0.130	
43	8	1	117	0.072	
44	8	1	250	0.113	
44	8	1	250	0.074	
44	8	1	152	0.047	
44	8	1	250	0.037	
44	8	1	160	0.068	
45	8	1	250	0.072	
45	8	1	73	0.124	
45	8	1	132	0.048	
45	8	1	146	0.061	
45	8	1	146	0.070	
46	8	1	250	0.100	
46	8	1	250	0.103	
46	8	1	84	0.065	
46	8	1	129	0.077	
46	8	1	65	0.117	
47	8	1	250	0.065	
47	8	1	186	0.071	
47	8	1	104	0.066	
47	8	1	102	0.062	
47	8	1	117	0.061	
48	8	1	250	0.072	
48	8	1	189	0.126	
48	8	1	94	0.127	
48	8	1	87	0.138	
48	8	1	94	0.089	
49	8	1	125	0.122	
49	8	1	199	0.190	
49	8	1	84	0.160	
49	8	1	79	0.184	
49	8	1	86	0.140	
50	8	1	64	0.233	
50	8	1	65	0.315	
50	8	1	68	0.245	
50	8	1	78	0.362	
50	8	1	66	0.304	
51	8	1	63	0.331	
51	8	1	67	0.318	
51	8	1	73	0.186	
51	8	1	69	0.206	
51	8	1	67	0.237	
52	8	1	183	0.073	
52	8	1	131	0.133	
52	8	1	68	0.290	
52	8	1	70	0.285	
52	8	1	76	0.219	
53	8	1	94	0.116	
53	8	0	82	0.014	
53	8	1	86	0.097	
53	8	1	88	0.154	
53	8	1	60	0.125	
54	8	1	98	0.390	
54	8	1	100	0.385	
54	8	1	63	0.305	
54	8	1	63	0.305	
54	8	1	70	0.307	
55	8	1	239	0.070	
55	8	1	250	0.084	
55	8	1	120	0.054	
55	8	1	123	0.045	
55	8	1	250	0.044	
56	8	1	63	0.233	
56	8	1	63	0.232	
56	8	1	66	0.329	
56	8	1	65	0.321	
56	8	1	80	0.238	
57	8	1	214	0.082	
57	8	1	179	0.087	
57	8	1	92	0.132	
57	8	1	101	0.129	
57	8	1	90	0.119	
58	8	1	250	0.309	
58	8	1	250	0.183	
58	8	1	96	0.100	
58	8	1	89	0.134	
58	8	1	100	0.108	
59	8	1	250	0.097	
59	8	1	250	0.085	
59	8	1	114	0.060	
59	8	1	129	0.067	
59	8	1	143	0.043	
60	8	1	250	0.053	
60	8	1	185	0.098	
60	8	1	126	0.069	
60	8	1	85	0.100	
60	8	1	154	0.067	
61	8	1	62	0.395	
61	8	1	62	0.395	
61	8	1	59	0.386	
61	8	1	59	0.389	
61	8	1	59	0.386	
62	8	1	250	0.051	
62	8	1	250	0.084	
62	8	1	118	0.024	
62	8	1	115	0.064	
62	8	1	128	0.069	
63	8	1	250	0.103	
63	8	1	175	0.065	
63	8	1	144	0.078	
63	8	1	156	0.054	
63	8	1	140	0.100	
64	8	1	81	0.137	
64	8	1	101	0.084	
64	8	1	68	0.154	
64	8	1	74	0.174	
64	8	1	69	0.165	
65	8	1	72	0.256	
65	8	1	72	0.253	
65	8	1	60	0.272	
65	8	1	60	0.280	
65	8	1	60	0.237	
66	8	1	250	0.132	
66	8	1	172	0.143	
66	8	1	250	0.177	
66	8	1	250	0.076	
66	8	1	250	0.061	
67	8	1	62	0.455	
67	8	1	62	0.455	
67	8	1	59	0.340	
67	8	1	59	0.341	
67	8	1	59	0.327	
68	8	1	98	0.218	
68	8	1	109	0.199	
68	8	1	66	0.207	
68	8	1	67	0.248	
68	8	1	67	0.251	
69	8	1	250	0.135	
69	8	1	250	0.058	
69	8	1	88	0.119	
69	8	1	80	0.049	
69	8	1	89	0.107	
70	8	1	124	0.129	
70	8	1	121	0.161	
70	8	1	77	0.200	
70	8	1	79	0.177	
70	8	1	79	0.180	
71	8	1	152	0.146	
71	8	1	112	0.130	
71	8	1	80	0.222	
71	8	1	88	0.145	
71	8	1	86	0.155	
72	8	1	85	0.182	
72	8	1	82	0.250	
72	8	1	66	0.265	
72	8	1	66	0.265	
72	8	1	61	0.262	
73	8	1	213	0.141	
73	8	1	250	0.215	
73	8	1	81	0.237	
73	8	1	76	0.229	
73	8	1	83	0.199	
74	8	1	250	0.069	
74	8	1	176	0.083	
74	8	1	241	0.182	
74	8	1	133	0.055	
74	8	1	76	0.092	
75	8	1	63	0.529	
75	8	1	63	0.561	
75	8	1	59	0.380	
75	8	1	59	0.409	
75	8	1	59	0.398	
76	8	1	250	0.079	
76	8	1	250	0.081	
76	8	1	94	0.146	
76	8	1	103	0.088	
76	8	1	94	0.169	
77	8	1	250	0.066	
77	8	1	162	0.065	
77	8	1	65	0.401	
77	8	1	69	0.269	
77	8	1	71	0.280	
78	8	1	235	0.076	
78	8	1	130	0.088	
78	8	1	171	0.076	
78	8	1	170	0.012	
78	8	1	79	0.062	
79	8	1	112	0.237	
79	8	1	70	0.289	
79	8	1	61	0.278	
79	8	1	67	0.221	
79	8	1	63	0.257	
80	8	1	130	0.102	
80	8	1	101	0.112	
80	8	1	83	0.144	
80	8	1	83	0.149	
80	8	1	88	0.157	
81	8	1	250	0.083	
81	8	1	250	0.032	
81	8	1	250	0.020	
81	8	1	173	0.067	
81	8	1	214	0.054	
82	8	1	190	0.108	
82	8	1	250	0.072	
82	8	1	144	0.062	
82	8	1	94	0.043	
82	8	1	119	0.062	
83	8	1	250	0.081	
83	8	1	250	0.072	
83	8	1	77	0.183	
83	8	1	70	0.176	
83	8	1	86	0.122	
84	8	1	123	0.218	
84	8	1	106	0.223	
84	8	1	61	0.251	
84	8	1	61	0.225	
84	8	1	62	0.217	
85	8	1	250	0.052	
85	8	1	206	0.061	
85	8	1	190	0.068	
85	8	1	197	0.029	
85	8	1	250	0.227	
86	8	1	192	0.100	
86	8	1	236	0.087	
86	8	1	108	0.064	
86	8	1	102	0.087	
86	8	1	102	0.089	
87	8	1	67	0.381	
87	8	1	68	0.374	
87	8	1	60	0.305	
87	8	1	60	0.313	
87	8	1	60	0.266	
88	8	1	145	0.242	
88	8	1	97	0.363	
88	8	1	60	0.212	
88	8	1	60	0.204	
88	8	1	60	0.223	
89	8	1	183	0.137	
89	8	1	174	0.141	
89	8	1	83	0.113	
89	8	1	93	0.111	
89	8	1	90	0.092	
90	8	1	63	0.278	
90	8	1	62	0.197	
90	8	1	65	0.249	
90	8	1	62	0.268	
90	8	1	63	0.240	
91	8	1	172	0.318	
91	8	1	165	0.311	
91	8	1	66	0.182	
91	8	1	66	0.155	
91	8	1	66	0.179	
92	8	1	250	0.072	
92	8	1	165	0.053	
92	8	1	153	0.066	
92	8	1	134	0.069	
92	8	1	151	0.069	
93	8	1	62	0.841	
93	8	1	62	0.841	
93	8	1	59	0.792	
93	8	1	59	0.792	
93	8	1	59	0.792	
94	8	1	62	0.437	
94	8	1	63	0.418	
94	8	1	59	0.394	
94	8	1	59	0.394	
94	8	1	59	0.394	
95	8	1	98	0.101	
95	8	1	91	0.123	
95	8	1	83	0.120	
95	8	1	84	0.126	
95	8	1	82	0.131	
96	8	1	84	0.202	
96	8	1	97	0.200	
96	8	1	81	0.166	
96	8	1	80	0.091	
96	8	1	75	0.161	
97	8	1	154	0.088	
97	8	1	152	0.105	
97	8	1	75	0.191	
97	8	1	78	0.151	
97	8	1	75	0.149	
98	8	1	250	0.076	
98	8	1	250	0.115	
98	8	1	103	0.113	
98	8	1	52	0.084	
98	8	1	102	0.137	
99	8	1	110	0.137	
99	8	1	91	0.097	
99	8	1	32	0.449	
99	8	1	87	0.146	
99	8	1	84	0.125	
100	8	1	147	0.202	
100	8	1	159	0.166	
100	8	1	67	0.208	
100	8	1	69	0.240	
100	8	1	69	0.242	
101	8	1	104	0.234	
101	8	1	116	0.161	
101	8	1	68	0.272	
101	8	1	61	0.260	
101	8	1	61	0.266	
102	8	1	187	0.128	
102	8	1	149	0.116	
102	8	1	68	0.198	
102	8	1	81	0.099	
102	8	1	74	0.139	
103	8	1	250	0.123	
103	8	1	250	0.108	
103	8	1	170	0.081	
103	8	1	160	0.085	
103	8	1	149	0.085	
104	8	1	250	0.101	
104	8	1	250	0.107	
104	8	1	81	0.085	
104	8	1	107	0.073	
104	8	1	106	0.079	
105	8	1	250	0.122	
105	8	1	250	0.089	
105	8	1	114	0.092	
105	8	1	107	0.102	
105	8	1	100	0.108	
106	8	1	228	0.082	
106	8	1	118	0.137	
106	8	1	88	0.201	
106	8	1	86	0.155	
106	8	1	88	0.156	
107	8	1	69	0.276	
107	8	1	72	0.273	
107	8	1	97	0.198	
107	8	1	95	0.208	
107	8	1	88	0.208	
108	8	1	72	0.230	
108	8	1	69	0.346	
108	8	1	60	0.298	
108	8	1	60	0.298	
108	8	1	60	0.298	
109	8	1	141	0.184	
109	8	1	151	0.111	
109	8	1	69	0.224	
109	8	1	70	0.156	
109	8	1	64	0.180	
110	8	1	191	0.110	
110	8	1	195	0.087	
110	8	1	83	0.180	
110	8	1	89	0.177	
110	8	1	93	0.114	
111	8	1	115	0.100	
111	8	1	130	0.101	
111	8	1	127	0.147	
111	8	1	121	0.145	
111	8	1	149	0.128	
112	8	1	250	0.088	
112	8	1	250	0.077	
112	8	1	110	0.075	
112	8	1	150	0.063	
112	8	1	189	0.050	
113	8	1	250	0.065	
113	8	1	250	0.063	
113	8	1	148	0.060	
113	8	1	139	0.057	
113	8	1	183	0.046	
114	8	1	106	0.086	
114	8	1	92	0.099	
114	8	1	102	0.131	
114	8	1	99	0.116	
114	8	1	104	0.095	
115	8	1	162	0.140	
115	8	1	220	0.057	
115	8	1	99	0.064	
115	8	1	100	0.082	
115	8	1	95	0.076	
116	8	1	78	0.310	
116	8	1	90	0.246	
116	8	1	73	0.216	
116	8	1	68	0.227	
116	8	1	67	0.238	
117	8	1	250	0.104	
117	8	1	100	0.108	
117	8	1	118	0.085	
117	8	1	112	0.112	
117	8	1	110	0.094	
118	8	1	180	0.119	
118	8	1	228	0.111	
118	8	1	103	0.086	
118	8	1	103	0.117	
118	8	1	111	0.094	
119	8	1	250	0.092	
119	8	1	250	0.135	
119	8	1	136	0.099	
119	8	1	121	0.073	
119	8	1	130	0.069	
120	8	1	250	0.057	
120	8	1	250	0.055	
120	8	1	97	0.054	
120	8	1	103	0.055	
120	8	1	100	0.052	
121	8	1	149	0.090	
121	8	1	173	0.118	
121	8	1	90	0.114	
121	8	1	92	0.083	
121	8	1	99	0.120	
122	8	1	64	0.234	
122	8	1	65	0.239	
122	8	1	71	0.188	
122	8	1	74	0.202	
122	8	1	73	0.181	
123	8	1	250	0.184	
123	8	1	250	0.064	
123	8	1	113	0.142	
123	8	1	105	0.130	
123	8	1	119	0.070	
124	8	1	82	0.121	
124	8	1	90	0.136	
124	8	1	95	0.151	
124	8	1	104	0.157	
124	8	1	96	0.124	
125	8	1	250	0.065	
125	8	1	250	0.077	
125	8	1	104	0.079	
125	8	1	105	0.119	
125	8	1	106	0.089	
126	8	1	250	0.075	
126	8	1	250	0.074	
126	8	1	144	0.100	
126	8	1	167	0.074	
126	8	1	160	0.077	
127	8	1	143	0.104	
127	8	1	163	0.118	
127	8	1	89	0.116	
127	8	1	83	0.120	
127	8	1	94	0.133	
128	8	1	66	0.217	
128	8	1	63	0.216	
128	8	1	61	0.206	
128	8	1	61	0.240	
128	8	1	61	0.241	
129	8	1	179	0.129	
129	8	1	163	0.133	
129	8	1	149	0.130	
129	8	1	135	0.087	
129	8	1	138	0.124	
130	8	1	168	0.047	
130	8	1	78	0.169	
130	8	1	80	0.175	
130	8	1	76	0.207	
130	8	1	83	0.228	
131	8	1	211	0.123	
131	8	1	186	0.116	
131	8	1	95	0.161	
131	8	1	87	0.128	
131	8	1	86	0.131	
132	8	1	90	0.120	
132	8	1	98	0.129	
132	8	1	78	0.132	
132	8	1	75	0.141	
132	8	1	85	0.133	
133	8	1	250	0.118	
133	8	1	250	0.076	
133	8	1	162	0.053	
133	8	1	196	0.104	
133	8	1	174	0.095	
134	8	1	76	0.168	
134	8	1	71	0.126	
134	8	1	107	0.164	
134	8	1	111	0.151	
134	8	1	115	0.084	
135	8	1	72	0.358	
135	8	1	62	0.246	
135	8	1	67	0.239	
135	8	1	62	0.257	
135	8	1	71	0.263	
136	8	1	250	0.066	
136	8	1	250	0.086	
136	8	1	159	0.056	
136	8	1	172	0.043	
136	8	1	137	0.069	
137	8	1	250	0.090	
137	8	1	250	0.099	
137	8	1	125	0.065	
137	8	1	157	0.088	
137	8	1	156	0.087	
138	8	1	250	0.070	
138	8	1	250	0.066	
138	8	1	250	0.058	
138	8	1	200	0.071	
138	8	1	231	0.074	
139	8	1	128	0.135	
139	8	1	250	0.054	
139	8	1	86	0.071	
139	8	1	82	0.122	
139	8	1	85	0.093	
140	8	1	179	0.056	
140	8	1	197	0.063	
140	8	1	109	0.063	
140	8	1	106	0.101	
140	8	1	107	0.086	
141	8	0	235	0.026	
141	8	1	250	0.075	
141	8	1	145	0.025	
141	8	1	169	0.070	
141	8	1	203	0.069	
142	8	1	123	0.080	
142	8	1	180	0.070	
142	8	1	75	0.087	
142	8	1	74	0.035	
142	8	1	79	0.074	
143	8	1	250	0.068	
143	8	1	250	0.087	
143	8	1	93	0.173	
143	8	1	91	0.091	
143	8	1	104	0.122	
144	8	1	215	0.106	
144	8	1	224	0.097	
144	8	1	118	0.061	
144	8	1	101	0.079	
144	8	1	106	0.059	
145	8	1	97	0.202	
145	8	1	85	0.144	
145	8	1	65	0.220	
145	8	1	71	0.218	
145	8	1	65	0.207	
146	8	1	64	0.278	
146	8	1	62	0.237	
146	8	1	63	0.253	
146	8	1	65	0.298	
146	8	1	65	0.298	
147	8	1	179	0.072	
147	8	1	250	0.060	
147	8	1	86	0.103	
147	8	1	87	0.096	
147	8	1	84	0.079	
148	8	1	250	0.078	
148	8	1	250	0.066	
148	8	1	140	0.064	
148	8	1	137	0.087	
148	8	1	142	0.061	
149	8	1	208	0.063	
149	8	1	250	0.066	
149	8	1	77	0.182	
149	8	1	77	0.191	
149	8	1	81	0.178	
150	8	1	250	0.054	
150	8	1	250	0.068	
150	8	1	124	0.107	
150	8	1	135	0.064	
150	8	1	158	0.065	
151	8	1	250	0.074	
151	8	1	250	0.070	
151	8	1	148	0.055	
151	8	1	159	0.067	
151	8	1	129	0.057	
152	8	1	250	0.067	
152	8	1	250	0.065	
152	8	1	107	0.073	
152	8	1	90	0.124	
152	8	1	89	0.103	
153	8	1	250	0.068	
153	8	1	250	0.085	
153	8	1	79	0.068	
153	8	1	79	0.056	
153	8	1	103	0.052	
154	8	1	250	0.074	
154	8	1	216	0.109	
154	8	1	71	0.158	
154	8	1	75	0.136	
154	8	1	74	0.173	
155	8	1	250	0.059	
155	8	1	160	0.088	
155	8	1	86	0.132	
155	8	1	89	0.150	
155	8	1	83	0.150	
156	8	1	66	0.204	
156	8	1	71	0.242	
156	8	1	68	0.254	
156	8	1	69	0.271	
156	8	1	68	0.254	
157	8	1	250	0.048	
157	8	1	250	0.044	
157	8	1	98	0.104	
157	8	1	98	0.110	
157	8	1	54	0.096	
158	8	1	250	0.058	
158	8	1	250	0.111	
158	8	1	148	0.072	
158	8	1	159	0.048	
158	8	1	135	0.083	
159	8	1	180	0.097	
159	8	1	92	0.236	
159	8	1	61	0.367	
159	8	1	61	0.336	
159	8	1	61	0.367	
160	8	1	250	0.057	
160	8	1	250	0.066	
160	8	1	164	0.067	
160	8	1	164	0.068	
160	8	1	175	0.058	
161	8	1	61	0.308	
161	8	1	61	0.243	
161	8	1	61	0.218	
161	8	1	63	0.238	
161	8	1	61	0.248	
162	8	1	250	0.077	
162	8	1	250	0.077	
162	8	1	180	0.061	
162	8	1	134	0.078	
162	8	1	150	0.069	
163	8	1	250	0.079	
163	8	1	150	0.118	
163	8	1	133	0.075	
163	8	1	118	0.080	
163	8	1	136	0.086	
164	8	1	250	0.070	
164	8	1	250	0.070	
164	8	1	159	0.044	
164	8	1	173	0.177	
164	8	1	175	0.075	
165	8	1	196	0.066	
165	8	1	218	0.064	
165	8	1	104	0.082	
165	8	1	106	0.093	
165	8	1	100	0.090	
166	8	1	250	0.061	
166	8	1	250	0.080	
166	8	1	124	0.080	
166	8	1	135	0.069	
166	8	1	132	0.075	
167	8	1	204	0.075	
167	8	0	207	0.024	
167	8	1	80	0.047	
167	8	1	86	0.038	
167	8	1	89	0.039	
168	8	1	250	0.166	
168	8	1	250	0.113	
168	8	1	111	0.086	
168	8	1	112	0.137	
168	8	1	105	0.128	
169	8	1	196	0.044	
169	8	1	250	0.052	
169	8	1	137	0.072	
169	8	1	113	0.063	
169	8	1	115	0.048	
170	8	1	250	0.076	
170	8	1	250	0.075	
170	8	1	97	0.145	
170	8	1	93	0.130	
170	8	1	91	0.129	
171	8	1	93	0.116	
171	8	1	94	0.096	
171	8	1	102	0.104	
171	8	1	98	0.120	
171	8	1	100	0.117	
172	8	1	250	0.042	
172	8	1	250	0.069	
172	8	1	104	0.060	
172	8	1	102	0.065	
172	8	1	103	0.056	
173	8	1	250	0.098	
173	8	1	250	0.090	
173	8	1	122	0.073	
173	8	1	110	0.108	
173	8	1	123	0.078	
174	8	1	137	0.084	
174	8	1	250	0.062	
174	8	1	89	0.107	
174	8	1	89	0.128	
174	8	1	94	0.127	
175	8	1	184	0.092	
175	8	1	56	0.104	
175	8	1	112	0.072	
175	8	1	50	0.117	
175	8	1	101	0.050	
176	8	1	152	0.066	
176	8	1	182	0.075	
176	8	1	105	0.102	
176	8	1	105	0.082	
176	8	1	102	0.099	
177	8	1	183	0.158	
177	8	1	162	0.159	
177	8	1	96	0.140	
177	8	1	105	0.190	
177	8	1	105	0.121	
178	8	1	250	0.077	
178	8	1	239	0.057	
178	8	1	103	0.111	
178	8	1	98	0.120	
178	8	1	100	0.117	
179	8	1	250	0.206	
179	8	1	250	0.201	
179	8	1	136	0.059	
179	8	1	129	0.075	
179	8	1	130	0.071	
180	8	1	108	0.076	
180	8	1	250	0.043	
180	8	1	124	0.088	
180	8	1	113	0.093	
180	8	1	113	0.090	
181	8	1	250	0.070	
181	8	1	250	0.080	
181	8	1	115	0.077	
181	8	1	156	0.070	
181	8	1	170	0.074	
182	8	1	250	0.103	
182	8	1	250	0.082	
182	8	1	113	0.056	
182	8	1	250	0.065	
182	8	1	105	0.088	
183	8	1	228	0.116	
183	8	1	250	0.091	
183	8	1	99	0.102	
183	8	1	114	0.126	
183	8	1	109	0.126	
184	8	1	250	0.078	
184	8	1	250	0.067	
184	8	1	145	0.073	
184	8	1	132	0.077	
184	8	1	157	0.067	
185	8	1	250	0.069	
185	8	1	250	0.065	
185	8	1	89	0.090	
185	8	1	113	0.076	
185	8	1	111	0.093	
186	8	1	250	0.033	
186	8	1	250	0.063	
186	8	1	99	0.137	
186	8	1	105	0.074	
186	8	1	61	0.095	
187	8	1	250	0.136	
187	8	1	250	0.080	
187	8	1	119	0.071	
187	8	1	250	0.062	
187	8	1	250	0.061	
188	8	1	250	0.063	
188	8	1	250	0.067	
188	8	1	114	0.088	
188	8	1	112	0.066	
188	8	1	118	0.074	
189	8	1	250	0.074	
189	8	1	250	0.073	
189	8	1	125	0.055	
189	8	1	137	0.061	
189	8	1	135	0.057	
190	8	1	250	0.068	
190	8	1	250	0.131	
190	8	1	234	0.086	
190	8	1	203	0.085	
190	8	1	169	0.083	
191	8	1	237	0.055	
191	8	1	250	0.072	
191	8	1	148	0.060	
191	8	1	147	0.067	
191	8	1	154	0.058	
192	8	1	250	0.082	
192	8	1	250	0.137	
192	8	1	49	0.091	
192	8	1	134	0.079	
192	8	1	55	0.099	
193	8	1	250	0.081	
193	8	1	81	0.110	
193	8	1	138	0.105	
193	8	1	135	0.105	
193	8	1	134	0.077	
194	8	1	250	0.068	
194	8	1	250	0.051	
194	8	1	145	0.072	
194	8	1	174	0.064	
194	8	1	145	0.093	
195	8	1	250	0.057	
195	8	0	219	0.027	
195	8	1	139	0.072	
195	8	1	160	0.061	
195	8	1	136	0.061	
196	8	1	250	0.074	
196	8	0	217	0.026	
196	8	1	181	0.070	
196	8	1	188	0.062	
196	8	1	93	0.073	
197	8	1	250	0.065	
197	8	1	250	0.057	
197	8	1	112	0.140	
197	8	1	107	0.137	
197	8	1	97	0.094	
198	8	1	150	0.089	
198	8	1	172	0.079	
198	8	1	85	0.139	
198	8	1	89	0.139	
198	8	1	90	0.091	
199	8	1	250	0.051	
199	8	1	250	0.035	
199	8	1	136	0.075	
199	8	1	126	0.048	
199	8	1	126	0.076	
200	8	1	250	0.114	
200	8	1	250	0.110	
200	8	1	120	0.082	
200	8	1	250	0.059	
200	8	1	110	0.055	
201	8	1	250	0.033	
201	8	1	250	0.052	
201	8	1	152	0.069	
201	8	1	160	0.055	
201	8	1	166	0.046	
202	8	1	82	0.130	
202	8	1	73	0.127	
202	8	1	78	0.169	
202	8	1	82	0.167	
202	8	1	77	0.162	
203	8	1	249	0.117	
203	8	1	250	0.068	
203	8	1	88	0.066	
203	8	1	81	0.103	
203	8	1	86	0.126	
204	8	1	250	0.085	
204	8	1	221	0.106	
204	8	1	208	0.060	
204	8	1	188	0.063	
204	8	1	212	0.067	
205	8	1	250	0.075	
205	8	1	250	0.149	
205	8	1	147	0.078	
205	8	1	192	0.078	
205	8	1	137	0.080	
206	8	1	250	0.065	
206	8	1	250	0.065	
206	8	1	116	0.043	
206	8	1	202	0.063	
206	8	1	178	0.067	
207	8	1	250	0.065	
207	8	1	250	0.091	
207	8	1	123	0.100	
207	8	1	95	0.125	
207	8	1	118	0.114	
208	8	1	250	0.062	
208	8	1	250	0.085	
208	8	1	159	0.073	
208	8	1	125	0.083	
208	8	1	149	0.062	
209	8	1	228	0.080	
209	8	1	250	0.059	
209	8	1	103	0.130	
209	8	1	94	0.110	
209	8	1	96	0.147	
210	8	1	192	0.041	
210	8	1	250	0.082	
210	8	1	123	0.133	
210	8	1	137	0.075	
210	8	1	118	0.082	
211	8	1	250	0.079	
211	8	1	250	0.079	
211	8	1	100	0.086	
211	8	1	102	0.078	
211	8	1	101	0.098	
212	8	1	160	0.075	
212	8	1	115	0.113	
212	8	1	94	0.059	
212	8	1	96	0.062	
212	8	1	93	0.054	
213	8	1	250	0.075	
213	8	1	250	0.096	
213	8	1	100	0.094	
213	8	1	102	0.100	
213	8	1	95	0.106	
214	8	1	250	0.069	
214	8	1	250	0.051	
214	8	1	142	0.096	
214	8	1	129	0.094	
214	8	1	130	0.105	
215	8	1	117	0.125	
215	8	1	250	0.079	
215	8	1	131	0.066	
215	8	1	128	0.088	
215	8	1	106	0.094	
216	8	1	133	0.159	
216	8	1	177	0.121	
216	8	1	93	0.114	
216	8	1	92	0.126	
216	8	1	83	0.145	
217	8	1	250	0.081	
217	8	1	250	0.071	
217	8	1	157	0.066	
217	8	1	157	0.080	
217	8	1	147	0.071	
218	8	1	250	0.068	
218	8	1	250	0.091	
218	8	1	167	0.092	
218	8	1	166	0.047	
218	8	1	152	0.082	
219	8	1	250	0.073	
219	8	1	250	0.082	
219	8	1	250	0.051	
219	8	1	245	0.064	
219	8	1	225	0.052	
220	8	1	177	0.044	
220	8	1	165	0.029	
220	8	1	84	0.072	
220	8	1	81	0.053	
220	8	1	76	0.054	
221	8	1	250	0.082	
221	8	1	250	0.110	
221	8	1	90	0.060	
221	8	1	107	0.058	
221	8	1	100	0.066	
222	8	1	53	0.091	
222	8	1	250	0.072	
222	8	1	109	0.105	
222	8	1	98	0.117	
222	8	1	117	0.063	
223	8	1	250	0.068	
223	8	1	250	0.069	
223	8	1	139	0.073	
223	8	1	147	0.068	
223	8	1	129	0.094	
224	8	1	250	0.052	
224	8	1	250	0.076	
224	8	1	110	0.076	
224	8	1	102	0.083	
224	8	1	109	0.092	
225	8	1	250	0.151	
225	8	1	250	0.082	
225	8	1	70	0.098	
225	8	1	76	0.084	
225	8	1	74	0.072	
226	8	1	250	0.079	
226	8	1	250	0.066	
226	8	1	85	0.083	
226	8	1	81	0.138	
226	8	1	89	0.068	
227	8	1	250	0.067	
227	8	0	168	0.007	
227	8	1	115	0.045	
227	8	1	118	0.054	
227	8	1	171	0.075	
228	8	1	250	0.088	
228	8	1	250	0.118	
228	8	1	114	0.106	
228	8	1	77	0.128	
228	8	1	81	0.131	
229	8	1	250	0.079	
229	8	1	250	0.046	
229	8	1	132	0.076	
229	8	1	134	0.085	
229	8	1	139	0.086	
230	8	1	250	0.062	
230	8	1	250	0.061	
230	8	1	135	0.100	
230	8	1	138	0.068	
230	8	1	138	0.054	
231	8	1	195	0.108	
231	8	1	183	0.092	
231	8	1	92	0.162	
231	8	1	89	0.194	
231	8	1	90	0.132	
232	8	1	250	0.136	
232	8	1	250	0.084	
232	8	1	94	0.085	
232	8	1	97	0.122	
232	8	1	87	0.113	
233	8	1	101	0.165	
233	8	1	89	0.151	
233	8	1	60	0.328	
233	8	1	60	0.275	
233	8	1	61	0.315	
234	8	1	250	0.087	
234	8	1	149	0.098	
234	8	1	138	0.113	
234	8	1	123	0.080	
234	8	1	135	0.102	
235	8	1	250	0.098	
235	8	1	250	0.083	
235	8	1	147	0.058	
235	8	1	122	0.083	
235	8	1	143	0.083	
236	8	1	250	0.073	
236	8	1	250	0.078	
236	8	1	98	0.161	
236	8	1	102	0.101	
236	8	1	101	0.120	
237	8	1	250	0.063	
237	8	1	250	0.042	
237	8	1	250	0.097	
237	8	1	207	0.035	
237	8	1	250	0.091	
238	8	1	126	0.093	
238	8	1	221	0.080	
238	8	1	102	0.111	
238	8	1	99	0.098	
238	8	1	107	0.063	
239	8	1	250	0.122	
239	8	1	219	0.191	
239	8	1	113	0.077	
239	8	1	110	0.098	
239	8	1	108	0.123	
240	8	1	129	0.128	
240	8	1	143	0.147	
240	8	1	80	0.105	
240	8	1	85	0.148	
240	8	1	84	0.171	
241	8	1	250	0.085	
241	8	1	164	0.103	
241	8	1	70	0.078	
241	8	1	79	0.070	
241	8	1	69	0.069	
242	8	1	250	0.072	
242	8	1	250	0.075	
242	8	1	140	0.078	
242	8	1	115	0.070	
242	8	1	136	0.100	
243	8	1	250	0.107	
243	8	1	250	0.122	
243	8	1	148	0.065	
243	8	1	83	0.104	
243	8	1	147	0.054	
244	8	1	135	0.073	
244	8	1	250	0.100	
244	8	1	224	0.050	
244	8	1	250	0.136	
244	8	1	250	0.053	
245	8	1	250	0.074	
245	8	1	194	0.076	
245	8	1	125	0.040	
245	8	1	129	0.077	
245	8	1	108	0.086	
246	8	1	250	0.078	
246	8	1	250	0.082	
246	8	1	174	0.067	
246	8	1	161	0.051	
246	8	1	155	0.055	
247	8	1	106	0.175	
247	8	1	109	0.109	
247	8	1	71	0.233	
247	8	1	67	0.206	
247	8	1	67	0.218	
248	8	1	250	0.070	
248	8	1	250	0.063	
248	8	1	161	0.071	
248	8	1	91	0.085	
248	8	1	153	0.058	
249	8	1	209	0.113	
249	8	1	185	0.133	
249	8	1	95	0.075	
249	8	1	57	0.085	
249	8	1	92	0.051	
250	8	1	250	0.065	
250	8	1	250	0.063	
250	8	1	161	0.047	
250	8	1	176	0.055	
250	8	1	166	0.060	
251	8	1	250	0.077	
251	8	1	250	0.061	
251	8	1	115	0.074	
251	8	1	102	0.096	
251	8	1	123	0.072	
252	8	1	250	0.066	
252	8	1	250	0.065	
252	8	1	142	0.074	
252	8	1	134	0.076	
252	8	1	133	0.070	
253	8	1	250	0.055	
253	8	1	250	0.057	
253	8	1	181	0.082	
253	8	1	166	0.063	
253	8	1	119	0.068	
254	8	1	225	0.084	
254	8	1	215	0.081	
254	8	1	95	0.119	
254	8	1	91	0.111	
254	8	1	91	0.129	
255	8	1	250	0.039	
255	8	1	250	0.079	
255	8	1	120	0.098	
255	8	1	107	0.097	
255	8	1	107	0.098	
256	8	1	250	0.073	
256	8	1	250	0.060	
256	8	1	152	0.057	
256	8	1	150	0.055	
256	8	1	167	0.053	
257	8	1	108	0.119	
257	8	1	116	0.113	
257	8	1	73	0.173	
257	8	1	73	0.168	
257	8	1	74	0.164	
258	8	1	112	0.061	
258	8	1	94	0.064	
258	8	1	98	0.069	
258	8	1	94	0.068	
258	8	1	69	0.057	
259	8	1	149	0.103	
259	8	1	170	0.068	
259	8	1	95	0.114	
259	8	1	97	0.107	
259	8	1	95	0.110	
260	8	1	250	0.150	
260	8	1	250	0.115	
260	8	1	218	0.059	
260	8	1	215	0.044	
260	8	1	207	0.055	
261	8	1	250	0.052	
261	8	1	250	0.058	
261	8	1	250	0.038	
261	8	1	250	0.039	
261	8	1	250	0.042	
262	8	1	250	0.054	
262	8	1	250	0.082	
262	8	1	157	0.056	
262	8	1	189	0.056	
262	8	1	148	0.045	
263	8	1	250	0.082	
263	8	1	250	0.079	
263	8	1	132	0.080	
263	8	1	135	0.124	
263	8	1	140	0.109	
264	8	1	250	0.080	
264	8	1	250	0.122	
264	8	1	155	0.050	
264	8	1	250	0.013	
264	8	1	198	0.036	
265	8	1	250	0.103	
265	8	1	250	0.069	
265	8	1	142	0.084	
265	8	1	133	0.077	
265	8	1	144	0.094	
266	8	1	250	0.081	
266	8	1	250	0.076	
266	8	1	127	0.106	
266	8	1	149	0.087	
266	8	1	130	0.108	
267	8	1	250	0.066	
267	8	1	250	0.075	
267	8	1	148	0.084	
267	8	1	160	0.081	
267	8	1	148	0.054	
268	8	1	250	0.055	
268	8	1	250	0.062	
268	8	1	233	0.042	
268	8	1	240	0.041	
268	8	1	250	0.042	
269	8	1	250	0.064	
269	8	1	250	0.068	
269	8	1	136	0.075	
269	8	1	127	0.077	
269	8	1	123	0.054	
270	8	1	137	0.061	
270	8	1	147	0.122	
270	8	1	70	0.159	
270	8	1	71	0.132	
270	8	1	66	0.162	
271	8	1	250	0.076	
271	8	1	250	0.054	
271	8	1	161	0.029	
271	8	1	176	0.035	
271	8	1	154	0.047	
272	8	1	250	0.520	
272	8	1	250	0.511	
272	8	1	92	0.057	
272	8	1	198	0.051	
272	8	1	81	0.055	
273	8	1	250	0.069	
273	8	1	64	0.091	
273	8	1	148	0.061	
273	8	1	141	0.057	
273	8	1	155	0.055	
274	8	1	250	0.066	
274	8	1	250	0.057	
274	8	1	113	0.069	
274	8	1	102	0.075	
274	8	1	120	0.055	
275	8	1	250	0.092	
275	8	1	199	0.050	
275	8	1	103	0.056	
275	8	1	107	0.067	
275	8	1	89	0.066	
276	8	1	250	0.080	
276	8	1	250	0.042	
276	8	1	153	0.051	
276	8	1	191	0.064	
276	8	1	165	0.064	
277	8	1	250	0.059	
277	8	1	250	0.052	
277	8	1	113	0.069	
277	8	1	123	0.094	
277	8	1	123	0.119	
278	8	1	250	0.065	
278	8	1	250	0.073	
278	8	1	230	0.038	
278	8	1	176	0.071	
278	8	1	206	0.061	
279	8	1	250	0.079	
279	8	1	250	0.117	
279	8	1	150	0.076	
279	8	1	150	0.070	
279	8	1	152	0.062	
280	8	1	250	0.171	
280	8	1	250	0.071	
280	8	1	117	0.090	
280	8	1	105	0.032	
280	8	1	111	0.118	
281	8	1	250	0.055	
281	8	1	250	0.077	
281	8	1	183	0.064	
281	8	1	173	0.063	
281	8	1	190	0.076	
282	8	1	242	0.075	
282	8	1	250	0.089	
282	8	1	163	0.042	
282	8	1	172	0.047	
282	8	1	184	0.058	
283	8	1	104	0.083	
283	8	1	78	0.083	
283	8	1	58	0.045	
283	8	1	63	0.060	
283	8	1	55	0.069	
284	8	1	250	0.067	
284	8	1	250	0.068	
284	8	1	250	0.100	
284	8	1	250	0.095	
284	8	1	250	0.065	
285	8	1	250	0.067	
285	8	1	250	0.075	
285	8	1	167	0.038	
285	8	1	172	0.068	
285	8	1	182	0.048	
286	8	1	103	0.089	
286	8	1	97	0.089	
286	8	1	103	0.101	
286	8	1	101	0.101	
286	8	1	106	0.104	
287	8	1	250	0.070	
287	8	1	250	0.084	
287	8	1	250	0.048	
287	8	1	248	0.050	
287	8	1	250	0.050	
288	8	1	99	0.064	
288	8	1	54	0.102	
288	8	1	97	0.078	
288	8	1	100	0.092	
288	8	1	98	0.067	
289	8	1	250	0.121	
289	8	1	250	0.150	
289	8	1	107	0.087	
289	8	1	108	0.079	
289	8	1	106	0.148	
290	8	1	250	0.108	
290	8	1	250	0.081	
290	8	1	125	0.112	
290	8	1	135	0.127	
290	8	1	135	0.122	
291	8	1	108	0.103	
291	8	1	107	0.100	
291	8	1	66	0.260	
291	8	1	66	0.271	
291	8	1	65	0.279	
292	8	1	209	0.083	
292	8	1	237	0.127	
292	8	1	85	0.106	
292	8	1	94	0.111	
292	8	1	98	0.105	
293	8	1	250	0.095	
293	8	1	250	0.064	
293	8	1	195	0.074	
293	8	1	183	0.059	
293	8	1	196	0.082	
294	8	1	250	0.061	
294	8	1	250	0.059	
294	8	1	164	0.066	
294	8	1	142	0.054	
294	8	1	153	0.051	
295	8	1	250	0.101	
295	8	1	236	0.075	
295	8	1	94	0.082	
295	8	1	94	0.115	
295	8	1	92	0.062	
296	8	1	225	0.096	
296	8	1	235	0.085	
296	8	1	120	0.057	
296	8	1	117	0.088	
296	8	1	114	0.060	
297	8	1	250	0.066	
297	8	1	250	0.056	
297	8	1	250	0.056	
297	8	1	250	0.050	
297	8	1	250	0.049	
298	8	1	250	0.132	
298	8	1	250	0.089	
298	8	1	142	0.054	
298	8	1	148	0.058	
298	8	1	139	0.077	
299	8	1	250	0.092	
299	8	1	250	0.073	
299	8	1	174	0.053	
299	8	1	159	0.064	
299	8	1	175	0.051	
0	9	1	121	0.074	
0	9	1	143	0.193	
0	9	1	80	0.144	
0	9	1	87	0.190	
0	9	1	87	0.163	
1	9	0	134	0.034	
1	9	1	235	0.107	
1	9	1	86	0.190	
1	9	1	79	0.157	
1	9	1	95	0.192	
2	9	1	250	0.100	
2	9	1	250	0.080	
2	9	1	134	0.063	
2	9	1	153	0.046	
2	9	1	60	0.105	
3	9	1	88	0.235	
3	9	1	91	0.158	
3	9	1	70	0.243	
3	9	1	69	0.198	
3	9	1	68	0.215	
4	9	1	250	0.129	
4	9	1	250	0.157	
4	9	1	117	0.084	
4	9	1	133	0.055	
4	9	1	136	0.048	
5	9	1	72	0.457	
5	9	1	72	0.457	
5	9	1	68	0.295	
5	9	1	68	0.295	
5	9	1	68	0.295	
6	9	1	250	0.076	
6	9	1	250	0.071	
6	9	1	201	0.112	
6	9	1	226	0.050	
6	9	1	217	0.080	
7	9	1	250	0.095	
7	9	1	250	0.041	
7	9	1	73	0.095	
7	9	1	86	0.116	
7	9	1	79	0.068	
8	9	1	250	0.074	
8	9	1	176	0.086	
8	9	1	87	0.138	
8	9	1	87	0.142	
8	9	1	89	0.102	
9	9	1	74	0.254	
9	9	1	74	0.246	
9	9	1	73	0.288	
9	9	1	73	0.288	
9	9	1	71	0.303	
10	9	1	126	0.132	
10	9	1	128	0.125	
10	9	1	81	0.217	
10	9	1	81	0.204	
10	9	1	83	0.181	
11	9	1	71	0.455	
11	9	1	79	0.416	
11	9	1	70	0.209	
11	9	1	70	0.245	
11	9	1	70	0.245	
12	9	1	250	0.156	
12	9	1	250	0.183	
12	9	1	112	0.140	
12	9	1	119	0.117	
12	9	1	114	0.152	
13	9	1	77	0.121	
13	9	1	79	0.105	
13	9	1	90	0.117	
13	9	1	89	0.109	
13	9	1	94	0.123	
14	9	1	84	0.342	
14	9	1	89	0.215	
14	9	1	73	0.197	
14	9	1	72	0.232	
14	9	1	74	0.194	
15	9	1	90	0.280	
15	9	1	85	0.279	
15	9	1	72	0.308	
15	9	1	72	0.317	
15	9	1	71	0.262	
16	9	1	92	0.188	
16	9	1	89	0.232	
16	9	1	80	0.201	
16	9	1	88	0.231	
16	9	1	82	0.242	
17	9	1	78	0.323	
17	9	1	79	0.277	
17	9	1	71	0.368	
17	9	1	71	0.293	
17	9	1	72	0.309	
18	9	1	72	0.209	
18	9	1	73	0.192	
18	9	1	68	0.298	
18	9	1	70	0.319	
18	9	1	69	0.365	
19	9	1	250	0.103	
19	9	1	250	0.071	
19	9	1	138	0.101	
19	9	1	165	0.124	
19	9	1	142	0.094	
20	9	1	70	0.246	
20	9	1	70	0.250	
20	9	1	69	0.292	
20	9	1	69	0.292	
20	9	1	69	0.310	
21	9	1	111	0.283	
21	9	1	108	0.331	
21	9	1	84	0.273	
21	9	1	81	0.259	
21	9	1	81	0.260	
22	9	1	241	0.161	
22	9	1	250	0.085	
22	9	1	101	0.073	
22	9	1	94	0.099	
22	9	1	103	0.121	
23	9	1	167	0.064	
23	9	1	101	0.134	
23	9	1	86	0.112	
23	9	1	95	0.152	
23	9	1	88	0.166	
24	9	1	250	0.098	
24	9	1	250	0.080	
24	9	1	117	0.083	
24	9	1	121	0.088	
24	9	1	106	0.051	
25	9	1	70	0.264	
25	9	1	70	0.264	
25	9	1	68	0.310	
25	9	1	68	0.318	
25	9	1	68	0.318	
26	9	1	250	0.063	
26	9	1	101	0.236	
26	9	1	114	0.077	
26	9	1	101	0.109	
26	9	1	110	0.082	
27	9	1	134	0.189	
27	9	1	135	0.242	
27	9	1	72	0.114	
27	9	1	70	0.098	
27	9	1	73	0.091	
28	9	1	70	0.277	
28	9	1	75	0.236	
28	9	1	68	0.342	
28	9	1	69	0.285	
28	9	1	68	0.321	
29	9	1	183	0.152	
29	9	1	192	0.183	
29	9	1	65	0.083	
29	9	1	74	0.058	
29	9	1	99	0.099	
30	9	1	91	0.209	
30	9	1	103	0.190	
30	9	1	86	0.154	
30	9	1	79	0.187	
30	9	1	91	0.197	
31	9	1	210	0.062	
31	9	1	219	0.070	
31	9	1	89	0.176	
31	9	1	84	0.195	
31	9	1	89	0.213	
32	9	1	78	0.281	
32	9	1	89	0.289	
32	9	1	70	0.270	
32	9	1	70	0.270	
32	9	1	70	0.270	
33	9	1	250	0.053	
33	9	1	250	0.061	
33	9	1	93	0.060	
33	9	1	83	0.069	
33	9	1	98	0.070	
34	9	1	80	0.296	
34	9	1	81	0.253	
34	9	1	75	0.301	
34	9	1	75	0.241	
34	9	1	75	0.249	
35	9	1	179	0.087	
35	9	1	250	0.157	
35	9	1	142	0.063	
35	9	1	140	0.051	
35	9	1	115	0.074	
36	9	1	235	0.084	
36	9	1	92	0.130	
36	9	1	81	0.192	
36	9	1	77	0.147	
36	9	1	82	0.156	
37	9	1	250	0.048	
37	9	1	250	0.065	
37	9	1	156	0.022	
37	9	1	177	0.045	
37	9	1	140	0.059	
38	9	1	250	0.079	
38	9	1	250	0.064	
38	9	1	184	0.095	
38	9	1	186	0.078	
38	9	1	189	0.092	
39	9	1	113	0.118	
39	9	1	108	0.099	
39	9	1	70	0.180	
39	9	1	74	0.171	
39	9	1	68	0.203	
40	9	1	70	0.438	
40	9	1	70	0.413	
40	9	1	67	0.327	
40	9	1	67	0.352	
40	9	1	67	0.352	
41	9	1	79	0.360	
41	9	1	79	0.347	
41	9	1	68	0.352	
41	9	1	68	0.341	
41	9	1	68	0.350	
42	9	1	71	0.666	
42	9	1	71	0.666	
42	9	1	67	0.656	
42	9	1	67	0.656	
42	9	1	67	0.656	
43	9	1	221	0.118	
43	9	1	250	0.115	
43	9	1	96	0.175	
43	9	1	96	0.137	
43	9	1	103	0.098	
44	9	1	250	0.083	
44	9	1	250	0.085	
44	9	1	151	0.079	
44	9	1	243	0.071	
44	9	1	81	0.060	
45	9	1	202	0.111	
45	9	1	63	0.120	
45	9	1	90	0.077	
45	9	1	94	0.119	
45	9	1	99	0.062	
46	9	1	210	0.080	
46	9	0	177	0.019	
46	9	1	105	0.126	
46	9	1	50	0.082	
46	9	1	97	0.093	
47	9	1	156	0.074	
47	9	1	208	0.086	
47	9	1	87	0.085	
47	9	1	94	0.087	
47	9	1	90	0.063	
48	9	1	250	0.076	
48	9	1	250	0.080	
48	9	1	250	0.051	
48	9	1	250	0.056	
48	9	1	250	0.027	
49	9	1	250	0.078	
49	9	1	207	0.101	
49	9	1	98	0.186	
49	9	1	101	0.202	
49	9	1	106	0.183	
50	9	1	84	0.193	
50	9	1	88	0.213	
50	9	1	76	0.280	
50	9	1	72	0.361	
50	9	1	76	0.353	
51	9	1	100	0.200	
51	9	1	91	0.239	
51	9	1	73	0.215	
51	9	1	73	0.239	
51	9	1	70	0.245	
52	9	1	78	0.300	
52	9	1	78	0.255	
52	9	1	76	0.376	
52	9	1	74	0.303	
52	9	1	79	0.247	
53	9	1	112	0.108	
53	9	1	117	0.101	
53	9	1	95	0.153	
53	9	1	89	0.107	
53	9	1	83	0.187	
54	9	1	119	0.428	
54	9	1	118	0.428	
54	9	1	74	0.254	
54	9	1	75	0.290	
54	9	1	73	0.342	
55	9	1	250	0.090	
55	9	1	220	0.111	
55	9	1	134	0.070	
55	9	1	125	0.054	
55	9	1	133	0.072	
56	9	1	111	0.171	
56	9	1	100	0.228	
56	9	1	75	0.336	
56	9	1	74	0.324	
56	9	1	74	0.315	
57	9	1	250	0.074	
57	9	1	250	0.109	
57	9	1	250	0.050	
57	9	1	120	0.097	
57	9	1	112	0.104	
58	9	1	109	0.122	
58	9	1	146	0.065	
58	9	1	84	0.137	
58	9	1	97	0.115	
58	9	1	89	0.106	
59	9	1	185	0.133	
59	9	1	250	0.025	
59	9	1	193	0.073	
59	9	1	226	0.059	
59	9	1	245	0.056	
60	9	1	160	0.088	
60	9	1	163	0.110	
60	9	1	103	0.070	
60	9	1	100	0.073	
60	9	1	111	0.079	
61	9	1	70	0.426	
61	9	1	70	0.417	
61	9	1	67	0.422	
61	9	1	67	0.422	
61	9	1	67	0.422	
62	9	1	250	0.078	
62	9	1	250	0.103	
62	9	1	180	0.043	
62	9	1	177	0.081	
62	9	1	219	0.046	
63	9	1	250	0.057	
63	9	1	241	0.093	
63	9	1	223	0.075	
63	9	1	94	0.073	
63	9	1	98	0.059	
64	9	1	250	0.058	
64	9	1	244	0.058	
64	9	1	97	0.102	
64	9	1	109	0.124	
64	9	1	108	0.089	
65	9	1	73	0.210	
65	9	1	73	0.314	
65	9	1	68	0.264	
65	9	1	68	0.240	
65	9	1	68	0.231	
66	9	1	249	0.090	
66	9	1	217	0.043	
66	9	1	158	0.032	
66	9	1	125	0.094	
66	9	1	130	0.076	
67	9	1	71	0.484	
67	9	1	71	0.484	
67	9	1	68	0.362	
67	9	1	67	0.345	
67	9	1	67	0.345	
68	9	1	90	0.198	
68	9	1	109	0.152	
68	9	1	78	0.279	
68	9	1	81	0.289	
68	9	1	78	0.224	
69	9	1	250	0.130	
69	9	1	250	0.153	
69	9	1	122	0.091	
69	9	1	127	0.042	
69	9	1	118	0.044	
70	9	1	103	0.227	
70	9	1	134	0.189	
70	9	1	74	0.262	
70	9	1	73	0.244	
70	9	1	73	0.252	
71	9	1	94	0.126	
71	9	1	102	0.213	
71	9	1	80	0.211	
71	9	1	83	0.181	
71	9	1	80	0.197	
72	9	1	150	0.108	
72	9	1	170	0.100	
72	9	1	73	0.254	
72	9	1	71	0.214	
72	9	1	76	0.246	
73	9	1	128	0.111	
73	9	1	188	0.133	
73	9	1	90	0.204	
73	9	1	90	0.131	
73	9	1	90	0.185	
74	9	1	250	0.074	
74	9	1	207	0.117	
74	9	1	111	0.052	
74	9	1	101	0.091	
74	9	1	108	0.047	
75	9	1	71	0.456	
75	9	1	71	0.449	
75	9	1	67	0.358	
75	9	1	67	0.357	
75	9	1	67	0.347	
76	9	1	151	0.116	
76	9	1	141	0.126	
76	9	1	83	0.166	
76	9	1	86	0.137	
76	9	1	85	0.129	
77	9	1	88	0.187	
77	9	1	89	0.193	
77	9	1	68	0.300	
77	9	1	68	0.279	
77	9	1	69	0.273	
78	9	1	250	0.138	
78	9	1	250	0.109	
78	9	1	138	0.071	
78	9	1	143	0.072	
78	9	1	80	0.100	
79	9	1	114	0.170	
79	9	1	123	0.144	
79	9	1	69	0.269	
79	9	1	69	0.253	
79	9	1	69	0.240	
80	9	1	227	0.077	
80	9	1	244	0.078	
80	9	1	98	0.153	
80	9	1	121	0.163	
80	9	1	114	0.140	
81	9	1	94	0.104	
81	9	1	80	0.127	
81	9	1	82	0.157	
81	9	1	84	0.168	
81	9	1	89	0.125	
82	9	1	203	0.058	
82	9	1	250	0.064	
82	9	1	98	0.067	
82	9	1	110	0.061	
82	9	1	105	0.066	
83	9	1	86	0.256	
83	9	1	86	0.174	
83	9	1	71	0.253	
83	9	1	70	0.256	
83	9	1	71	0.206	
84	9	1	250	0.083	
84	9	1	155	0.093	
84	9	1	81	0.191	
84	9	1	85	0.144	
84	9	1	87	0.186	
85	9	1	250	0.060	
85	9	1	178	0.067	
85	9	1	135	0.127	
85	9	1	139	0.094	
85	9	1	138	0.055	
86	9	1	250	0.119	
86	9	1	250	0.103	
86	9	1	113	0.121	
86	9	1	124	0.094	
86	9	1	114	0.099	
87	9	1	75	0.399	
87	9	1	77	0.405	
87	9	1	74	0.245	
87	9	1	76	0.249	
87	9	1	75	0.250	
88	9	1	79	0.376	
88	9	1	78	0.376	
88	9	1	68	0.225	
88	9	1	68	0.231	
88	9	1	68	0.242	
89	9	1	146	0.116	
89	9	1	119	0.115	
89	9	1	91	0.155	
89	9	1	80	0.149	
89	9	1	97	0.151	
90	9	1	83	0.330	
90	9	1	82	0.318	
90	9	1	69	0.269	
90	9	1	71	0.240	
90	9	1	70	0.239	
91	9	1	139	0.288	
91	9	1	169	0.286	
91	9	1	73	0.220	
91	9	1	73	0.221	
91	9	1	73	0.195	
92	9	1	131	0.066	
92	9	1	129	0.068	
92	9	1	117	0.077	
92	9	1	109	0.081	
92	9	1	115	0.078	
93	9	1	70	0.791	
93	9	1	70	0.791	
93	9	1	67	0.797	
93	9	1	67	0.797	
93	9	1	67	0.797	
94	9	1	74	0.324	
94	9	1	74	0.324	
94	9	1	74	0.438	
94	9	1	68	0.454	
94	9	1	68	0.454	
95	9	1	250	0.064	
95	9	1	250	0.083	
95	9	1	121	0.048	
95	9	1	120	0.066	
95	9	1	114	0.075	
96	9	1	162	0.115	
96	9	1	127	0.063	
96	9	1	92	0.204	
96	9	1	94	0.212	
96	9	1	89	0.172	
97	9	1	141	0.115	
97	9	1	166	0.140	
97	9	1	71	0.067	
97	9	1	82	0.151	
97	9	1	83	0.112	
98	9	1	110	0.152	
98	9	1	103	0.134	
98	9	1	82	0.173	
98	9	1	80	0.167	
98	9	1	89	0.183	
99	9	1	250	0.049	
99	9	1	250	0.070	
99	9	1	111	0.102	
99	9	1	98	0.139	
99	9	1	92	0.134	
100	9	1	91	0.168	
100	9	1	110	0.183	
100	9	1	79	0.151	
100	9	1	79	0.164	
100	9	1	78	0.193	
101	9	1	113	0.153	
101	9	1	122	0.127	
101	9	1	70	0.313	
101	9	1	69	0.356	
101	9	1	69	0.344	
102	9	1	116	0.111	
102	9	1	91	0.110	
102	9	1	75	0.156	
102	9	1	75	0.117	
102	9	1	76	0.121	
103	9	1	202	0.090	
103	9	1	250	0.111	
103	9	1	122	0.102	
103	9	1	132	0.071	
103	9	1	129	0.097	
104	9	1	250	0.098	
104	9	1	250	0.109	
104	9	1	101	0.089	
104	9	1	55	0.106	
104	9	1	118	0.040	
105	9	1	202	0.100	
105	9	1	250	0.233	
105	9	1	80	0.070	
105	9	1	79	0.066	
105	9	1	84	0.065	
106	9	1	96	0.161	
106	9	1	113	0.154	
106	9	1	81	0.171	
106	9	1	86	0.191	
106	9	1	82	0.188	
107	9	1	77	0.276	
107	9	1	78	0.250	
107	9	1	80	0.182	
107	9	1	76	0.252	
107	9	1	78	0.211	
108	9	1	82	0.196	
108	9	1	85	0.242	
108	9	1	68	0.345	
108	9	1	68	0.296	
108	9	1	68	0.327	
109	9	1	239	0.216	
109	9	1	202	0.139	
109	9	1	91	0.187	
109	9	1	91	0.216	
109	9	1	86	0.218	
110	9	1	99	0.121	
110	9	1	143	0.093	
110	9	1	83	0.110	
110	9	1	86	0.124	
110	9	1	85	0.161	
111	9	1	218	0.081	
111	9	1	248	0.142	
111	9	1	135	0.047	
111	9	1	130	0.107	
111	9	1	130	0.113	
112	9	1	250	0.066	
112	9	1	250	0.072	
112	9	1	137	0.060	
112	9	1	91	0.084	
112	9	1	88	0.095	
113	9	0	71	0.024	
113	9	0	62	0.029	
113	9	1	113	0.101	
113	9	1	111	0.096	
113	9	1	121	0.054	
114	9	1	147	0.068	
114	9	1	130	0.088	
114	9	1	108	0.081	
114	9	1	102	0.091	
114	9	1	103	0.090	
115	9	1	244	0.067	
115	9	1	187	0.110	
115	9	1	99	0.087	
115	9	1	97	0.072	
115	9	1	92	0.098	
116	9	1	110	0.258	
116	9	1	143	0.180	
116	9	1	75	0.196	
116	9	1	74	0.235	
116	9	1	74	0.196	
117	9	1	115	0.119	
117	9	1	250	0.074	
117	9	1	118	0.093	
117	9	1	110	0.105	
117	9	1	118	0.106	
118	9	1	250	0.085	
118	9	1	250	0.097	
118	9	1	250	0.050	
118	9	1	250	0.065	
118	9	1	250	0.041	
119	9	1	250	0.097	
119	9	1	250	0.121	
119	9	1	231	0.066	
119	9	1	215	0.062	
119	9	1	224	0.064	
120	9	1	250	0.071	
120	9	1	250	0.086	
120	9	1	144	0.076	
120	9	1	147	0.070	
120	9	1	154	0.050	
121	9	1	250	0.098	
121	9	1	250	0.072	
121	9	1	183	0.081	
121	9	1	199	0.045	
121	9	1	250	0.044	
122	9	1	203	0.085	
122	9	1	105	0.156	
122	9	1	88	0.165	
122	9	1	86	0.114	
122	9	1	103	0.128	
123	9	1	250	0.093	
123	9	1	250	0.093	
123	9	1	183	0.063	
123	9	1	162	0.085	
123	9	1	158	0.081	
124	9	1	250	0.097	
124	9	1	250	0.096	
124	9	1	126	0.079	
124	9	1	137	0.120	
124	9	1	134	0.157	
125	9	1	102	0.128	
125	9	1	95	0.136	
125	9	1	86	0.199	
125	9	1	98	0.081	
125	9	1	97	0.170	
126	9	1	250	0.069	
126	9	1	182	0.081	
126	9	1	130	0.079	
126	9	1	139	0.095	
126	9	1	147	0.061	
127	9	1	250	0.084	
127	9	1	250	0.061	
127	9	1	81	0.091	
127	9	1	84	0.121	
127	9	1	85	0.124	
128	9	1	95	0.156	
128	9	1	104	0.128	
128	9	1	80	0.271	
128	9	1	78	0.259	
128	9	1	72	0.189	
129	9	1	250	0.067	
129	9	1	250	0.079	
129	9	1	147	0.131	
129	9	1	250	0.085	
129	9	1	185	0.057	
130	9	1	88	0.118	
130	9	1	98	0.139	
130	9	1	75	0.187	
130	9	1	76	0.197	
130	9	1	80	0.225	
131	9	1	194	0.134	
131	9	1	224	0.093	
131	9	1	91	0.113	
131	9	1	96	0.130	
131	9	1	91	0.138	
132	9	1	250	0.068	
132	9	1	250	0.102	
132	9	1	122	0.059	
132	9	1	55	0.089	
132	9	1	129	0.080	
133	9	1	122	0.133	
133	9	1	120	0.148	
133	9	1	88	0.111	
133	9	1	92	0.111	
133	9	1	88	0.177	
134	9	1	250	0.051	
134	9	1	250	0.084	
134	9	1	110	0.080	
134	9	1	103	0.122	
134	9	1	101	0.110	
135	9	1	111	0.194	
135	9	1	91	0.161	
135	9	1	70	0.262	
135	9	1	71	0.282	
135	9	1	75	0.276	
136	9	1	250	0.066	
136	9	1	250	0.085	
136	9	1	126	0.107	
136	9	1	147	0.103	
136	9	1	171	0.057	
137	9	1	120	0.128	
137	9	1	250	0.095	
137	9	1	161	0.054	
137	9	1	128	0.040	
137	9	0	110	0.000	
138	9	1	125	0.110	
138	9	1	127	0.117	
138	9	1	192	0.079	
138	9	1	182	0.087	
138	9	1	197	0.079	
139	9	1	186	0.099	
139	9	1	228	0.086	
139	9	1	99	0.082	
139	9	1	99	0.103	
139	9	1	99	0.104	
140	9	1	250	0.085	
140	9	1	249	0.029	
140	9	1	139	0.064	
140	9	1	133	0.082	
140	9	1	145	0.058	
141	9	1	250	0.054	
141	9	1	250	0.061	
141	9	1	211	0.058	
141	9	1	215	0.059	
141	9	1	236	0.009	
142	9	1	204	0.080	
142	9	1	250	0.029	
142	9	1	113	0.064	
142	9	1	102	0.078	
142	9	1	101	0.061	
143	9	1	220	0.107	
143	9	1	160	0.128	
143	9	1	89	0.186	
143	9	1	85	0.184	
143	9	1	80	0.125	
144	9	1	207	0.111	
144	9	1	250	0.123	
144	9	1	124	0.071	
144	9	1	128	0.067	
144	9	1	124	0.072	
145	9	1	124	0.182	
145	9	1	114	0.144	
145	9	1	69	0.170	
145	9	1	71	0.231	
145	9	1	70	0.216	
146	9	1	85	0.181	
146	9	1	83	0.218	
146	9	1	72	0.375	
146	9	1	79	0.296	
146	9	1	78	0.319	
147	9	1	250	0.066	
147	9	1	250	0.063	
147	9	1	122	0.097	
147	9	1	134	0.083	
147	9	1	138	0.078	
148	9	1	250	0.071	
148	9	1	250	0.082	
148	9	1	128	0.070	
148	9	1	124	0.084	
148	9	1	117	0.099	
149	9	1	232	0.063	
149	9	1	250	0.062	
149	9	1	103	0.092	
149	9	1	92	0.150	
149	9	1	88	0.141	
150	9	1	80	0.137	
150	9	1	250	0.070	
150	9	1	108	0.060	
150	9	1	108	0.104	
150	9	1	115	0.087	
151	9	1	250	0.058	
151	9	1	250	0.068	
151	9	1	120	0.081	
151	9	1	109	0.080	
151	9	1	89	0.075	
152	9	1	128	0.118	
152	9	1	117	0.160	
152	9	1	74	0.222	
152	9	1	78	0.241	
152	9	1	75	0.198	
153	9	1	250	0.079	
153	9	1	247	0.063	
153	9	1	83	0.071	
153	9	1	97	0.063	
153	9	1	80	0.130	
154	9	1	250	0.078	
154	9	1	250	0.077	
154	9	1	79	0.182	
154	9	1	83	0.168	
154	9	1	78	0.158	
155	9	1	250	0.127	
155	9	1	236	0.109	
155	9	1	95	0.070	
155	9	1	91	0.097	
155	9	1	103	0.077	
156	9	1	159	0.090	
156	9	1	122	0.132	
156	9	1	77	0.306	
156	9	1	77	0.292	
156	9	1	77	0.306	
157	9	1	227	0.064	
157	9	1	242	0.067	
157	9	1	100	0.108	
157	9	1	108	0.070	
157	9	1	102	0.061	
158	9	1	185	0.120	
158	9	1	250	0.061	
158	9	1	105	0.098	
158	9	1	125	0.082	
158	9	1	118	0.095	
159	9	1	85	0.266	
159	9	1	97	0.299	
159	9	1	69	0.268	
159	9	1	69	0.268	
159	9	1	69	0.361	
160	9	1	250	0.066	
160	9	1	142	0.080	
160	9	1	113	0.082	
160	9	1	126	0.078	
160	9	1	128	0.052	
161	9	1	89	0.216	
161	9	1	86	0.262	
161	9	1	73	0.292	
161	9	1	71	0.298	
161	9	1	70	0.275	
162	9	1	250	0.064	
162	9	1	250	0.072	
162	9	1	126	0.091	
162	9	1	125	0.095	
162	9	1	125	0.113	
163	9	1	122	0.086	
163	9	1	130	0.099	
163	9	1	104	0.131	
163	9	1	99	0.115	
163	9	1	100	0.127	
164	9	1	55	0.124	
164	9	1	238	0.069	
164	9	1	110	0.107	
164	9	1	121	0.119	
164	9	1	98	0.161	
165	9	1	117	0.076	
165	9	1	250	0.075	
165	9	1	110	0.083	
165	9	1	107	0.079	
165	9	1	109	0.068	
166	9	1	198	0.086	
166	9	1	250	0.114	
166	9	1	106	0.080	
166	9	1	115	0.080	
166	9	1	108	0.082	
167	9	1	178	0.027	
167	9	1	153	0.080	
167	9	1	58	0.065	
167	9	1	112	0.049	
167	9	1	59	0.048	
168	9	1	173	0.141	
168	9	1	203	0.142	
168	9	1	89	0.152	
168	9	1	81	0.179	
168	9	1	83	0.187	
169	9	1	250	0.073	
169	9	1	250	0.082	
169	9	1	80	0.078	
169	9	1	120	0.047	
169	9	1	145	0.046	
170	9	1	108	0.088	
170	9	1	98	0.130	
170	9	1	88	0.130	
170	9	1	77	0.132	
170	9	1	74	0.153	
171	9	1	131	0.104	
171	9	1	129	0.068	
171	9	1	102	0.113	
171	9	1	103	0.115	
171	9	1	99	0.106	
172	9	1	97	0.064	
172	9	1	107	0.092	
172	9	1	92	0.079	
172	9	1	94	0.077	
172	9	1	96	0.066	
173	9	1	250	0.090	
173	9	1	250	0.074	
173	9	1	92	0.117	
173	9	1	100	0.126	
173	9	1	94	0.135	
174	9	1	250	0.075	
174	9	0	239	0.015	
174	9	1	117	0.065	
174	9	1	128	0.077	
174	9	1	119	0.054	
175	9	1	250	0.117	
175	9	1	250	0.077	
175	9	1	153	0.049	
175	9	1	153	0.071	
175	9	1	148	0.063	
176	9	1	243	0.083	
176	9	1	216	0.088	
176	9	1	102	0.151	
176	9	1	104	0.130	
176	9	1	104	0.110	
177	9	1	174	0.079	
177	9	1	250	0.071	
177	9	1	116	0.122	
177	9	1	126	0.096	
177	9	1	130	0.140	
178	9	1	250	0.115	
178	9	1	250	0.116	
178	9	1	106	0.085	
178	9	1	100	0.107	
178	9	1	98	0.094	
179	9	1	250	0.233	
179	9	1	250	0.072	
179	9	1	130	0.074	
179	9	1	125	0.062	
179	9	1	105	0.082	
180	9	1	250	0.061	
180	9	1	250	0.003	
180	9	1	174	0.055	
180	9	1	89	0.061	
180	9	1	197	0.043	
181	9	1	250	0.055	
181	9	1	250	0.060	
181	9	1	115	0.076	
181	9	1	158	0.062	
181	9	1	147	0.047	
182	9	1	250	0.077	
182	9	1	250	0.076	
182	9	1	162	0.042	
182	9	1	182	0.041	
182	9	1	132	0.015	
183	9	1	250	0.095	
183	9	1	250	0.163	
183	9	1	113	0.094	
183	9	1	101	0.115	
183	9	1	98	0.100	
184	9	1	250	0.052	
184	9	1	207	0.082	
184	9	1	101	0.105	
184	9	1	111	0.081	
184	9	1	99	0.097	
185	9	1	250	0.071	
185	9	1	104	0.091	
185	9	1	113	0.089	
185	9	1	116	0.087	
185	9	1	114	0.089	
186	9	1	160	0.073	
186	9	1	177	0.075	
186	9	1	106	0.146	
186	9	1	112	0.116	
186	9	1	106	0.069	
187	9	1	250	0.126	
187	9	1	250	0.087	
187	9	1	118	0.071	
187	9	1	133	0.068	
187	9	1	250	0.057	
188	9	1	204	0.063	
188	9	1	250	0.080	
188	9	1	109	0.074	
188	9	1	118	0.086	
188	9	1	120	0.080	
189	9	1	250	0.064	
189	9	1	250	0.053	
189	9	1	198	0.051	
189	9	1	250	0.039	
189	9	1	226	0.050	
190	9	1	250	0.085	
190	9	1	250	0.090	
190	9	1	136	0.088	
190	9	1	156	0.053	
190	9	1	131	0.060	
191	9	1	39	0.116	
191	9	1	89	0.088	
191	9	1	116	0.041	
191	9	1	112	0.056	
191	9	1	122	0.068	
192	9	1	250	0.141	
192	9	1	250	0.127	
192	9	1	147	0.005	
192	9	1	250	0.020	
192	9	1	62	0.054	
193	9	1	113	0.060	
193	9	1	111	0.066	
193	9	1	98	0.101	
193	9	1	98	0.097	
193	9	1	108	0.088	
194	9	1	250	0.051	
194	9	1	250	0.058	
194	9	1	182	0.073	
194	9	1	227	0.062	
194	9	1	59	0.051	
195	9	1	99	0.079	
195	9	1	116	0.077	
195	9	1	96	0.101	
195	9	1	92	0.104	
195	9	1	98	0.088	
196	9	1	105	0.106	
196	9	1	91	0.097	
196	9	1	93	0.093	
196	9	1	90	0.099	
196	9	1	88	0.080	
197	9	1	250	0.055	
197	9	1	250	0.100	
197	9	1	148	0.078	
197	9	1	125	0.085	
197	9	1	163	0.077	
198	9	1	219	0.055	
198	9	1	179	0.122	
198	9	1	88	0.096	
198	9	1	96	0.134	
198	9	1	98	0.081	
199	9	1	250	0.051	
199	9	1	250	0.059	
199	9	1	123	0.082	
199	9	1	114	0.056	
199	9	1	124	0.046	
200	9	1	250	0.058	
200	9	1	250	0.113	
200	9	1	132	0.063	
200	9	1	145	0.077	
200	9	1	139	0.068	
201	9	0	193	0.011	
201	9	1	250	0.035	
201	9	1	167	0.052	
201	9	1	185	0.057	
201	9	1	250	0.055	
202	9	1	250	0.060	
202	9	1	250	0.064	
202	9	1	108	0.171	
202	9	1	114	0.140	
202	9	1	112	0.144	
203	9	1	192	0.099	
203	9	1	250	0.077	
203	9	1	88	0.095	
203	9	1	100	0.131	
203	9	1	97	0.113	
204	9	1	250	0.095	
204	9	1	250	0.077	
204	9	1	184	0.049	
204	9	0	110	0.021	
204	9	1	224	0.051	
205	9	1	250	0.055	
205	9	1	250	0.135	
205	9	1	124	0.074	
205	9	1	128	0.093	
205	9	1	128	0.103	
206	9	1	250	0.036	
206	9	1	180	0.054	
206	9	1	221	0.054	
206	9	1	127	0.052	
206	9	1	208	0.021	
207	9	1	250	0.108	
207	9	1	181	0.094	
207	9	1	98	0.096	
207	9	1	91	0.054	
207	9	1	88	0.113	
208	9	1	250	0.084	
208	9	1	250	0.077	
208	9	1	180	0.074	
208	9	1	157	0.068	
208	9	1	150	0.067	
209	9	1	250	0.069	
209	9	1	250	0.073	
209	9	1	108	0.134	
209	9	1	113	0.133	
209	9	1	95	0.137	
210	9	1	250	0.087	
210	9	1	250	0.076	
210	9	1	116	0.110	
210	9	1	148	0.077	
210	9	1	137	0.092	
211	9	1	250	0.117	
211	9	1	250	0.111	
211	9	1	106	0.052	
211	9	1	147	0.044	
211	9	1	114	0.068	
212	9	1	250	0.073	
212	9	1	250	0.049	
212	9	1	146	0.052	
212	9	1	142	0.052	
212	9	1	134	0.059	
213	9	1	250	0.089	
213	9	1	250	0.084	
213	9	1	109	0.097	
213	9	1	103	0.099	
213	9	1	109	0.099	
214	9	1	250	0.062	
214	9	1	250	0.059	
214	9	1	84	0.089	
214	9	1	154	0.101	
214	9	1	137	0.108	
215	9	1	107	0.083	
215	9	1	250	0.067	
215	9	1	106	0.118	
215	9	1	107	0.143	
215	9	1	116	0.111	
216	9	1	177	0.130	
216	9	1	250	0.146	
216	9	1	87	0.112	
216	9	1	92	0.115	
216	9	1	87	0.119	
217	9	1	250	0.104	
217	9	1	248	0.113	
217	9	1	104	0.112	
217	9	1	96	0.107	
217	9	1	96	0.068	
218	9	1	178	0.066	
218	9	1	250	0.065	
218	9	1	101	0.055	
218	9	1	101	0.043	
218	9	1	106	0.062	
219	9	1	173	0.102	
219	9	1	137	0.135	
219	9	1	107	0.133	
219	9	1	101	0.114	
219	9	1	103	0.105	
220	9	0	181	0.008	
220	9	1	250	0.062	
220	9	1	134	0.038	
220	9	1	250	0.041	
220	9	1	132	0.043	
221	9	1	250	0.079	
221	9	1	250	0.065	
221	9	1	171	0.051	
221	9	1	215	0.158	
221	9	1	250	0.329	
222	9	1	243	0.085	
222	9	1	250	0.073	
222	9	1	116	0.084	
222	9	1	119	0.079	
222	9	1	132	0.041	
223	9	1	160	0.133	
223	9	1	120	0.141	
223	9	1	115	0.095	
223	9	1	141	0.070	
223	9	1	122	0.107	
224	9	1	250	0.226	
224	9	1	250	0.062	
224	9	1	119	0.047	
224	9	1	119	0.079	
224	9	1	109	0.088	
225	9	1	250	0.077	
225	9	1	250	0.123	
225	9	1	112	0.076	
225	9	1	59	0.056	
225	9	1	110	0.073	
226	9	1	77	0.110	
226	9	1	74	0.066	
226	9	1	81	0.134	
226	9	1	80	0.094	
226	9	1	75	0.096	
227	9	1	250	0.071	
227	9	1	250	0.065	
227	9	1	250	0.051	
227	9	1	247	0.038	
227	9	1	250	0.066	
228	9	1	250	0.115	
228	9	1	250	0.095	
228	9	1	76	0.135	
228	9	1	76	0.121	
228	9	1	137	0.062	
229	9	1	250	0.088	
229	9	1	250	0.084	
229	9	1	160	0.057	
229	9	1	141	0.071	
229	9	1	168	0.057	
230	9	1	250	0.072	
230	9	1	250	0.073	
230	9	1	140	0.101	
230	9	1	71	0.080	
230	9	1	140	0.101	
231	9	1	81	0.162	
231	9	1	78	0.128	
231	9	1	83	0.172	
231	9	1	91	0.174	
231	9	1	86	0.175	
232	9	1	250	0.100	
232	9	1	250	0.107	
232	9	1	97	0.079	
232	9	1	97	0.089	
232	9	1	92	0.120	
233	9	1	73	0.277	
233	9	1	76	0.265	
233	9	1	68	0.276	
233	9	1	68	0.319	
233	9	1	70	0.238	
234	9	1	250	0.098	
234	9	1	110	0.104	
234	9	1	126	0.112	
234	9	1	130	0.069	
234	9	1	143	0.083	
235	9	1	250	0.094	
235	9	1	250	0.074	
235	9	1	181	0.073	
235	9	1	207	0.048	
235	9	1	196	0.065	
236	9	1	135	0.091	
236	9	1	120	0.110	
236	9	1	90	0.159	
236	9	1	90	0.166	
236	9	1	89	0.161	
237	9	1	250	0.055	
237	9	1	250	0.047	
237	9	1	112	0.060	
237	9	1	123	0.065	
237	9	1	117	0.071	
238	9	1	250	0.073	
238	9	1	250	0.071	
238	9	1	104	0.061	
238	9	1	124	0.064	
238	9	1	129	0.059	
239	9	1	152	0.207	
239	9	1	175	0.173	
239	9	1	79	0.179	
239	9	1	80	0.195	
239	9	1	88	0.177	
240	9	1	108	0.171	
240	9	1	111	0.125	
240	9	1	81	0.200	
240	9	1	83	0.180	
240	9	1	81	0.173	
241	9	1	250	0.071	
241	9	1	250	0.072	
241	9	1	107	0.048	
241	9	1	140	0.039	
241	9	1	111	0.036	
242	9	1	250	0.061	
242	9	1	250	0.068	
242	9	1	120	0.101	
242	9	1	120	0.098	
242	9	1	115	0.122	
243	9	0	181	0.029	
243	9	1	250	0.072	
243	9	1	83	0.103	
243	9	1	155	0.068	
243	9	1	155	0.067	
244	9	1	250	0.080	
244	9	1	250	0.066	
244	9	1	118	0.064	
244	9	1	130	0.069	
244	9	1	124	0.072	
245	9	1	250	0.073	
245	9	1	250	0.072	
245	9	1	111	0.070	
245	9	1	123	0.067	
245	9	1	121	0.100	
246	9	1	250	0.094	
246	9	1	250	0.108	
246	9	1	160	0.068	
246	9	1	169	0.075	
246	9	1	197	0.067	
247	9	1	90	0.133	
247	9	1	97	0.138	
247	9	1	72	0.184	
247	9	1	74	0.227	
247	9	1	72	0.222	
248	9	1	223	0.084	
248	9	1	229	0.085	
248	9	1	103	0.116	
248	9	1	109	0.101	
248	9	1	113	0.108	
249	9	1	250	0.137	
249	9	1	247	0.094	
249	9	1	112	0.068	
249	9	1	110	0.073	
249	9	1	105	0.064	
250	9	1	250	0.077	
250	9	1	250	0.070	
250	9	1	216	0.053	
250	9	1	209	0.047	
250	9	1	212	0.051	
251	9	1	250	0.075	
251	9	1	250	0.058	
251	9	1	103	0.142	
251	9	1	122	0.064	
251	9	1	124	0.063	
252	9	1	200	0.103	
252	9	1	250	0.038	
252	9	1	126	0.073	
252	9	1	128	0.074	
252	9	1	126	0.073	
253	9	1	250	0.062	
253	9	1	250	0.065	
253	9	1	182	0.061	
253	9	1	176	0.056	
253	9	1	114	0.040	
254	9	1	244	0.124	
254	9	1	200	0.138	
254	9	1	153	0.055	
254	9	1	139	0.080	
254	9	1	123	0.089	
255	9	1	250	0.055	
255	9	1	250	0.089	
255	9	1	127	0.085	
255	9	1	134	0.076	
255	9	1	131	0.087	
256	9	1	250	0.068	
256	9	1	250	0.065	
256	9	0	226	0.008	
256	9	1	250	0.304	
256	9	1	250	0.059	
257	9	1	185	0.122	
257	9	1	145	0.115	
257	9	1	86	0.124	
257	9	1	84	0.126	
257	9	1	76	0.140	
258	9	1	165	0.063	
258	9	1	84	0.080	
258	9	1	127	0.072	
258	9	1	118	0.064	
258	9	1	162	0.073	
259	9	1	140	0.127	
259	9	1	236	0.129	
259	9	1	83	0.147	
259	9	1	90	0.108	
259	9	1	89	0.120	
260	9	1	250	0.099	
260	9	1	250	0.146	
260	9	1	208	0.048	
260	9	1	188	0.056	
260	9	1	178	0.069	
261	9	0	246	0.016	
261	9	1	250	0.103	
261	9	1	250	0.043	
261	9	1	250	0.051	
261	9	1	104	0.047	
262	9	1	250	0.082	
262	9	0	104	0.030	
262	9	1	173	0.067	
262	9	1	123	0.048	
262	9	1	149	0.063	
263	9	1	250	0.112	
263	9	1	250	0.053	
263	9	1	228	0.057	
263	9	1	85	0.085	
263	9	1	231	0.048	
264	9	1	250	0.113	
264	9	1	250	0.168	
264	9	1	184	0.047	
264	9	1	172	0.066	
264	9	1	170	0.066	
265	9	1	250	0.071	
265	9	1	250	0.114	
265	9	1	221	0.079	
265	9	1	250	0.072	
265	9	1	215	0.063	
266	9	1	250	0.089	
266	9	1	250	0.096	
266	9	1	118	0.116	
266	9	1	109	0.124	
266	9	1	109	0.097	
267	9	1	125	0.100	
267	9	1	250	0.075	
267	9	1	111	0.101	
267	9	1	97	0.124	
267	9	1	117	0.112	
268	9	1	250	0.091	
268	9	1	250	0.090	
268	9	1	141	0.065	
268	9	1	161	0.041	
268	9	1	250	0.071	
269	9	1	250	0.073	
269	9	0	196	0.019	
269	9	1	178	0.041	
269	9	1	182	0.046	
269	9	1	157	0.069	
270	9	1	157	0.106	
270	9	1	125	0.188	
270	9	1	73	0.128	
270	9	1	74	0.152	
270	9	1	76	0.129	
271	9	1	130	0.123	
271	9	1	120	0.116	
271	9	1	148	0.044	
271	9	1	146	0.073	
271	9	1	148	0.069	
272	9	1	250	0.066	
272	9	1	250	0.064	
272	9	1	250	0.053	
272	9	1	135	0.030	
272	9	1	250	0.068	
273	9	1	250	0.076	
273	9	1	250	0.034	
273	9	1	154	0.052	
273	9	1	153	0.075	
273	9	1	151	0.074	
274	9	1	87	0.143	
274	9	1	97	0.131	
274	9	1	70	0.211	
274	9	1	71	0.165	
274	9	1	70	0.149	
275	9	1	250	0.067	
275	9	1	250	0.059	
275	9	1	196	0.036	
275	9	1	197	0.044	
275	9	1	167	0.048	
276	9	1	250	0.081	
276	9	1	250	0.083	
276	9	1	130	0.084	
276	9	1	152	0.061	
276	9	1	183	0.061	
277	9	1	250	0.045	
277	9	1	250	0.075	
277	9	1	112	0.087	
277	9	1	103	0.113	
277	9	1	125	0.109	
278	9	1	250	0.110	
278	9	1	250	0.080	
278	9	1	188	0.063	
278	9	1	217	0.063	
278	9	1	166	0.061	
279	9	1	250	0.130	
279	9	1	250	0.079	
279	9	1	170	0.062	
279	9	1	172	0.064	
279	9	1	167	0.070	
280	9	1	116	0.091	
280	9	1	103	0.091	
280	9	1	107	0.131	
280	9	1	106	0.117	
280	9	1	99	0.074	
281	9	1	250	0.048	
281	9	1	250	0.058	
281	9	1	115	0.067	
281	9	1	171	0.065	
281	9	1	169	0.073	
282	9	1	250	0.161	
282	9	1	250	0.072	
282	9	1	177	0.057	
282	9	1	189	0.087	
282	9	1	216	0.065	
283	9	1	138	0.083	
283	9	1	158	0.078	
283	9	1	83	0.060	
283	9	1	79	0.067	
283	9	1	94	0.045	
284	9	1	250	0.082	
284	9	1	250	0.081	
284	9	1	139	0.071	
284	9	1	139	0.091	
284	9	1	122	0.117	
285	9	1	105	0.068	
285	9	1	80	0.098	
285	9	1	128	0.081	
285	9	1	126	0.081	
285	9	1	121	0.072	
286	9	1	250	0.057	
286	9	1	250	0.063	
286	9	1	135	0.096	
286	9	1	144	0.095	
286	9	1	139	0.069	
287	9	1	227	0.056	
287	9	1	248	0.053	
287	9	1	250	0.046	
287	9	1	250	0.047	
287	9	1	250	0.039	
288	9	1	250	0.066	
288	9	1	209	0.061	
288	9	1	135	0.066	
288	9	1	129	0.063	
288	9	1	133	0.068	
289	9	1	128	0.110	
289	9	1	126	0.126	
289	9	1	81	0.174	
289	9	1	87	0.122	
289	9	1	83	0.163	
290	9	1	250	0.157	
290	9	1	235	0.070	
290	9	1	124	0.085	
290	9	1	139	0.099	
290	9	1	250	0.067	
291	9	1	86	0.151	
291	9	1	84	0.168	
291	9	1	73	0.279	
291	9	1	72	0.249	
291	9	1	72	0.249	
292	9	1	250	0.074	
292	9	1	250	0.053	
292	9	1	104	0.064	
292	9	1	127	0.087	
292	9	1	114	0.071	
293	9	1	250	0.085	
293	9	1	239	0.071	
293	9	1	164	0.091	
293	9	1	169	0.082	
293	9	1	154	0.110	
294	9	1	250	0.088	
294	9	1	250	0.054	
294	9	1	200	0.055	
294	9	1	189	0.057	
294	9	1	177	0.062	
295	9	1	191	0.072	
295	9	1	250	0.071	
295	9	1	104	0.076	
295	9	1	104	0.085	
295	9	1	88	0.101	
296	9	1	250	0.197	
296	9	1	250	0.082	
296	9	1	125	0.105	
296	9	1	136	0.085	
296	9	1	127	0.101	
297	9	1	250	0.070	
297	9	1	250	0.077	
297	9	1	179	0.058	
297	9	1	213	0.050	
297	9	1	223	0.063	
298	9	1	250	0.105	
298	9	1	250	0.096	
298	9	1	115	0.089	
298	9	1	126	0.110	
298	9	1	107	0.095	
299	9	1	250	0.077	
299	9	1	250	0.088	
299	9	1	166	0.053	
299	9	1	184	0.041	
299	9	1	182	0.062	
