Below are the simulation results for the test trials
WORLD	TASK	SUCCESS	STEPS	LOWEST_CLEARANCE
0	6	1	171	0.112	
0	6	1	148	0.087	
0	6	1	70	0.087	
0	6	1	74	0.102	
0	6	1	74	0.091	
1	6	1	250	0.122	
1	6	1	250	0.154	
1	6	1	71	0.146	
1	6	1	72	0.129	
1	6	1	70	0.160	
2	6	1	250	0.071	
2	6	1	250	0.095	
2	6	1	36	0.121	
2	6	1	91	0.074	
2	6	1	82	0.110	
3	6	1	119	0.104	
3	6	1	100	0.131	
3	6	1	70	0.252	
3	6	1	75	0.208	
3	6	1	70	0.213	
4	6	1	250	0.064	
4	6	1	250	0.079	
4	6	1	103	0.098	
4	6	1	90	0.060	
4	6	1	98	0.086	
5	6	1	102	0.142	
5	6	1	84	0.141	
5	6	1	88	0.193	
5	6	1	89	0.100	
5	6	1	84	0.201	
6	6	1	250	0.068	
6	6	1	250	0.133	
6	6	1	79	0.102	
6	6	1	78	0.096	
6	6	1	80	0.084	
7	6	1	250	0.177	
7	6	1	250	0.121	
7	6	1	76	0.089	
7	6	1	75	0.095	
7	6	1	77	0.084	
8	6	1	240	0.137	
8	6	1	250	0.179	
8	6	1	69	0.113	
8	6	1	72	0.118	
8	6	1	73	0.122	
9	6	1	83	0.171	
9	6	1	71	0.210	
9	6	1	82	0.181	
9	6	1	73	0.206	
9	6	1	87	0.150	
10	6	1	158	0.166	
10	6	1	250	0.080	
10	6	1	74	0.155	
10	6	1	74	0.124	
10	6	1	82	0.089	
11	6	1	120	0.083	
11	6	1	99	0.154	
11	6	1	75	0.130	
11	6	1	73	0.174	
11	6	1	73	0.171	
12	6	1	250	0.129	
12	6	1	250	0.145	
12	6	1	82	0.096	
12	6	1	92	0.112	
12	6	1	82	0.108	
13	6	1	250	0.112	
13	6	1	250	0.161	
13	6	1	74	0.113	
13	6	1	77	0.120	
13	6	1	72	0.112	
14	6	1	250	0.236	
14	6	1	250	0.174	
14	6	1	73	0.097	
14	6	1	75	0.098	
14	6	1	65	0.049	
15	6	1	80	0.283	
15	6	1	81	0.271	
15	6	1	73	0.144	
15	6	1	75	0.154	
15	6	1	70	0.233	
16	6	1	91	0.123	
16	6	1	250	0.113	
16	6	1	75	0.140	
16	6	1	75	0.154	
16	6	1	75	0.127	
17	6	1	94	0.268	
17	6	1	102	0.221	
17	6	1	89	0.153	
17	6	1	89	0.125	
17	6	1	89	0.138	
18	6	1	75	0.240	
18	6	1	73	0.291	
18	6	1	76	0.166	
18	6	1	76	0.166	
18	6	1	76	0.166	
19	6	1	232	0.088	
19	6	1	227	0.096	
19	6	1	77	0.070	
19	6	1	79	0.083	
19	6	1	77	0.095	
20	6	1	74	0.209	
20	6	1	77	0.247	
20	6	1	74	0.177	
20	6	1	74	0.216	
20	6	1	74	0.172	
21	6	1	147	0.088	
21	6	1	250	0.101	
21	6	1	73	0.155	
21	6	1	69	0.155	
21	6	1	72	0.194	
22	6	1	250	0.160	
22	6	1	250	0.135	
22	6	1	82	0.078	
22	6	1	75	0.142	
22	6	1	73	0.057	
23	6	1	250	0.150	
23	6	1	250	0.178	
23	6	1	75	0.102	
23	6	1	33	0.074	
23	6	1	74	0.117	
24	6	1	250	0.103	
24	6	1	250	0.111	
24	6	1	79	0.143	
24	6	1	72	0.110	
24	6	1	73	0.115	
25	6	1	88	0.199	
25	6	1	94	0.208	
25	6	1	74	0.177	
25	6	1	74	0.154	
25	6	1	74	0.177	
26	6	1	185	0.106	
26	6	1	250	0.122	
26	6	1	75	0.124	
26	6	1	72	0.144	
26	6	1	70	0.125	
27	6	1	250	0.088	
27	6	1	141	0.136	
27	6	1	70	0.161	
27	6	1	70	0.166	
27	6	1	70	0.162	
28	6	1	74	0.321	
28	6	1	71	0.294	
28	6	1	69	0.169	
28	6	1	70	0.218	
28	6	1	70	0.186	
29	6	1	250	0.142	
29	6	1	250	0.067	
29	6	0	42	0.004	
29	6	0	40	0.002	
29	6	0	39	0.000	
30	6	1	230	0.097	
30	6	1	250	0.092	
30	6	1	72	0.091	
30	6	1	72	0.129	
30	6	1	71	0.110	
31	6	1	149	0.098	
31	6	1	80	0.160	
31	6	1	70	0.144	
31	6	1	70	0.159	
31	6	1	69	0.144	
32	6	1	159	0.167	
32	6	1	107	0.143	
32	6	1	70	0.101	
32	6	1	70	0.101	
32	6	1	70	0.101	
33	6	1	250	0.099	
33	6	1	250	0.075	
33	6	1	58	0.074	
33	6	1	51	0.073	
33	6	1	57	0.079	
34	6	1	250	0.068	
34	6	1	78	0.100	
34	6	1	68	0.168	
34	6	1	68	0.176	
34	6	1	68	0.168	
35	6	1	213	0.053	
35	6	1	250	0.073	
35	6	1	113	0.065	
35	6	1	76	0.110	
35	6	1	76	0.087	
36	6	1	96	0.112	
36	6	1	73	0.129	
36	6	1	68	0.208	
36	6	1	68	0.196	
36	6	1	68	0.196	
37	6	1	250	0.084	
37	6	1	250	0.151	
37	6	1	84	0.059	
37	6	1	74	0.074	
37	6	1	77	0.086	
38	6	1	250	0.205	
38	6	1	250	0.202	
38	6	1	48	0.072	
38	6	1	81	0.097	
38	6	1	81	0.079	
39	6	1	250	0.124	
39	6	1	250	0.181	
39	6	1	71	0.167	
39	6	1	72	0.130	
39	6	1	70	0.159	
40	6	1	70	0.301	
40	6	1	70	0.301	
40	6	1	80	0.340	
40	6	1	80	0.333	
40	6	1	80	0.353	
41	6	1	71	0.240	
41	6	1	70	0.227	
41	6	1	73	0.224	
41	6	1	73	0.219	
41	6	1	74	0.215	
42	6	1	70	0.682	
42	6	1	70	0.682	
42	6	1	73	0.666	
42	6	1	73	0.666	
42	6	1	73	0.660	
43	6	1	250	0.096	
43	6	1	250	0.121	
43	6	1	90	0.065	
43	6	1	90	0.074	
43	6	1	78	0.103	
44	6	1	250	0.157	
44	6	1	250	0.130	
44	6	1	84	0.085	
44	6	1	74	0.096	
44	6	1	76	0.096	
45	6	1	179	0.115	
45	6	1	149	0.073	
45	6	1	35	0.095	
45	6	1	33	0.103	
45	6	1	76	0.106	
46	6	1	250	0.092	
46	6	1	250	0.148	
46	6	1	86	0.061	
46	6	1	79	0.126	
46	6	1	80	0.088	
47	6	1	250	0.094	
47	6	1	250	0.060	
47	6	1	93	0.076	
47	6	1	76	0.057	
47	6	1	97	0.069	
48	6	1	250	0.087	
48	6	1	250	0.116	
48	6	1	70	0.167	
48	6	1	75	0.152	
48	6	1	70	0.135	
49	6	1	250	0.064	
49	6	1	250	0.057	
49	6	1	73	0.110	
49	6	1	78	0.109	
49	6	1	80	0.087	
50	6	1	80	0.259	
50	6	1	176	0.153	
50	6	1	69	0.206	
50	6	1	70	0.228	
50	6	1	69	0.195	
51	6	1	73	0.161	
51	6	1	139	0.072	
51	6	1	69	0.161	
51	6	1	70	0.120	
51	6	1	69	0.207	
52	6	1	116	0.217	
52	6	1	76	0.253	
52	6	1	69	0.158	
52	6	1	73	0.120	
52	6	1	72	0.143	
53	6	1	250	0.142	
53	6	1	250	0.143	
53	6	1	73	0.136	
53	6	1	76	0.113	
53	6	1	73	0.146	
54	6	1	74	0.169	
54	6	1	250	0.082	
54	6	1	69	0.189	
54	6	1	69	0.268	
54	6	1	68	0.234	
55	6	1	250	0.121	
55	6	1	250	0.109	
55	6	1	80	0.113	
55	6	1	82	0.081	
55	6	1	82	0.078	
56	6	1	140	0.255	
56	6	1	212	0.201	
56	6	1	72	0.107	
56	6	1	72	0.132	
56	6	1	72	0.107	
57	6	1	167	0.080	
57	6	1	209	0.060	
57	6	1	87	0.081	
57	6	0	81	0.000	
57	6	1	85	0.093	
58	6	1	235	0.058	
58	6	1	250	0.057	
58	6	1	129	0.063	
58	6	1	116	0.073	
58	6	1	105	0.061	
59	6	1	250	0.066	
59	6	1	250	0.132	
59	6	1	142	0.058	
59	6	1	92	0.077	
59	6	1	83	0.096	
60	6	1	250	0.055	
60	6	1	250	0.173	
60	6	1	82	0.076	
60	6	1	84	0.072	
60	6	1	92	0.065	
61	6	1	70	0.405	
61	6	1	70	0.390	
61	6	1	82	0.403	
61	6	1	86	0.383	
61	6	1	73	0.377	
62	6	1	250	0.067	
62	6	1	250	0.078	
62	6	1	94	0.047	
62	6	1	127	0.042	
62	6	1	89	0.094	
63	6	1	99	0.106	
63	6	1	118	0.109	
63	6	1	71	0.125	
63	6	1	73	0.112	
63	6	1	71	0.118	
64	6	1	250	0.128	
64	6	1	250	0.141	
64	6	1	70	0.138	
64	6	1	70	0.088	
64	6	1	70	0.157	
65	6	1	74	0.167	
65	6	1	87	0.139	
65	6	1	69	0.121	
65	6	1	68	0.161	
65	6	1	69	0.120	
66	6	1	250	0.102	
66	6	1	250	0.128	
66	6	1	72	0.130	
66	6	1	75	0.119	
66	6	1	77	0.091	
67	6	1	70	0.358	
67	6	1	70	0.358	
67	6	1	78	0.307	
67	6	1	80	0.367	
67	6	1	86	0.304	
68	6	1	92	0.155	
68	6	1	124	0.185	
68	6	1	73	0.122	
68	6	1	70	0.122	
68	6	1	88	0.188	
69	6	1	250	0.126	
69	6	1	250	0.153	
69	6	1	78	0.112	
69	6	1	75	0.132	
69	6	1	71	0.106	
70	6	1	71	0.179	
70	6	1	71	0.121	
70	6	1	70	0.129	
70	6	1	70	0.147	
70	6	1	70	0.104	
71	6	1	191	0.136	
71	6	1	103	0.087	
71	6	1	69	0.092	
71	6	1	69	0.160	
71	6	1	69	0.092	
72	6	1	71	0.261	
72	6	1	71	0.255	
72	6	1	73	0.211	
72	6	1	73	0.234	
72	6	1	73	0.206	
73	6	1	250	0.198	
73	6	1	245	0.065	
73	6	1	72	0.097	
73	6	1	73	0.159	
73	6	1	73	0.158	
74	6	1	250	0.255	
74	6	1	250	0.172	
74	6	1	72	0.159	
74	6	1	71	0.186	
74	6	1	70	0.121	
75	6	1	70	0.387	
75	6	1	70	0.336	
75	6	1	74	0.347	
75	6	1	74	0.347	
75	6	1	74	0.354	
76	6	1	250	0.104	
76	6	1	241	0.122	
76	6	1	71	0.156	
76	6	1	71	0.135	
76	6	1	73	0.115	
77	6	1	73	0.256	
77	6	1	80	0.237	
77	6	1	74	0.173	
77	6	1	73	0.165	
77	6	1	74	0.173	
78	6	1	250	0.053	
78	6	1	250	0.089	
78	6	1	83	0.131	
78	6	1	73	0.087	
78	6	1	74	0.146	
79	6	1	76	0.116	
79	6	1	137	0.095	
79	6	1	70	0.160	
79	6	1	70	0.129	
79	6	1	70	0.152	
80	6	1	250	0.082	
80	6	1	250	0.088	
80	6	1	73	0.108	
80	6	1	87	0.065	
80	6	1	79	0.108	
81	6	1	250	0.080	
81	6	1	250	0.124	
81	6	1	73	0.123	
81	6	1	69	0.107	
81	6	1	75	0.117	
82	6	1	250	0.093	
82	6	1	250	0.102	
82	6	1	110	0.060	
82	6	1	99	0.043	
82	6	1	78	0.084	
83	6	1	96	0.088	
83	6	1	90	0.090	
83	6	1	82	0.102	
83	6	1	82	0.099	
83	6	1	81	0.113	
84	6	1	198	0.114	
84	6	1	127	0.132	
84	6	1	72	0.064	
84	6	1	73	0.067	
84	6	1	72	0.057	
85	6	1	250	0.104	
85	6	1	250	0.152	
85	6	1	74	0.132	
85	6	1	72	0.148	
85	6	1	73	0.108	
86	6	1	250	0.101	
86	6	1	250	0.062	
86	6	1	98	0.053	
86	6	1	78	0.120	
86	6	1	99	0.048	
87	6	1	250	0.120	
87	6	1	250	0.129	
87	6	1	72	0.094	
87	6	1	72	0.097	
87	6	1	70	0.103	
88	6	1	74	0.125	
88	6	1	99	0.122	
88	6	1	80	0.099	
88	6	1	80	0.123	
88	6	1	79	0.125	
89	6	1	250	0.088	
89	6	1	245	0.078	
89	6	1	74	0.082	
89	6	1	74	0.090	
89	6	1	74	0.092	
90	6	1	109	0.073	
90	6	1	250	0.109	
90	6	1	68	0.104	
90	6	1	68	0.170	
90	6	1	68	0.169	
91	6	1	153	0.073	
91	6	1	117	0.082	
91	6	1	70	0.120	
91	6	1	72	0.164	
91	6	1	71	0.166	
92	6	1	250	0.164	
92	6	1	250	0.098	
92	6	1	70	0.186	
92	6	1	72	0.145	
92	6	1	75	0.132	
93	6	1	70	0.808	
93	6	1	70	0.808	
93	6	1	83	0.779	
93	6	1	74	0.791	
93	6	1	74	0.791	
94	6	1	70	0.378	
94	6	1	70	0.378	
94	6	1	79	0.410	
94	6	1	79	0.379	
94	6	1	79	0.370	
95	6	1	250	0.104	
95	6	1	250	0.137	
95	6	1	70	0.134	
95	6	1	72	0.152	
95	6	1	71	0.133	
96	6	1	250	0.083	
96	6	1	250	0.077	
96	6	1	82	0.116	
96	6	1	77	0.129	
96	6	1	78	0.121	
97	6	1	250	0.111	
97	6	1	250	0.105	
97	6	1	72	0.127	
97	6	1	71	0.109	
97	6	1	72	0.125	
98	6	1	250	0.102	
98	6	1	250	0.081	
98	6	1	75	0.147	
98	6	1	73	0.158	
98	6	1	80	0.116	
99	6	1	187	0.129	
99	6	1	250	0.129	
99	6	1	76	0.125	
99	6	1	30	0.120	
99	6	1	89	0.151	
100	6	1	250	0.147	
100	6	1	175	0.097	
100	6	1	68	0.179	
100	6	1	69	0.149	
100	6	1	68	0.166	
101	6	1	76	0.270	
101	6	1	76	0.211	
101	6	1	74	0.178	
101	6	1	74	0.178	
101	6	1	77	0.173	
102	6	1	250	0.071	
102	6	1	246	0.081	
102	6	1	69	0.179	
102	6	1	55	0.117	
102	6	1	71	0.168	
103	6	1	250	0.105	
103	6	1	250	0.103	
103	6	1	76	0.140	
103	6	1	78	0.142	
103	6	1	84	0.103	
104	6	1	250	0.123	
104	6	1	250	0.065	
104	6	1	80	0.112	
104	6	1	82	0.122	
104	6	1	80	0.123	
105	6	1	250	0.129	
105	6	1	44	0.055	
105	6	1	78	0.107	
105	6	1	82	0.065	
105	6	1	90	0.063	
106	6	1	250	0.100	
106	6	1	250	0.124	
106	6	1	79	0.124	
106	6	1	79	0.121	
106	6	1	72	0.141	
107	6	1	209	0.038	
107	6	1	97	0.125	
107	6	1	69	0.169	
107	6	1	70	0.201	
107	6	1	77	0.083	
108	6	1	74	0.225	
108	6	1	75	0.276	
108	6	1	75	0.176	
108	6	1	75	0.178	
108	6	1	75	0.176	
109	6	1	246	0.143	
109	6	1	155	0.118	
109	6	1	70	0.149	
109	6	1	70	0.094	
109	6	1	70	0.123	
110	6	1	235	0.143	
110	6	1	250	0.108	
110	6	1	71	0.179	
110	6	1	70	0.153	
110	6	1	73	0.146	
111	6	1	250	0.114	
111	6	1	250	0.133	
111	6	1	90	0.108	
111	6	1	104	0.094	
111	6	1	84	0.094	
112	6	1	250	0.158	
112	6	1	183	0.091	
112	6	1	77	0.030	
112	6	1	103	0.060	
112	6	1	115	0.069	
113	6	1	203	0.067	
113	6	1	250	0.060	
113	6	1	100	0.093	
113	6	1	104	0.071	
113	6	1	113	0.074	
114	6	1	250	0.096	
114	6	1	250	0.091	
114	6	1	110	0.076	
114	6	1	108	0.051	
114	6	1	100	0.099	
115	6	1	250	0.083	
115	6	1	125	0.121	
115	6	1	85	0.099	
115	6	1	77	0.135	
115	6	1	77	0.107	
116	6	1	77	0.191	
116	6	1	102	0.111	
116	6	1	70	0.146	
116	6	1	70	0.154	
116	6	1	71	0.121	
117	6	1	250	0.137	
117	6	1	250	0.171	
117	6	1	78	0.099	
117	6	1	80	0.089	
117	6	1	77	0.047	
118	6	1	250	0.059	
118	6	1	250	0.104	
118	6	1	76	0.105	
118	6	1	81	0.079	
118	6	1	87	0.074	
119	6	1	250	0.065	
119	6	1	250	0.130	
119	6	1	81	0.106	
119	6	1	90	0.106	
119	6	1	86	0.085	
120	6	1	250	0.064	
120	6	1	250	0.074	
120	6	1	102	0.107	
120	6	1	92	0.112	
120	6	1	91	0.117	
121	6	1	250	0.144	
121	6	1	250	0.143	
121	6	1	82	0.105	
121	6	1	87	0.101	
121	6	1	89	0.125	
122	6	1	135	0.151	
122	6	1	250	0.127	
122	6	1	72	0.155	
122	6	1	70	0.130	
122	6	1	73	0.095	
123	6	1	250	0.113	
123	6	1	250	0.108	
123	6	1	100	0.066	
123	6	1	85	0.085	
123	6	1	96	0.077	
124	6	1	200	0.071	
124	6	1	250	0.121	
124	6	1	72	0.166	
124	6	1	75	0.174	
124	6	1	77	0.145	
125	6	1	250	0.157	
125	6	1	250	0.094	
125	6	1	85	0.069	
125	6	1	87	0.063	
125	6	1	93	0.069	
126	6	1	250	0.199	
126	6	1	250	0.143	
126	6	1	78	0.095	
126	6	1	74	0.115	
126	6	1	75	0.104	
127	6	1	250	0.103	
127	6	1	250	0.143	
127	6	1	82	0.113	
127	6	1	95	0.065	
127	6	1	99	0.077	
128	6	1	196	0.268	
128	6	1	139	0.248	
128	6	1	69	0.110	
128	6	1	68	0.104	
128	6	1	69	0.091	
129	6	1	219	0.083	
129	6	1	82	0.131	
129	6	1	72	0.129	
129	6	1	74	0.131	
129	6	1	71	0.089	
130	6	1	230	0.115	
130	6	1	180	0.088	
130	6	1	69	0.156	
130	6	1	70	0.125	
130	6	1	69	0.106	
131	6	1	250	0.113	
131	6	1	227	0.097	
131	6	1	77	0.098	
131	6	1	78	0.132	
131	6	1	82	0.099	
132	6	1	34	0.089	
132	6	1	216	0.133	
132	6	1	70	0.140	
132	6	1	70	0.045	
132	6	1	75	0.143	
133	6	1	250	0.075	
133	6	1	250	0.072	
133	6	1	82	0.153	
133	6	1	95	0.098	
133	6	1	87	0.145	
134	6	1	250	0.084	
134	6	1	250	0.145	
134	6	1	80	0.085	
134	6	1	94	0.086	
134	6	1	71	0.144	
135	6	1	77	0.238	
135	6	1	79	0.261	
135	6	1	71	0.185	
135	6	1	78	0.173	
135	6	1	74	0.181	
136	6	1	250	0.144	
136	6	1	250	0.176	
136	6	1	84	0.096	
136	6	1	92	0.071	
136	6	1	97	0.062	
137	6	1	250	0.112	
137	6	1	250	0.088	
137	6	1	100	0.052	
137	6	1	108	0.066	
137	6	1	88	0.071	
138	6	1	250	0.148	
138	6	1	250	0.116	
138	6	1	90	0.082	
138	6	1	99	0.066	
138	6	1	90	0.092	
139	6	1	250	0.105	
139	6	1	250	0.185	
139	6	1	71	0.165	
139	6	1	71	0.166	
139	6	1	74	0.137	
140	6	1	250	0.069	
140	6	1	250	0.167	
140	6	1	72	0.091	
140	6	1	82	0.117	
140	6	1	84	0.115	
141	6	1	250	0.091	
141	6	1	250	0.150	
141	6	1	77	0.095	
141	6	1	78	0.085	
141	6	1	75	0.100	
142	6	1	250	0.090	
142	6	1	250	0.164	
142	6	1	70	0.080	
142	6	1	71	0.103	
142	6	1	70	0.097	
143	6	1	250	0.114	
143	6	1	250	0.059	
143	6	1	76	0.162	
143	6	1	75	0.112	
143	6	1	75	0.104	
144	6	1	250	0.068	
144	6	1	250	0.165	
144	6	1	94	0.078	
144	6	1	73	0.092	
144	6	1	80	0.099	
145	6	1	250	0.149	
145	6	1	208	0.166	
145	6	1	75	0.089	
145	6	1	74	0.065	
145	6	1	70	0.094	
146	6	1	75	0.245	
146	6	1	98	0.163	
146	6	1	67	0.170	
146	6	1	67	0.160	
146	6	1	69	0.106	
147	6	1	250	0.097	
147	6	1	250	0.114	
147	6	1	71	0.106	
147	6	1	70	0.142	
147	6	1	70	0.114	
148	6	1	250	0.075	
148	6	1	250	0.089	
148	6	1	83	0.067	
148	6	1	74	0.077	
148	6	1	40	0.117	
149	6	1	250	0.107	
149	6	1	250	0.087	
149	6	1	74	0.125	
149	6	1	72	0.103	
149	6	1	72	0.133	
150	6	1	250	0.084	
150	6	1	250	0.147	
150	6	1	80	0.119	
150	6	1	83	0.100	
150	6	1	94	0.053	
151	6	1	250	0.118	
151	6	1	250	0.112	
151	6	1	78	0.133	
151	6	1	79	0.102	
151	6	1	100	0.067	
152	6	1	201	0.113	
152	6	1	250	0.118	
152	6	1	70	0.117	
152	6	1	70	0.127	
152	6	1	82	0.093	
153	6	1	250	0.148	
153	6	1	250	0.139	
153	6	1	65	0.065	
153	6	1	81	0.072	
153	6	1	100	0.074	
154	6	1	250	0.112	
154	6	1	250	0.110	
154	6	1	80	0.081	
154	6	1	80	0.065	
154	6	1	78	0.088	
155	6	1	250	0.077	
155	6	1	250	0.107	
155	6	1	73	0.112	
155	6	1	69	0.145	
155	6	1	71	0.150	
156	6	1	83	0.268	
156	6	1	82	0.249	
156	6	1	73	0.128	
156	6	1	75	0.128	
156	6	1	73	0.177	
157	6	1	250	0.071	
157	6	1	250	0.083	
157	6	1	98	0.068	
157	6	1	127	0.053	
157	6	1	114	0.062	
158	6	1	250	0.062	
158	6	1	250	0.129	
158	6	1	80	0.038	
158	6	1	102	0.055	
158	6	1	115	0.076	
159	6	1	98	0.282	
159	6	1	82	0.319	
159	6	1	71	0.191	
159	6	1	70	0.151	
159	6	1	71	0.177	
160	6	1	250	0.161	
160	6	1	250	0.134	
160	6	1	87	0.083	
160	6	1	82	0.086	
160	6	1	82	0.065	
161	6	1	78	0.257	
161	6	1	79	0.219	
161	6	1	71	0.163	
161	6	1	71	0.179	
161	6	1	71	0.179	
162	6	1	250	0.106	
162	6	1	250	0.070	
162	6	1	78	0.088	
162	6	1	75	0.125	
162	6	1	74	0.145	
163	6	1	250	0.110	
163	6	1	250	0.076	
163	6	1	84	0.034	
163	6	1	96	0.077	
163	6	1	80	0.095	
164	6	1	199	0.128	
164	6	1	250	0.127	
164	6	1	70	0.122	
164	6	1	79	0.124	
164	6	1	71	0.100	
165	6	1	250	0.104	
165	6	1	250	0.085	
165	6	1	93	0.080	
165	6	1	89	0.079	
165	6	1	90	0.080	
166	6	1	250	0.138	
166	6	1	250	0.089	
166	6	1	73	0.125	
166	6	1	81	0.090	
166	6	1	75	0.127	
167	6	1	250	0.091	
167	6	1	90	0.120	
167	6	1	46	0.067	
167	6	1	65	0.060	
167	6	1	37	0.079	
168	6	1	250	0.088	
168	6	1	250	0.114	
168	6	1	87	0.132	
168	6	1	82	0.158	
168	6	1	81	0.117	
169	6	1	250	0.106	
169	6	1	250	0.074	
169	6	1	131	0.065	
169	6	1	99	0.058	
169	6	1	60	0.045	
170	6	1	250	0.076	
170	6	1	250	0.139	
170	6	1	75	0.107	
170	6	1	74	0.087	
170	6	1	82	0.089	
171	6	1	250	0.151	
171	6	1	250	0.105	
171	6	1	94	0.104	
171	6	1	99	0.033	
171	6	1	86	0.101	
172	6	1	250	0.162	
172	6	1	250	0.106	
172	6	1	99	0.092	
172	6	1	109	0.089	
172	6	1	103	0.093	
173	6	1	250	0.157	
173	6	1	250	0.119	
173	6	1	91	0.098	
173	6	1	95	0.088	
173	6	1	92	0.094	
174	6	1	250	0.128	
174	6	1	250	0.082	
174	6	1	69	0.154	
174	6	1	70	0.134	
174	6	1	70	0.140	
175	6	1	250	0.095	
175	6	1	250	0.066	
175	6	1	113	0.076	
175	6	1	110	0.071	
175	6	1	90	0.091	
176	6	1	250	0.125	
176	6	1	250	0.138	
176	6	1	81	0.103	
176	6	1	78	0.111	
176	6	1	79	0.128	
177	6	1	250	0.107	
177	6	1	250	0.142	
177	6	1	73	0.102	
177	6	1	84	0.095	
177	6	1	85	0.088	
178	6	1	250	0.105	
178	6	1	250	0.093	
178	6	1	79	0.102	
178	6	1	77	0.118	
178	6	1	82	0.118	
179	6	1	250	0.120	
179	6	1	250	0.077	
179	6	1	94	0.082	
179	6	1	84	0.086	
179	6	1	90	0.063	
180	6	1	250	0.121	
180	6	1	250	0.075	
180	6	1	79	0.066	
180	6	1	44	0.069	
180	6	1	88	0.086	
181	6	1	250	0.097	
181	6	1	250	0.181	
181	6	1	89	0.094	
181	6	1	109	0.068	
181	6	1	80	0.097	
182	6	1	250	0.162	
182	6	1	250	0.106	
182	6	1	79	0.065	
182	6	1	82	0.071	
182	6	1	102	0.083	
183	6	1	250	0.090	
183	6	1	250	0.084	
183	6	1	79	0.115	
183	6	1	77	0.146	
183	6	1	89	0.084	
184	6	1	250	0.169	
184	6	1	250	0.133	
184	6	1	74	0.135	
184	6	1	78	0.146	
184	6	1	71	0.146	
185	6	1	250	0.105	
185	6	1	250	0.119	
185	6	1	76	0.094	
185	6	1	71	0.143	
185	6	1	77	0.126	
186	6	1	250	0.073	
186	6	1	250	0.032	
186	6	1	75	0.090	
186	6	1	94	0.067	
186	6	1	106	0.066	
187	6	1	75	0.066	
187	6	1	250	0.094	
187	6	1	78	0.046	
187	6	1	97	0.071	
187	6	1	86	0.045	
188	6	1	250	0.111	
188	6	1	250	0.149	
188	6	1	72	0.119	
188	6	1	73	0.113	
188	6	1	74	0.119	
189	6	1	156	0.112	
189	6	1	250	0.079	
189	6	1	86	0.069	
189	6	1	80	0.074	
189	6	1	84	0.079	
190	6	1	250	0.071	
190	6	1	250	0.148	
190	6	1	102	0.075	
190	6	1	82	0.071	
190	6	1	92	0.060	
191	6	1	250	0.055	
191	6	1	250	0.068	
191	6	1	108	0.073	
191	6	1	85	0.090	
191	6	1	82	0.081	
192	6	1	250	0.158	
192	6	1	250	0.137	
192	6	1	131	0.044	
192	6	0	103	0.012	
192	6	1	95	0.050	
193	6	1	250	0.095	
193	6	1	250	0.091	
193	6	1	104	0.084	
193	6	1	115	0.077	
193	6	1	117	0.098	
194	6	1	250	0.140	
194	6	1	250	0.134	
194	6	1	86	0.076	
194	6	1	103	0.067	
194	6	1	99	0.066	
195	6	1	250	0.139	
195	6	1	250	0.083	
195	6	1	76	0.103	
195	6	1	79	0.100	
195	6	1	81	0.099	
196	6	1	250	0.125	
196	6	1	250	0.080	
196	6	1	79	0.093	
196	6	1	74	0.119	
196	6	1	74	0.098	
197	6	1	250	0.159	
197	6	1	250	0.132	
197	6	1	77	0.133	
197	6	1	80	0.105	
197	6	1	81	0.137	
198	6	1	250	0.037	
198	6	1	250	0.113	
198	6	1	85	0.059	
198	6	1	87	0.089	
198	6	1	81	0.095	
199	6	1	250	0.066	
199	6	1	250	0.084	
199	6	1	77	0.097	
199	6	1	93	0.078	
199	6	1	98	0.086	
200	6	1	250	0.114	
200	6	1	250	0.105	
200	6	1	72	0.152	
200	6	1	72	0.136	
200	6	1	74	0.096	
201	6	1	250	0.202	
201	6	1	250	0.070	
201	6	1	74	0.088	
201	6	1	81	0.088	
201	6	1	86	0.100	
202	6	1	235	0.092	
202	6	1	250	0.112	
202	6	1	73	0.189	
202	6	1	77	0.129	
202	6	1	77	0.132	
203	6	1	250	0.123	
203	6	1	250	0.128	
203	6	1	59	0.075	
203	6	1	91	0.064	
203	6	1	83	0.085	
204	6	1	250	0.084	
204	6	1	250	0.105	
204	6	1	96	0.106	
204	6	1	85	0.081	
204	6	1	87	0.082	
205	6	1	250	0.108	
205	6	1	250	0.068	
205	6	1	105	0.101	
205	6	1	108	0.067	
205	6	1	97	0.073	
206	6	1	250	0.171	
206	6	1	250	0.093	
206	6	1	89	0.060	
206	6	1	94	0.079	
206	6	1	109	0.083	
207	6	1	250	0.122	
207	6	1	250	0.090	
207	6	1	78	0.057	
207	6	1	51	0.087	
207	6	1	54	0.086	
208	6	1	250	0.108	
208	6	1	250	0.098	
208	6	1	84	0.095	
208	6	1	81	0.082	
208	6	1	105	0.071	
209	6	1	250	0.134	
209	6	1	135	0.107	
209	6	1	74	0.139	
209	6	1	70	0.120	
209	6	1	73	0.116	
210	6	1	250	0.126	
210	6	1	250	0.138	
210	6	1	92	0.059	
210	6	1	108	0.065	
210	6	1	92	0.055	
211	6	1	250	0.093	
211	6	1	250	0.099	
211	6	1	98	0.056	
211	6	1	131	0.066	
211	6	1	113	0.052	
212	6	1	250	0.083	
212	6	1	250	0.108	
212	6	1	73	0.128	
212	6	1	75	0.139	
212	6	1	73	0.141	
213	6	1	250	0.195	
213	6	1	250	0.167	
213	6	1	92	0.114	
213	6	1	85	0.097	
213	6	1	111	0.069	
214	6	1	250	0.136	
214	6	1	250	0.077	
214	6	1	114	0.062	
214	6	1	100	0.068	
214	6	1	104	0.081	
215	6	1	250	0.119	
215	6	1	250	0.119	
215	6	1	83	0.087	
215	6	1	90	0.104	
215	6	1	84	0.081	
216	6	1	250	0.125	
216	6	1	250	0.127	
216	6	1	82	0.111	
216	6	1	74	0.147	
216	6	1	79	0.068	
217	6	1	250	0.112	
217	6	1	250	0.127	
217	6	1	95	0.101	
217	6	1	74	0.110	
217	6	1	28	0.278	
218	6	1	250	0.082	
218	6	1	250	0.073	
218	6	1	94	0.071	
218	6	1	98	0.054	
218	6	1	96	0.071	
219	6	1	250	0.110	
219	6	1	250	0.069	
219	6	1	74	0.076	
219	6	1	80	0.092	
219	6	1	89	0.088	
220	6	1	250	0.091	
220	6	1	250	0.119	
220	6	1	48	0.053	
220	6	1	58	0.081	
220	6	1	60	0.083	
221	6	1	250	0.150	
221	6	1	250	0.111	
221	6	1	82	0.052	
221	6	1	83	0.055	
221	6	1	82	0.053	
222	6	1	250	0.154	
222	6	1	250	0.125	
222	6	1	78	0.044	
222	6	1	78	0.065	
222	6	1	72	0.087	
223	6	1	250	0.113	
223	6	1	250	0.134	
223	6	1	97	0.093	
223	6	1	94	0.113	
223	6	1	91	0.098	
224	6	1	250	0.115	
224	6	1	250	0.084	
224	6	1	41	0.130	
224	6	1	76	0.091	
224	6	1	80	0.113	
225	6	1	250	0.079	
225	6	1	250	0.066	
225	6	1	88	0.097	
225	6	1	84	0.069	
225	6	1	83	0.088	
226	6	1	224	0.061	
226	6	1	250	0.077	
226	6	1	90	0.109	
226	6	1	74	0.123	
226	6	1	73	0.136	
227	6	1	250	0.110	
227	6	1	250	0.110	
227	6	1	129	0.050	
227	6	0	57	0.022	
227	6	1	94	0.069	
228	6	1	250	0.141	
228	6	1	250	0.074	
228	6	1	85	0.071	
228	6	1	85	0.086	
228	6	1	87	0.062	
229	6	1	250	0.138	
229	6	1	250	0.110	
229	6	1	92	0.064	
229	6	1	93	0.050	
229	6	1	79	0.065	
230	6	1	250	0.086	
230	6	1	250	0.075	
230	6	1	80	0.078	
230	6	1	88	0.068	
230	6	1	82	0.105	
231	6	1	250	0.113	
231	6	1	250	0.153	
231	6	1	78	0.146	
231	6	1	76	0.162	
231	6	1	77	0.133	
232	6	1	250	0.109	
232	6	1	250	0.126	
232	6	1	71	0.116	
232	6	1	88	0.059	
232	6	1	72	0.103	
233	6	1	116	0.235	
233	6	1	118	0.210	
233	6	1	71	0.139	
233	6	1	70	0.176	
233	6	1	70	0.226	
234	6	1	250	0.102	
234	6	1	250	0.160	
234	6	1	82	0.089	
234	6	1	80	0.129	
234	6	1	78	0.122	
235	6	1	250	0.063	
235	6	1	250	0.058	
235	6	1	77	0.113	
235	6	1	84	0.095	
235	6	1	95	0.087	
236	6	1	250	0.086	
236	6	1	250	0.144	
236	6	1	72	0.179	
236	6	1	72	0.179	
236	6	1	76	0.175	
237	6	1	250	0.121	
237	6	1	250	0.063	
237	6	1	89	0.068	
237	6	1	101	0.068	
237	6	1	36	0.117	
238	6	1	250	0.115	
238	6	1	250	0.123	
238	6	1	94	0.101	
238	6	1	60	0.106	
238	6	1	65	0.070	
239	6	1	250	0.195	
239	6	1	250	0.171	
239	6	1	81	0.105	
239	6	1	75	0.137	
239	6	1	79	0.106	
240	6	1	123	0.090	
240	6	1	164	0.107	
240	6	1	75	0.133	
240	6	1	74	0.127	
240	6	1	74	0.162	
241	6	1	250	0.121	
241	6	1	250	0.121	
241	6	1	85	0.088	
241	6	1	44	0.064	
241	6	1	89	0.071	
242	6	1	250	0.099	
242	6	1	250	0.237	
242	6	1	100	0.091	
242	6	1	77	0.068	
242	6	1	100	0.075	
243	6	1	250	0.068	
243	6	1	250	0.102	
243	6	1	102	0.049	
243	6	1	93	0.058	
243	6	1	117	0.062	
244	6	1	250	0.110	
244	6	1	250	0.056	
244	6	1	98	0.032	
244	6	1	84	0.074	
244	6	1	94	0.056	
245	6	1	250	0.070	
245	6	1	250	0.085	
245	6	1	83	0.078	
245	6	1	91	0.081	
245	6	1	113	0.081	
246	6	1	250	0.109	
246	6	1	250	0.088	
246	6	1	89	0.071	
246	6	1	107	0.052	
246	6	1	128	0.079	
247	6	1	250	0.117	
247	6	1	119	0.161	
247	6	1	78	0.092	
247	6	1	77	0.095	
247	6	1	77	0.112	
248	6	1	250	0.113	
248	6	1	250	0.068	
248	6	1	78	0.088	
248	6	1	80	0.070	
248	6	1	88	0.084	
249	6	1	250	0.065	
249	6	1	209	0.065	
249	6	1	35	0.052	
249	6	1	92	0.049	
249	6	1	78	0.087	
250	6	1	250	0.089	
250	6	1	250	0.073	
250	6	1	144	0.045	
250	6	1	106	0.047	
250	6	1	137	0.037	
251	6	1	250	0.138	
251	6	1	250	0.162	
251	6	1	77	0.059	
251	6	1	73	0.101	
251	6	1	72	0.108	
252	6	1	250	0.048	
252	6	1	250	0.133	
252	6	1	73	0.102	
252	6	1	74	0.079	
252	6	1	75	0.079	
253	6	1	36	0.185	
253	6	1	250	0.163	
253	6	1	112	0.092	
253	6	1	79	0.085	
253	6	1	104	0.078	
254	6	1	250	0.138	
254	6	1	250	0.102	
254	6	1	77	0.101	
254	6	1	84	0.086	
254	6	1	78	0.098	
255	6	1	250	0.071	
255	6	1	37	0.076	
255	6	1	81	0.079	
255	6	1	79	0.063	
255	6	1	103	0.070	
256	6	1	250	0.086	
256	6	1	250	0.112	
256	6	1	97	0.081	
256	6	1	81	0.069	
256	6	1	82	0.058	
257	6	1	250	0.111	
257	6	1	250	0.134	
257	6	1	74	0.109	
257	6	1	72	0.109	
257	6	1	71	0.140	
258	6	1	250	0.121	
258	6	1	250	0.064	
258	6	1	116	0.065	
258	6	1	110	0.055	
258	6	1	129	0.063	
259	6	1	128	0.093	
259	6	1	250	0.128	
259	6	1	80	0.091	
259	6	1	69	0.169	
259	6	1	80	0.097	
260	6	1	250	0.139	
260	6	1	250	0.104	
260	6	1	91	0.090	
260	6	1	105	0.101	
260	6	1	125	0.058	
261	6	1	250	0.142	
261	6	1	250	0.107	
261	6	1	79	0.076	
261	6	1	83	0.099	
261	6	1	79	0.108	
262	6	1	250	0.149	
262	6	1	250	0.097	
262	6	1	97	0.075	
262	6	1	93	0.067	
262	6	1	113	0.065	
263	6	1	250	0.121	
263	6	1	250	0.085	
263	6	1	81	0.104	
263	6	1	75	0.104	
263	6	1	91	0.084	
264	6	1	250	0.147	
264	6	1	250	0.145	
264	6	1	79	0.066	
264	6	1	77	0.075	
264	6	1	98	0.077	
265	6	1	250	0.100	
265	6	1	250	0.110	
265	6	1	44	0.056	
265	6	1	93	0.065	
265	6	1	97	0.056	
266	6	1	250	0.105	
266	6	1	250	0.103	
266	6	1	109	0.075	
266	6	1	95	0.072	
266	6	1	98	0.081	
267	6	1	250	0.088	
267	6	1	250	0.084	
267	6	1	82	0.088	
267	6	1	90	0.076	
267	6	1	80	0.089	
268	6	1	250	0.079	
268	6	1	250	0.154	
268	6	1	93	0.088	
268	6	1	101	0.073	
268	6	1	81	0.093	
269	6	1	250	0.080	
269	6	1	250	0.053	
269	6	1	82	0.095	
269	6	1	80	0.114	
269	6	1	83	0.100	
270	6	1	55	0.107	
270	6	1	97	0.172	
270	6	1	69	0.142	
270	6	1	70	0.135	
270	6	1	69	0.139	
271	6	1	250	0.106	
271	6	1	250	0.109	
271	6	1	118	0.072	
271	6	1	100	0.091	
271	6	1	94	0.089	
272	6	1	250	0.106	
272	6	1	250	0.081	
272	6	1	185	0.057	
272	6	1	164	0.063	
272	6	1	74	0.059	
273	6	1	250	0.043	
273	6	1	250	0.091	
273	6	1	166	0.077	
273	6	1	172	0.083	
273	6	1	164	0.078	
274	6	1	250	0.110	
274	6	1	168	0.172	
274	6	1	71	0.145	
274	6	1	70	0.151	
274	6	1	70	0.139	
275	6	1	250	0.126	
275	6	1	250	0.174	
275	6	1	99	0.055	
275	6	1	117	0.056	
275	6	1	97	0.061	
276	6	1	250	0.134	
276	6	1	250	0.115	
276	6	1	99	0.069	
276	6	1	108	0.092	
276	6	1	91	0.085	
277	6	1	250	0.090	
277	6	1	250	0.134	
277	6	1	81	0.125	
277	6	1	85	0.062	
277	6	1	82	0.097	
278	6	1	250	0.116	
278	6	1	250	0.117	
278	6	1	101	0.106	
278	6	1	98	0.067	
278	6	1	111	0.073	
279	6	1	250	0.088	
279	6	1	250	0.100	
279	6	1	115	0.069	
279	6	1	108	0.054	
279	6	1	104	0.060	
280	6	1	250	0.175	
280	6	1	250	0.093	
280	6	1	131	0.039	
280	6	1	90	0.107	
280	6	1	84	0.105	
281	6	1	250	0.187	
281	6	1	250	0.109	
281	6	1	146	0.056	
281	6	1	250	0.063	
281	6	1	250	0.055	
282	6	1	250	0.143	
282	6	1	250	0.127	
282	6	1	120	0.065	
282	6	1	104	0.087	
282	6	1	105	0.105	
283	6	1	250	0.137	
283	6	1	250	0.113	
283	6	1	51	0.067	
283	6	1	47	0.055	
283	6	1	47	0.044	
284	6	1	250	0.100	
284	6	1	250	0.155	
284	6	1	75	0.106	
284	6	1	75	0.112	
284	6	1	80	0.103	
285	6	1	250	0.219	
285	6	1	250	0.127	
285	6	1	129	0.052	
285	6	1	110	0.047	
285	6	1	49	0.055	
286	6	1	250	0.161	
286	6	1	250	0.126	
286	6	1	75	0.080	
286	6	1	80	0.096	
286	6	1	80	0.096	
287	6	1	250	0.183	
287	6	1	250	0.080	
287	6	1	60	0.108	
287	6	1	92	0.049	
287	6	1	113	0.070	
288	6	1	250	0.084	
288	6	1	250	0.110	
288	6	1	54	0.075	
288	6	1	93	0.063	
288	6	1	98	0.083	
289	6	1	250	0.110	
289	6	1	231	0.078	
289	6	1	93	0.066	
289	6	1	40	0.142	
289	6	1	92	0.089	
290	6	1	250	0.064	
290	6	1	250	0.090	
290	6	1	99	0.065	
290	6	1	93	0.055	
290	6	1	111	0.067	
291	6	1	72	0.255	
291	6	1	72	0.208	
291	6	1	81	0.218	
291	6	1	85	0.218	
291	6	1	84	0.152	
292	6	1	250	0.164	
292	6	1	123	0.066	
292	6	1	89	0.089	
292	6	1	82	0.082	
292	6	1	78	0.088	
293	6	1	250	0.074	
293	6	1	250	0.048	
293	6	1	104	0.075	
293	6	1	46	0.099	
293	6	1	106	0.053	
294	6	1	250	0.093	
294	6	1	250	0.119	
294	6	1	110	0.061	
294	6	1	115	0.084	
294	6	1	113	0.076	
295	6	1	250	0.120	
295	6	1	250	0.118	
295	6	1	81	0.089	
295	6	1	98	0.096	
295	6	1	95	0.047	
296	6	1	250	0.166	
296	6	1	250	0.118	
296	6	1	78	0.123	
296	6	1	73	0.124	
296	6	1	74	0.115	
297	6	1	250	0.064	
297	6	1	250	0.111	
297	6	1	116	0.056	
297	6	1	132	0.034	
297	6	1	128	0.059	
298	6	1	250	0.117	
298	6	1	250	0.095	
298	6	1	90	0.067	
298	6	1	90	0.104	
298	6	1	84	0.076	
299	6	1	250	0.128	
299	6	1	250	0.077	
299	6	1	93	0.060	
299	6	1	65	0.103	
299	6	1	80	0.067	
0	7	1	198	0.060	
0	7	1	209	0.099	
0	7	1	58	0.101	
0	7	1	52	0.090	
0	7	1	57	0.109	
1	7	1	250	0.094	
1	7	1	250	0.138	
1	7	1	134	0.062	
1	7	1	54	0.193	
1	7	1	219	0.098	
2	7	1	250	0.066	
2	7	1	250	0.056	
2	7	1	96	0.072	
2	7	0	35	0.000	
2	7	1	55	0.095	
3	7	1	112	0.061	
3	7	1	152	0.096	
3	7	1	44	0.251	
3	7	1	45	0.258	
3	7	1	44	0.212	
4	7	0	217	0.033	
4	7	1	250	0.058	
4	7	1	114	0.075	
4	7	1	71	0.034	
4	7	0	45	0.000	
5	7	1	46	0.178	
5	7	1	46	0.178	
5	7	1	44	0.200	
5	7	1	44	0.200	
5	7	1	44	0.200	
6	7	1	250	0.130	
6	7	1	250	0.123	
6	7	1	57	0.125	
6	7	1	61	0.088	
6	7	1	52	0.101	
7	7	1	250	0.084	
7	7	1	219	0.054	
7	7	1	135	0.076	
7	7	1	123	0.080	
7	7	1	51	0.114	
8	7	1	132	0.118	
8	7	1	205	0.067	
8	7	1	47	0.172	
8	7	1	52	0.149	
8	7	1	46	0.170	
9	7	1	159	0.184	
9	7	1	46	0.131	
9	7	1	44	0.285	
9	7	1	44	0.204	
9	7	1	44	0.240	
10	7	1	226	0.130	
10	7	1	250	0.125	
10	7	1	46	0.233	
10	7	1	46	0.238	
10	7	1	46	0.197	
11	7	1	90	0.156	
11	7	1	89	0.156	
11	7	1	46	0.150	
11	7	1	46	0.150	
11	7	1	46	0.150	
12	7	1	250	0.082	
12	7	1	250	0.065	
12	7	1	250	0.036	
12	7	1	193	0.046	
12	7	1	128	0.063	
13	7	1	113	0.111	
13	7	1	150	0.074	
13	7	1	47	0.123	
13	7	1	48	0.134	
13	7	1	52	0.134	
14	7	1	165	0.128	
14	7	1	250	0.112	
14	7	1	51	0.178	
14	7	1	61	0.081	
14	7	1	53	0.173	
15	7	1	53	0.267	
15	7	1	250	0.073	
15	7	1	48	0.274	
15	7	1	45	0.242	
15	7	1	46	0.243	
16	7	1	250	0.130	
16	7	1	194	0.107	
16	7	1	51	0.136	
16	7	1	55	0.125	
16	7	1	51	0.158	
17	7	1	98	0.328	
17	7	1	102	0.221	
17	7	1	48	0.249	
17	7	1	47	0.205	
17	7	1	47	0.253	
18	7	1	47	0.285	
18	7	1	47	0.285	
18	7	1	43	0.284	
18	7	1	43	0.284	
18	7	1	44	0.267	
19	7	1	250	0.065	
19	7	1	250	0.050	
19	7	1	57	0.091	
19	7	1	35	0.098	
19	7	1	53	0.119	
20	7	1	208	0.361	
20	7	1	71	0.255	
20	7	1	45	0.273	
20	7	1	45	0.336	
20	7	1	45	0.273	
21	7	1	51	0.226	
21	7	1	54	0.211	
21	7	1	48	0.195	
21	7	1	47	0.197	
21	7	1	50	0.238	
22	7	1	250	0.129	
22	7	1	250	0.077	
22	7	1	52	0.135	
22	7	1	48	0.109	
22	7	1	52	0.129	
23	7	1	250	0.151	
23	7	1	250	0.105	
23	7	1	55	0.068	
23	7	0	27	0.028	
23	7	1	27	0.179	
24	7	1	250	0.151	
24	7	1	250	0.155	
24	7	1	59	0.122	
24	7	1	61	0.104	
24	7	1	62	0.155	
25	7	1	190	0.260	
25	7	1	94	0.252	
25	7	1	43	0.264	
25	7	1	43	0.264	
25	7	1	43	0.264	
26	7	1	122	0.090	
26	7	1	250	0.092	
26	7	1	48	0.178	
26	7	1	45	0.191	
26	7	1	47	0.218	
27	7	1	117	0.222	
27	7	1	127	0.217	
27	7	1	45	0.186	
27	7	1	45	0.178	
27	7	1	45	0.179	
28	7	1	52	0.406	
28	7	1	49	0.385	
28	7	1	44	0.134	
28	7	1	44	0.220	
28	7	1	44	0.256	
29	7	1	30	0.090	
29	7	1	250	0.124	
29	7	1	31	0.012	
29	7	1	31	0.012	
29	7	1	39	0.027	
30	7	1	250	0.085	
30	7	1	250	0.137	
30	7	1	58	0.095	
30	7	1	61	0.166	
30	7	1	57	0.134	
31	7	1	62	0.318	
31	7	1	54	0.227	
31	7	1	44	0.219	
31	7	1	44	0.184	
31	7	1	45	0.215	
32	7	1	110	0.109	
32	7	1	202	0.075	
32	7	1	47	0.192	
32	7	1	46	0.130	
32	7	1	47	0.131	
33	7	1	250	0.077	
33	7	1	191	0.077	
33	7	1	36	0.088	
33	7	1	34	0.082	
33	7	1	46	0.048	
34	7	1	168	0.101	
34	7	1	187	0.096	
34	7	1	47	0.200	
34	7	1	45	0.200	
34	7	1	47	0.214	
35	7	1	250	0.078	
35	7	1	250	0.066	
35	7	1	52	0.082	
35	7	1	48	0.069	
35	7	1	49	0.069	
36	7	1	155	0.107	
36	7	1	123	0.116	
36	7	1	44	0.210	
36	7	1	44	0.156	
36	7	1	44	0.210	
37	7	1	250	0.113	
37	7	1	250	0.097	
37	7	1	69	0.108	
37	7	1	63	0.114	
37	7	1	85	0.093	
38	7	1	250	0.098	
38	7	1	250	0.096	
38	7	1	57	0.130	
38	7	1	70	0.106	
38	7	1	152	0.052	
39	7	1	47	0.092	
39	7	1	76	0.113	
39	7	1	44	0.102	
39	7	1	46	0.082	
39	7	1	48	0.091	
40	7	1	45	0.276	
40	7	1	45	0.357	
40	7	1	43	0.354	
40	7	1	43	0.379	
40	7	1	43	0.368	
41	7	1	46	0.427	
41	7	1	46	0.408	
41	7	1	93	0.176	
41	7	1	154	0.097	
41	7	1	154	0.264	
42	7	1	45	0.665	
42	7	1	45	0.665	
42	7	1	133	0.499	
42	7	1	66	0.696	
42	7	1	246	0.170	
43	7	1	250	0.124	
43	7	1	250	0.161	
43	7	1	88	0.086	
43	7	1	64	0.082	
43	7	1	66	0.088	
44	7	1	250	0.110	
44	7	1	250	0.075	
44	7	1	76	0.032	
44	7	1	120	0.063	
44	7	1	90	0.064	
45	7	1	250	0.082	
45	7	1	250	0.162	
45	7	1	56	0.095	
45	7	1	62	0.114	
45	7	1	190	0.078	
46	7	1	250	0.078	
46	7	1	250	0.076	
46	7	1	84	0.048	
46	7	1	58	0.071	
46	7	1	118	0.059	
47	7	1	85	0.065	
47	7	1	90	0.087	
47	7	1	34	0.035	
47	7	1	32	0.007	
47	7	1	42	0.031	
48	7	1	250	0.157	
48	7	1	250	0.079	
48	7	1	51	0.160	
48	7	1	52	0.100	
48	7	1	50	0.147	
49	7	1	250	0.089	
49	7	1	250	0.082	
49	7	1	120	0.105	
49	7	1	181	0.105	
49	7	1	71	0.074	
50	7	1	99	0.262	
50	7	1	96	0.321	
50	7	1	245	0.365	
50	7	1	176	0.164	
50	7	1	72	0.184	
51	7	1	49	0.187	
51	7	1	48	0.241	
51	7	1	46	0.267	
51	7	1	46	0.302	
51	7	1	50	0.240	
52	7	1	56	0.320	
52	7	1	57	0.303	
52	7	1	47	0.219	
52	7	1	49	0.240	
52	7	1	47	0.175	
53	7	1	250	0.081	
53	7	1	250	0.112	
53	7	1	46	0.130	
53	7	1	46	0.154	
53	7	1	45	0.141	
54	7	1	209	0.087	
54	7	1	164	0.173	
54	7	1	45	0.199	
54	7	1	47	0.368	
54	7	1	45	0.221	
55	7	1	250	0.161	
55	7	1	250	0.079	
55	7	1	72	0.114	
55	7	1	103	0.086	
55	7	1	86	0.067	
56	7	1	101	0.330	
56	7	1	240	0.195	
56	7	1	46	0.172	
56	7	1	48	0.192	
56	7	1	47	0.218	
57	7	1	119	0.116	
57	7	1	120	0.109	
57	7	1	61	0.119	
57	7	1	66	0.073	
57	7	1	57	0.125	
58	7	1	31	0.143	
58	7	1	250	0.062	
58	7	1	67	0.121	
58	7	1	76	0.101	
58	7	1	71	0.064	
59	7	1	250	0.168	
59	7	1	250	0.149	
59	7	1	58	0.061	
59	7	1	74	0.044	
59	7	1	74	0.098	
60	7	1	250	0.116	
60	7	1	250	0.081	
60	7	1	250	0.076	
60	7	1	67	0.068	
60	7	1	187	0.068	
61	7	1	45	0.407	
61	7	1	45	0.407	
61	7	1	47	0.368	
61	7	1	47	0.368	
61	7	1	47	0.368	
62	7	0	191	0.015	
62	7	0	183	0.024	
62	7	0	164	0.000	
62	7	1	250	0.052	
62	7	1	158	0.049	
63	7	1	226	0.087	
63	7	1	250	0.155	
63	7	1	51	0.142	
63	7	1	55	0.127	
63	7	1	52	0.054	
64	7	1	250	0.071	
64	7	1	69	0.155	
64	7	1	45	0.139	
64	7	1	45	0.142	
64	7	1	44	0.115	
65	7	1	46	0.205	
65	7	1	46	0.238	
65	7	1	44	0.173	
65	7	1	43	0.171	
65	7	1	44	0.173	
66	7	1	250	0.071	
66	7	1	250	0.115	
66	7	1	48	0.131	
66	7	1	50	0.131	
66	7	1	49	0.131	
67	7	1	45	0.393	
67	7	1	45	0.393	
67	7	1	46	0.355	
67	7	1	46	0.319	
67	7	1	46	0.319	
68	7	1	229	0.165	
68	7	1	224	0.167	
68	7	1	52	0.121	
68	7	1	51	0.128	
68	7	1	186	0.110	
69	7	1	250	0.111	
69	7	1	250	0.143	
69	7	1	58	0.167	
69	7	1	73	0.073	
69	7	1	112	0.087	
70	7	1	59	0.090	
70	7	1	65	0.129	
70	7	1	47	0.190	
70	7	1	46	0.147	
70	7	1	48	0.171	
71	7	1	193	0.187	
71	7	1	222	0.157	
71	7	1	48	0.107	
71	7	1	48	0.220	
71	7	1	47	0.107	
72	7	1	45	0.251	
72	7	1	45	0.291	
72	7	1	49	0.242	
72	7	1	49	0.226	
72	7	1	49	0.259	
73	7	1	250	0.100	
73	7	1	250	0.120	
73	7	1	64	0.099	
73	7	1	111	0.131	
73	7	1	54	0.116	
74	7	1	133	0.090	
74	7	1	250	0.067	
74	7	1	49	0.156	
74	7	1	51	0.179	
74	7	1	48	0.117	
75	7	1	45	0.336	
75	7	1	45	0.336	
75	7	1	46	0.382	
75	7	1	46	0.382	
75	7	1	46	0.382	
76	7	1	232	0.099	
76	7	1	250	0.120	
76	7	1	50	0.159	
76	7	1	49	0.170	
76	7	1	50	0.159	
77	7	1	54	0.328	
77	7	1	81	0.384	
77	7	1	44	0.208	
77	7	1	43	0.249	
77	7	1	43	0.249	
78	7	1	250	0.113	
78	7	1	250	0.121	
78	7	1	59	0.123	
78	7	1	106	0.023	
78	7	1	65	0.112	
79	7	1	54	0.068	
79	7	1	80	0.134	
79	7	1	44	0.251	
79	7	1	44	0.214	
79	7	1	45	0.216	
80	7	1	250	0.080	
80	7	1	114	0.124	
80	7	1	56	0.119	
80	7	1	24	0.098	
80	7	1	25	0.156	
81	7	1	75	0.086	
81	7	1	152	0.050	
81	7	1	49	0.151	
81	7	1	46	0.172	
81	7	1	49	0.163	
82	7	1	227	0.053	
82	7	1	236	0.037	
82	7	1	182	0.078	
82	7	1	94	0.101	
82	7	1	235	0.047	
83	7	1	46	0.127	
83	7	1	108	0.163	
83	7	1	44	0.185	
83	7	1	44	0.185	
83	7	1	45	0.222	
84	7	1	48	0.159	
84	7	1	48	0.168	
84	7	1	48	0.179	
84	7	1	47	0.200	
84	7	1	45	0.184	
85	7	1	196	0.088	
85	7	1	223	0.122	
85	7	1	51	0.116	
85	7	1	53	0.137	
85	7	1	54	0.125	
86	7	1	250	0.137	
86	7	1	250	0.085	
86	7	1	65	0.099	
86	7	1	63	0.093	
86	7	1	118	0.076	
87	7	1	121	0.101	
87	7	1	48	0.111	
87	7	1	46	0.151	
87	7	1	47	0.122	
87	7	1	44	0.096	
88	7	1	49	0.229	
88	7	1	50	0.229	
88	7	1	46	0.208	
88	7	1	74	0.076	
88	7	1	44	0.212	
89	7	1	250	0.124	
89	7	1	250	0.067	
89	7	1	50	0.061	
89	7	1	54	0.125	
89	7	1	50	0.061	
90	7	1	119	0.074	
90	7	1	128	0.057	
90	7	1	44	0.302	
90	7	1	44	0.133	
90	7	1	45	0.199	
91	7	1	53	0.139	
91	7	1	55	0.191	
91	7	1	46	0.189	
91	7	1	46	0.166	
91	7	1	45	0.178	
92	7	1	250	0.139	
92	7	1	250	0.148	
92	7	1	193	0.184	
92	7	1	49	0.168	
92	7	1	49	0.182	
93	7	1	45	0.789	
93	7	1	45	0.789	
93	7	1	195	0.672	
93	7	1	142	0.936	
93	7	1	124	0.941	
94	7	1	45	0.379	
94	7	1	45	0.379	
94	7	1	48	0.395	
94	7	1	48	0.395	
94	7	1	48	0.395	
95	7	1	250	0.112	
95	7	1	250	0.142	
95	7	1	45	0.172	
95	7	1	47	0.177	
95	7	1	46	0.181	
96	7	1	250	0.127	
96	7	1	250	0.161	
96	7	1	53	0.166	
96	7	1	56	0.130	
96	7	1	60	0.155	
97	7	1	155	0.093	
97	7	1	250	0.083	
97	7	1	46	0.071	
97	7	1	46	0.124	
97	7	1	46	0.124	
98	7	1	25	0.105	
98	7	1	220	0.079	
98	7	0	62	0.000	
98	7	1	50	0.172	
98	7	1	161	0.072	
99	7	1	250	0.141	
99	7	1	250	0.129	
99	7	1	51	0.051	
99	7	1	65	0.115	
99	7	1	73	0.114	
100	7	1	202	0.142	
100	7	1	118	0.040	
100	7	1	46	0.186	
100	7	1	45	0.231	
100	7	1	46	0.186	
101	7	1	52	0.355	
101	7	1	52	0.318	
101	7	1	47	0.230	
101	7	1	48	0.231	
101	7	1	48	0.223	
102	7	1	125	0.103	
102	7	1	194	0.127	
102	7	1	44	0.121	
102	7	1	45	0.127	
102	7	1	44	0.136	
103	7	1	250	0.128	
103	7	1	250	0.131	
103	7	1	199	0.059	
103	7	1	64	0.123	
103	7	1	65	0.086	
104	7	1	250	0.125	
104	7	1	250	0.136	
104	7	1	152	0.095	
104	7	1	51	0.122	
104	7	1	54	0.131	
105	7	1	250	0.168	
105	7	1	250	0.071	
105	7	1	97	0.096	
105	7	1	27	0.123	
105	7	1	57	0.138	
106	7	1	250	0.113	
106	7	1	250	0.134	
106	7	1	57	0.156	
106	7	1	52	0.108	
106	7	1	50	0.157	
107	7	1	162	0.107	
107	7	1	250	0.074	
107	7	1	55	0.189	
107	7	1	51	0.182	
107	7	1	53	0.156	
108	7	1	49	0.349	
108	7	1	49	0.349	
108	7	1	43	0.161	
108	7	1	43	0.161	
108	7	1	43	0.161	
109	7	1	250	0.187	
109	7	1	250	0.153	
109	7	1	79	0.079	
109	7	1	53	0.153	
109	7	1	49	0.206	
110	7	1	146	0.127	
110	7	1	79	0.106	
110	7	1	52	0.110	
110	7	1	51	0.162	
110	7	1	52	0.169	
111	7	1	250	0.124	
111	7	1	250	0.106	
111	7	1	83	0.090	
111	7	1	103	0.092	
111	7	1	91	0.118	
112	7	1	250	0.111	
112	7	1	250	0.076	
112	7	0	95	0.000	
112	7	1	45	0.073	
112	7	1	49	0.031	
113	7	1	250	0.129	
113	7	1	250	0.132	
113	7	1	77	0.032	
113	7	1	146	0.063	
113	7	1	32	0.105	
114	7	1	250	0.072	
114	7	1	250	0.127	
114	7	1	67	0.091	
114	7	1	205	0.055	
114	7	1	75	0.082	
115	7	1	250	0.082	
115	7	1	250	0.086	
115	7	1	52	0.139	
115	7	1	53	0.118	
115	7	1	57	0.117	
116	7	1	206	0.089	
116	7	1	168	0.122	
116	7	1	52	0.129	
116	7	1	46	0.209	
116	7	1	46	0.189	
117	7	1	145	0.130	
117	7	1	250	0.152	
117	7	1	117	0.067	
117	7	1	79	0.120	
117	7	1	93	0.030	
118	7	1	250	0.067	
118	7	1	250	0.158	
118	7	1	25	0.061	
118	7	1	68	0.112	
118	7	1	69	0.052	
119	7	1	250	0.050	
119	7	1	250	0.100	
119	7	1	73	0.045	
119	7	1	35	0.143	
119	7	1	120	0.068	
120	7	1	250	0.076	
120	7	1	250	0.094	
120	7	1	94	0.095	
120	7	1	149	0.055	
120	7	1	55	0.071	
121	7	1	250	0.112	
121	7	1	250	0.119	
121	7	1	60	0.109	
121	7	1	61	0.105	
121	7	1	60	0.058	
122	7	1	250	0.186	
122	7	1	250	0.205	
122	7	1	47	0.160	
122	7	1	49	0.159	
122	7	1	87	0.099	
123	7	1	250	0.098	
123	7	1	250	0.114	
123	7	1	250	0.000	
123	7	1	76	0.112	
123	7	1	170	0.054	
124	7	1	250	0.080	
124	7	1	250	0.107	
124	7	1	118	0.050	
124	7	1	69	0.112	
124	7	1	65	0.090	
125	7	1	250	0.162	
125	7	1	250	0.133	
125	7	1	69	0.146	
125	7	1	63	0.155	
125	7	1	64	0.145	
126	7	1	250	0.122	
126	7	1	250	0.051	
126	7	1	53	0.090	
126	7	1	53	0.110	
126	7	1	54	0.094	
127	7	1	250	0.178	
127	7	1	250	0.096	
127	7	1	55	0.085	
127	7	1	117	0.121	
127	7	1	31	0.160	
128	7	1	49	0.280	
128	7	1	47	0.259	
128	7	1	55	0.078	
128	7	1	155	0.101	
128	7	1	180	0.099	
129	7	1	154	0.107	
129	7	1	250	0.074	
129	7	1	86	0.079	
129	7	1	59	0.094	
129	7	1	64	0.104	
130	7	1	194	0.187	
130	7	1	250	0.107	
130	7	1	44	0.169	
130	7	1	45	0.168	
130	7	1	46	0.154	
131	7	1	250	0.169	
131	7	1	250	0.164	
131	7	1	55	0.129	
131	7	1	53	0.167	
131	7	1	56	0.178	
132	7	1	250	0.118	
132	7	1	250	0.128	
132	7	1	48	0.156	
132	7	1	49	0.146	
132	7	1	47	0.184	
133	7	1	250	0.139	
133	7	1	250	0.067	
133	7	1	60	0.093	
133	7	1	80	0.093	
133	7	1	65	0.088	
134	7	1	250	0.120	
134	7	1	250	0.118	
134	7	1	55	0.134	
134	7	1	65	0.184	
134	7	1	59	0.157	
135	7	1	250	0.178	
135	7	1	212	0.188	
135	7	1	45	0.249	
135	7	1	45	0.263	
135	7	1	47	0.297	
136	7	1	250	0.153	
136	7	1	250	0.157	
136	7	1	92	0.113	
136	7	1	56	0.115	
136	7	1	61	0.097	
137	7	1	250	0.108	
137	7	1	250	0.061	
137	7	1	82	0.086	
137	7	1	82	0.095	
137	7	1	76	0.072	
138	7	1	250	0.077	
138	7	1	250	0.070	
138	7	1	99	0.075	
138	7	1	137	0.084	
138	7	1	92	0.058	
139	7	1	230	0.095	
139	7	1	127	0.115	
139	7	1	48	0.180	
139	7	1	46	0.159	
139	7	1	44	0.141	
140	7	1	250	0.149	
140	7	1	250	0.181	
140	7	1	60	0.084	
140	7	1	54	0.040	
140	7	1	115	0.095	
141	7	1	250	0.063	
141	7	1	250	0.085	
141	7	1	55	0.101	
141	7	1	52	0.116	
141	7	1	53	0.045	
142	7	1	72	0.098	
142	7	1	85	0.109	
142	7	1	48	0.104	
142	7	1	45	0.074	
142	7	1	47	0.112	
143	7	1	250	0.200	
143	7	1	250	0.157	
143	7	1	57	0.100	
143	7	1	62	0.061	
143	7	1	60	0.111	
144	7	1	250	0.059	
144	7	1	250	0.115	
144	7	1	56	0.134	
144	7	1	54	0.110	
144	7	1	53	0.111	
145	7	1	163	0.101	
145	7	1	236	0.114	
145	7	1	49	0.140	
145	7	1	47	0.177	
145	7	1	45	0.165	
146	7	1	87	0.333	
146	7	1	107	0.276	
146	7	1	45	0.309	
146	7	1	45	0.285	
146	7	1	46	0.179	
147	7	1	64	0.118	
147	7	1	141	0.128	
147	7	1	52	0.142	
147	7	1	47	0.138	
147	7	1	47	0.105	
148	7	1	250	0.081	
148	7	1	194	0.065	
148	7	1	199	0.076	
148	7	1	124	0.058	
148	7	1	196	0.049	
149	7	1	250	0.142	
149	7	1	250	0.113	
149	7	1	50	0.128	
149	7	1	52	0.157	
149	7	1	50	0.161	
150	7	1	250	0.059	
150	7	1	250	0.077	
150	7	1	58	0.113	
150	7	1	83	0.070	
150	7	1	65	0.094	
151	7	1	250	0.071	
151	7	1	250	0.113	
151	7	1	51	0.101	
151	7	1	92	0.087	
151	7	1	52	0.134	
152	7	1	232	0.080	
152	7	1	189	0.118	
152	7	1	47	0.186	
152	7	1	47	0.197	
152	7	1	46	0.127	
153	7	1	250	0.119	
153	7	1	250	0.150	
153	7	1	71	0.106	
153	7	1	57	0.055	
153	7	1	50	0.106	
154	7	1	250	0.096	
154	7	1	250	0.096	
154	7	1	55	0.120	
154	7	1	55	0.143	
154	7	1	55	0.130	
155	7	1	250	0.124	
155	7	1	250	0.134	
155	7	1	51	0.168	
155	7	1	52	0.150	
155	7	1	48	0.132	
156	7	1	117	0.325	
156	7	1	59	0.336	
156	7	1	54	0.188	
156	7	1	50	0.184	
156	7	1	50	0.190	
157	7	1	250	0.027	
157	7	1	250	0.091	
157	7	1	124	0.081	
157	7	1	60	0.101	
157	7	1	140	0.049	
158	7	1	250	0.158	
158	7	1	82	0.065	
158	7	1	55	0.067	
158	7	1	105	0.051	
158	7	1	88	0.079	
159	7	1	54	0.318	
159	7	1	63	0.319	
159	7	1	250	0.089	
159	7	1	128	0.312	
159	7	1	77	0.144	
160	7	1	250	0.127	
160	7	1	250	0.088	
160	7	1	120	0.090	
160	7	1	57	0.122	
160	7	1	55	0.103	
161	7	1	129	0.196	
161	7	1	209	0.196	
161	7	1	47	0.153	
161	7	1	45	0.188	
161	7	1	46	0.213	
162	7	1	250	0.059	
162	7	1	250	0.125	
162	7	1	91	0.073	
162	7	1	121	0.050	
162	7	1	65	0.098	
163	7	1	250	0.081	
163	7	1	250	0.143	
163	7	1	69	0.105	
163	7	1	71	0.111	
163	7	1	90	0.099	
164	7	1	250	0.130	
164	7	1	250	0.210	
164	7	1	52	0.149	
164	7	1	53	0.189	
164	7	1	50	0.130	
165	7	1	250	0.063	
165	7	1	250	0.080	
165	7	0	104	0.000	
165	7	1	133	0.075	
165	7	1	65	0.120	
166	7	1	212	0.077	
166	7	1	250	0.088	
166	7	1	54	0.110	
166	7	1	57	0.104	
166	7	1	54	0.107	
167	7	0	84	0.009	
167	7	1	140	0.083	
167	7	1	77	0.054	
167	7	1	38	0.075	
167	7	1	42	0.046	
168	7	1	250	0.094	
168	7	1	250	0.075	
168	7	1	61	0.116	
168	7	1	158	0.034	
168	7	1	69	0.120	
169	7	1	250	0.055	
169	7	1	250	0.056	
169	7	1	95	0.045	
169	7	1	177	0.061	
169	7	1	80	0.072	
170	7	1	250	0.094	
170	7	1	250	0.163	
170	7	1	47	0.167	
170	7	1	79	0.147	
170	7	1	50	0.178	
171	7	1	250	0.071	
171	7	1	250	0.077	
171	7	1	79	0.066	
171	7	1	66	0.079	
171	7	1	62	0.069	
172	7	1	250	0.081	
172	7	1	250	0.063	
172	7	1	68	0.114	
172	7	1	156	0.066	
172	7	1	75	0.081	
173	7	1	250	0.160	
173	7	1	250	0.106	
173	7	1	61	0.116	
173	7	1	59	0.097	
173	7	1	56	0.050	
174	7	1	250	0.118	
174	7	1	250	0.113	
174	7	1	47	0.152	
174	7	1	50	0.138	
174	7	1	46	0.173	
175	7	1	250	0.038	
175	7	1	250	0.077	
175	7	1	106	0.073	
175	7	1	66	0.091	
175	7	1	88	0.078	
176	7	1	250	0.103	
176	7	1	250	0.110	
176	7	1	66	0.139	
176	7	1	60	0.157	
176	7	1	62	0.086	
177	7	1	250	0.116	
177	7	1	250	0.126	
177	7	1	71	0.087	
177	7	1	65	0.050	
177	7	1	58	0.100	
178	7	1	250	0.072	
178	7	1	250	0.106	
178	7	1	53	0.075	
178	7	1	208	0.092	
178	7	1	56	0.110	
179	7	1	250	0.132	
179	7	1	250	0.090	
179	7	1	158	0.059	
179	7	1	137	0.067	
179	7	1	149	0.049	
180	7	1	250	0.117	
180	7	1	236	0.043	
180	7	1	68	0.077	
180	7	1	99	0.057	
180	7	1	66	0.063	
181	7	1	250	0.081	
181	7	1	250	0.088	
181	7	1	78	0.073	
181	7	1	70	0.071	
181	7	1	127	0.076	
182	7	1	250	0.138	
182	7	1	225	0.035	
182	7	1	61	0.061	
182	7	1	70	0.075	
182	7	1	86	0.037	
183	7	1	250	0.089	
183	7	1	250	0.075	
183	7	1	64	0.098	
183	7	1	65	0.086	
183	7	1	60	0.101	
184	7	1	250	0.050	
184	7	1	250	0.104	
184	7	1	56	0.166	
184	7	1	56	0.114	
184	7	1	58	0.104	
185	7	1	250	0.138	
185	7	1	250	0.151	
185	7	1	47	0.133	
185	7	1	48	0.149	
185	7	1	47	0.142	
186	7	1	250	0.044	
186	7	1	250	0.136	
186	7	1	119	0.041	
186	7	1	115	0.052	
186	7	1	68	0.068	
187	7	1	250	0.153	
187	7	1	250	0.123	
187	7	1	189	0.044	
187	7	1	66	0.090	
187	7	1	56	0.074	
188	7	1	250	0.101	
188	7	1	250	0.084	
188	7	1	56	0.128	
188	7	1	161	0.059	
188	7	1	117	0.107	
189	7	1	250	0.115	
189	7	1	250	0.068	
189	7	1	63	0.092	
189	7	1	104	0.091	
189	7	1	60	0.089	
190	7	1	250	0.095	
190	7	1	250	0.067	
190	7	1	135	0.070	
190	7	1	212	0.065	
190	7	1	108	0.059	
191	7	1	185	0.103	
191	7	1	250	0.106	
191	7	1	84	0.084	
191	7	1	62	0.087	
191	7	1	128	0.064	
192	7	1	250	0.142	
192	7	1	250	0.122	
192	7	1	175	0.019	
192	7	1	57	0.017	
192	7	1	78	0.011	
193	7	1	250	0.083	
193	7	1	250	0.108	
193	7	1	53	0.101	
193	7	1	33	0.124	
193	7	1	69	0.119	
194	7	1	250	0.079	
194	7	1	250	0.129	
194	7	1	44	0.085	
194	7	1	69	0.088	
194	7	1	81	0.101	
195	7	1	250	0.086	
195	7	1	250	0.104	
195	7	1	53	0.098	
195	7	1	54	0.099	
195	7	1	52	0.099	
196	7	1	250	0.066	
196	7	1	250	0.125	
196	7	1	56	0.121	
196	7	1	100	0.082	
196	7	1	59	0.093	
197	7	1	250	0.119	
197	7	1	250	0.130	
197	7	1	59	0.154	
197	7	1	60	0.141	
197	7	1	63	0.147	
198	7	1	250	0.080	
198	7	1	250	0.073	
198	7	1	57	0.103	
198	7	1	56	0.145	
198	7	1	63	0.115	
199	7	1	250	0.097	
199	7	1	235	0.102	
199	7	1	113	0.084	
199	7	1	63	0.080	
199	7	1	68	0.079	
200	7	1	250	0.110	
200	7	1	250	0.124	
200	7	1	93	0.135	
200	7	1	49	0.156	
200	7	1	52	0.131	
201	7	1	250	0.083	
201	7	1	250	0.085	
201	7	1	53	0.091	
201	7	1	47	0.089	
201	7	1	57	0.062	
202	7	1	250	0.151	
202	7	1	250	0.187	
202	7	1	47	0.173	
202	7	1	47	0.181	
202	7	1	46	0.179	
203	7	1	250	0.061	
203	7	1	174	0.049	
203	7	1	61	0.072	
203	7	0	51	0.004	
203	7	1	98	0.058	
204	7	1	250	0.128	
204	7	0	181	0.018	
204	7	1	63	0.108	
204	7	1	68	0.098	
204	7	1	136	0.085	
205	7	1	250	0.147	
205	7	1	250	0.081	
205	7	1	119	0.070	
205	7	1	144	0.089	
205	7	1	149	0.064	
206	7	1	250	0.091	
206	7	1	250	0.062	
206	7	1	129	0.068	
206	7	1	83	0.088	
206	7	1	75	0.093	
207	7	1	250	0.130	
207	7	1	250	0.102	
207	7	1	173	0.071	
207	7	0	93	0.009	
207	7	1	35	0.082	
208	7	1	250	0.166	
208	7	1	250	0.134	
208	7	1	58	0.111	
208	7	1	63	0.086	
208	7	1	145	0.060	
209	7	1	250	0.126	
209	7	1	250	0.137	
209	7	1	47	0.160	
209	7	1	49	0.176	
209	7	1	52	0.188	
210	7	1	250	0.098	
210	7	1	250	0.120	
210	7	1	60	0.080	
210	7	1	51	0.045	
210	7	1	55	0.057	
211	7	1	250	0.068	
211	7	1	250	0.103	
211	7	1	71	0.081	
211	7	1	61	0.079	
211	7	1	79	0.092	
212	7	1	250	0.073	
212	7	1	194	0.062	
212	7	1	51	0.146	
212	7	1	51	0.146	
212	7	1	50	0.134	
213	7	1	250	0.154	
213	7	1	250	0.158	
213	7	1	73	0.120	
213	7	1	66	0.093	
213	7	1	108	0.106	
214	7	1	250	0.074	
214	7	1	250	0.067	
214	7	1	101	0.077	
214	7	1	135	0.085	
214	7	1	90	0.097	
215	7	1	250	0.090	
215	7	1	175	0.084	
215	7	1	52	0.147	
215	7	1	53	0.121	
215	7	1	54	0.123	
216	7	1	250	0.119	
216	7	1	250	0.096	
216	7	1	60	0.078	
216	7	1	59	0.056	
216	7	1	57	0.146	
217	7	1	250	0.177	
217	7	1	250	0.163	
217	7	1	58	0.114	
217	7	1	99	0.106	
217	7	1	60	0.101	
218	7	1	250	0.045	
218	7	1	250	0.036	
218	7	1	61	0.119	
218	7	1	63	0.072	
218	7	1	63	0.082	
219	7	1	250	0.100	
219	7	1	250	0.099	
219	7	1	62	0.096	
219	7	1	61	0.063	
219	7	1	66	0.129	
220	7	1	165	0.071	
220	7	0	31	0.000	
220	7	1	43	0.074	
220	7	1	42	0.066	
220	7	1	46	0.063	
221	7	1	250	0.074	
221	7	1	250	0.088	
221	7	1	85	0.059	
221	7	1	133	0.054	
221	7	1	92	0.047	
222	7	1	250	0.123	
222	7	1	250	0.095	
222	7	1	24	0.124	
222	7	1	29	0.128	
222	7	1	54	0.080	
223	7	1	250	0.075	
223	7	1	250	0.113	
223	7	1	62	0.106	
223	7	1	61	0.107	
223	7	1	156	0.097	
224	7	1	250	0.102	
224	7	1	250	0.116	
224	7	1	154	0.049	
224	7	1	244	0.047	
224	7	1	61	0.062	
225	7	1	250	0.110	
225	7	1	250	0.095	
225	7	1	72	0.090	
225	7	1	181	0.087	
225	7	1	64	0.078	
226	7	1	219	0.098	
226	7	1	250	0.124	
226	7	1	52	0.111	
226	7	1	56	0.138	
226	7	1	51	0.147	
227	7	1	250	0.102	
227	7	1	250	0.090	
227	7	1	107	0.077	
227	7	1	95	0.109	
227	7	1	76	0.109	
228	7	1	250	0.048	
228	7	1	250	0.060	
228	7	1	54	0.092	
228	7	1	110	0.037	
228	7	1	39	0.118	
229	7	1	250	0.071	
229	7	1	250	0.064	
229	7	1	208	0.059	
229	7	1	130	0.091	
229	7	1	67	0.071	
230	7	1	250	0.093	
230	7	1	250	0.053	
230	7	1	75	0.051	
230	7	1	153	0.061	
230	7	1	85	0.062	
231	7	1	250	0.094	
231	7	1	250	0.148	
231	7	1	184	0.146	
231	7	1	87	0.136	
231	7	1	69	0.150	
232	7	1	250	0.136	
232	7	1	250	0.091	
232	7	1	53	0.123	
232	7	1	53	0.091	
232	7	1	71	0.094	
233	7	1	59	0.302	
233	7	1	179	0.259	
233	7	1	46	0.224	
233	7	1	45	0.221	
233	7	1	51	0.218	
234	7	1	250	0.130	
234	7	1	250	0.100	
234	7	1	65	0.113	
234	7	1	49	0.117	
234	7	1	155	0.051	
235	7	1	250	0.104	
235	7	1	250	0.065	
235	7	1	110	0.093	
235	7	1	148	0.089	
235	7	1	26	0.191	
236	7	1	250	0.133	
236	7	1	208	0.118	
236	7	1	46	0.143	
236	7	1	46	0.148	
236	7	1	45	0.147	
237	7	0	194	0.029	
237	7	1	250	0.133	
237	7	1	139	0.044	
237	7	1	95	0.071	
237	7	1	100	0.067	
238	7	1	225	0.115	
238	7	1	250	0.142	
238	7	1	50	0.109	
238	7	1	70	0.090	
238	7	1	63	0.094	
239	7	1	250	0.122	
239	7	1	250	0.073	
239	7	1	144	0.030	
239	7	1	24	0.183	
239	7	1	57	0.149	
240	7	1	192	0.163	
240	7	1	250	0.063	
240	7	1	50	0.204	
240	7	1	51	0.193	
240	7	1	54	0.148	
241	7	1	250	0.105	
241	7	1	250	0.064	
241	7	1	29	0.072	
241	7	1	62	0.131	
241	7	1	34	0.070	
242	7	1	250	0.078	
242	7	1	250	0.133	
242	7	1	96	0.051	
242	7	1	56	0.092	
242	7	1	98	0.070	
243	7	1	250	0.212	
243	7	1	250	0.163	
243	7	0	215	0.000	
243	7	1	250	0.014	
243	7	1	202	0.069	
244	7	1	250	0.149	
244	7	1	250	0.064	
244	7	1	57	0.075	
244	7	1	69	0.056	
244	7	1	221	0.043	
245	7	1	250	0.085	
245	7	1	250	0.116	
245	7	1	120	0.088	
245	7	1	118	0.064	
245	7	1	68	0.094	
246	7	1	250	0.178	
246	7	1	250	0.092	
246	7	1	186	0.058	
246	7	1	80	0.068	
246	7	1	97	0.081	
247	7	1	128	0.164	
247	7	1	47	0.118	
247	7	1	47	0.127	
247	7	1	46	0.154	
247	7	1	47	0.108	
248	7	1	250	0.089	
248	7	1	250	0.124	
248	7	1	131	0.063	
248	7	1	111	0.052	
248	7	1	85	0.099	
249	7	1	250	0.130	
249	7	0	250	0.023	
249	7	1	39	0.066	
249	7	1	94	0.120	
249	7	1	165	0.048	
250	7	1	250	0.062	
250	7	1	250	0.052	
250	7	0	79	0.000	
250	7	1	174	0.054	
250	7	1	78	0.037	
251	7	1	250	0.073	
251	7	1	250	0.073	
251	7	1	50	0.099	
251	7	1	55	0.088	
251	7	1	46	0.099	
252	7	1	250	0.069	
252	7	1	250	0.078	
252	7	1	55	0.109	
252	7	1	240	0.083	
252	7	1	88	0.104	
253	7	0	174	0.024	
253	7	1	250	0.099	
253	7	1	58	0.085	
253	7	1	105	0.096	
253	7	1	40	0.116	
254	7	1	136	0.110	
254	7	1	250	0.139	
254	7	1	59	0.095	
254	7	1	64	0.152	
254	7	1	61	0.112	
255	7	1	250	0.051	
255	7	1	250	0.112	
255	7	1	27	0.094	
255	7	1	156	0.093	
255	7	1	78	0.086	
256	7	1	250	0.076	
256	7	1	250	0.059	
256	7	1	96	0.064	
256	7	1	153	0.057	
256	7	1	167	0.083	
257	7	1	57	0.202	
257	7	1	250	0.164	
257	7	1	49	0.188	
257	7	1	47	0.209	
257	7	1	50	0.189	
258	7	1	250	0.071	
258	7	1	250	0.120	
258	7	1	104	0.057	
258	7	1	226	0.050	
258	7	1	140	0.053	
259	7	1	160	0.110	
259	7	1	112	0.128	
259	7	1	51	0.177	
259	7	1	48	0.142	
259	7	1	47	0.181	
260	7	1	250	0.078	
260	7	1	250	0.083	
260	7	1	60	0.109	
260	7	1	75	0.086	
260	7	1	165	0.061	
261	7	1	250	0.118	
261	7	1	250	0.115	
261	7	1	55	0.113	
261	7	1	62	0.081	
261	7	1	84	0.120	
262	7	1	250	0.120	
262	7	1	250	0.152	
262	7	1	68	0.093	
262	7	1	69	0.087	
262	7	1	71	0.099	
263	7	1	250	0.076	
263	7	1	250	0.095	
263	7	1	63	0.128	
263	7	1	72	0.108	
263	7	1	61	0.116	
264	7	1	250	0.085	
264	7	1	250	0.099	
264	7	1	56	0.133	
264	7	1	58	0.114	
264	7	1	59	0.123	
265	7	1	250	0.082	
265	7	1	250	0.075	
265	7	1	35	0.092	
265	7	1	181	0.063	
265	7	1	32	0.099	
266	7	1	250	0.138	
266	7	1	250	0.149	
266	7	1	182	0.052	
266	7	1	122	0.061	
266	7	1	112	0.053	
267	7	1	250	0.108	
267	7	1	250	0.022	
267	7	1	92	0.091	
267	7	1	88	0.083	
267	7	1	54	0.082	
268	7	1	250	0.079	
268	7	1	250	0.081	
268	7	1	93	0.064	
268	7	1	152	0.063	
268	7	1	250	0.043	
269	7	1	250	0.065	
269	7	1	250	0.075	
269	7	1	65	0.089	
269	7	1	64	0.125	
269	7	1	106	0.086	
270	7	1	86	0.109	
270	7	1	89	0.143	
270	7	1	47	0.139	
270	7	1	45	0.180	
270	7	1	48	0.109	
271	7	1	250	0.099	
271	7	1	250	0.077	
271	7	1	59	0.080	
271	7	1	62	0.056	
271	7	1	82	0.079	
272	7	1	250	0.116	
272	7	1	250	0.043	
272	7	1	119	0.057	
272	7	1	113	0.055	
272	7	1	33	0.083	
273	7	1	250	0.102	
273	7	1	250	0.136	
273	7	1	178	0.076	
273	7	1	156	0.083	
273	7	1	246	0.059	
274	7	1	225	0.153	
274	7	1	225	0.079	
274	7	1	47	0.186	
274	7	1	48	0.193	
274	7	1	47	0.178	
275	7	1	250	0.097	
275	7	1	250	0.102	
275	7	1	68	0.047	
275	7	0	59	0.030	
275	7	1	155	0.040	
276	7	1	250	0.069	
276	7	1	250	0.113	
276	7	1	24	0.143	
276	7	0	35	0.015	
276	7	1	34	0.043	
277	7	1	250	0.071	
277	7	1	250	0.076	
277	7	1	53	0.112	
277	7	1	56	0.130	
277	7	1	53	0.094	
278	7	1	250	0.098	
278	7	1	250	0.076	
278	7	1	250	0.022	
278	7	1	142	0.058	
278	7	1	128	0.061	
279	7	1	250	0.100	
279	7	1	250	0.084	
279	7	1	143	0.047	
279	7	1	179	0.048	
279	7	1	99	0.053	
280	7	1	250	0.113	
280	7	1	250	0.061	
280	7	1	107	0.071	
280	7	1	61	0.108	
280	7	1	73	0.092	
281	7	1	182	0.058	
281	7	1	250	0.105	
281	7	1	175	0.041	
281	7	1	30	0.043	
281	7	1	123	0.046	
282	7	1	250	0.077	
282	7	1	250	0.094	
282	7	1	161	0.081	
282	7	1	149	0.052	
282	7	1	144	0.079	
283	7	1	250	0.137	
283	7	1	218	0.059	
283	7	1	54	0.070	
283	7	1	43	0.051	
283	7	1	45	0.096	
284	7	1	250	0.109	
284	7	1	250	0.132	
284	7	1	130	0.083	
284	7	1	102	0.054	
284	7	1	144	0.076	
285	7	1	250	0.076	
285	7	1	250	0.070	
285	7	1	75	0.058	
285	7	1	79	0.068	
285	7	1	86	0.078	
286	7	1	250	0.098	
286	7	1	250	0.107	
286	7	0	49	0.020	
286	7	1	64	0.096	
286	7	1	88	0.086	
287	7	1	250	0.077	
287	7	1	250	0.104	
287	7	1	43	0.064	
287	7	1	250	0.056	
287	7	1	129	0.052	
288	7	1	250	0.069	
288	7	1	250	0.058	
288	7	1	91	0.088	
288	7	1	69	0.056	
288	7	1	207	0.040	
289	7	1	92	0.103	
289	7	1	162	0.065	
289	7	1	125	0.051	
289	7	1	68	0.105	
289	7	1	53	0.148	
290	7	1	250	0.112	
290	7	1	250	0.064	
290	7	1	82	0.065	
290	7	1	75	0.114	
290	7	1	169	0.067	
291	7	1	250	0.076	
291	7	1	231	0.196	
291	7	1	49	0.263	
291	7	1	46	0.242	
291	7	1	46	0.241	
292	7	1	250	0.078	
292	7	1	200	0.113	
292	7	1	65	0.098	
292	7	1	42	0.106	
292	7	1	41	0.092	
293	7	1	250	0.101	
293	7	1	175	0.082	
293	7	1	67	0.053	
293	7	1	138	0.065	
293	7	1	111	0.077	
294	7	1	205	0.113	
294	7	1	250	0.087	
294	7	1	250	0.034	
294	7	1	35	0.120	
294	7	1	35	0.162	
295	7	1	250	0.071	
295	7	1	250	0.108	
295	7	1	96	0.073	
295	7	1	64	0.093	
295	7	1	127	0.086	
296	7	1	250	0.085	
296	7	1	250	0.151	
296	7	1	51	0.171	
296	7	1	48	0.135	
296	7	0	70	0.014	
297	7	1	250	0.033	
297	7	1	250	0.056	
297	7	1	30	0.121	
297	7	1	227	0.052	
297	7	1	118	0.046	
298	7	1	250	0.070	
298	7	1	250	0.091	
298	7	1	121	0.054	
298	7	1	70	0.078	
298	7	1	84	0.053	
299	7	1	250	0.143	
299	7	1	250	0.085	
299	7	1	118	0.074	
299	7	1	100	0.073	
299	7	1	150	0.051	
0	8	1	102	0.110	
0	8	1	250	0.147	
0	8	1	80	0.136	
0	8	1	76	0.168	
0	8	1	74	0.143	
1	8	1	250	0.169	
1	8	1	250	0.086	
1	8	1	63	0.145	
1	8	1	64	0.171	
1	8	1	72	0.130	
2	8	1	175	0.074	
2	8	0	125	0.000	
2	8	1	93	0.139	
2	8	1	69	0.097	
2	8	1	66	0.074	
3	8	1	91	0.072	
3	8	1	142	0.118	
3	8	1	59	0.264	
3	8	1	59	0.251	
3	8	1	60	0.209	
4	8	1	250	0.092	
4	8	1	182	0.081	
4	8	1	92	0.093	
4	8	1	90	0.120	
4	8	1	86	0.091	
5	8	1	60	0.251	
5	8	1	60	0.266	
5	8	1	59	0.206	
5	8	1	59	0.187	
5	8	1	59	0.206	
6	8	1	250	0.113	
6	8	1	250	0.126	
6	8	1	65	0.156	
6	8	1	72	0.173	
6	8	1	83	0.177	
7	8	1	118	0.065	
7	8	1	151	0.083	
7	8	1	66	0.105	
7	8	1	69	0.084	
7	8	1	67	0.108	
8	8	1	250	0.013	
8	8	0	48	0.006	
8	8	1	66	0.176	
8	8	1	64	0.170	
8	8	1	64	0.191	
9	8	1	58	0.305	
9	8	1	60	0.218	
9	8	1	63	0.216	
9	8	1	66	0.198	
9	8	1	66	0.169	
10	8	1	250	0.176	
10	8	1	250	0.157	
10	8	1	60	0.245	
10	8	1	60	0.222	
10	8	1	60	0.227	
11	8	1	62	0.136	
11	8	1	61	0.161	
11	8	1	63	0.227	
11	8	1	63	0.227	
11	8	1	63	0.227	
12	8	1	250	0.126	
12	8	1	250	0.103	
12	8	1	69	0.183	
12	8	1	77	0.182	
12	8	1	85	0.162	
13	8	1	250	0.036	
13	8	1	250	0.027	
13	8	1	77	0.139	
13	8	1	86	0.148	
13	8	1	76	0.130	
14	8	1	122	0.123	
14	8	1	210	0.108	
14	8	1	62	0.206	
14	8	1	62	0.258	
14	8	1	63	0.197	
15	8	1	63	0.173	
15	8	1	72	0.178	
15	8	1	61	0.252	
15	8	1	61	0.252	
15	8	1	61	0.230	
16	8	1	230	0.061	
16	8	1	179	0.135	
16	8	1	67	0.136	
16	8	1	67	0.164	
16	8	1	65	0.142	
17	8	1	66	0.295	
17	8	1	65	0.341	
17	8	1	61	0.172	
17	8	1	61	0.183	
17	8	1	62	0.185	
18	8	1	66	0.160	
18	8	1	65	0.188	
18	8	1	60	0.175	
18	8	1	60	0.220	
18	8	1	60	0.175	
19	8	1	250	0.185	
19	8	1	250	0.199	
19	8	1	71	0.132	
19	8	1	72	0.178	
19	8	1	74	0.176	
20	8	1	63	0.276	
20	8	1	64	0.331	
20	8	1	60	0.221	
20	8	1	60	0.221	
20	8	1	60	0.179	
21	8	1	62	0.229	
21	8	1	62	0.169	
21	8	1	61	0.208	
21	8	1	61	0.215	
21	8	1	62	0.207	
22	8	1	123	0.129	
22	8	1	77	0.154	
22	8	1	61	0.194	
22	8	1	63	0.174	
22	8	1	64	0.147	
23	8	1	250	0.183	
23	8	1	195	0.119	
23	8	1	71	0.176	
23	8	1	71	0.204	
23	8	1	70	0.200	
24	8	1	250	0.099	
24	8	1	250	0.081	
24	8	1	76	0.201	
24	8	1	73	0.163	
24	8	1	71	0.174	
25	8	1	63	0.415	
25	8	1	65	0.438	
25	8	1	58	0.161	
25	8	1	58	0.181	
25	8	1	58	0.156	
26	8	1	134	0.120	
26	8	1	101	0.112	
26	8	1	63	0.254	
26	8	1	63	0.254	
26	8	1	61	0.249	
27	8	1	123	0.131	
27	8	1	100	0.110	
27	8	1	59	0.236	
27	8	1	59	0.213	
27	8	1	59	0.201	
28	8	1	60	0.341	
28	8	1	60	0.338	
28	8	1	63	0.262	
28	8	1	63	0.262	
28	8	1	63	0.238	
29	8	1	177	0.139	
29	8	1	250	0.158	
29	8	1	40	0.122	
29	8	1	91	0.120	
29	8	1	95	0.092	
30	8	1	111	0.140	
30	8	1	90	0.189	
30	8	1	67	0.194	
30	8	1	77	0.136	
30	8	1	71	0.146	
31	8	1	64	0.196	
31	8	1	66	0.191	
31	8	1	61	0.250	
31	8	1	60	0.208	
31	8	1	61	0.249	
32	8	1	183	0.152	
32	8	1	122	0.156	
32	8	1	59	0.204	
32	8	1	59	0.186	
32	8	1	59	0.204	
33	8	1	250	0.277	
33	8	1	135	0.031	
33	8	1	40	0.076	
33	8	1	45	0.061	
33	8	1	48	0.078	
34	8	1	77	0.127	
34	8	1	60	0.145	
34	8	1	60	0.189	
34	8	1	60	0.189	
34	8	1	60	0.189	
35	8	1	250	0.218	
35	8	1	250	0.115	
35	8	1	69	0.105	
35	8	1	70	0.111	
35	8	1	70	0.072	
36	8	1	66	0.196	
36	8	1	62	0.155	
36	8	1	61	0.197	
36	8	1	61	0.179	
36	8	1	61	0.187	
37	8	1	250	0.077	
37	8	1	250	0.077	
37	8	1	71	0.098	
37	8	1	72	0.132	
37	8	1	72	0.131	
38	8	1	250	0.088	
38	8	1	250	0.090	
38	8	1	80	0.113	
38	8	1	75	0.135	
38	8	1	78	0.093	
39	8	1	182	0.105	
39	8	1	184	0.132	
39	8	1	59	0.163	
39	8	1	64	0.123	
39	8	1	61	0.146	
40	8	1	60	0.379	
40	8	1	60	0.370	
40	8	1	59	0.288	
40	8	1	59	0.286	
40	8	1	59	0.299	
41	8	1	60	0.296	
41	8	1	60	0.251	
41	8	1	59	0.230	
41	8	1	59	0.235	
41	8	1	59	0.235	
42	8	1	60	0.685	
42	8	1	60	0.685	
42	8	1	58	0.642	
42	8	1	58	0.642	
42	8	1	58	0.642	
43	8	1	250	0.183	
43	8	1	250	0.150	
43	8	1	83	0.168	
43	8	1	82	0.142	
43	8	1	77	0.144	
44	8	1	250	0.068	
44	8	1	250	0.061	
44	8	1	74	0.130	
44	8	1	79	0.115	
44	8	1	67	0.105	
45	8	1	190	0.053	
45	8	1	250	0.065	
45	8	1	66	0.110	
45	8	1	66	0.103	
45	8	1	69	0.117	
46	8	1	250	0.083	
46	8	1	250	0.227	
46	8	1	76	0.095	
46	8	1	77	0.082	
46	8	1	84	0.102	
47	8	1	250	0.072	
47	8	1	134	0.028	
47	8	1	96	0.065	
47	8	1	75	0.085	
47	8	1	75	0.090	
48	8	1	250	0.040	
48	8	1	250	0.162	
48	8	1	66	0.182	
48	8	1	68	0.143	
48	8	1	66	0.158	
49	8	1	167	0.151	
49	8	1	125	0.148	
49	8	1	72	0.174	
49	8	1	68	0.167	
49	8	1	83	0.156	
50	8	1	250	0.243	
50	8	1	250	0.306	
50	8	1	60	0.152	
50	8	1	61	0.216	
50	8	1	61	0.201	
51	8	1	250	0.157	
51	8	1	93	0.143	
51	8	1	60	0.222	
51	8	1	60	0.200	
51	8	1	60	0.189	
52	8	1	65	0.291	
52	8	1	66	0.319	
52	8	1	60	0.186	
52	8	1	60	0.184	
52	8	1	60	0.228	
53	8	1	71	0.145	
53	8	1	114	0.136	
53	8	1	64	0.109	
53	8	1	64	0.093	
53	8	1	64	0.093	
54	8	1	62	0.308	
54	8	1	122	0.151	
54	8	1	59	0.242	
54	8	1	59	0.218	
54	8	1	59	0.242	
55	8	1	250	0.091	
55	8	1	219	0.101	
55	8	1	73	0.116	
55	8	1	88	0.091	
55	8	1	71	0.088	
56	8	1	66	0.316	
56	8	1	68	0.311	
56	8	1	63	0.187	
56	8	1	63	0.183	
56	8	1	63	0.190	
57	8	1	189	0.077	
57	8	1	250	0.051	
57	8	1	74	0.144	
57	8	1	88	0.126	
57	8	1	74	0.146	
58	8	1	250	0.113	
58	8	1	250	0.118	
58	8	1	77	0.135	
58	8	1	33	0.214	
58	8	1	82	0.135	
59	8	1	250	0.100	
59	8	1	250	0.079	
59	8	1	91	0.108	
59	8	1	85	0.100	
59	8	0	52	0.000	
60	8	1	144	0.024	
60	8	0	94	0.000	
60	8	1	65	0.111	
60	8	1	66	0.106	
60	8	1	71	0.098	
61	8	1	60	0.355	
61	8	1	60	0.355	
61	8	1	58	0.377	
61	8	1	58	0.374	
61	8	1	58	0.374	
62	8	1	250	0.044	
62	8	1	250	0.165	
62	8	1	111	0.072	
62	8	1	111	0.055	
62	8	1	105	0.087	
63	8	1	154	0.077	
63	8	1	79	0.154	
63	8	1	63	0.177	
63	8	1	64	0.133	
63	8	1	64	0.181	
64	8	1	250	0.156	
64	8	1	250	0.113	
64	8	1	67	0.169	
64	8	1	69	0.184	
64	8	1	64	0.181	
65	8	1	60	0.208	
65	8	1	60	0.219	
65	8	1	63	0.200	
65	8	1	63	0.144	
65	8	1	63	0.179	
66	8	1	250	0.069	
66	8	1	187	0.111	
66	8	1	70	0.190	
66	8	1	69	0.140	
66	8	1	74	0.144	
67	8	1	60	0.380	
67	8	1	60	0.380	
67	8	1	58	0.349	
67	8	1	58	0.349	
67	8	1	58	0.359	
68	8	1	61	0.280	
68	8	1	86	0.149	
68	8	1	61	0.211	
68	8	1	61	0.216	
68	8	1	60	0.219	
69	8	1	250	0.151	
69	8	1	250	0.165	
69	8	1	80	0.122	
69	8	1	81	0.096	
69	8	1	76	0.086	
70	8	1	62	0.177	
70	8	1	63	0.228	
70	8	1	62	0.225	
70	8	1	62	0.166	
70	8	1	62	0.160	
71	8	1	69	0.117	
71	8	1	69	0.117	
71	8	1	59	0.191	
71	8	1	59	0.195	
71	8	1	59	0.205	
72	8	1	66	0.200	
72	8	1	61	0.150	
72	8	1	58	0.220	
72	8	1	58	0.220	
72	8	1	58	0.220	
73	8	1	250	0.136	
73	8	1	250	0.157	
73	8	1	66	0.232	
73	8	1	66	0.186	
73	8	1	65	0.158	
74	8	1	216	0.058	
74	8	1	250	0.151	
74	8	1	60	0.210	
74	8	1	61	0.183	
74	8	1	60	0.159	
75	8	1	60	0.393	
75	8	1	60	0.405	
75	8	1	57	0.400	
75	8	1	57	0.399	
75	8	1	57	0.399	
76	8	1	250	0.093	
76	8	1	250	0.121	
76	8	1	72	0.183	
76	8	1	65	0.196	
76	8	1	67	0.185	
77	8	1	250	0.202	
77	8	1	250	0.184	
77	8	1	60	0.355	
77	8	1	60	0.370	
77	8	1	60	0.404	
78	8	1	250	0.137	
78	8	1	250	0.195	
78	8	1	67	0.156	
78	8	1	71	0.114	
78	8	1	69	0.100	
79	8	1	60	0.182	
79	8	1	61	0.241	
79	8	1	59	0.144	
79	8	1	60	0.235	
79	8	1	65	0.198	
80	8	1	250	0.063	
80	8	1	250	0.128	
80	8	1	73	0.173	
80	8	1	67	0.108	
80	8	1	68	0.161	
81	8	1	250	0.059	
81	8	1	250	0.135	
81	8	1	66	0.151	
81	8	1	66	0.155	
81	8	1	69	0.204	
82	8	1	250	0.074	
82	8	1	250	0.130	
82	8	1	86	0.087	
82	8	1	88	0.056	
82	8	1	89	0.053	
83	8	1	250	0.105	
83	8	1	63	0.181	
83	8	1	61	0.241	
83	8	1	61	0.245	
83	8	1	61	0.246	
84	8	1	168	0.050	
84	8	1	135	0.046	
84	8	1	59	0.206	
84	8	1	59	0.189	
84	8	1	59	0.208	
85	8	1	250	0.117	
85	8	1	250	0.133	
85	8	1	68	0.142	
85	8	1	69	0.113	
85	8	1	67	0.151	
86	8	1	222	0.082	
86	8	1	250	0.098	
86	8	1	81	0.112	
86	8	1	76	0.123	
86	8	1	77	0.085	
87	8	1	101	0.089	
87	8	1	116	0.129	
87	8	1	59	0.179	
87	8	1	59	0.192	
87	8	1	59	0.161	
88	8	1	63	0.188	
88	8	1	63	0.199	
88	8	1	60	0.202	
88	8	1	60	0.194	
88	8	1	60	0.202	
89	8	1	250	0.097	
89	8	1	227	0.100	
89	8	1	62	0.137	
89	8	1	60	0.165	
89	8	1	61	0.169	
90	8	1	93	0.140	
90	8	1	70	0.147	
90	8	1	60	0.184	
90	8	1	59	0.164	
90	8	1	59	0.219	
91	8	1	62	0.233	
91	8	1	62	0.152	
91	8	1	62	0.225	
91	8	1	62	0.226	
91	8	1	62	0.237	
92	8	1	231	0.084	
92	8	1	250	0.084	
92	8	1	64	0.135	
92	8	1	70	0.090	
92	8	1	63	0.119	
93	8	1	60	0.838	
93	8	1	60	0.838	
93	8	1	59	0.753	
93	8	1	59	0.753	
93	8	1	59	0.753	
94	8	1	60	0.363	
94	8	1	60	0.363	
94	8	1	59	0.394	
94	8	1	59	0.394	
94	8	1	59	0.394	
95	8	1	191	0.095	
95	8	1	250	0.094	
95	8	1	66	0.189	
95	8	1	74	0.150	
95	8	1	65	0.147	
96	8	1	250	0.093	
96	8	1	250	0.064	
96	8	1	68	0.185	
96	8	1	69	0.163	
96	8	1	72	0.155	
97	8	1	250	0.082	
97	8	1	189	0.077	
97	8	1	62	0.120	
97	8	1	62	0.119	
97	8	1	62	0.108	
98	8	1	250	0.102	
98	8	1	250	0.025	
98	8	1	81	0.161	
98	8	1	79	0.143	
98	8	1	89	0.156	
99	8	1	107	0.152	
99	8	1	88	0.050	
99	8	1	76	0.104	
99	8	1	69	0.166	
99	8	1	69	0.153	
100	8	1	65	0.143	
100	8	1	61	0.166	
100	8	1	61	0.219	
100	8	1	61	0.217	
100	8	1	61	0.217	
101	8	1	63	0.255	
101	8	1	62	0.242	
101	8	1	60	0.183	
101	8	1	59	0.202	
101	8	1	60	0.251	
102	8	1	125	0.099	
102	8	1	250	0.030	
102	8	1	66	0.156	
102	8	1	66	0.147	
102	8	1	64	0.178	
103	8	1	250	0.129	
103	8	1	250	0.119	
103	8	1	71	0.129	
103	8	1	79	0.113	
103	8	1	72	0.120	
104	8	1	250	0.113	
104	8	1	250	0.109	
104	8	1	72	0.121	
104	8	1	79	0.113	
104	8	1	75	0.114	
105	8	1	250	0.081	
105	8	1	250	0.126	
105	8	1	89	0.110	
105	8	1	106	0.114	
105	8	1	95	0.113	
106	8	1	183	0.095	
106	8	1	158	0.112	
106	8	1	68	0.166	
106	8	1	69	0.144	
106	8	1	67	0.164	
107	8	1	133	0.134	
107	8	1	75	0.199	
107	8	1	63	0.216	
107	8	1	63	0.216	
107	8	1	62	0.212	
108	8	1	65	0.170	
108	8	1	65	0.167	
108	8	1	60	0.194	
108	8	1	60	0.194	
108	8	1	60	0.229	
109	8	1	250	0.155	
109	8	1	250	0.173	
109	8	1	62	0.255	
109	8	1	64	0.203	
109	8	1	64	0.239	
110	8	1	250	0.005	
110	8	1	250	0.059	
110	8	1	79	0.111	
110	8	1	76	0.160	
110	8	1	75	0.115	
111	8	1	250	0.175	
111	8	1	250	0.133	
111	8	1	181	0.106	
111	8	1	250	0.083	
111	8	1	152	0.084	
112	8	1	250	0.110	
112	8	1	250	0.049	
112	8	1	103	0.072	
112	8	1	94	0.066	
112	8	1	108	0.064	
113	8	1	250	0.110	
113	8	1	250	0.136	
113	8	1	97	0.112	
113	8	1	81	0.115	
113	8	1	88	0.142	
114	8	1	250	0.128	
114	8	1	250	0.089	
114	8	1	86	0.119	
114	8	1	89	0.108	
114	8	1	91	0.108	
115	8	1	250	0.042	
115	8	1	250	0.096	
115	8	1	85	0.122	
115	8	1	87	0.121	
115	8	1	87	0.133	
116	8	1	73	0.179	
116	8	1	73	0.189	
116	8	1	62	0.205	
116	8	1	61	0.223	
116	8	1	61	0.221	
117	8	1	250	0.168	
117	8	1	250	0.185	
117	8	1	84	0.130	
117	8	1	80	0.141	
117	8	1	85	0.116	
118	8	1	250	0.133	
118	8	1	250	0.153	
118	8	1	92	0.112	
118	8	1	84	0.155	
118	8	1	78	0.132	
119	8	1	171	0.081	
119	8	1	250	0.116	
119	8	1	94	0.124	
119	8	1	79	0.141	
119	8	1	77	0.139	
120	8	1	250	0.154	
120	8	1	250	0.107	
120	8	1	79	0.165	
120	8	1	80	0.131	
120	8	1	78	0.150	
121	8	1	250	0.132	
121	8	1	250	0.107	
121	8	1	74	0.140	
121	8	1	81	0.119	
121	8	1	79	0.147	
122	8	1	78	0.114	
122	8	1	98	0.065	
122	8	1	62	0.202	
122	8	1	61	0.186	
122	8	1	62	0.183	
123	8	1	250	0.093	
123	8	1	250	0.109	
123	8	1	95	0.163	
123	8	1	80	0.153	
123	8	1	91	0.166	
124	8	1	250	0.081	
124	8	1	250	0.166	
124	8	1	96	0.081	
124	8	1	119	0.082	
124	8	1	87	0.094	
125	8	1	250	0.092	
125	8	1	226	0.096	
125	8	1	72	0.146	
125	8	1	72	0.139	
125	8	1	74	0.138	
126	8	1	250	0.053	
126	8	1	225	0.085	
126	8	1	69	0.114	
126	8	1	68	0.105	
126	8	1	69	0.113	
127	8	1	250	0.134	
127	8	1	197	0.126	
127	8	1	72	0.146	
127	8	1	89	0.081	
127	8	1	79	0.084	
128	8	1	62	0.203	
128	8	1	132	0.131	
128	8	1	59	0.191	
128	8	1	59	0.197	
128	8	1	59	0.193	
129	8	1	250	0.300	
129	8	1	250	0.480	
129	8	1	81	0.113	
129	8	1	30	0.214	
129	8	1	78	0.173	
130	8	1	250	0.240	
130	8	1	250	0.196	
130	8	1	62	0.100	
130	8	1	61	0.144	
130	8	1	63	0.153	
131	8	1	250	0.169	
131	8	1	250	0.159	
131	8	1	66	0.183	
131	8	1	72	0.182	
131	8	1	66	0.169	
132	8	1	146	0.113	
132	8	1	250	0.168	
132	8	1	71	0.174	
132	8	1	69	0.161	
132	8	1	72	0.122	
133	8	1	250	0.132	
133	8	0	42	0.000	
133	8	1	71	0.131	
133	8	1	75	0.146	
133	8	1	74	0.146	
134	8	1	250	0.176	
134	8	1	250	0.137	
134	8	1	79	0.171	
134	8	1	67	0.156	
134	8	1	67	0.143	
135	8	1	111	0.123	
135	8	1	110	0.142	
135	8	1	60	0.205	
135	8	1	60	0.183	
135	8	1	60	0.192	
136	8	1	250	0.100	
136	8	1	250	0.081	
136	8	1	84	0.136	
136	8	1	76	0.117	
136	8	1	77	0.148	
137	8	1	250	0.136	
137	8	1	250	0.174	
137	8	1	93	0.103	
137	8	1	88	0.108	
137	8	1	82	0.102	
138	8	1	250	0.158	
138	8	1	250	0.127	
138	8	1	98	0.110	
138	8	1	95	0.089	
138	8	1	95	0.103	
139	8	1	250	0.133	
139	8	1	250	0.188	
139	8	1	62	0.152	
139	8	1	62	0.146	
139	8	1	62	0.143	
140	8	1	83	0.038	
140	8	1	95	0.119	
140	8	1	76	0.098	
140	8	1	73	0.118	
140	8	1	72	0.114	
141	8	1	250	0.117	
141	8	1	250	0.120	
141	8	1	64	0.120	
141	8	1	63	0.167	
141	8	1	62	0.086	
142	8	1	250	0.088	
142	8	1	250	0.141	
142	8	1	72	0.097	
142	8	1	74	0.110	
142	8	1	70	0.102	
143	8	1	250	0.157	
143	8	1	250	0.181	
143	8	1	72	0.151	
143	8	1	70	0.114	
143	8	1	69	0.180	
144	8	1	250	0.388	
144	8	1	250	0.122	
144	8	1	69	0.098	
144	8	1	70	0.118	
144	8	1	73	0.090	
145	8	1	250	0.075	
145	8	1	161	0.109	
145	8	1	60	0.292	
145	8	1	60	0.210	
145	8	1	60	0.291	
146	8	1	73	0.336	
146	8	1	63	0.373	
146	8	1	63	0.179	
146	8	1	64	0.196	
146	8	1	64	0.195	
147	8	1	142	0.116	
147	8	1	250	0.236	
147	8	1	68	0.144	
147	8	1	68	0.134	
147	8	1	70	0.141	
148	8	1	250	0.038	
148	8	1	160	0.081	
148	8	1	84	0.101	
148	8	1	67	0.084	
148	8	1	72	0.103	
149	8	1	250	0.064	
149	8	1	250	0.073	
149	8	1	68	0.207	
149	8	1	68	0.171	
149	8	1	68	0.181	
150	8	1	250	0.110	
150	8	1	250	0.054	
150	8	1	72	0.132	
150	8	1	79	0.113	
150	8	1	74	0.133	
151	8	1	250	0.122	
151	8	1	250	0.062	
151	8	1	77	0.113	
151	8	1	74	0.107	
151	8	1	71	0.130	
152	8	1	250	0.174	
152	8	1	61	0.192	
152	8	1	61	0.242	
152	8	1	61	0.198	
152	8	1	62	0.177	
153	8	1	250	0.158	
153	8	1	250	0.111	
153	8	1	62	0.033	
153	8	1	70	0.077	
153	8	1	71	0.042	
154	8	1	250	0.090	
154	8	1	250	0.077	
154	8	1	76	0.148	
154	8	1	69	0.133	
154	8	1	72	0.135	
155	8	1	250	0.165	
155	8	1	250	0.158	
155	8	1	64	0.150	
155	8	1	65	0.143	
155	8	1	63	0.142	
156	8	1	82	0.315	
156	8	1	85	0.315	
156	8	1	60	0.226	
156	8	1	60	0.238	
156	8	1	60	0.226	
157	8	1	250	0.183	
157	8	1	250	0.160	
157	8	1	82	0.092	
157	8	1	89	0.104	
157	8	1	92	0.092	
158	8	1	250	0.111	
158	8	1	250	0.113	
158	8	1	78	0.127	
158	8	1	86	0.087	
158	8	1	65	0.102	
159	8	1	63	0.349	
159	8	1	64	0.355	
159	8	1	60	0.211	
159	8	1	60	0.211	
159	8	1	60	0.214	
160	8	1	250	0.086	
160	8	1	250	0.101	
160	8	1	117	0.087	
160	8	1	115	0.054	
160	8	1	102	0.091	
161	8	1	61	0.269	
161	8	1	61	0.207	
161	8	1	60	0.178	
161	8	1	59	0.176	
161	8	1	59	0.195	
162	8	1	250	0.195	
162	8	1	250	0.195	
162	8	1	101	0.099	
162	8	1	88	0.114	
162	8	1	84	0.113	
163	8	1	250	0.132	
163	8	1	250	0.142	
163	8	1	88	0.093	
163	8	1	85	0.130	
163	8	1	85	0.100	
164	8	1	250	0.227	
164	8	1	250	0.308	
164	8	1	65	0.152	
164	8	1	65	0.136	
164	8	1	63	0.166	
165	8	1	250	0.079	
165	8	1	250	0.055	
165	8	1	79	0.114	
165	8	1	86	0.093	
165	8	1	81	0.085	
166	8	1	218	0.099	
166	8	1	250	0.090	
166	8	1	69	0.124	
166	8	1	75	0.107	
166	8	1	71	0.121	
167	8	1	250	0.039	
167	8	1	250	0.145	
167	8	1	68	0.071	
167	8	1	66	0.040	
167	8	1	69	0.071	
168	8	1	250	0.113	
168	8	1	250	0.133	
168	8	1	75	0.183	
168	8	1	69	0.168	
168	8	1	71	0.186	
169	8	1	250	0.074	
169	8	1	250	0.073	
169	8	1	94	0.069	
169	8	1	75	0.082	
169	8	1	80	0.092	
170	8	1	250	0.141	
170	8	1	250	0.108	
170	8	1	70	0.153	
170	8	1	70	0.149	
170	8	1	70	0.145	
171	8	1	250	0.082	
171	8	1	250	0.176	
171	8	1	88	0.132	
171	8	1	99	0.109	
171	8	1	93	0.115	
172	8	1	250	0.078	
172	8	1	250	0.070	
172	8	1	80	0.104	
172	8	1	78	0.105	
172	8	1	73	0.108	
173	8	1	250	0.104	
173	8	1	250	0.184	
173	8	1	91	0.152	
173	8	1	68	0.165	
173	8	1	72	0.155	
174	8	1	233	0.074	
174	8	1	190	0.074	
174	8	1	65	0.168	
174	8	1	64	0.169	
174	8	1	65	0.164	
175	8	1	250	0.074	
175	8	0	87	0.000	
175	8	1	103	0.092	
175	8	1	123	0.105	
175	8	1	97	0.100	
176	8	1	250	0.123	
176	8	1	250	0.141	
176	8	1	84	0.150	
176	8	1	88	0.130	
176	8	1	84	0.170	
177	8	1	250	0.107	
177	8	1	250	0.118	
177	8	1	115	0.124	
177	8	1	100	0.148	
177	8	1	107	0.144	
178	8	1	250	0.150	
178	8	1	250	0.121	
178	8	1	97	0.106	
178	8	1	74	0.175	
178	8	1	68	0.113	
179	8	1	250	0.118	
179	8	1	250	0.028	
179	8	1	80	0.125	
179	8	1	86	0.090	
179	8	1	95	0.092	
180	8	1	250	0.097	
180	8	1	250	0.058	
180	8	1	102	0.102	
180	8	1	40	0.088	
180	8	1	86	0.102	
181	8	1	250	0.097	
181	8	1	250	0.094	
181	8	1	84	0.096	
181	8	1	85	0.121	
181	8	1	73	0.118	
182	8	1	250	0.104	
182	8	1	250	0.103	
182	8	1	119	0.090	
182	8	1	100	0.095	
182	8	1	104	0.101	
183	8	1	250	0.135	
183	8	1	250	0.096	
183	8	1	76	0.134	
183	8	1	83	0.146	
183	8	1	73	0.184	
184	8	1	220	0.083	
184	8	1	201	0.097	
184	8	1	67	0.167	
184	8	1	66	0.168	
184	8	1	66	0.139	
185	8	1	250	0.108	
185	8	1	250	0.158	
185	8	1	69	0.100	
185	8	1	65	0.123	
185	8	1	68	0.117	
186	8	1	250	0.081	
186	8	1	250	0.136	
186	8	1	83	0.106	
186	8	1	80	0.114	
186	8	1	79	0.116	
187	8	1	250	0.190	
187	8	1	250	0.194	
187	8	1	70	0.142	
187	8	1	68	0.128	
187	8	1	77	0.126	
188	8	1	250	0.103	
188	8	1	250	0.099	
188	8	1	84	0.123	
188	8	1	80	0.079	
188	8	1	76	0.089	
189	8	1	250	0.060	
189	8	1	250	0.063	
189	8	1	84	0.103	
189	8	1	83	0.101	
189	8	1	84	0.092	
190	8	1	250	0.143	
190	8	1	250	0.116	
190	8	1	84	0.124	
190	8	1	79	0.087	
190	8	1	78	0.144	
191	8	1	250	0.088	
191	8	1	250	0.123	
191	8	1	97	0.089	
191	8	1	86	0.104	
191	8	1	87	0.089	
192	8	1	250	0.134	
192	8	1	250	0.083	
192	8	1	37	0.120	
192	8	1	88	0.123	
192	8	1	90	0.092	
193	8	1	250	0.220	
193	8	1	250	0.204	
193	8	1	92	0.082	
193	8	1	87	0.086	
193	8	1	90	0.092	
194	8	1	250	0.141	
194	8	1	250	0.150	
194	8	1	156	0.097	
194	8	1	151	0.078	
194	8	1	132	0.086	
195	8	1	121	0.072	
195	8	1	250	0.103	
195	8	1	73	0.103	
195	8	1	73	0.098	
195	8	1	74	0.083	
196	8	1	250	0.095	
196	8	1	250	0.097	
196	8	1	84	0.107	
196	8	1	77	0.072	
196	8	1	87	0.093	
197	8	1	250	0.056	
197	8	1	250	0.108	
197	8	1	87	0.142	
197	8	1	84	0.128	
197	8	1	81	0.132	
198	8	1	250	0.074	
198	8	1	250	0.121	
198	8	1	75	0.104	
198	8	1	74	0.129	
198	8	1	81	0.133	
199	8	1	250	0.075	
199	8	1	250	0.083	
199	8	1	92	0.100	
199	8	1	91	0.064	
199	8	1	96	0.095	
200	8	1	250	0.157	
200	8	1	250	0.133	
200	8	1	71	0.133	
200	8	1	72	0.122	
200	8	1	70	0.135	
201	8	1	250	0.082	
201	8	1	113	0.099	
201	8	1	72	0.091	
201	8	1	73	0.095	
201	8	1	77	0.087	
202	8	1	250	0.166	
202	8	1	250	0.105	
202	8	1	68	0.177	
202	8	1	68	0.130	
202	8	1	74	0.151	
203	8	1	140	0.091	
203	8	1	135	0.120	
203	8	1	73	0.122	
203	8	1	74	0.072	
203	8	1	70	0.125	
204	8	1	250	0.085	
204	8	1	250	0.089	
204	8	1	77	0.125	
204	8	1	82	0.079	
204	8	1	87	0.115	
205	8	1	250	0.097	
205	8	1	250	0.117	
205	8	1	91	0.075	
205	8	1	94	0.092	
205	8	1	97	0.073	
206	8	1	250	0.055	
206	8	1	250	0.078	
206	8	1	91	0.089	
206	8	1	85	0.089	
206	8	1	86	0.099	
207	8	1	250	0.127	
207	8	1	250	0.182	
207	8	1	86	0.127	
207	8	1	86	0.096	
207	8	1	93	0.120	
208	8	1	250	0.121	
208	8	1	250	0.155	
208	8	1	86	0.070	
208	8	1	90	0.114	
208	8	1	99	0.054	
209	8	1	250	0.010	
209	8	1	250	0.055	
209	8	1	73	0.125	
209	8	1	73	0.180	
209	8	1	83	0.146	
210	8	1	250	0.132	
210	8	1	250	0.102	
210	8	1	74	0.121	
210	8	1	77	0.105	
210	8	1	73	0.109	
211	8	1	250	0.154	
211	8	1	250	0.158	
211	8	1	78	0.078	
211	8	1	60	0.079	
211	8	1	78	0.104	
212	8	1	250	0.059	
212	8	1	250	0.064	
212	8	1	65	0.142	
212	8	1	65	0.139	
212	8	1	62	0.148	
213	8	1	250	0.161	
213	8	1	250	0.140	
213	8	1	86	0.093	
213	8	1	83	0.110	
213	8	1	72	0.070	
214	8	1	250	0.125	
214	8	1	250	0.092	
214	8	1	96	0.099	
214	8	1	97	0.087	
214	8	1	100	0.084	
215	8	1	250	0.087	
215	8	1	250	0.084	
215	8	1	73	0.104	
215	8	1	75	0.113	
215	8	1	84	0.082	
216	8	1	250	0.087	
216	8	1	166	0.092	
216	8	1	67	0.120	
216	8	1	71	0.126	
216	8	1	71	0.103	
217	8	1	250	0.153	
217	8	1	250	0.060	
217	8	1	86	0.095	
217	8	1	89	0.111	
217	8	1	79	0.118	
218	8	1	250	0.180	
218	8	1	243	0.099	
218	8	1	74	0.109	
218	8	1	72	0.124	
218	8	1	78	0.084	
219	8	1	250	0.075	
219	8	1	250	0.132	
219	8	1	82	0.176	
219	8	1	78	0.114	
219	8	1	87	0.166	
220	8	1	250	0.157	
220	8	1	221	0.058	
220	8	1	61	0.064	
220	8	1	56	0.072	
220	8	1	67	0.057	
221	8	1	250	0.335	
221	8	1	250	0.314	
221	8	1	80	0.070	
221	8	1	84	0.067	
221	8	1	81	0.070	
222	8	1	250	0.138	
222	8	1	250	0.144	
222	8	1	73	0.098	
222	8	1	72	0.097	
222	8	1	70	0.084	
223	8	1	250	0.023	
223	8	1	250	0.024	
223	8	1	117	0.106	
223	8	1	104	0.120	
223	8	1	98	0.117	
224	8	1	250	0.032	
224	8	1	250	0.016	
224	8	1	122	0.081	
224	8	1	104	0.095	
224	8	1	110	0.091	
225	8	1	250	0.124	
225	8	1	162	0.108	
225	8	1	81	0.100	
225	8	1	81	0.121	
225	8	1	84	0.100	
226	8	1	250	0.131	
226	8	1	85	0.095	
226	8	1	74	0.072	
226	8	1	75	0.062	
226	8	1	71	0.123	
227	8	1	250	0.039	
227	8	1	250	0.098	
227	8	1	103	0.131	
227	8	1	100	0.105	
227	8	1	87	0.132	
228	8	1	250	0.199	
228	8	1	250	0.217	
228	8	1	90	0.095	
228	8	1	87	0.137	
228	8	1	98	0.120	
229	8	1	250	0.084	
229	8	1	250	0.086	
229	8	1	92	0.070	
229	8	1	90	0.054	
229	8	1	84	0.066	
230	8	1	250	0.087	
230	8	1	250	0.123	
230	8	1	95	0.081	
230	8	1	88	0.092	
230	8	1	90	0.085	
231	8	1	127	0.091	
231	8	1	117	0.081	
231	8	1	68	0.167	
231	8	1	65	0.189	
231	8	1	63	0.186	
232	8	1	250	0.028	
232	8	1	250	0.121	
232	8	1	69	0.146	
232	8	1	66	0.131	
232	8	1	66	0.144	
233	8	1	62	0.353	
233	8	1	63	0.364	
233	8	1	62	0.243	
233	8	1	61	0.189	
233	8	1	61	0.217	
234	8	1	250	0.166	
234	8	1	250	0.134	
234	8	1	90	0.095	
234	8	1	84	0.121	
234	8	1	89	0.122	
235	8	1	250	0.173	
235	8	1	250	0.093	
235	8	1	86	0.075	
235	8	1	96	0.085	
235	8	1	94	0.075	
236	8	1	131	0.159	
236	8	1	250	0.151	
236	8	1	61	0.157	
236	8	1	62	0.157	
236	8	1	65	0.112	
237	8	1	250	0.183	
237	8	1	250	0.042	
237	8	1	90	0.053	
237	8	1	84	0.073	
237	8	1	88	0.072	
238	8	1	250	0.124	
238	8	1	250	0.097	
238	8	1	56	0.169	
238	8	1	71	0.144	
238	8	1	65	0.133	
239	8	1	250	0.147	
239	8	1	250	0.142	
239	8	1	64	0.252	
239	8	1	65	0.232	
239	8	1	66	0.209	
240	8	1	174	0.060	
240	8	1	250	0.038	
240	8	1	69	0.166	
240	8	1	69	0.158	
240	8	1	73	0.236	
241	8	1	250	0.132	
241	8	1	250	0.105	
241	8	1	84	0.112	
241	8	1	73	0.091	
241	8	1	88	0.122	
242	8	1	250	0.075	
242	8	1	250	0.134	
242	8	1	93	0.075	
242	8	1	96	0.084	
242	8	1	89	0.084	
243	8	1	250	0.062	
243	8	1	250	0.072	
243	8	1	120	0.073	
243	8	1	115	0.073	
243	8	1	116	0.072	
244	8	1	250	0.103	
244	8	1	250	0.108	
244	8	1	97	0.053	
244	8	1	91	0.048	
244	8	1	96	0.064	
245	8	1	250	0.131	
245	8	1	250	0.096	
245	8	1	86	0.095	
245	8	1	53	0.104	
245	8	1	79	0.075	
246	8	1	250	0.104	
246	8	1	250	0.095	
246	8	1	100	0.055	
246	8	1	90	0.067	
246	8	1	89	0.089	
247	8	1	193	0.060	
247	8	1	249	0.088	
247	8	1	61	0.194	
247	8	1	60	0.203	
247	8	1	60	0.216	
248	8	1	250	0.242	
248	8	1	250	0.185	
248	8	1	76	0.133	
248	8	1	74	0.147	
248	8	1	71	0.130	
249	8	1	197	0.067	
249	8	1	115	0.039	
249	8	1	77	0.103	
249	8	1	74	0.110	
249	8	1	85	0.099	
250	8	1	250	0.213	
250	8	1	250	0.068	
250	8	1	95	0.086	
250	8	1	90	0.083	
250	8	1	99	0.056	
251	8	1	250	0.137	
251	8	1	250	0.152	
251	8	1	66	0.093	
251	8	1	62	0.120	
251	8	1	64	0.123	
252	8	1	250	0.059	
252	8	1	201	0.083	
252	8	1	67	0.108	
252	8	1	70	0.102	
252	8	1	70	0.102	
253	8	1	250	0.074	
253	8	1	250	0.073	
253	8	1	78	0.094	
253	8	1	78	0.094	
253	8	1	73	0.037	
254	8	1	250	0.220	
254	8	1	250	0.122	
254	8	1	75	0.129	
254	8	1	78	0.100	
254	8	1	79	0.134	
255	8	1	250	0.077	
255	8	1	250	0.069	
255	8	1	130	0.098	
255	8	1	104	0.087	
255	8	1	107	0.100	
256	8	1	250	0.036	
256	8	1	250	0.069	
256	8	1	83	0.066	
256	8	1	84	0.093	
256	8	1	90	0.084	
257	8	1	250	0.145	
257	8	1	250	0.099	
257	8	1	61	0.235	
257	8	1	62	0.254	
257	8	1	61	0.218	
258	8	1	250	0.038	
258	8	0	239	0.003	
258	8	1	138	0.067	
258	8	1	99	0.097	
258	8	1	85	0.072	
259	8	1	76	0.134	
259	8	1	120	0.148	
259	8	1	64	0.141	
259	8	1	64	0.134	
259	8	1	64	0.165	
260	8	1	250	0.115	
260	8	1	250	0.087	
260	8	1	95	0.103	
260	8	1	108	0.075	
260	8	1	97	0.121	
261	8	1	250	0.084	
261	8	1	250	0.106	
261	8	1	83	0.127	
261	8	1	77	0.111	
261	8	1	81	0.093	
262	8	1	250	0.083	
262	8	1	250	0.092	
262	8	1	95	0.098	
262	8	1	96	0.109	
262	8	1	84	0.097	
263	8	1	250	0.115	
263	8	1	250	0.111	
263	8	1	95	0.099	
263	8	1	88	0.110	
263	8	1	88	0.116	
264	8	1	250	0.148	
264	8	1	250	0.115	
264	8	1	79	0.115	
264	8	1	77	0.065	
264	8	1	82	0.122	
265	8	1	250	0.100	
265	8	1	250	0.056	
265	8	1	99	0.083	
265	8	1	108	0.124	
265	8	1	42	0.164	
266	8	1	250	0.173	
266	8	1	250	0.134	
266	8	1	83	0.127	
266	8	1	85	0.113	
266	8	1	75	0.128	
267	8	1	250	0.145	
267	8	1	250	0.037	
267	8	1	96	0.106	
267	8	1	85	0.093	
267	8	1	100	0.092	
268	8	1	250	0.154	
268	8	1	250	0.174	
268	8	1	98	0.082	
268	8	1	104	0.033	
268	8	1	124	0.048	
269	8	1	250	0.227	
269	8	1	250	0.207	
269	8	1	68	0.081	
269	8	1	65	0.105	
269	8	1	70	0.094	
270	8	1	122	0.083	
270	8	1	64	0.166	
270	8	1	63	0.169	
270	8	1	61	0.201	
270	8	1	61	0.218	
271	8	1	250	0.068	
271	8	1	250	0.013	
271	8	1	106	0.078	
271	8	1	109	0.057	
271	8	1	108	0.073	
272	8	1	250	0.102	
272	8	1	250	0.112	
272	8	1	65	0.080	
272	8	1	177	0.064	
272	8	1	75	0.088	
273	8	1	250	0.145	
273	8	1	250	0.123	
273	8	1	130	0.113	
273	8	1	100	0.098	
273	8	1	104	0.113	
274	8	1	138	0.052	
274	8	1	141	0.061	
274	8	1	61	0.210	
274	8	1	60	0.213	
274	8	1	60	0.175	
275	8	1	250	0.115	
275	8	1	250	0.127	
275	8	1	86	0.066	
275	8	1	96	0.061	
275	8	1	80	0.114	
276	8	1	250	0.253	
276	8	1	250	0.249	
276	8	1	92	0.099	
276	8	1	85	0.107	
276	8	1	45	0.094	
277	8	1	157	0.053	
277	8	1	250	0.179	
277	8	1	86	0.106	
277	8	1	83	0.126	
277	8	1	83	0.132	
278	8	0	36	0.000	
278	8	1	250	0.100	
278	8	1	84	0.121	
278	8	1	82	0.116	
278	8	1	82	0.110	
279	8	1	250	0.129	
279	8	1	250	0.100	
279	8	1	136	0.076	
279	8	1	130	0.086	
279	8	1	131	0.081	
280	8	1	250	0.029	
280	8	1	250	0.074	
280	8	1	86	0.128	
280	8	1	92	0.113	
280	8	1	97	0.096	
281	8	1	250	0.110	
281	8	1	250	0.121	
281	8	1	112	0.107	
281	8	1	39	0.058	
281	8	1	92	0.073	
282	8	1	250	0.094	
282	8	1	155	0.107	
282	8	1	102	0.089	
282	8	1	97	0.066	
282	8	1	109	0.075	
283	8	1	143	0.021	
283	8	1	250	0.204	
283	8	1	50	0.078	
283	8	1	70	0.055	
283	8	1	47	0.064	
284	8	1	250	0.098	
284	8	1	250	0.113	
284	8	1	80	0.142	
284	8	1	82	0.132	
284	8	1	84	0.132	
285	8	1	230	0.077	
285	8	1	250	0.076	
285	8	1	83	0.056	
285	8	1	95	0.029	
285	8	1	99	0.089	
286	8	1	250	0.058	
286	8	1	217	0.063	
286	8	1	81	0.099	
286	8	1	84	0.109	
286	8	1	80	0.092	
287	8	1	250	0.080	
287	8	1	250	0.043	
287	8	1	113	0.070	
287	8	1	110	0.062	
287	8	1	139	0.063	
288	8	1	127	0.034	
288	8	1	250	0.100	
288	8	1	41	0.071	
288	8	1	51	0.042	
288	8	1	82	0.029	
289	8	1	229	0.076	
289	8	1	194	0.103	
289	8	1	81	0.122	
289	8	1	83	0.124	
289	8	1	69	0.151	
290	8	1	250	0.139	
290	8	1	250	0.200	
290	8	1	105	0.096	
290	8	1	98	0.131	
290	8	1	112	0.131	
291	8	1	82	0.062	
291	8	1	133	0.154	
291	8	1	61	0.258	
291	8	1	60	0.180	
291	8	1	61	0.250	
292	8	1	239	0.081	
292	8	1	249	0.051	
292	8	1	82	0.132	
292	8	1	84	0.122	
292	8	1	75	0.132	
293	8	1	250	0.163	
293	8	1	250	0.162	
293	8	1	80	0.122	
293	8	1	87	0.113	
293	8	1	91	0.115	
294	8	1	250	0.096	
294	8	1	250	0.158	
294	8	1	110	0.114	
294	8	1	101	0.069	
294	8	1	91	0.104	
295	8	1	250	0.117	
295	8	1	250	0.063	
295	8	1	65	0.102	
295	8	1	113	0.067	
295	8	1	123	0.077	
296	8	1	250	0.126	
296	8	1	250	0.125	
296	8	1	72	0.161	
296	8	1	71	0.137	
296	8	1	69	0.145	
297	8	1	64	0.123	
297	8	1	250	0.070	
297	8	1	115	0.070	
297	8	1	95	0.064	
297	8	1	102	0.042	
298	8	1	250	0.197	
298	8	1	250	0.113	
298	8	1	75	0.084	
298	8	1	81	0.094	
298	8	1	85	0.081	
299	8	1	250	0.073	
299	8	1	250	0.094	
299	8	1	99	0.087	
299	8	1	94	0.101	
299	8	1	100	0.063	
0	9	1	250	0.065	
0	9	1	250	0.137	
0	9	1	92	0.106	
0	9	1	82	0.169	
0	9	1	82	0.120	
1	9	1	147	0.196	
1	9	1	250	0.168	
1	9	1	73	0.193	
1	9	1	73	0.149	
1	9	1	73	0.226	
2	9	1	40	0.116	
2	9	1	52	0.105	
2	9	1	71	0.075	
2	9	1	250	0.486	
2	9	1	70	0.099	
3	9	1	72	0.179	
3	9	1	72	0.172	
3	9	1	68	0.170	
3	9	1	68	0.229	
3	9	1	69	0.237	
4	9	1	250	0.095	
4	9	1	250	0.113	
4	9	1	96	0.112	
4	9	1	95	0.107	
4	9	1	95	0.107	
5	9	1	68	0.224	
5	9	1	68	0.224	
5	9	1	69	0.217	
5	9	1	69	0.188	
5	9	1	69	0.194	
6	9	1	250	0.125	
6	9	1	250	0.104	
6	9	1	84	0.151	
6	9	1	86	0.195	
6	9	1	85	0.154	
7	9	1	250	0.181	
7	9	1	250	0.170	
7	9	1	73	0.148	
7	9	1	73	0.116	
7	9	1	74	0.106	
8	9	1	250	0.052	
8	9	0	68	0.013	
8	9	1	72	0.143	
8	9	1	73	0.166	
8	9	1	74	0.124	
9	9	1	67	0.265	
9	9	1	68	0.170	
9	9	1	70	0.184	
9	9	1	70	0.222	
9	9	1	70	0.168	
10	9	1	206	0.091	
10	9	1	175	0.098	
10	9	1	68	0.248	
10	9	1	69	0.234	
10	9	1	69	0.234	
11	9	1	250	0.221	
11	9	1	250	0.176	
11	9	1	68	0.207	
11	9	1	68	0.197	
11	9	1	68	0.197	
12	9	1	250	0.198	
12	9	1	250	0.181	
12	9	1	81	0.167	
12	9	1	72	0.167	
12	9	1	74	0.145	
13	9	1	250	0.261	
13	9	1	250	0.111	
13	9	1	84	0.106	
13	9	1	82	0.163	
13	9	1	81	0.110	
14	9	1	149	0.074	
14	9	1	125	0.130	
14	9	1	70	0.285	
14	9	1	69	0.219	
14	9	1	69	0.196	
15	9	1	73	0.165	
15	9	1	83	0.179	
15	9	1	70	0.191	
15	9	1	70	0.180	
15	9	1	70	0.191	
16	9	1	249	0.107	
16	9	1	233	0.110	
16	9	1	72	0.175	
16	9	1	72	0.173	
16	9	1	72	0.185	
17	9	1	71	0.212	
17	9	1	72	0.233	
17	9	1	69	0.173	
17	9	1	69	0.216	
17	9	1	69	0.167	
18	9	1	72	0.221	
18	9	1	72	0.221	
18	9	1	67	0.179	
18	9	1	67	0.179	
18	9	1	67	0.179	
19	9	1	250	0.193	
19	9	1	250	0.148	
19	9	1	78	0.141	
19	9	1	81	0.119	
19	9	1	88	0.132	
20	9	1	72	0.326	
20	9	1	84	0.303	
20	9	1	68	0.184	
20	9	1	68	0.189	
20	9	1	68	0.198	
21	9	1	69	0.199	
21	9	1	69	0.216	
21	9	1	70	0.163	
21	9	1	70	0.196	
21	9	1	70	0.162	
22	9	1	250	0.168	
22	9	1	250	0.191	
22	9	1	71	0.169	
22	9	1	71	0.166	
22	9	1	76	0.133	
23	9	1	225	0.049	
23	9	1	250	0.073	
23	9	1	75	0.150	
23	9	1	71	0.194	
23	9	1	71	0.192	
24	9	1	250	0.139	
24	9	1	250	0.112	
24	9	1	77	0.177	
24	9	1	73	0.108	
24	9	1	72	0.165	
25	9	1	75	0.410	
25	9	1	74	0.400	
25	9	1	67	0.224	
25	9	1	67	0.172	
25	9	1	67	0.224	
26	9	1	122	0.169	
26	9	1	134	0.128	
26	9	1	69	0.211	
26	9	1	69	0.211	
26	9	1	69	0.202	
27	9	1	250	0.026	
27	9	1	69	0.147	
27	9	1	68	0.216	
27	9	1	68	0.216	
27	9	1	68	0.130	
28	9	1	69	0.326	
28	9	1	69	0.326	
28	9	1	69	0.207	
28	9	1	69	0.207	
28	9	1	69	0.206	
29	9	1	250	0.226	
29	9	1	225	0.179	
29	9	1	42	0.113	
29	9	1	86	0.132	
29	9	1	89	0.098	
30	9	1	167	0.070	
30	9	1	133	0.061	
30	9	1	73	0.196	
30	9	1	75	0.196	
30	9	1	73	0.180	
31	9	1	76	0.193	
31	9	1	75	0.204	
31	9	1	68	0.142	
31	9	1	69	0.199	
31	9	1	68	0.161	
32	9	1	72	0.224	
32	9	1	74	0.175	
32	9	1	67	0.213	
32	9	1	67	0.217	
32	9	1	67	0.188	
33	9	1	206	0.090	
33	9	1	107	0.077	
33	9	1	55	0.070	
33	9	1	50	0.054	
33	9	1	57	0.081	
34	9	1	111	0.102	
34	9	1	82	0.142	
34	9	1	69	0.159	
34	9	1	68	0.206	
34	9	1	68	0.161	
35	9	1	128	0.079	
35	9	1	177	0.086	
35	9	1	71	0.089	
35	9	1	73	0.115	
35	9	1	74	0.117	
36	9	1	107	0.173	
36	9	1	133	0.143	
36	9	1	67	0.202	
36	9	1	67	0.202	
36	9	1	67	0.202	
37	9	1	250	0.081	
37	9	1	250	0.096	
37	9	1	80	0.151	
37	9	1	76	0.161	
37	9	1	79	0.148	
38	9	1	250	0.156	
38	9	1	250	0.076	
38	9	1	78	0.118	
38	9	1	82	0.127	
38	9	1	77	0.126	
39	9	1	78	0.038	
39	9	1	160	0.113	
39	9	1	69	0.175	
39	9	1	68	0.194	
39	9	1	69	0.175	
40	9	1	69	0.374	
40	9	1	69	0.396	
40	9	1	67	0.338	
40	9	1	67	0.326	
40	9	1	67	0.291	
41	9	1	68	0.285	
41	9	1	68	0.285	
41	9	1	67	0.262	
41	9	1	67	0.261	
41	9	1	67	0.262	
42	9	1	68	0.697	
42	9	1	68	0.657	
42	9	1	67	0.616	
42	9	1	67	0.616	
42	9	1	67	0.616	
43	9	1	250	0.208	
43	9	1	250	0.194	
43	9	1	91	0.144	
43	9	1	99	0.153	
43	9	1	80	0.177	
44	9	1	250	0.085	
44	9	1	224	0.068	
44	9	1	75	0.126	
44	9	1	76	0.126	
44	9	1	78	0.133	
45	9	1	88	0.083	
45	9	1	189	0.085	
45	9	1	71	0.097	
45	9	1	70	0.126	
45	9	1	70	0.138	
46	9	1	200	0.098	
46	9	1	250	0.065	
46	9	1	82	0.114	
46	9	1	81	0.109	
46	9	1	75	0.118	
47	9	1	103	0.047	
47	9	1	193	0.032	
47	9	1	89	0.072	
47	9	1	80	0.088	
47	9	1	78	0.065	
48	9	1	250	0.112	
48	9	0	166	0.003	
48	9	1	77	0.177	
48	9	1	78	0.109	
48	9	1	80	0.179	
49	9	1	250	0.140	
49	9	1	250	0.133	
49	9	1	83	0.160	
49	9	1	79	0.128	
49	9	1	84	0.171	
50	9	1	72	0.363	
50	9	1	80	0.367	
50	9	1	76	0.185	
50	9	1	77	0.204	
50	9	1	77	0.195	
51	9	1	69	0.182	
51	9	1	73	0.161	
51	9	1	69	0.172	
51	9	1	69	0.195	
51	9	1	73	0.217	
52	9	1	85	0.329	
52	9	1	75	0.284	
52	9	1	69	0.190	
52	9	1	69	0.164	
52	9	1	69	0.151	
53	9	1	110	0.121	
53	9	1	153	0.036	
53	9	1	72	0.181	
53	9	1	72	0.181	
53	9	1	72	0.179	
54	9	1	69	0.372	
54	9	1	69	0.362	
54	9	1	68	0.220	
54	9	1	68	0.250	
54	9	1	68	0.248	
55	9	1	136	0.104	
55	9	1	250	0.024	
55	9	1	78	0.051	
55	9	1	80	0.095	
55	9	1	81	0.100	
56	9	1	73	0.334	
56	9	1	72	0.295	
56	9	1	71	0.214	
56	9	1	72	0.234	
56	9	1	72	0.238	
57	9	1	141	0.119	
57	9	1	137	0.125	
57	9	1	81	0.135	
57	9	1	90	0.115	
57	9	1	81	0.142	
58	9	1	250	0.085	
58	9	1	250	0.044	
58	9	1	99	0.117	
58	9	1	100	0.159	
58	9	1	96	0.103	
59	9	1	250	0.125	
59	9	1	250	0.130	
59	9	1	89	0.075	
59	9	1	79	0.102	
59	9	1	90	0.095	
60	9	1	250	0.101	
60	9	0	91	0.006	
60	9	1	86	0.087	
60	9	1	86	0.092	
60	9	1	90	0.086	
61	9	1	69	0.350	
61	9	1	69	0.350	
61	9	1	68	0.428	
61	9	1	68	0.428	
61	9	1	68	0.428	
62	9	1	250	0.208	
62	9	1	250	0.085	
62	9	1	103	0.061	
62	9	1	108	0.037	
62	9	1	104	0.069	
63	9	1	75	0.170	
63	9	1	119	0.118	
63	9	1	70	0.166	
63	9	1	71	0.170	
63	9	1	72	0.187	
64	9	1	250	0.176	
64	9	1	250	0.075	
64	9	1	76	0.151	
64	9	1	74	0.156	
64	9	1	74	0.155	
65	9	1	69	0.217	
65	9	1	69	0.213	
65	9	1	72	0.189	
65	9	1	72	0.193	
65	9	1	72	0.184	
66	9	1	250	0.202	
66	9	1	250	0.143	
66	9	1	79	0.168	
66	9	1	79	0.161	
66	9	1	79	0.189	
67	9	1	69	0.373	
67	9	1	69	0.373	
67	9	1	67	0.328	
67	9	1	67	0.328	
67	9	1	67	0.314	
68	9	1	120	0.123	
68	9	1	89	0.109	
68	9	1	69	0.190	
68	9	1	69	0.178	
68	9	1	69	0.185	
69	9	1	250	0.131	
69	9	1	250	0.149	
69	9	1	76	0.114	
69	9	1	82	0.096	
69	9	1	84	0.128	
70	9	1	80	0.095	
70	9	1	81	0.094	
70	9	1	70	0.164	
70	9	1	71	0.185	
70	9	1	70	0.178	
71	9	1	136	0.115	
71	9	1	143	0.054	
71	9	1	68	0.191	
71	9	1	68	0.215	
71	9	1	68	0.215	
72	9	1	103	0.104	
72	9	1	130	0.044	
72	9	1	68	0.209	
72	9	1	68	0.222	
72	9	1	68	0.235	
73	9	1	250	0.219	
73	9	1	250	0.188	
73	9	1	69	0.181	
73	9	1	71	0.174	
73	9	1	70	0.203	
74	9	1	200	0.054	
74	9	1	250	0.098	
74	9	1	70	0.202	
74	9	1	72	0.194	
74	9	1	70	0.200	
75	9	1	68	0.377	
75	9	1	68	0.406	
75	9	1	67	0.355	
75	9	1	67	0.355	
75	9	1	67	0.358	
76	9	1	132	0.083	
76	9	1	250	0.036	
76	9	1	73	0.185	
76	9	1	73	0.180	
76	9	1	75	0.190	
77	9	1	134	0.245	
77	9	1	250	0.214	
77	9	1	68	0.254	
77	9	1	68	0.255	
77	9	1	68	0.250	
78	9	1	250	0.161	
78	9	1	250	0.277	
78	9	1	74	0.108	
78	9	1	80	0.116	
78	9	1	80	0.147	
79	9	1	69	0.244	
79	9	1	69	0.240	
79	9	1	68	0.201	
79	9	1	68	0.235	
79	9	1	68	0.201	
80	9	1	250	0.036	
80	9	1	250	0.065	
80	9	1	97	0.193	
80	9	1	95	0.183	
80	9	1	86	0.174	
81	9	1	153	0.087	
81	9	1	228	0.131	
81	9	1	70	0.143	
81	9	1	69	0.185	
81	9	1	72	0.162	
82	9	1	250	0.035	
82	9	1	187	0.085	
82	9	1	87	0.042	
82	9	1	98	0.045	
82	9	1	118	0.087	
83	9	1	250	0.074	
83	9	1	250	0.074	
83	9	1	70	0.216	
83	9	1	70	0.241	
83	9	1	70	0.216	
84	9	1	211	0.100	
84	9	1	250	0.124	
84	9	1	68	0.177	
84	9	1	68	0.208	
84	9	1	68	0.235	
85	9	1	250	0.129	
85	9	1	250	0.269	
85	9	1	74	0.156	
85	9	1	75	0.135	
85	9	1	77	0.136	
86	9	1	250	0.092	
86	9	1	250	0.074	
86	9	1	86	0.138	
86	9	1	89	0.106	
86	9	1	86	0.118	
87	9	1	113	0.069	
87	9	1	69	0.189	
87	9	1	68	0.150	
87	9	1	68	0.145	
87	9	1	68	0.139	
88	9	1	71	0.169	
88	9	1	71	0.171	
88	9	1	67	0.186	
88	9	1	67	0.186	
88	9	1	67	0.186	
89	9	1	203	0.028	
89	9	1	96	0.102	
89	9	1	68	0.142	
89	9	1	69	0.143	
89	9	1	72	0.155	
90	9	1	120	0.083	
90	9	1	134	0.044	
90	9	1	68	0.212	
90	9	1	68	0.212	
90	9	1	68	0.182	
91	9	1	93	0.126	
91	9	1	100	0.152	
91	9	1	71	0.265	
91	9	1	70	0.166	
91	9	1	71	0.265	
92	9	1	250	0.049	
92	9	1	250	0.100	
92	9	1	82	0.100	
92	9	1	91	0.103	
92	9	1	93	0.065	
93	9	1	68	0.840	
93	9	1	68	0.840	
93	9	1	67	0.816	
93	9	1	67	0.816	
93	9	1	67	0.816	
94	9	1	69	0.369	
94	9	1	69	0.339	
94	9	1	67	0.427	
94	9	1	67	0.447	
94	9	1	67	0.447	
95	9	1	250	0.131	
95	9	1	250	0.182	
95	9	1	69	0.187	
95	9	1	73	0.152	
95	9	1	73	0.166	
96	9	1	250	0.059	
96	9	1	250	0.077	
96	9	1	76	0.151	
96	9	1	79	0.197	
96	9	1	76	0.150	
97	9	1	156	0.105	
97	9	1	155	0.119	
97	9	1	68	0.151	
97	9	1	69	0.131	
97	9	1	69	0.161	
98	9	1	250	0.084	
98	9	1	250	0.084	
98	9	1	78	0.170	
98	9	1	79	0.187	
98	9	1	79	0.176	
99	9	1	128	0.145	
99	9	1	108	0.131	
99	9	1	76	0.143	
99	9	1	76	0.169	
99	9	1	80	0.156	
100	9	1	250	0.144	
100	9	1	250	0.131	
100	9	1	70	0.200	
100	9	1	70	0.204	
100	9	1	70	0.199	
101	9	1	72	0.241	
101	9	1	71	0.244	
101	9	1	71	0.207	
101	9	1	71	0.195	
101	9	1	70	0.228	
102	9	1	144	0.101	
102	9	1	184	0.096	
102	9	1	70	0.163	
102	9	1	77	0.169	
102	9	1	72	0.150	
103	9	1	250	0.169	
103	9	1	250	0.137	
103	9	1	76	0.077	
103	9	1	76	0.092	
103	9	1	77	0.095	
104	9	1	250	0.081	
104	9	1	250	0.070	
104	9	1	74	0.097	
104	9	1	74	0.089	
104	9	1	76	0.122	
105	9	1	250	0.160	
105	9	1	250	0.134	
105	9	1	91	0.114	
105	9	1	85	0.159	
105	9	1	82	0.126	
106	9	1	250	0.093	
106	9	1	250	0.112	
106	9	1	77	0.164	
106	9	1	78	0.172	
106	9	1	78	0.151	
107	9	1	250	0.162	
107	9	1	127	0.074	
107	9	1	71	0.195	
107	9	1	72	0.267	
107	9	1	72	0.198	
108	9	1	73	0.148	
108	9	1	73	0.148	
108	9	1	68	0.128	
108	9	1	68	0.106	
108	9	1	68	0.106	
109	9	1	226	0.098	
109	9	1	250	0.097	
109	9	1	77	0.188	
109	9	1	69	0.194	
109	9	1	90	0.162	
110	9	1	229	0.125	
110	9	1	198	0.172	
110	9	1	70	0.152	
110	9	1	70	0.180	
110	9	1	70	0.188	
111	9	1	250	0.134	
111	9	1	250	0.173	
111	9	1	100	0.151	
111	9	1	94	0.143	
111	9	1	127	0.108	
112	9	1	172	0.073	
112	9	1	250	0.056	
112	9	1	95	0.075	
112	9	1	106	0.073	
112	9	1	61	0.097	
113	9	1	250	0.148	
113	9	1	250	0.026	
113	9	1	99	0.073	
113	9	1	90	0.072	
113	9	1	92	0.109	
114	9	1	250	0.135	
114	9	1	185	0.079	
114	9	1	93	0.111	
114	9	1	84	0.123	
114	9	1	83	0.114	
115	9	1	250	0.037	
115	9	1	250	0.035	
115	9	1	82	0.143	
115	9	1	110	0.084	
115	9	1	92	0.139	
116	9	1	76	0.174	
116	9	1	75	0.181	
116	9	1	69	0.177	
116	9	1	69	0.174	
116	9	1	69	0.214	
117	9	1	250	0.179	
117	9	1	250	0.100	
117	9	1	94	0.115	
117	9	1	88	0.128	
117	9	1	91	0.105	
118	9	1	250	0.107	
118	9	1	250	0.145	
118	9	1	85	0.140	
118	9	1	91	0.118	
118	9	1	87	0.109	
119	9	1	250	0.072	
119	9	1	250	0.077	
119	9	1	87	0.139	
119	9	1	92	0.126	
119	9	1	94	0.125	
120	9	1	250	0.169	
120	9	1	250	0.156	
120	9	1	89	0.166	
120	9	1	84	0.185	
120	9	1	91	0.152	
121	9	1	250	0.131	
121	9	1	250	0.097	
121	9	1	84	0.129	
121	9	1	88	0.117	
121	9	1	81	0.126	
122	9	1	92	0.091	
122	9	1	96	0.057	
122	9	1	69	0.149	
122	9	1	69	0.168	
122	9	1	69	0.187	
123	9	1	250	0.156	
123	9	1	250	0.163	
123	9	1	108	0.097	
123	9	1	88	0.145	
123	9	1	98	0.131	
124	9	1	250	0.061	
124	9	1	154	0.045	
124	9	1	85	0.168	
124	9	1	81	0.133	
124	9	1	91	0.129	
125	9	1	250	0.116	
125	9	1	250	0.124	
125	9	1	84	0.123	
125	9	1	82	0.106	
125	9	1	79	0.105	
126	9	1	106	0.103	
126	9	1	146	0.051	
126	9	1	76	0.089	
126	9	1	76	0.098	
126	9	1	72	0.088	
127	9	1	193	0.092	
127	9	1	250	0.084	
127	9	1	80	0.139	
127	9	1	79	0.106	
127	9	1	79	0.129	
128	9	1	132	0.079	
128	9	1	114	0.077	
128	9	1	68	0.184	
128	9	1	68	0.172	
128	9	1	68	0.179	
129	9	1	250	0.261	
129	9	1	250	0.199	
129	9	1	75	0.115	
129	9	1	77	0.170	
129	9	1	74	0.096	
130	9	1	157	0.092	
130	9	1	250	0.118	
130	9	1	69	0.196	
130	9	1	69	0.178	
130	9	1	69	0.193	
131	9	1	250	0.168	
131	9	1	250	0.143	
131	9	1	82	0.159	
131	9	1	77	0.153	
131	9	1	75	0.145	
132	9	1	250	0.117	
132	9	1	215	0.156	
132	9	1	78	0.113	
132	9	1	77	0.155	
132	9	1	79	0.126	
133	9	1	243	0.066	
133	9	1	250	0.142	
133	9	1	74	0.128	
133	9	1	71	0.143	
133	9	1	72	0.140	
134	9	1	212	0.109	
134	9	1	248	0.079	
134	9	1	82	0.143	
134	9	1	81	0.160	
134	9	1	90	0.175	
135	9	1	71	0.198	
135	9	1	71	0.186	
135	9	1	69	0.187	
135	9	1	69	0.208	
135	9	1	69	0.165	
136	9	1	250	0.061	
136	9	1	250	0.045	
136	9	1	89	0.153	
136	9	1	90	0.127	
136	9	1	90	0.110	
137	9	1	250	0.095	
137	9	1	250	0.061	
137	9	1	100	0.095	
137	9	1	93	0.106	
137	9	1	115	0.091	
138	9	1	250	0.108	
138	9	1	250	0.100	
138	9	1	103	0.154	
138	9	1	100	0.113	
138	9	1	99	0.131	
139	9	1	250	0.133	
139	9	1	182	0.123	
139	9	1	70	0.170	
139	9	1	70	0.159	
139	9	1	69	0.138	
140	9	1	168	0.097	
140	9	1	250	0.094	
140	9	1	82	0.108	
140	9	1	82	0.113	
140	9	1	80	0.095	
141	9	1	242	0.069	
141	9	1	250	0.030	
141	9	1	71	0.153	
141	9	1	76	0.148	
141	9	1	81	0.083	
142	9	1	76	0.073	
142	9	1	96	0.100	
142	9	1	72	0.125	
142	9	1	69	0.146	
142	9	1	73	0.099	
143	9	1	250	0.026	
143	9	1	250	0.043	
143	9	1	80	0.140	
143	9	1	79	0.177	
143	9	1	78	0.176	
144	9	1	176	0.061	
144	9	1	250	0.130	
144	9	1	77	0.079	
144	9	1	89	0.100	
144	9	1	79	0.113	
145	9	1	250	0.127	
145	9	1	250	0.138	
145	9	1	69	0.231	
145	9	1	68	0.213	
145	9	1	69	0.198	
146	9	1	79	0.370	
146	9	1	74	0.362	
146	9	1	72	0.155	
146	9	1	72	0.174	
146	9	1	72	0.189	
147	9	1	250	0.163	
147	9	1	250	0.220	
147	9	1	74	0.131	
147	9	1	73	0.145	
147	9	1	78	0.121	
148	9	0	59	0.000	
148	9	1	178	0.057	
148	9	1	45	0.128	
148	9	1	76	0.099	
148	9	1	80	0.091	
149	9	1	167	0.105	
149	9	1	250	0.136	
149	9	1	74	0.183	
149	9	1	74	0.178	
149	9	1	74	0.201	
150	9	1	250	0.098	
150	9	1	250	0.065	
150	9	1	79	0.132	
150	9	1	79	0.120	
150	9	1	80	0.042	
151	9	1	250	0.238	
151	9	1	250	0.127	
151	9	1	77	0.101	
151	9	1	73	0.133	
151	9	1	75	0.105	
152	9	1	250	0.126	
152	9	1	250	0.112	
152	9	1	70	0.209	
152	9	1	71	0.205	
152	9	1	71	0.233	
153	9	1	250	0.163	
153	9	1	162	0.075	
153	9	1	65	0.067	
153	9	1	68	0.100	
153	9	1	81	0.064	
154	9	1	250	0.101	
154	9	1	250	0.085	
154	9	1	81	0.157	
154	9	1	84	0.114	
154	9	1	84	0.114	
155	9	1	250	0.085	
155	9	1	250	0.144	
155	9	1	74	0.163	
155	9	1	71	0.156	
155	9	1	73	0.175	
156	9	1	76	0.350	
156	9	1	76	0.350	
156	9	1	69	0.198	
156	9	1	69	0.192	
156	9	1	69	0.162	
157	9	1	250	0.068	
157	9	1	250	0.209	
157	9	1	93	0.100	
157	9	1	91	0.075	
157	9	1	88	0.095	
158	9	1	225	0.125	
158	9	1	250	0.155	
158	9	1	86	0.110	
158	9	1	87	0.108	
158	9	1	110	0.078	
159	9	1	71	0.351	
159	9	1	83	0.324	
159	9	1	66	0.185	
159	9	1	66	0.185	
159	9	1	66	0.185	
160	9	1	250	0.081	
160	9	1	250	0.077	
160	9	1	97	0.111	
160	9	1	92	0.105	
160	9	1	108	0.068	
161	9	1	162	0.132	
161	9	1	138	0.113	
161	9	1	68	0.215	
161	9	1	68	0.175	
161	9	1	68	0.196	
162	9	1	250	0.129	
162	9	1	250	0.049	
162	9	1	128	0.128	
162	9	1	109	0.120	
162	9	1	114	0.131	
163	9	1	250	0.144	
163	9	1	250	0.122	
163	9	1	82	0.123	
163	9	1	83	0.123	
163	9	1	82	0.119	
164	9	1	250	0.311	
164	9	1	250	0.154	
164	9	1	70	0.166	
164	9	1	83	0.164	
164	9	1	79	0.165	
165	9	1	250	0.041	
165	9	1	250	0.072	
165	9	1	101	0.079	
165	9	1	100	0.100	
165	9	1	100	0.096	
166	9	1	227	0.098	
166	9	1	250	0.043	
166	9	1	77	0.131	
166	9	1	77	0.126	
166	9	1	77	0.114	
167	9	1	250	0.125	
167	9	1	172	0.055	
167	9	1	63	0.080	
167	9	1	68	0.073	
167	9	1	60	0.073	
168	9	1	250	0.113	
168	9	1	250	0.178	
168	9	1	76	0.207	
168	9	1	79	0.168	
168	9	1	76	0.199	
169	9	1	250	0.048	
169	9	1	223	0.082	
169	9	1	103	0.100	
169	9	1	131	0.048	
169	9	1	107	0.103	
170	9	1	250	0.049	
170	9	1	181	0.131	
170	9	1	75	0.139	
170	9	1	76	0.129	
170	9	1	70	0.136	
171	9	1	250	0.102	
171	9	1	250	0.091	
171	9	1	92	0.109	
171	9	1	102	0.124	
171	9	1	95	0.115	
172	9	1	250	0.074	
172	9	1	250	0.064	
172	9	1	95	0.100	
172	9	1	90	0.111	
172	9	1	99	0.101	
173	9	1	250	0.133	
173	9	1	250	0.156	
173	9	1	81	0.153	
173	9	1	94	0.147	
173	9	1	86	0.147	
174	9	1	185	0.123	
174	9	1	250	0.101	
174	9	1	76	0.104	
174	9	1	74	0.160	
174	9	1	73	0.144	
175	9	0	80	0.000	
175	9	1	250	0.091	
175	9	1	88	0.093	
175	9	1	89	0.093	
175	9	1	105	0.109	
176	9	1	250	0.293	
176	9	1	250	0.202	
176	9	1	84	0.175	
176	9	1	80	0.172	
176	9	1	81	0.177	
177	9	1	250	0.151	
177	9	1	250	0.127	
177	9	1	97	0.109	
177	9	1	73	0.161	
177	9	1	79	0.167	
178	9	1	250	0.078	
178	9	1	250	0.058	
178	9	1	76	0.134	
178	9	1	75	0.152	
178	9	1	78	0.189	
179	9	1	250	0.067	
179	9	1	250	0.117	
179	9	1	109	0.078	
179	9	1	90	0.108	
179	9	1	91	0.073	
180	9	1	250	0.101	
180	9	1	250	0.170	
180	9	1	117	0.091	
180	9	1	106	0.082	
180	9	1	119	0.061	
181	9	1	156	0.075	
181	9	1	183	0.078	
181	9	1	80	0.077	
181	9	1	86	0.108	
181	9	1	85	0.102	
182	9	1	250	0.031	
182	9	1	250	0.047	
182	9	1	110	0.081	
182	9	1	98	0.066	
182	9	1	97	0.089	
183	9	1	250	0.135	
183	9	1	250	0.142	
183	9	1	87	0.124	
183	9	1	75	0.170	
183	9	1	93	0.142	
184	9	1	189	0.130	
184	9	1	248	0.127	
184	9	1	75	0.169	
184	9	1	75	0.185	
184	9	1	75	0.180	
185	9	1	250	0.087	
185	9	1	250	0.114	
185	9	1	73	0.116	
185	9	1	77	0.144	
185	9	1	77	0.152	
186	9	1	250	0.173	
186	9	1	250	0.182	
186	9	1	86	0.138	
186	9	1	86	0.140	
186	9	1	92	0.096	
187	9	1	250	0.089	
187	9	1	250	0.110	
187	9	1	79	0.153	
187	9	1	76	0.145	
187	9	1	83	0.155	
188	9	1	250	0.115	
188	9	1	250	0.074	
188	9	1	79	0.108	
188	9	1	78	0.089	
188	9	1	78	0.102	
189	9	0	227	0.000	
189	9	1	250	0.102	
189	9	1	72	0.098	
189	9	1	81	0.094	
189	9	1	79	0.090	
190	9	1	250	0.140	
190	9	1	250	0.104	
190	9	1	96	0.125	
190	9	1	90	0.145	
190	9	1	97	0.111	
191	9	1	250	0.095	
191	9	1	250	0.074	
191	9	1	99	0.095	
191	9	1	105	0.095	
191	9	1	44	0.106	
192	9	1	250	0.101	
192	9	1	250	0.097	
192	9	1	98	0.094	
192	9	1	100	0.134	
192	9	1	103	0.097	
193	9	1	250	0.238	
193	9	1	250	0.195	
193	9	1	85	0.095	
193	9	1	81	0.097	
193	9	1	94	0.090	
194	9	0	35	0.021	
194	9	1	250	0.080	
194	9	1	87	0.079	
194	9	1	85	0.113	
194	9	1	106	0.137	
195	9	1	250	0.098	
195	9	1	250	0.141	
195	9	1	100	0.097	
195	9	1	116	0.078	
195	9	1	83	0.089	
196	9	1	250	0.109	
196	9	1	250	0.113	
196	9	1	72	0.100	
196	9	1	75	0.101	
196	9	1	74	0.080	
197	9	1	250	0.026	
197	9	1	250	0.047	
197	9	1	93	0.112	
197	9	1	94	0.132	
197	9	1	94	0.083	
198	9	1	250	0.121	
198	9	1	250	0.118	
198	9	1	91	0.132	
198	9	1	75	0.108	
198	9	1	73	0.121	
199	9	1	83	0.101	
199	9	1	250	0.088	
199	9	1	91	0.084	
199	9	1	108	0.078	
199	9	1	91	0.070	
200	9	1	250	0.049	
200	9	1	250	0.040	
200	9	1	108	0.182	
200	9	1	102	0.156	
200	9	1	101	0.159	
201	9	1	250	0.087	
201	9	1	141	0.101	
201	9	1	81	0.101	
201	9	1	76	0.101	
201	9	1	77	0.110	
202	9	1	250	0.086	
202	9	1	250	0.117	
202	9	1	71	0.164	
202	9	1	76	0.115	
202	9	1	71	0.155	
203	9	1	155	0.088	
203	9	1	65	0.099	
203	9	1	74	0.121	
203	9	1	76	0.092	
203	9	1	79	0.119	
204	9	1	250	0.091	
204	9	1	117	0.051	
204	9	1	88	0.095	
204	9	1	89	0.111	
204	9	1	89	0.122	
205	9	1	250	0.133	
205	9	1	250	0.188	
205	9	1	110	0.098	
205	9	1	95	0.095	
205	9	1	105	0.112	
206	9	1	250	0.066	
206	9	1	250	0.079	
206	9	1	91	0.071	
206	9	1	90	0.081	
206	9	1	96	0.076	
207	9	1	250	0.140	
207	9	1	250	0.246	
207	9	1	86	0.105	
207	9	1	84	0.088	
207	9	1	91	0.076	
208	9	1	250	0.116	
208	9	1	250	0.092	
208	9	1	87	0.078	
208	9	1	78	0.105	
208	9	1	90	0.090	
209	9	1	250	0.099	
209	9	1	157	0.050	
209	9	1	81	0.118	
209	9	1	76	0.117	
209	9	1	76	0.100	
210	9	1	250	0.089	
210	9	1	250	0.104	
210	9	1	91	0.100	
210	9	1	94	0.130	
210	9	1	102	0.144	
211	9	1	250	0.092	
211	9	1	250	0.057	
211	9	1	111	0.124	
211	9	1	102	0.091	
211	9	1	110	0.054	
212	9	1	180	0.095	
212	9	1	98	0.100	
212	9	1	69	0.120	
212	9	1	69	0.120	
212	9	1	71	0.119	
213	9	1	250	0.135	
213	9	1	250	0.108	
213	9	1	94	0.105	
213	9	1	104	0.087	
213	9	1	112	0.114	
214	9	1	250	0.096	
214	9	1	250	0.132	
214	9	1	104	0.100	
214	9	1	104	0.096	
214	9	1	102	0.106	
215	9	1	250	0.025	
215	9	0	121	0.000	
215	9	1	78	0.140	
215	9	1	81	0.119	
215	9	1	79	0.132	
216	9	1	250	0.066	
216	9	1	180	0.092	
216	9	1	81	0.113	
216	9	1	80	0.121	
216	9	1	80	0.137	
217	9	1	250	0.103	
217	9	1	250	0.144	
217	9	1	90	0.112	
217	9	1	89	0.119	
217	9	1	85	0.113	
218	9	1	161	0.064	
218	9	1	125	0.098	
218	9	1	75	0.130	
218	9	1	94	0.100	
218	9	1	88	0.042	
219	9	1	250	0.119	
219	9	1	250	0.164	
219	9	1	74	0.174	
219	9	1	76	0.140	
219	9	1	74	0.133	
220	9	1	250	0.216	
220	9	1	191	0.108	
220	9	1	65	0.060	
220	9	1	63	0.070	
220	9	1	63	0.081	
221	9	1	250	0.061	
221	9	1	250	0.031	
221	9	1	103	0.067	
221	9	1	92	0.068	
221	9	1	97	0.059	
222	9	1	250	0.111	
222	9	1	250	0.117	
222	9	1	84	0.111	
222	9	1	72	0.118	
222	9	1	77	0.137	
223	9	1	250	0.061	
223	9	0	146	0.000	
223	9	1	97	0.097	
223	9	1	94	0.118	
223	9	1	88	0.082	
224	9	1	250	0.100	
224	9	1	250	0.062	
224	9	1	101	0.091	
224	9	1	102	0.092	
224	9	1	100	0.042	
225	9	1	250	0.079	
225	9	1	250	0.089	
225	9	1	82	0.104	
225	9	1	89	0.116	
225	9	1	84	0.107	
226	9	1	250	0.145	
226	9	1	151	0.137	
226	9	1	75	0.119	
226	9	1	73	0.116	
226	9	1	73	0.083	
227	9	1	250	0.169	
227	9	1	250	0.111	
227	9	1	93	0.144	
227	9	1	87	0.135	
227	9	1	86	0.134	
228	9	1	250	0.213	
228	9	1	250	0.195	
228	9	1	57	0.134	
228	9	1	56	0.139	
228	9	1	56	0.119	
229	9	1	250	0.083	
229	9	1	250	0.107	
229	9	1	94	0.102	
229	9	1	102	0.078	
229	9	1	92	0.081	
230	9	1	250	0.065	
230	9	1	250	0.044	
230	9	1	95	0.090	
230	9	1	104	0.076	
230	9	1	95	0.068	
231	9	1	154	0.093	
231	9	1	250	0.097	
231	9	1	74	0.176	
231	9	1	74	0.176	
231	9	1	75	0.187	
232	9	1	250	0.157	
232	9	1	250	0.134	
232	9	1	72	0.106	
232	9	1	73	0.124	
232	9	1	77	0.108	
233	9	1	80	0.300	
233	9	1	78	0.351	
233	9	1	68	0.220	
233	9	1	68	0.213	
233	9	1	68	0.285	
234	9	1	157	0.096	
234	9	1	229	0.081	
234	9	1	85	0.081	
234	9	1	77	0.125	
234	9	1	79	0.115	
235	9	1	250	0.032	
235	9	1	250	0.090	
235	9	1	84	0.102	
235	9	1	100	0.082	
235	9	1	93	0.076	
236	9	1	192	0.073	
236	9	1	167	0.120	
236	9	1	70	0.154	
236	9	1	70	0.162	
236	9	1	70	0.160	
237	9	1	250	0.058	
237	9	1	250	0.073	
237	9	1	90	0.076	
237	9	1	96	0.071	
237	9	1	105	0.074	
238	9	1	250	0.091	
238	9	1	250	0.102	
238	9	1	87	0.092	
238	9	1	89	0.124	
238	9	1	92	0.102	
239	9	1	250	0.115	
239	9	1	192	0.151	
239	9	1	72	0.201	
239	9	1	73	0.177	
239	9	1	73	0.196	
240	9	1	250	0.046	
240	9	1	250	0.116	
240	9	1	79	0.148	
240	9	1	78	0.148	
240	9	1	79	0.161	
241	9	1	250	0.130	
241	9	1	250	0.046	
241	9	1	83	0.115	
241	9	1	81	0.104	
241	9	1	40	0.046	
242	9	1	250	0.141	
242	9	1	250	0.166	
242	9	1	88	0.098	
242	9	1	103	0.108	
242	9	1	81	0.096	
243	9	1	250	0.068	
243	9	1	250	0.072	
243	9	1	104	0.076	
243	9	1	107	0.074	
243	9	1	109	0.074	
244	9	1	250	0.174	
244	9	1	250	0.102	
244	9	1	99	0.072	
244	9	1	105	0.081	
244	9	1	118	0.068	
245	9	1	250	0.071	
245	9	1	250	0.127	
245	9	1	126	0.087	
245	9	1	124	0.065	
245	9	1	110	0.102	
246	9	1	250	0.113	
246	9	1	250	0.135	
246	9	1	114	0.065	
246	9	1	110	0.091	
246	9	1	123	0.099	
247	9	1	235	0.046	
247	9	1	99	0.100	
247	9	1	70	0.189	
247	9	1	68	0.217	
247	9	1	69	0.199	
248	9	1	250	0.138	
248	9	1	250	0.147	
248	9	1	86	0.127	
248	9	1	86	0.185	
248	9	1	75	0.131	
249	9	1	250	0.062	
249	9	1	250	0.097	
249	9	1	27	0.204	
249	9	1	78	0.129	
249	9	1	79	0.103	
250	9	1	250	0.076	
250	9	1	250	0.092	
250	9	1	118	0.028	
250	9	1	95	0.062	
250	9	1	122	0.028	
251	9	1	250	0.014	
251	9	1	250	0.151	
251	9	1	76	0.140	
251	9	1	74	0.135	
251	9	1	73	0.134	
252	9	1	250	0.200	
252	9	1	250	0.025	
252	9	1	85	0.069	
252	9	1	92	0.070	
252	9	1	97	0.070	
253	9	1	250	0.082	
253	9	1	250	0.089	
253	9	1	111	0.101	
253	9	1	92	0.090	
253	9	0	46	0.025	
254	9	1	250	0.106	
254	9	1	250	0.113	
254	9	1	86	0.122	
254	9	1	92	0.134	
254	9	1	89	0.132	
255	9	1	250	0.100	
255	9	1	250	0.082	
255	9	1	111	0.099	
255	9	1	106	0.098	
255	9	1	109	0.095	
256	9	1	250	0.113	
256	9	1	250	0.103	
256	9	1	86	0.051	
256	9	1	88	0.076	
256	9	1	87	0.101	
257	9	1	153	0.140	
257	9	1	207	0.126	
257	9	1	69	0.191	
257	9	1	73	0.132	
257	9	1	69	0.175	
258	9	1	250	0.077	
258	9	1	250	0.065	
258	9	1	94	0.051	
258	9	1	87	0.060	
258	9	1	111	0.069	
259	9	1	76	0.069	
259	9	1	161	0.119	
259	9	1	71	0.131	
259	9	1	72	0.138	
259	9	1	73	0.190	
260	9	1	250	0.049	
260	9	1	250	0.031	
260	9	1	95	0.100	
260	9	1	104	0.100	
260	9	1	95	0.116	
261	9	1	250	0.093	
261	9	1	250	0.140	
261	9	1	90	0.115	
261	9	1	97	0.097	
261	9	1	82	0.131	
262	9	1	250	0.148	
262	9	1	250	0.100	
262	9	1	98	0.112	
262	9	1	93	0.104	
262	9	1	104	0.090	
263	9	1	250	0.093	
263	9	1	250	0.108	
263	9	1	96	0.127	
263	9	1	99	0.126	
263	9	1	90	0.121	
264	9	1	250	0.058	
264	9	1	250	0.085	
264	9	1	87	0.102	
264	9	1	87	0.129	
264	9	1	86	0.083	
265	9	1	250	0.055	
265	9	1	250	0.149	
265	9	1	116	0.105	
265	9	1	49	0.139	
265	9	1	100	0.126	
266	9	1	250	0.076	
266	9	1	250	0.088	
266	9	1	115	0.092	
266	9	1	40	0.098	
266	9	1	119	0.076	
267	9	1	250	0.092	
267	9	1	250	0.100	
267	9	1	114	0.098	
267	9	1	99	0.068	
267	9	1	104	0.102	
268	9	1	250	0.026	
268	9	1	250	0.100	
268	9	1	91	0.083	
268	9	1	89	0.070	
268	9	1	89	0.081	
269	9	1	111	0.097	
269	9	1	250	0.166	
269	9	1	78	0.118	
269	9	1	75	0.114	
269	9	1	77	0.096	
270	9	1	180	0.157	
270	9	1	78	0.167	
270	9	1	71	0.120	
270	9	1	72	0.148	
270	9	1	71	0.120	
271	9	1	250	0.081	
271	9	1	250	0.151	
271	9	1	124	0.048	
271	9	1	111	0.061	
271	9	1	250	0.062	
272	9	1	250	0.037	
272	9	1	250	0.044	
272	9	1	250	0.125	
272	9	1	250	0.091	
272	9	1	250	0.050	
273	9	1	250	0.178	
273	9	1	250	0.229	
273	9	1	120	0.114	
273	9	1	124	0.108	
273	9	1	129	0.100	
274	9	1	71	0.175	
274	9	1	143	0.011	
274	9	1	68	0.163	
274	9	1	68	0.171	
274	9	1	68	0.155	
275	9	1	250	0.190	
275	9	1	250	0.118	
275	9	1	93	0.068	
275	9	1	118	0.060	
275	9	1	97	0.062	
276	9	1	250	0.078	
276	9	1	250	0.081	
276	9	1	91	0.088	
276	9	1	93	0.111	
276	9	1	96	0.109	
277	9	0	214	0.000	
277	9	1	250	0.093	
277	9	1	84	0.093	
277	9	1	85	0.102	
277	9	1	95	0.106	
278	9	1	250	0.089	
278	9	1	250	0.115	
278	9	1	96	0.113	
278	9	1	98	0.108	
278	9	1	108	0.115	
279	9	1	250	0.071	
279	9	1	250	0.117	
279	9	1	121	0.074	
279	9	1	144	0.086	
279	9	1	129	0.083	
280	9	1	250	0.117	
280	9	1	250	0.031	
280	9	1	98	0.098	
280	9	1	98	0.101	
280	9	1	99	0.104	
281	9	1	250	0.148	
281	9	1	250	0.145	
281	9	1	110	0.090	
281	9	1	104	0.077	
281	9	1	100	0.106	
282	9	1	250	0.140	
282	9	1	250	0.122	
282	9	1	95	0.092	
282	9	1	123	0.054	
282	9	1	102	0.083	
283	9	1	250	0.098	
283	9	1	119	0.075	
283	9	1	52	0.062	
283	9	1	51	0.075	
283	9	1	54	0.066	
284	9	1	250	0.124	
284	9	1	250	0.111	
284	9	1	90	0.127	
284	9	1	83	0.125	
284	9	1	84	0.106	
285	9	1	250	0.244	
285	9	1	250	0.087	
285	9	1	97	0.096	
285	9	1	104	0.101	
285	9	1	107	0.099	
286	9	1	250	0.125	
286	9	1	250	0.097	
286	9	1	82	0.106	
286	9	1	88	0.098	
286	9	1	84	0.097	
287	9	1	250	0.103	
287	9	1	250	0.205	
287	9	1	103	0.077	
287	9	1	95	0.103	
287	9	1	100	0.111	
288	9	1	172	0.025	
288	9	1	85	0.088	
288	9	1	93	0.059	
288	9	1	89	0.070	
288	9	1	87	0.079	
289	9	1	250	0.096	
289	9	1	250	0.096	
289	9	1	100	0.120	
289	9	1	82	0.139	
289	9	1	81	0.132	
290	9	1	250	0.120	
290	9	1	250	0.103	
290	9	1	105	0.103	
290	9	1	90	0.095	
290	9	1	83	0.137	
291	9	1	85	0.255	
291	9	1	84	0.242	
291	9	1	69	0.178	
291	9	1	69	0.206	
291	9	1	69	0.205	
292	9	1	226	0.099	
292	9	1	250	0.077	
292	9	1	89	0.091	
292	9	1	69	0.107	
292	9	1	91	0.108	
293	9	1	250	0.121	
293	9	1	250	0.136	
293	9	1	88	0.112	
293	9	1	94	0.091	
293	9	1	98	0.106	
294	9	1	250	0.127	
294	9	1	250	0.074	
294	9	1	97	0.049	
294	9	1	99	0.089	
294	9	1	99	0.085	
295	9	1	250	0.066	
295	9	1	250	0.078	
295	9	1	88	0.101	
295	9	1	98	0.089	
295	9	1	94	0.101	
296	9	1	250	0.135	
296	9	1	250	0.127	
296	9	1	78	0.155	
296	9	1	82	0.092	
296	9	1	79	0.154	
297	9	1	250	0.058	
297	9	1	250	0.047	
297	9	1	109	0.045	
297	9	1	137	0.046	
297	9	1	103	0.061	
298	9	1	250	0.325	
298	9	1	250	0.762	
298	9	1	88	0.125	
298	9	1	105	0.101	
298	9	1	95	0.116	
299	9	1	250	0.112	
299	9	1	250	0.083	
299	9	1	130	0.075	
299	9	1	114	0.051	
299	9	1	115	0.092	
