Below are the simulation results for the test trials
WORLD	TASK	SUCCESS	STEPS	LOWEST_CLEARANCE
0	6	1	81	0.060	
0	6	1	81	0.065	
0	6	1	102	0.070	
0	6	1	80	0.059	
0	6	1	79	0.076	
1	6	1	82	0.131	
1	6	1	83	0.151	
1	6	1	83	0.137	
1	6	1	85	0.149	
1	6	1	83	0.118	
2	6	1	77	0.071	
2	6	1	77	0.069	
2	6	1	79	0.081	
2	6	1	78	0.067	
2	6	1	37	0.019	
3	6	1	77	0.086	
3	6	1	76	0.077	
3	6	1	77	0.114	
3	6	1	77	0.114	
3	6	1	76	0.076	
4	6	1	49	0.086	
4	6	1	87	0.062	
4	6	1	88	0.057	
4	6	1	87	0.055	
4	6	1	87	0.063	
5	6	1	76	0.186	
5	6	1	76	0.185	
5	6	1	76	0.186	
5	6	1	77	0.182	
5	6	1	76	0.186	
6	6	1	44	0.060	
6	6	1	44	0.065	
6	6	1	82	0.090	
6	6	1	78	0.076	
6	6	1	80	0.074	
7	6	1	83	0.121	
7	6	1	81	0.068	
7	6	1	82	0.086	
7	6	1	82	0.088	
7	6	1	81	0.081	
8	6	1	77	0.117	
8	6	1	77	0.168	
8	6	1	77	0.115	
8	6	1	77	0.123	
8	6	1	77	0.128	
9	6	1	75	0.096	
9	6	1	75	0.091	
9	6	1	75	0.086	
9	6	1	75	0.089	
9	6	1	75	0.094	
10	6	1	77	0.054	
10	6	1	79	0.087	
10	6	1	76	0.074	
10	6	1	76	0.074	
10	6	1	75	0.093	
11	6	1	80	0.125	
11	6	1	80	0.125	
11	6	1	80	0.137	
11	6	1	80	0.137	
11	6	1	80	0.125	
12	6	1	76	0.065	
12	6	1	75	0.075	
12	6	1	75	0.077	
12	6	1	75	0.074	
12	6	1	75	0.069	
13	6	1	75	0.104	
13	6	1	76	0.121	
13	6	1	75	0.100	
13	6	1	74	0.103	
13	6	1	75	0.086	
14	6	1	76	0.100	
14	6	1	74	0.091	
14	6	1	76	0.097	
14	6	1	77	0.095	
14	6	1	74	0.099	
15	6	1	78	0.118	
15	6	1	76	0.175	
15	6	1	80	0.144	
15	6	1	76	0.175	
15	6	1	77	0.129	
16	6	1	81	0.071	
16	6	1	80	0.071	
16	6	1	49	0.047	
16	6	1	80	0.070	
16	6	1	50	0.046	
17	6	1	79	0.128	
17	6	1	79	0.074	
17	6	1	79	0.098	
17	6	1	79	0.083	
17	6	1	79	0.099	
18	6	1	78	0.138	
18	6	1	78	0.133	
18	6	1	78	0.138	
18	6	1	78	0.141	
18	6	1	78	0.136	
19	6	1	86	0.058	
19	6	1	85	0.066	
19	6	1	85	0.051	
19	6	1	102	0.049	
19	6	1	87	0.067	
20	6	1	79	0.228	
20	6	1	77	0.170	
20	6	1	76	0.123	
20	6	1	79	0.225	
20	6	1	79	0.211	
21	6	1	78	0.109	
21	6	1	76	0.092	
21	6	1	76	0.129	
21	6	1	78	0.095	
21	6	1	80	0.089	
22	6	1	78	0.049	
22	6	1	77	0.069	
22	6	1	76	0.058	
22	6	1	75	0.099	
22	6	1	77	0.057	
23	6	1	81	0.067	
23	6	1	82	0.069	
23	6	1	78	0.069	
23	6	1	82	0.069	
23	6	1	82	0.069	
24	6	1	81	0.119	
24	6	1	82	0.106	
24	6	1	82	0.128	
24	6	1	82	0.122	
24	6	1	82	0.114	
25	6	1	76	0.102	
25	6	1	76	0.102	
25	6	1	76	0.102	
25	6	1	76	0.102	
25	6	1	76	0.102	
26	6	1	76	0.090	
26	6	1	76	0.105	
26	6	1	76	0.101	
26	6	1	76	0.091	
26	6	1	76	0.090	
27	6	1	76	0.127	
27	6	1	76	0.129	
27	6	1	76	0.127	
27	6	1	76	0.051	
27	6	1	76	0.057	
28	6	1	75	0.158	
28	6	1	76	0.159	
28	6	1	77	0.141	
28	6	1	78	0.135	
28	6	1	76	0.135	
29	6	1	49	0.024	
29	6	1	49	0.029	
29	6	1	49	0.023	
29	6	1	49	0.023	
29	6	0	50	0.000	
30	6	1	98	0.105	
30	6	1	89	0.114	
30	6	1	88	0.068	
30	6	1	84	0.075	
30	6	1	86	0.068	
31	6	1	76	0.117	
31	6	1	76	0.117	
31	6	1	76	0.120	
31	6	1	76	0.117	
31	6	1	76	0.128	
32	6	1	77	0.075	
32	6	1	77	0.075	
32	6	1	77	0.075	
32	6	1	77	0.075	
32	6	1	77	0.075	
33	6	1	42	0.064	
33	6	1	40	0.053	
33	6	1	41	0.024	
33	6	1	44	0.044	
33	6	0	44	0.005	
34	6	1	77	0.103	
34	6	1	77	0.103	
34	6	1	77	0.089	
34	6	1	77	0.103	
34	6	1	79	0.120	
35	6	1	77	0.097	
35	6	1	76	0.099	
35	6	1	77	0.097	
35	6	1	77	0.074	
35	6	1	76	0.099	
36	6	1	77	0.171	
36	6	1	77	0.167	
36	6	1	77	0.163	
36	6	1	77	0.164	
36	6	1	77	0.171	
37	6	1	78	0.069	
37	6	1	79	0.075	
37	6	1	78	0.063	
37	6	1	77	0.060	
37	6	1	99	0.060	
38	6	1	77	0.050	
38	6	1	78	0.063	
38	6	1	77	0.045	
38	6	1	94	0.067	
38	6	1	95	0.041	
39	6	1	77	0.088	
39	6	1	77	0.095	
39	6	1	77	0.088	
39	6	1	77	0.094	
39	6	1	77	0.088	
40	6	1	77	0.341	
40	6	1	77	0.341	
40	6	1	77	0.356	
40	6	1	77	0.341	
40	6	1	77	0.344	
41	6	1	77	0.194	
41	6	1	77	0.223	
41	6	1	77	0.222	
41	6	1	77	0.222	
41	6	1	77	0.223	
42	6	1	77	0.640	
42	6	1	77	0.640	
42	6	1	77	0.640	
42	6	1	77	0.640	
42	6	1	77	0.640	
43	6	1	86	0.044	
43	6	1	83	0.038	
43	6	1	82	0.042	
43	6	1	83	0.037	
43	6	1	99	0.068	
44	6	1	84	0.080	
44	6	1	82	0.083	
44	6	1	83	0.075	
44	6	1	84	0.112	
44	6	1	81	0.063	
45	6	1	38	0.089	
45	6	1	79	0.079	
45	6	1	36	0.026	
45	6	1	78	0.091	
45	6	1	79	0.081	
46	6	1	39	0.040	
46	6	1	81	0.077	
46	6	1	80	0.078	
46	6	1	97	0.057	
46	6	1	82	0.074	
47	6	1	81	0.051	
47	6	1	83	0.055	
47	6	1	83	0.055	
47	6	1	80	0.072	
47	6	1	79	0.071	
48	6	1	78	0.091	
48	6	1	79	0.103	
48	6	1	81	0.094	
48	6	1	79	0.108	
48	6	1	78	0.106	
49	6	1	88	0.068	
49	6	1	90	0.100	
49	6	1	89	0.101	
49	6	1	88	0.066	
49	6	1	88	0.063	
50	6	1	76	0.111	
50	6	1	76	0.118	
50	6	1	76	0.117	
50	6	1	76	0.116	
50	6	1	77	0.122	
51	6	1	74	0.149	
51	6	1	77	0.182	
51	6	1	75	0.182	
51	6	1	75	0.185	
51	6	1	83	0.171	
52	6	1	80	0.109	
52	6	1	77	0.124	
52	6	1	78	0.153	
52	6	1	79	0.141	
52	6	1	79	0.147	
53	6	1	77	0.131	
53	6	1	77	0.110	
53	6	1	77	0.124	
53	6	1	78	0.131	
53	6	1	77	0.107	
54	6	1	76	0.109	
54	6	1	76	0.108	
54	6	1	76	0.221	
54	6	1	76	0.122	
54	6	1	76	0.108	
55	6	1	79	0.096	
55	6	1	78	0.084	
55	6	1	79	0.109	
55	6	1	78	0.113	
55	6	1	89	0.099	
56	6	1	78	0.097	
56	6	1	78	0.096	
56	6	1	80	0.106	
56	6	1	78	0.087	
56	6	1	79	0.115	
57	6	1	94	0.029	
57	6	1	93	0.089	
57	6	1	82	0.073	
57	6	1	89	0.080	
57	6	1	93	0.081	
58	6	1	45	0.041	
58	6	1	89	0.048	
58	6	1	85	0.058	
58	6	1	86	0.048	
58	6	1	87	0.051	
59	6	1	54	0.069	
59	6	1	74	0.079	
59	6	1	77	0.070	
59	6	1	76	0.048	
59	6	1	79	0.075	
60	6	1	77	0.086	
60	6	1	77	0.072	
60	6	1	77	0.077	
60	6	1	75	0.096	
60	6	1	78	0.071	
61	6	1	77	0.385	
61	6	1	77	0.385	
61	6	1	77	0.385	
61	6	1	77	0.383	
61	6	1	77	0.385	
62	6	1	86	0.062	
62	6	1	85	0.064	
62	6	1	83	0.064	
62	6	1	93	0.062	
62	6	1	89	0.080	
63	6	1	82	0.130	
63	6	1	88	0.107	
63	6	1	82	0.143	
63	6	1	88	0.120	
63	6	1	82	0.131	
64	6	1	77	0.101	
64	6	1	77	0.096	
64	6	1	77	0.091	
64	6	1	79	0.196	
64	6	1	79	0.105	
65	6	1	77	0.079	
65	6	1	77	0.080	
65	6	1	77	0.082	
65	6	1	77	0.076	
65	6	1	77	0.083	
66	6	1	76	0.105	
66	6	1	77	0.100	
66	6	1	77	0.105	
66	6	1	77	0.104	
66	6	1	77	0.104	
67	6	1	77	0.355	
67	6	1	76	0.351	
67	6	1	77	0.355	
67	6	1	76	0.351	
67	6	1	77	0.355	
68	6	1	82	0.135	
68	6	1	83	0.141	
68	6	1	84	0.168	
68	6	1	83	0.114	
68	6	1	78	0.119	
69	6	1	79	0.090	
69	6	1	86	0.033	
69	6	1	78	0.085	
69	6	1	73	0.088	
69	6	1	52	0.049	
70	6	1	80	0.130	
70	6	1	81	0.102	
70	6	1	82	0.104	
70	6	1	80	0.114	
70	6	1	80	0.133	
71	6	1	76	0.114	
71	6	1	76	0.114	
71	6	1	76	0.114	
71	6	1	76	0.114	
71	6	1	76	0.114	
72	6	1	76	0.228	
72	6	1	76	0.224	
72	6	1	77	0.213	
72	6	1	78	0.210	
72	6	1	76	0.223	
73	6	1	78	0.084	
73	6	1	79	0.078	
73	6	1	79	0.060	
73	6	1	78	0.082	
73	6	1	78	0.078	
74	6	1	75	0.101	
74	6	1	77	0.179	
74	6	1	76	0.163	
74	6	1	77	0.145	
74	6	1	81	0.117	
75	6	1	76	0.351	
75	6	1	77	0.344	
75	6	1	76	0.351	
75	6	1	77	0.344	
75	6	1	77	0.344	
76	6	1	73	0.136	
76	6	1	77	0.131	
76	6	1	74	0.130	
76	6	1	76	0.127	
76	6	1	76	0.091	
77	6	1	78	0.134	
77	6	1	78	0.135	
77	6	1	78	0.134	
77	6	1	79	0.103	
77	6	1	78	0.134	
78	6	1	81	0.053	
78	6	1	79	0.058	
78	6	1	77	0.062	
78	6	1	78	0.079	
78	6	1	76	0.112	
79	6	1	77	0.089	
79	6	1	77	0.065	
79	6	1	77	0.068	
79	6	1	76	0.123	
79	6	1	76	0.117	
80	6	1	42	0.088	
80	6	1	81	0.067	
80	6	1	43	0.082	
80	6	1	44	0.071	
80	6	1	81	0.087	
81	6	1	78	0.071	
81	6	1	78	0.067	
81	6	1	77	0.107	
81	6	1	76	0.078	
81	6	1	76	0.080	
82	6	1	76	0.066	
82	6	1	77	0.082	
82	6	1	77	0.084	
82	6	1	76	0.070	
82	6	1	76	0.080	
83	6	1	76	0.096	
83	6	1	76	0.097	
83	6	1	76	0.119	
83	6	1	76	0.072	
83	6	1	76	0.072	
84	6	1	76	0.067	
84	6	1	73	0.069	
84	6	1	76	0.063	
84	6	1	80	0.054	
84	6	1	76	0.084	
85	6	1	43	0.095	
85	6	1	83	0.083	
85	6	1	79	0.083	
85	6	1	80	0.084	
85	6	1	80	0.090	
86	6	1	77	0.076	
86	6	1	75	0.072	
86	6	1	78	0.077	
86	6	1	77	0.087	
86	6	1	76	0.069	
87	6	1	78	0.071	
87	6	1	78	0.071	
87	6	1	77	0.092	
87	6	1	78	0.080	
87	6	1	78	0.069	
88	6	1	76	0.146	
88	6	1	77	0.118	
88	6	1	77	0.101	
88	6	1	76	0.146	
88	6	1	76	0.145	
89	6	1	78	0.075	
89	6	1	76	0.072	
89	6	1	93	0.065	
89	6	1	76	0.076	
89	6	1	76	0.072	
90	6	1	78	0.110	
90	6	1	77	0.107	
90	6	1	77	0.114	
90	6	1	78	0.099	
90	6	1	78	0.099	
91	6	1	78	0.049	
91	6	1	77	0.085	
91	6	1	77	0.081	
91	6	1	77	0.087	
91	6	1	77	0.085	
92	6	1	78	0.073	
92	6	1	76	0.107	
92	6	1	76	0.107	
92	6	1	74	0.125	
92	6	1	77	0.133	
93	6	1	77	0.799	
93	6	1	77	0.799	
93	6	1	77	0.799	
93	6	1	77	0.799	
93	6	1	77	0.799	
94	6	1	77	0.393	
94	6	1	76	0.396	
94	6	1	77	0.393	
94	6	1	76	0.396	
94	6	1	77	0.393	
95	6	1	73	0.114	
95	6	1	76	0.129	
95	6	1	75	0.070	
95	6	1	76	0.064	
95	6	1	77	0.130	
96	6	1	81	0.059	
96	6	1	83	0.058	
96	6	1	81	0.111	
96	6	1	82	0.053	
96	6	1	80	0.092	
97	6	1	78	0.056	
97	6	1	77	0.069	
97	6	1	78	0.062	
97	6	1	77	0.074	
97	6	1	78	0.053	
98	6	1	74	0.094	
98	6	1	75	0.102	
98	6	1	76	0.107	
98	6	1	76	0.123	
98	6	1	75	0.119	
99	6	1	85	0.111	
99	6	1	85	0.085	
99	6	1	84	0.101	
99	6	1	86	0.109	
99	6	1	88	0.103	
100	6	1	79	0.134	
100	6	1	77	0.087	
100	6	1	77	0.083	
100	6	1	77	0.083	
100	6	1	78	0.106	
101	6	1	78	0.137	
101	6	1	75	0.137	
101	6	1	77	0.176	
101	6	1	79	0.098	
101	6	1	75	0.121	
102	6	1	78	0.139	
102	6	1	77	0.093	
102	6	1	77	0.120	
102	6	1	78	0.110	
102	6	1	78	0.105	
103	6	1	80	0.081	
103	6	1	83	0.081	
103	6	1	82	0.059	
103	6	1	83	0.071	
103	6	1	81	0.085	
104	6	1	76	0.099	
104	6	1	76	0.079	
104	6	1	76	0.069	
104	6	1	77	0.102	
104	6	1	77	0.071	
105	6	1	81	0.061	
105	6	1	81	0.056	
105	6	1	87	0.062	
105	6	1	92	0.049	
105	6	1	81	0.101	
106	6	1	78	0.117	
106	6	1	76	0.063	
106	6	1	76	0.075	
106	6	1	79	0.117	
106	6	1	76	0.091	
107	6	1	78	0.143	
107	6	1	80	0.059	
107	6	1	76	0.071	
107	6	1	78	0.113	
107	6	1	79	0.127	
108	6	1	78	0.126	
108	6	1	79	0.111	
108	6	1	78	0.120	
108	6	1	78	0.120	
108	6	1	78	0.124	
109	6	1	77	0.061	
109	6	1	76	0.085	
109	6	1	77	0.073	
109	6	1	76	0.083	
109	6	1	78	0.087	
110	6	1	81	0.166	
110	6	1	83	0.181	
110	6	1	81	0.109	
110	6	1	80	0.099	
110	6	1	81	0.134	
111	6	1	109	0.083	
111	6	1	125	0.054	
111	6	1	120	0.109	
111	6	1	109	0.062	
111	6	1	130	0.083	
112	6	1	76	0.074	
112	6	1	46	0.057	
112	6	1	77	0.075	
112	6	1	46	0.068	
112	6	1	48	0.055	
113	6	1	49	0.064	
113	6	1	86	0.060	
113	6	1	82	0.049	
113	6	1	97	0.093	
113	6	1	87	0.084	
114	6	1	80	0.073	
114	6	1	78	0.087	
114	6	1	81	0.073	
114	6	1	80	0.087	
114	6	1	83	0.085	
115	6	1	78	0.099	
115	6	1	80	0.088	
115	6	1	78	0.107	
115	6	1	80	0.100	
115	6	1	77	0.092	
116	6	1	81	0.121	
116	6	1	77	0.086	
116	6	1	79	0.098	
116	6	1	79	0.108	
116	6	1	78	0.098	
117	6	1	92	0.057	
117	6	1	91	0.053	
117	6	1	92	0.058	
117	6	1	93	0.049	
117	6	1	94	0.080	
118	6	1	87	0.068	
118	6	1	87	0.074	
118	6	1	87	0.054	
118	6	1	86	0.069	
118	6	1	85	0.094	
119	6	1	88	0.070	
119	6	1	88	0.069	
119	6	1	49	0.059	
119	6	1	95	0.089	
119	6	1	87	0.083	
120	6	1	46	0.003	
120	6	1	87	0.090	
120	6	1	84	0.064	
120	6	1	41	0.007	
120	6	1	42	0.061	
121	6	1	85	0.087	
121	6	1	85	0.097	
121	6	1	87	0.063	
121	6	1	89	0.077	
121	6	1	83	0.102	
122	6	1	77	0.134	
122	6	1	94	0.096	
122	6	1	78	0.090	
122	6	1	76	0.078	
122	6	1	77	0.154	
123	6	1	79	0.053	
123	6	1	79	0.093	
123	6	1	79	0.045	
123	6	1	80	0.060	
123	6	1	79	0.059	
124	6	1	82	0.100	
124	6	1	88	0.134	
124	6	1	87	0.126	
124	6	1	84	0.117	
124	6	1	82	0.108	
125	6	1	75	0.109	
125	6	1	74	0.076	
125	6	1	78	0.088	
125	6	1	75	0.118	
125	6	1	76	0.091	
126	6	1	77	0.107	
126	6	1	81	0.097	
126	6	1	77	0.118	
126	6	1	80	0.073	
126	6	1	77	0.060	
127	6	1	78	0.052	
127	6	1	81	0.066	
127	6	1	81	0.062	
127	6	1	78	0.061	
127	6	1	79	0.059	
128	6	1	76	0.095	
128	6	1	76	0.104	
128	6	1	76	0.137	
128	6	1	76	0.116	
128	6	1	76	0.106	
129	6	1	38	0.075	
129	6	1	83	0.067	
129	6	1	83	0.066	
129	6	1	39	0.086	
129	6	1	83	0.066	
130	6	1	77	0.105	
130	6	1	76	0.132	
130	6	1	77	0.098	
130	6	1	77	0.100	
130	6	1	76	0.126	
131	6	1	77	0.077	
131	6	1	77	0.068	
131	6	1	93	0.062	
131	6	1	77	0.066	
131	6	1	77	0.089	
132	6	1	78	0.066	
132	6	1	82	0.071	
132	6	1	79	0.120	
132	6	1	78	0.053	
132	6	1	79	0.050	
133	6	1	77	0.090	
133	6	1	78	0.084	
133	6	1	76	0.059	
133	6	1	77	0.105	
133	6	1	83	0.112	
134	6	1	75	0.086	
134	6	1	75	0.083	
134	6	1	76	0.059	
134	6	1	76	0.047	
134	6	1	76	0.056	
135	6	1	75	0.144	
135	6	1	77	0.121	
135	6	1	75	0.097	
135	6	1	80	0.098	
135	6	1	80	0.106	
136	6	1	80	0.082	
136	6	1	80	0.038	
136	6	1	100	0.018	
136	6	1	83	0.068	
136	6	1	80	0.069	
137	6	0	66	0.000	
137	6	1	85	0.078	
137	6	1	86	0.075	
137	6	1	87	0.071	
137	6	1	90	0.063	
138	6	1	91	0.061	
138	6	1	88	0.083	
138	6	1	90	0.085	
138	6	1	89	0.069	
138	6	1	89	0.070	
139	6	1	76	0.078	
139	6	1	76	0.079	
139	6	1	76	0.120	
139	6	1	74	0.134	
139	6	1	77	0.132	
140	6	1	81	0.103	
140	6	0	55	0.000	
140	6	1	82	0.113	
140	6	1	80	0.068	
140	6	1	80	0.077	
141	6	1	77	0.075	
141	6	1	82	0.104	
141	6	1	78	0.126	
141	6	1	77	0.089	
141	6	1	77	0.086	
142	6	1	76	0.100	
142	6	1	78	0.143	
142	6	1	78	0.121	
142	6	1	76	0.088	
142	6	1	78	0.147	
143	6	1	82	0.065	
143	6	1	82	0.073	
143	6	1	90	0.090	
143	6	1	88	0.131	
143	6	1	38	0.119	
144	6	1	76	0.094	
144	6	1	80	0.080	
144	6	1	77	0.096	
144	6	0	60	0.000	
144	6	1	76	0.091	
145	6	1	77	0.064	
145	6	1	77	0.051	
145	6	1	76	0.070	
145	6	1	77	0.042	
145	6	1	77	0.051	
146	6	1	81	0.139	
146	6	1	81	0.137	
146	6	1	80	0.078	
146	6	1	80	0.099	
146	6	1	78	0.131	
147	6	1	76	0.105	
147	6	1	76	0.111	
147	6	1	76	0.108	
147	6	1	76	0.106	
147	6	1	76	0.110	
148	6	1	80	0.065	
148	6	1	78	0.073	
148	6	1	77	0.091	
148	6	1	79	0.076	
148	6	1	76	0.100	
149	6	1	77	0.088	
149	6	1	79	0.075	
149	6	1	78	0.095	
149	6	1	78	0.093	
149	6	1	78	0.077	
150	6	1	112	0.054	
150	6	1	89	0.038	
150	6	1	87	0.113	
150	6	1	81	0.080	
150	6	1	91	0.106	
151	6	1	64	0.064	
151	6	1	59	0.089	
151	6	1	54	0.077	
151	6	1	54	0.080	
151	6	1	62	0.057	
152	6	1	77	0.141	
152	6	1	77	0.149	
152	6	1	78	0.162	
152	6	1	76	0.127	
152	6	1	77	0.170	
153	6	1	62	0.058	
153	6	1	70	0.084	
153	6	1	62	0.043	
153	6	1	61	0.034	
153	6	1	60	0.051	
154	6	1	80	0.080	
154	6	1	39	0.086	
154	6	1	43	0.077	
154	6	1	79	0.057	
154	6	1	80	0.087	
155	6	1	78	0.098	
155	6	1	78	0.109	
155	6	1	79	0.098	
155	6	1	76	0.087	
155	6	1	76	0.088	
156	6	1	73	0.134	
156	6	1	76	0.120	
156	6	1	76	0.133	
156	6	1	78	0.102	
156	6	1	79	0.108	
157	6	1	82	0.066	
157	6	1	88	0.040	
157	6	1	87	0.040	
157	6	1	79	0.053	
157	6	1	79	0.058	
158	6	1	92	0.081	
158	6	1	86	0.074	
158	6	1	87	0.064	
158	6	1	85	0.044	
158	6	1	85	0.073	
159	6	1	76	0.109	
159	6	1	76	0.093	
159	6	1	77	0.084	
159	6	1	76	0.120	
159	6	1	76	0.098	
160	6	1	80	0.066	
160	6	1	80	0.088	
160	6	1	77	0.084	
160	6	1	77	0.096	
160	6	1	77	0.120	
161	6	1	78	0.109	
161	6	1	77	0.135	
161	6	1	78	0.108	
161	6	1	78	0.109	
161	6	1	78	0.116	
162	6	1	75	0.075	
162	6	1	79	0.074	
162	6	1	78	0.088	
162	6	1	76	0.076	
162	6	1	76	0.092	
163	6	1	39	0.064	
163	6	1	90	0.078	
163	6	1	84	0.060	
163	6	1	39	0.070	
163	6	1	85	0.061	
164	6	1	75	0.103	
164	6	1	75	0.112	
164	6	1	75	0.104	
164	6	1	75	0.090	
164	6	1	75	0.108	
165	6	1	77	0.047	
165	6	1	77	0.060	
165	6	1	75	0.077	
165	6	1	82	0.056	
165	6	1	77	0.061	
166	6	1	77	0.090	
166	6	1	78	0.069	
166	6	1	80	0.087	
166	6	1	78	0.098	
166	6	1	78	0.106	
167	6	1	38	0.061	
167	6	1	36	0.035	
167	6	1	77	0.045	
167	6	1	39	0.053	
167	6	1	37	0.040	
168	6	1	42	0.047	
168	6	1	80	0.061	
168	6	1	82	0.047	
168	6	1	42	0.053	
168	6	1	80	0.055	
169	6	1	54	0.069	
169	6	0	43	0.000	
169	6	1	53	0.063	
169	6	1	54	0.060	
169	6	1	63	0.071	
170	6	1	76	0.083	
170	6	1	76	0.088	
170	6	1	76	0.086	
170	6	1	76	0.100	
170	6	1	76	0.075	
171	6	1	49	0.044	
171	6	1	97	0.079	
171	6	1	102	0.061	
171	6	1	50	0.109	
171	6	1	77	0.033	
172	6	1	76	0.067	
172	6	1	76	0.067	
172	6	1	76	0.068	
172	6	1	78	0.060	
172	6	1	76	0.069	
173	6	1	75	0.083	
173	6	1	76	0.067	
173	6	1	76	0.082	
173	6	1	76	0.065	
173	6	1	75	0.087	
174	6	1	75	0.101	
174	6	1	78	0.109	
174	6	1	78	0.115	
174	6	1	81	0.073	
174	6	1	77	0.103	
175	6	1	81	0.072	
175	6	1	82	0.073	
175	6	1	82	0.076	
175	6	1	79	0.108	
175	6	1	83	0.056	
176	6	1	88	0.080	
176	6	1	88	0.090	
176	6	1	88	0.082	
176	6	1	86	0.086	
176	6	1	86	0.077	
177	6	1	95	0.054	
177	6	1	83	0.084	
177	6	1	81	0.047	
177	6	1	86	0.053	
177	6	1	84	0.065	
178	6	1	76	0.071	
178	6	1	79	0.058	
178	6	1	76	0.074	
178	6	1	76	0.074	
178	6	1	77	0.057	
179	6	1	78	0.046	
179	6	1	78	0.069	
179	6	1	79	0.049	
179	6	1	78	0.061	
179	6	1	77	0.068	
180	6	1	45	0.080	
180	6	1	42	0.065	
180	6	1	44	0.061	
180	6	1	85	0.076	
180	6	1	41	0.030	
181	6	1	87	0.076	
181	6	1	94	0.102	
181	6	1	90	0.072	
181	6	1	94	0.077	
181	6	1	89	0.083	
182	6	1	95	0.066	
182	6	0	62	0.000	
182	6	1	89	0.078	
182	6	1	89	0.086	
182	6	1	89	0.074	
183	6	1	83	0.075	
183	6	1	81	0.063	
183	6	1	85	0.056	
183	6	1	90	0.058	
183	6	1	90	0.081	
184	6	1	87	0.113	
184	6	1	87	0.095	
184	6	1	88	0.110	
184	6	1	86	0.104	
184	6	1	86	0.127	
185	6	1	78	0.067	
185	6	1	78	0.078	
185	6	1	78	0.075	
185	6	1	78	0.072	
185	6	1	78	0.075	
186	6	1	81	0.049	
186	6	1	80	0.047	
186	6	1	82	0.065	
186	6	1	79	0.070	
186	6	1	83	0.065	
187	6	1	78	0.038	
187	6	1	78	0.035	
187	6	1	79	0.039	
187	6	1	78	0.029	
187	6	1	78	0.052	
188	6	1	82	0.122	
188	6	1	83	0.101	
188	6	1	83	0.073	
188	6	1	82	0.113	
188	6	1	82	0.124	
189	6	1	77	0.079	
189	6	1	77	0.071	
189	6	1	77	0.067	
189	6	1	49	0.076	
189	6	1	49	0.076	
190	6	1	81	0.071	
190	6	1	87	0.063	
190	6	1	84	0.071	
190	6	1	80	0.049	
190	6	1	82	0.073	
191	6	1	43	0.106	
191	6	1	44	0.095	
191	6	1	44	0.073	
191	6	1	44	0.092	
191	6	1	97	0.080	
192	6	1	39	0.054	
192	6	1	39	0.060	
192	6	1	39	0.055	
192	6	1	38	0.048	
192	6	1	39	0.054	
193	6	1	78	0.059	
193	6	1	82	0.049	
193	6	1	78	0.060	
193	6	1	97	0.090	
193	6	1	81	0.066	
194	6	1	82	0.052	
194	6	1	84	0.065	
194	6	1	79	0.069	
194	6	1	79	0.064	
194	6	1	82	0.071	
195	6	1	79	0.094	
195	6	1	79	0.051	
195	6	1	79	0.063	
195	6	1	79	0.082	
195	6	1	79	0.083	
196	6	1	59	0.051	
196	6	1	77	0.053	
196	6	1	78	0.054	
196	6	1	78	0.053	
196	6	1	76	0.060	
197	6	1	83	0.084	
197	6	1	84	0.088	
197	6	1	82	0.087	
197	6	1	82	0.099	
197	6	1	84	0.085	
198	6	1	74	0.072	
198	6	1	75	0.065	
198	6	1	76	0.070	
198	6	1	76	0.096	
198	6	1	76	0.071	
199	6	1	76	0.080	
199	6	1	79	0.082	
199	6	1	77	0.066	
199	6	1	77	0.081	
199	6	1	77	0.062	
200	6	1	76	0.050	
200	6	1	76	0.059	
200	6	1	76	0.065	
200	6	1	76	0.076	
200	6	1	76	0.098	
201	6	1	76	0.082	
201	6	1	77	0.113	
201	6	1	77	0.051	
201	6	1	77	0.063	
201	6	1	79	0.110	
202	6	1	77	0.108	
202	6	1	79	0.117	
202	6	1	76	0.085	
202	6	1	75	0.073	
202	6	1	75	0.089	
203	6	1	63	0.045	
203	6	1	84	0.047	
203	6	1	81	0.051	
203	6	1	82	0.063	
203	6	1	90	0.051	
204	6	1	84	0.093	
204	6	1	83	0.059	
204	6	1	83	0.065	
204	6	1	82	0.060	
204	6	1	84	0.070	
205	6	1	89	0.056	
205	6	1	100	0.063	
205	6	1	96	0.063	
205	6	1	96	0.083	
205	6	1	95	0.056	
206	6	1	77	0.077	
206	6	1	76	0.061	
206	6	1	75	0.044	
206	6	1	75	0.067	
206	6	1	75	0.059	
207	6	1	59	0.052	
207	6	1	96	0.060	
207	6	1	84	0.050	
207	6	1	86	0.059	
207	6	1	87	0.054	
208	6	1	75	0.061	
208	6	1	75	0.042	
208	6	1	77	0.056	
208	6	1	78	0.075	
208	6	1	80	0.041	
209	6	1	81	0.103	
209	6	1	83	0.116	
209	6	1	81	0.105	
209	6	1	81	0.112	
209	6	1	83	0.160	
210	6	1	78	0.090	
210	6	1	77	0.061	
210	6	1	79	0.077	
210	6	1	78	0.082	
210	6	1	78	0.081	
211	6	1	76	0.055	
211	6	1	77	0.068	
211	6	1	91	0.062	
211	6	1	76	0.067	
211	6	1	73	0.059	
212	6	1	76	0.066	
212	6	1	76	0.066	
212	6	1	77	0.062	
212	6	1	76	0.063	
212	6	1	76	0.063	
213	6	1	80	0.087	
213	6	1	80	0.075	
213	6	1	86	0.118	
213	6	1	80	0.066	
213	6	1	93	0.066	
214	6	1	54	0.056	
214	6	1	85	0.073	
214	6	1	93	0.090	
214	6	1	87	0.063	
214	6	1	85	0.066	
215	6	1	83	0.104	
215	6	1	78	0.118	
215	6	1	89	0.076	
215	6	1	82	0.060	
215	6	1	83	0.084	
216	6	1	81	0.081	
216	6	1	80	0.102	
216	6	1	80	0.089	
216	6	1	81	0.067	
216	6	1	80	0.093	
217	6	1	81	0.091	
217	6	1	80	0.085	
217	6	1	80	0.094	
217	6	1	84	0.082	
217	6	1	79	0.097	
218	6	1	76	0.092	
218	6	1	76	0.074	
218	6	1	79	0.048	
218	6	1	76	0.066	
218	6	1	78	0.064	
219	6	1	74	0.075	
219	6	1	81	0.082	
219	6	1	78	0.097	
219	6	1	79	0.078	
219	6	1	74	0.088	
220	6	1	55	0.035	
220	6	1	53	0.021	
220	6	1	54	0.007	
220	6	1	54	0.015	
220	6	0	53	0.002	
221	6	1	87	0.060	
221	6	1	87	0.052	
221	6	1	82	0.032	
221	6	1	56	0.075	
221	6	1	84	0.060	
222	6	1	39	0.079	
222	6	1	39	0.106	
222	6	1	39	0.102	
222	6	1	39	0.101	
222	6	1	39	0.091	
223	6	1	78	0.100	
223	6	1	77	0.079	
223	6	1	76	0.065	
223	6	1	79	0.086	
223	6	1	81	0.047	
224	6	1	77	0.118	
224	6	1	78	0.114	
224	6	1	79	0.097	
224	6	1	77	0.118	
224	6	1	44	0.100	
225	6	1	84	0.098	
225	6	1	83	0.090	
225	6	1	80	0.093	
225	6	1	78	0.060	
225	6	1	77	0.049	
226	6	1	79	0.083	
226	6	1	79	0.109	
226	6	1	76	0.111	
226	6	1	79	0.077	
226	6	1	83	0.097	
227	6	1	79	0.052	
227	6	1	78	0.052	
227	6	1	78	0.064	
227	6	1	78	0.048	
227	6	0	38	0.000	
228	6	1	99	0.055	
228	6	1	71	0.043	
228	6	1	81	0.062	
228	6	1	70	0.053	
228	6	1	76	0.037	
229	6	1	74	0.072	
229	6	1	78	0.066	
229	6	1	77	0.055	
229	6	1	78	0.084	
229	6	1	77	0.050	
230	6	1	82	0.061	
230	6	1	76	0.050	
230	6	1	78	0.060	
230	6	1	80	0.052	
230	6	1	76	0.065	
231	6	1	82	0.095	
231	6	1	85	0.137	
231	6	1	80	0.111	
231	6	1	80	0.127	
231	6	1	81	0.096	
232	6	1	78	0.094	
232	6	1	78	0.112	
232	6	1	78	0.103	
232	6	1	78	0.081	
232	6	1	78	0.087	
233	6	1	79	0.112	
233	6	1	78	0.119	
233	6	1	79	0.115	
233	6	1	79	0.116	
233	6	1	79	0.112	
234	6	1	81	0.074	
234	6	1	81	0.095	
234	6	1	80	0.087	
234	6	1	75	0.110	
234	6	1	76	0.087	
235	6	1	48	0.076	
235	6	1	39	0.119	
235	6	1	88	0.060	
235	6	1	45	0.085	
235	6	0	44	0.000	
236	6	1	80	0.106	
236	6	1	80	0.122	
236	6	1	77	0.110	
236	6	1	78	0.148	
236	6	1	79	0.103	
237	6	1	75	0.076	
237	6	1	80	0.055	
237	6	1	80	0.056	
237	6	1	76	0.073	
237	6	1	77	0.083	
238	6	1	55	0.088	
238	6	1	82	0.079	
238	6	1	79	0.062	
238	6	1	55	0.093	
238	6	1	79	0.098	
239	6	1	80	0.142	
239	6	1	79	0.061	
239	6	1	86	0.115	
239	6	1	79	0.073	
239	6	1	84	0.122	
240	6	1	81	0.100	
240	6	1	84	0.068	
240	6	1	89	0.087	
240	6	1	85	0.161	
240	6	1	88	0.112	
241	6	1	42	0.061	
241	6	1	78	0.066	
241	6	1	80	0.072	
241	6	1	80	0.069	
241	6	1	44	0.062	
242	6	1	77	0.083	
242	6	1	77	0.063	
242	6	1	78	0.094	
242	6	1	77	0.074	
242	6	1	77	0.092	
243	6	1	92	0.077	
243	6	1	81	0.053	
243	6	1	88	0.065	
243	6	1	112	0.040	
243	6	1	85	0.065	
244	6	1	77	0.054	
244	6	1	99	0.043	
244	6	1	80	0.053	
244	6	1	95	0.068	
244	6	1	78	0.057	
245	6	1	78	0.071	
245	6	1	78	0.056	
245	6	1	78	0.066	
245	6	1	81	0.066	
245	6	1	78	0.080	
246	6	1	80	0.050	
246	6	1	82	0.068	
246	6	1	77	0.075	
246	6	1	80	0.068	
246	6	1	79	0.056	
247	6	1	80	0.103	
247	6	1	76	0.135	
247	6	1	76	0.087	
247	6	1	78	0.079	
247	6	1	74	0.117	
248	6	1	84	0.052	
248	6	1	82	0.060	
248	6	1	48	0.046	
248	6	1	50	0.036	
248	6	1	51	0.033	
249	6	1	84	0.044	
249	6	1	84	0.048	
249	6	1	88	0.078	
249	6	1	85	0.046	
249	6	1	83	0.073	
250	6	1	82	0.077	
250	6	1	97	0.020	
250	6	1	78	0.037	
250	6	1	81	0.066	
250	6	1	96	0.070	
251	6	1	74	0.076	
251	6	1	76	0.064	
251	6	1	77	0.084	
251	6	1	76	0.064	
251	6	1	78	0.080	
252	6	1	77	0.105	
252	6	1	77	0.111	
252	6	1	77	0.105	
252	6	1	77	0.111	
252	6	1	77	0.111	
253	6	1	83	0.100	
253	6	1	82	0.090	
253	6	1	78	0.092	
253	6	1	82	0.085	
253	6	1	44	0.054	
254	6	1	88	0.064	
254	6	1	93	0.056	
254	6	1	91	0.094	
254	6	1	89	0.061	
254	6	1	89	0.118	
255	6	1	86	0.080	
255	6	1	83	0.047	
255	6	1	86	0.078	
255	6	1	55	0.077	
255	6	1	83	0.066	
256	6	1	77	0.085	
256	6	1	76	0.072	
256	6	1	78	0.059	
256	6	1	77	0.050	
256	6	1	77	0.084	
257	6	1	78	0.143	
257	6	1	80	0.120	
257	6	1	78	0.143	
257	6	1	77	0.092	
257	6	1	76	0.118	
258	6	1	73	0.053	
258	6	1	75	0.061	
258	6	1	77	0.044	
258	6	1	76	0.048	
258	6	1	79	0.060	
259	6	1	81	0.126	
259	6	1	81	0.122	
259	6	1	81	0.135	
259	6	1	82	0.099	
259	6	1	81	0.105	
260	6	1	97	0.061	
260	6	1	96	0.051	
260	6	1	95	0.045	
260	6	1	98	0.061	
260	6	1	97	0.040	
261	6	1	75	0.077	
261	6	1	78	0.082	
261	6	1	79	0.099	
261	6	1	77	0.120	
261	6	1	79	0.119	
262	6	1	39	0.083	
262	6	1	82	0.070	
262	6	1	82	0.066	
262	6	1	44	0.080	
262	6	1	79	0.069	
263	6	1	77	0.087	
263	6	1	77	0.079	
263	6	1	77	0.082	
263	6	1	77	0.078	
263	6	1	77	0.082	
264	6	1	78	0.076	
264	6	1	78	0.083	
264	6	1	78	0.070	
264	6	1	78	0.074	
264	6	1	79	0.054	
265	6	1	91	0.053	
265	6	1	102	0.057	
265	6	1	92	0.049	
265	6	1	93	0.076	
265	6	1	49	0.089	
266	6	1	93	0.088	
266	6	1	88	0.086	
266	6	1	83	0.061	
266	6	1	99	0.060	
266	6	1	94	0.082	
267	6	1	76	0.094	
267	6	1	88	0.100	
267	6	1	81	0.096	
267	6	1	83	0.119	
267	6	1	79	0.074	
268	6	1	79	0.054	
268	6	1	79	0.068	
268	6	1	79	0.030	
268	6	1	79	0.068	
268	6	1	79	0.054	
269	6	1	79	0.109	
269	6	1	79	0.101	
269	6	1	82	0.112	
269	6	1	78	0.100	
269	6	1	80	0.118	
270	6	1	77	0.096	
270	6	1	76	0.120	
270	6	1	76	0.125	
270	6	1	76	0.147	
270	6	1	77	0.115	
271	6	1	54	0.062	
271	6	1	95	0.065	
271	6	1	94	0.057	
271	6	1	95	0.051	
271	6	1	55	0.058	
272	6	1	63	0.052	
272	6	1	44	0.066	
272	6	1	69	0.066	
272	6	1	99	0.026	
272	6	1	67	0.059	
273	6	1	42	0.092	
273	6	1	42	0.086	
273	6	1	42	0.102	
273	6	1	42	0.111	
273	6	1	43	0.087	
274	6	1	74	0.108	
274	6	1	74	0.093	
274	6	1	74	0.108	
274	6	1	74	0.093	
274	6	1	74	0.108	
275	6	1	62	0.049	
275	6	1	65	0.063	
275	6	1	67	0.048	
275	6	1	66	0.060	
275	6	1	69	0.060	
276	6	1	54	0.062	
276	6	1	103	0.065	
276	6	1	105	0.034	
276	6	1	92	0.059	
276	6	1	98	0.068	
277	6	1	82	0.101	
277	6	1	81	0.110	
277	6	1	80	0.060	
277	6	1	81	0.104	
277	6	1	85	0.111	
278	6	1	80	0.083	
278	6	1	77	0.090	
278	6	1	81	0.083	
278	6	1	78	0.079	
278	6	1	79	0.054	
279	6	1	90	0.045	
279	6	1	93	0.047	
279	6	1	85	0.057	
279	6	1	95	0.044	
279	6	1	88	0.058	
280	6	1	91	0.097	
280	6	1	86	0.075	
280	6	1	88	0.085	
280	6	1	85	0.099	
280	6	1	106	0.063	
281	6	1	96	0.036	
281	6	1	119	0.071	
281	6	1	104	0.046	
281	6	1	108	0.084	
281	6	1	104	0.076	
282	6	1	88	0.074	
282	6	1	94	0.081	
282	6	1	42	0.094	
282	6	1	89	0.080	
282	6	1	87	0.068	
283	6	1	43	0.044	
283	6	1	41	0.038	
283	6	1	45	0.024	
283	6	1	41	0.048	
283	6	1	44	0.047	
284	6	1	78	0.053	
284	6	1	77	0.060	
284	6	1	80	0.076	
284	6	1	78	0.078	
284	6	1	78	0.097	
285	6	1	97	0.069	
285	6	1	70	0.064	
285	6	1	69	0.084	
285	6	1	89	0.078	
285	6	1	89	0.082	
286	6	1	84	0.073	
286	6	1	84	0.080	
286	6	1	82	0.074	
286	6	1	80	0.083	
286	6	1	82	0.083	
287	6	1	89	0.081	
287	6	1	112	0.086	
287	6	1	110	0.062	
287	6	1	101	0.091	
287	6	1	89	0.079	
288	6	1	45	0.109	
288	6	1	45	0.088	
288	6	1	82	0.089	
288	6	1	84	0.088	
288	6	1	45	0.106	
289	6	1	84	0.073	
289	6	1	81	0.077	
289	6	1	83	0.063	
289	6	1	83	0.069	
289	6	1	84	0.060	
290	6	1	96	0.095	
290	6	1	95	0.057	
290	6	1	84	0.059	
290	6	1	96	0.087	
290	6	1	95	0.056	
291	6	1	78	0.095	
291	6	1	80	0.112	
291	6	1	78	0.123	
291	6	1	78	0.103	
291	6	1	74	0.076	
292	6	1	73	0.052	
292	6	1	87	0.042	
292	6	0	69	0.000	
292	6	1	83	0.068	
292	6	1	86	0.044	
293	6	1	46	0.058	
293	6	1	47	0.044	
293	6	1	46	0.058	
293	6	1	46	0.058	
293	6	1	46	0.058	
294	6	1	86	0.066	
294	6	1	94	0.070	
294	6	1	91	0.063	
294	6	1	92	0.078	
294	6	1	103	0.081	
295	6	1	96	0.093	
295	6	1	54	0.035	
295	6	1	94	0.101	
295	6	1	50	0.048	
295	6	1	53	0.050	
296	6	1	74	0.096	
296	6	1	74	0.078	
296	6	1	74	0.093	
296	6	1	74	0.086	
296	6	1	75	0.064	
297	6	0	45	0.000	
297	6	1	81	0.069	
297	6	1	80	0.061	
297	6	1	83	0.072	
297	6	1	94	0.039	
298	6	1	81	0.061	
298	6	1	89	0.078	
298	6	1	89	0.100	
298	6	1	84	0.063	
298	6	1	84	0.071	
299	6	1	82	0.091	
299	6	1	79	0.094	
299	6	1	84	0.092	
299	6	1	80	0.081	
299	6	1	83	0.073	
0	7	1	54	0.036	
0	7	1	59	0.033	
0	7	1	33	0.032	
0	7	1	53	0.036	
0	7	1	50	0.083	
1	7	1	44	0.099	
1	7	1	52	0.084	
1	7	1	57	0.144	
1	7	1	57	0.050	
1	7	1	56	0.107	
2	7	1	26	0.053	
2	7	1	46	0.071	
2	7	1	45	0.053	
2	7	1	50	0.034	
2	7	1	28	0.030	
3	7	1	47	0.053	
3	7	1	47	0.065	
3	7	1	47	0.056	
3	7	1	47	0.058	
3	7	1	47	0.054	
4	7	1	35	0.024	
4	7	1	66	0.073	
4	7	1	57	0.057	
4	7	1	57	0.069	
4	7	0	27	0.009	
5	7	1	46	0.178	
5	7	1	46	0.178	
5	7	1	46	0.162	
5	7	1	46	0.178	
5	7	1	46	0.162	
6	7	1	29	0.093	
6	7	1	58	0.070	
6	7	1	29	0.072	
6	7	1	58	0.074	
6	7	1	51	0.071	
7	7	1	50	0.041	
7	7	1	36	0.055	
7	7	1	50	0.045	
7	7	1	50	0.041	
7	7	1	50	0.041	
8	7	1	46	0.070	
8	7	1	47	0.139	
8	7	1	48	0.102	
8	7	1	48	0.093	
8	7	1	48	0.122	
9	7	1	45	0.157	
9	7	1	45	0.173	
9	7	1	44	0.125	
9	7	1	45	0.157	
9	7	1	45	0.158	
10	7	1	46	0.079	
10	7	1	45	0.141	
10	7	1	45	0.105	
10	7	1	45	0.092	
10	7	1	46	0.060	
11	7	1	48	0.185	
11	7	1	48	0.167	
11	7	1	47	0.153	
11	7	1	48	0.167	
11	7	1	48	0.167	
12	7	1	45	0.052	
12	7	1	45	0.040	
12	7	1	45	0.057	
12	7	0	26	0.002	
12	7	1	46	0.033	
13	7	1	45	0.099	
13	7	1	46	0.100	
13	7	1	45	0.125	
13	7	1	45	0.114	
13	7	1	46	0.135	
14	7	1	46	0.099	
14	7	1	50	0.089	
14	7	1	47	0.037	
14	7	1	51	0.080	
14	7	1	46	0.065	
15	7	1	48	0.181	
15	7	1	47	0.122	
15	7	1	48	0.135	
15	7	1	47	0.158	
15	7	1	50	0.139	
16	7	1	52	0.021	
16	7	1	31	0.037	
16	7	1	52	0.037	
16	7	1	52	0.029	
16	7	1	51	0.028	
17	7	1	48	0.115	
17	7	1	48	0.128	
17	7	1	48	0.129	
17	7	1	48	0.125	
17	7	1	50	0.216	
18	7	1	46	0.152	
18	7	1	47	0.174	
18	7	1	46	0.166	
18	7	1	47	0.181	
18	7	1	46	0.148	
19	7	1	36	0.057	
19	7	1	44	0.017	
19	7	1	40	0.079	
19	7	1	60	0.082	
19	7	1	57	0.045	
20	7	1	47	0.109	
20	7	1	47	0.152	
20	7	1	47	0.125	
20	7	1	47	0.131	
20	7	1	47	0.160	
21	7	1	46	0.054	
21	7	1	46	0.096	
21	7	1	46	0.098	
21	7	1	46	0.078	
21	7	1	46	0.082	
22	7	1	46	0.062	
22	7	1	48	0.080	
22	7	1	46	0.078	
22	7	1	46	0.073	
22	7	1	46	0.078	
23	7	1	22	0.069	
23	7	1	48	0.067	
23	7	1	22	0.089	
23	7	1	53	0.070	
23	7	1	22	0.067	
24	7	1	53	0.099	
24	7	1	55	0.059	
24	7	1	53	0.101	
24	7	1	57	0.116	
24	7	1	55	0.057	
25	7	1	46	0.117	
25	7	1	46	0.117	
25	7	1	46	0.112	
25	7	1	46	0.117	
25	7	1	46	0.117	
26	7	1	46	0.157	
26	7	1	46	0.139	
26	7	1	46	0.145	
26	7	1	46	0.107	
26	7	1	47	0.150	
27	7	1	46	0.069	
27	7	1	46	0.069	
27	7	1	46	0.067	
27	7	1	46	0.066	
27	7	1	46	0.066	
28	7	1	45	0.132	
28	7	1	44	0.207	
28	7	1	45	0.123	
28	7	1	46	0.158	
28	7	1	46	0.110	
29	7	1	37	0.042	
29	7	1	35	0.082	
29	7	1	37	0.042	
29	7	1	35	0.082	
29	7	1	35	0.082	
30	7	1	58	0.083	
30	7	1	65	0.117	
30	7	1	60	0.057	
30	7	1	61	0.085	
30	7	1	61	0.082	
31	7	1	47	0.132	
31	7	1	47	0.135	
31	7	1	47	0.132	
31	7	1	46	0.087	
31	7	1	46	0.088	
32	7	1	44	0.065	
32	7	1	44	0.065	
32	7	1	44	0.065	
32	7	1	44	0.065	
32	7	1	44	0.065	
33	7	1	25	0.059	
33	7	0	27	0.000	
33	7	0	25	0.005	
33	7	1	27	0.002	
33	7	1	26	0.010	
34	7	1	45	0.135	
34	7	1	45	0.135	
34	7	1	45	0.135	
34	7	1	45	0.136	
34	7	1	45	0.135	
35	7	1	46	0.095	
35	7	1	46	0.095	
35	7	1	47	0.125	
35	7	1	46	0.095	
35	7	1	46	0.083	
36	7	1	46	0.199	
36	7	1	46	0.199	
36	7	1	46	0.147	
36	7	1	46	0.147	
36	7	1	46	0.147	
37	7	1	48	0.045	
37	7	1	48	0.053	
37	7	1	50	0.054	
37	7	1	48	0.043	
37	7	1	52	0.067	
38	7	1	51	0.092	
38	7	1	49	0.056	
38	7	1	51	0.041	
38	7	1	49	0.074	
38	7	1	49	0.049	
39	7	1	46	0.124	
39	7	1	46	0.121	
39	7	1	46	0.124	
39	7	1	46	0.124	
39	7	1	46	0.124	
40	7	1	46	0.353	
40	7	1	46	0.353	
40	7	1	46	0.344	
40	7	1	46	0.353	
40	7	1	46	0.344	
41	7	1	46	0.203	
41	7	1	46	0.203	
41	7	1	46	0.203	
41	7	1	46	0.227	
41	7	1	46	0.203	
42	7	1	46	0.651	
42	7	1	46	0.651	
42	7	1	46	0.651	
42	7	1	46	0.651	
42	7	1	46	0.651	
43	7	1	53	0.015	
43	7	1	55	0.078	
43	7	1	35	0.122	
43	7	1	56	0.077	
43	7	1	59	0.017	
44	7	1	49	0.042	
44	7	1	51	0.047	
44	7	1	58	0.132	
44	7	1	50	0.043	
44	7	1	53	0.078	
45	7	0	26	0.000	
45	7	0	26	0.004	
45	7	1	22	0.032	
45	7	1	53	0.011	
45	7	1	24	0.084	
46	7	1	50	0.024	
46	7	1	28	0.103	
46	7	1	49	0.044	
46	7	1	50	0.041	
46	7	1	53	0.083	
47	7	1	52	0.084	
47	7	1	33	0.033	
47	7	1	51	0.050	
47	7	1	52	0.037	
47	7	1	52	0.079	
48	7	1	47	0.053	
48	7	1	48	0.073	
48	7	1	50	0.101	
48	7	1	49	0.096	
48	7	1	47	0.043	
49	7	1	62	0.042	
49	7	1	54	0.054	
49	7	1	55	0.056	
49	7	1	59	0.065	
49	7	0	36	0.013	
50	7	1	45	0.089	
50	7	1	45	0.086	
50	7	1	45	0.089	
50	7	1	45	0.069	
50	7	1	45	0.082	
51	7	1	48	0.157	
51	7	1	48	0.157	
51	7	1	46	0.102	
51	7	1	47	0.114	
51	7	1	48	0.115	
52	7	1	48	0.149	
52	7	1	47	0.112	
52	7	1	48	0.136	
52	7	1	46	0.139	
52	7	1	48	0.138	
53	7	1	47	0.081	
53	7	1	47	0.059	
53	7	1	47	0.092	
53	7	1	47	0.118	
53	7	1	47	0.073	
54	7	1	46	0.230	
54	7	1	47	0.418	
54	7	1	46	0.071	
54	7	1	46	0.230	
54	7	1	48	0.402	
55	7	1	47	0.094	
55	7	1	47	0.094	
55	7	1	47	0.094	
55	7	1	48	0.072	
55	7	1	47	0.094	
56	7	1	47	0.180	
56	7	1	46	0.092	
56	7	1	46	0.118	
56	7	1	45	0.116	
56	7	1	46	0.163	
57	7	1	49	0.074	
57	7	1	68	0.076	
57	7	1	50	0.099	
57	7	1	59	0.055	
57	7	1	81	0.076	
58	7	1	65	0.015	
58	7	1	29	0.045	
58	7	1	56	0.062	
58	7	1	72	0.044	
58	7	1	75	0.070	
59	7	1	47	0.049	
59	7	0	33	0.000	
59	7	1	45	0.039	
59	7	1	34	0.088	
59	7	1	47	0.055	
60	7	1	47	0.062	
60	7	1	48	0.064	
60	7	1	46	0.082	
60	7	1	47	0.055	
60	7	1	47	0.056	
61	7	1	46	0.399	
61	7	1	46	0.399	
61	7	1	46	0.399	
61	7	1	47	0.370	
61	7	1	46	0.399	
62	7	1	61	0.037	
62	7	0	26	0.000	
62	7	1	52	0.026	
62	7	1	54	0.037	
62	7	1	54	0.026	
63	7	1	20	0.043	
63	7	1	58	0.152	
63	7	1	55	0.065	
63	7	1	49	0.112	
63	7	0	30	0.017	
64	7	1	36	0.032	
64	7	1	46	0.040	
64	7	1	47	0.067	
64	7	1	47	0.036	
64	7	1	47	0.067	
65	7	1	49	0.178	
65	7	1	46	0.067	
65	7	1	46	0.072	
65	7	1	49	0.168	
65	7	1	46	0.070	
66	7	1	46	0.169	
66	7	1	48	0.092	
66	7	1	49	0.082	
66	7	1	47	0.099	
66	7	1	48	0.084	
67	7	1	46	0.338	
67	7	1	46	0.338	
67	7	1	46	0.328	
67	7	1	46	0.328	
67	7	1	46	0.347	
68	7	1	50	0.129	
68	7	1	51	0.165	
68	7	1	51	0.156	
68	7	1	50	0.138	
68	7	1	52	0.151	
69	7	1	48	0.072	
69	7	1	51	0.077	
69	7	0	26	0.000	
69	7	0	27	0.000	
69	7	1	49	0.068	
70	7	1	48	0.129	
70	7	1	47	0.105	
70	7	1	48	0.131	
70	7	1	48	0.127	
70	7	1	48	0.122	
71	7	1	45	0.108	
71	7	1	45	0.108	
71	7	1	45	0.108	
71	7	1	45	0.108	
71	7	1	45	0.108	
72	7	1	46	0.216	
72	7	1	47	0.212	
72	7	1	46	0.219	
72	7	1	46	0.254	
72	7	1	46	0.228	
73	7	1	47	0.047	
73	7	1	50	0.051	
73	7	1	46	0.061	
73	7	1	46	0.084	
73	7	1	46	0.057	
74	7	1	46	0.094	
74	7	1	46	0.032	
74	7	1	46	0.056	
74	7	1	53	0.159	
74	7	1	46	0.087	
75	7	1	46	0.351	
75	7	1	46	0.351	
75	7	1	46	0.351	
75	7	1	46	0.351	
75	7	1	46	0.351	
76	7	1	47	0.092	
76	7	1	47	0.055	
76	7	1	47	0.123	
76	7	1	54	0.115	
76	7	1	46	0.132	
77	7	1	46	0.166	
77	7	1	46	0.166	
77	7	1	46	0.134	
77	7	1	46	0.180	
77	7	1	46	0.131	
78	7	1	48	0.055	
78	7	1	54	0.087	
78	7	1	47	0.031	
78	7	1	54	0.078	
78	7	1	31	0.092	
79	7	1	47	0.124	
79	7	1	46	0.173	
79	7	1	46	0.148	
79	7	1	46	0.173	
79	7	1	46	0.084	
80	7	1	50	0.089	
80	7	1	26	0.082	
80	7	1	26	0.031	
80	7	1	26	0.036	
80	7	0	26	0.014	
81	7	1	47	0.086	
81	7	1	47	0.161	
81	7	1	47	0.144	
81	7	1	47	0.156	
81	7	1	47	0.090	
82	7	1	47	0.071	
82	7	0	28	0.000	
82	7	0	28	0.000	
82	7	1	47	0.077	
82	7	1	46	0.077	
83	7	1	47	0.065	
83	7	1	47	0.065	
83	7	1	47	0.065	
83	7	1	47	0.065	
83	7	1	47	0.065	
84	7	1	45	0.071	
84	7	1	44	0.070	
84	7	1	47	0.061	
84	7	1	47	0.078	
84	7	1	47	0.060	
85	7	1	56	0.049	
85	7	1	50	0.044	
85	7	1	49	0.112	
85	7	1	24	0.084	
85	7	1	24	0.088	
86	7	1	52	0.089	
86	7	1	53	0.111	
86	7	1	37	0.084	
86	7	1	59	0.082	
86	7	1	54	0.077	
87	7	1	46	0.134	
87	7	1	46	0.135	
87	7	1	46	0.115	
87	7	1	46	0.152	
87	7	1	46	0.115	
88	7	1	47	0.233	
88	7	1	47	0.233	
88	7	1	47	0.233	
88	7	1	47	0.233	
88	7	1	47	0.185	
89	7	1	67	0.093	
89	7	1	49	0.141	
89	7	1	48	0.062	
89	7	1	48	0.067	
89	7	1	48	0.060	
90	7	1	47	0.137	
90	7	1	47	0.137	
90	7	1	47	0.152	
90	7	1	47	0.145	
90	7	1	47	0.139	
91	7	1	48	0.189	
91	7	1	45	0.166	
91	7	1	48	0.191	
91	7	1	46	0.083	
91	7	1	45	0.162	
92	7	1	46	0.081	
92	7	1	46	0.094	
92	7	1	45	0.108	
92	7	1	47	0.092	
92	7	1	46	0.080	
93	7	1	46	0.791	
93	7	1	46	0.791	
93	7	1	46	0.791	
93	7	1	46	0.791	
93	7	1	46	0.791	
94	7	1	46	0.408	
94	7	1	46	0.388	
94	7	1	46	0.408	
94	7	1	46	0.408	
94	7	1	46	0.388	
95	7	1	45	0.099	
95	7	1	46	0.150	
95	7	1	44	0.104	
95	7	1	45	0.086	
95	7	1	47	0.097	
96	7	1	50	0.078	
96	7	1	50	0.138	
96	7	1	51	0.071	
96	7	1	51	0.070	
96	7	1	50	0.082	
97	7	1	46	0.078	
97	7	1	46	0.033	
97	7	1	47	0.053	
97	7	1	46	0.063	
97	7	1	47	0.053	
98	7	1	48	0.104	
98	7	1	21	0.030	
98	7	1	21	0.092	
98	7	1	46	0.089	
98	7	1	46	0.067	
99	7	1	75	0.100	
99	7	1	54	0.124	
99	7	0	34	0.000	
99	7	1	54	0.134	
99	7	1	57	0.110	
100	7	1	46	0.120	
100	7	1	46	0.139	
100	7	1	46	0.139	
100	7	1	46	0.083	
100	7	1	45	0.070	
101	7	1	47	0.116	
101	7	1	48	0.144	
101	7	1	46	0.151	
101	7	1	46	0.168	
101	7	1	48	0.145	
102	7	1	51	0.155	
102	7	1	50	0.100	
102	7	1	51	0.145	
102	7	1	48	0.158	
102	7	1	47	0.123	
103	7	1	52	0.062	
103	7	1	53	0.064	
103	7	1	53	0.090	
103	7	1	53	0.066	
103	7	1	64	0.069	
104	7	1	46	0.079	
104	7	1	46	0.059	
104	7	1	45	0.050	
104	7	1	45	0.062	
104	7	1	45	0.061	
105	7	1	29	0.079	
105	7	1	53	0.119	
105	7	0	27	0.000	
105	7	1	28	0.076	
105	7	1	29	0.068	
106	7	1	46	0.110	
106	7	1	47	0.118	
106	7	1	46	0.102	
106	7	1	46	0.108	
106	7	1	45	0.107	
107	7	1	48	0.035	
107	7	1	49	0.051	
107	7	1	50	0.046	
107	7	1	48	0.083	
107	7	1	51	0.057	
108	7	1	46	0.137	
108	7	1	46	0.153	
108	7	1	46	0.124	
108	7	1	46	0.133	
108	7	1	47	0.121	
109	7	1	48	0.097	
109	7	1	45	0.093	
109	7	1	45	0.102	
109	7	1	46	0.081	
109	7	1	46	0.073	
110	7	1	51	0.095	
110	7	1	52	0.114	
110	7	1	51	0.054	
110	7	1	52	0.108	
110	7	1	52	0.096	
111	7	1	73	0.090	
111	7	1	73	0.094	
111	7	1	75	0.079	
111	7	1	74	0.084	
111	7	1	74	0.099	
112	7	1	28	0.057	
112	7	1	29	0.034	
112	7	1	29	0.041	
112	7	1	29	0.069	
112	7	0	29	0.006	
113	7	1	38	0.028	
113	7	1	31	0.042	
113	7	1	53	0.081	
113	7	1	57	0.092	
113	7	1	39	0.029	
114	7	1	63	0.073	
114	7	1	65	0.101	
114	7	1	42	0.032	
114	7	1	50	0.072	
114	7	1	54	0.008	
115	7	1	47	0.106	
115	7	1	30	0.048	
115	7	1	47	0.106	
115	7	1	47	0.095	
115	7	1	45	0.072	
116	7	1	49	0.049	
116	7	1	50	0.093	
116	7	1	45	0.048	
116	7	0	26	0.022	
116	7	1	50	0.085	
117	7	1	58	0.028	
117	7	1	29	0.052	
117	7	1	31	0.038	
117	7	1	31	0.055	
117	7	1	78	0.000	
118	7	1	55	0.075	
118	7	1	56	0.069	
118	7	1	60	0.054	
118	7	1	55	0.069	
118	7	1	60	0.092	
119	7	1	55	0.058	
119	7	1	58	0.046	
119	7	1	55	0.057	
119	7	1	52	0.018	
119	7	1	52	0.048	
120	7	1	31	0.038	
120	7	1	29	0.032	
120	7	1	53	0.058	
120	7	0	30	0.013	
120	7	1	54	0.061	
121	7	1	65	0.030	
121	7	1	37	0.134	
121	7	1	62	0.050	
121	7	1	55	0.060	
121	7	1	55	0.089	
122	7	1	48	0.065	
122	7	1	47	0.105	
122	7	1	48	0.121	
122	7	1	48	0.082	
122	7	1	47	0.106	
123	7	1	53	0.127	
123	7	1	46	0.058	
123	7	1	53	0.058	
123	7	1	52	0.120	
123	7	1	50	0.127	
124	7	1	52	0.091	
124	7	1	53	0.084	
124	7	1	55	0.113	
124	7	1	60	0.045	
124	7	1	53	0.100	
125	7	1	46	0.077	
125	7	1	50	0.038	
125	7	1	47	0.101	
125	7	1	34	0.058	
125	7	1	46	0.068	
126	7	1	49	0.086	
126	7	1	53	0.070	
126	7	1	51	0.050	
126	7	1	48	0.086	
126	7	1	54	0.110	
127	7	1	57	0.075	
127	7	1	35	0.075	
127	7	1	34	0.069	
127	7	1	54	0.045	
127	7	1	57	0.070	
128	7	1	46	0.092	
128	7	1	46	0.104	
128	7	1	46	0.087	
128	7	1	46	0.092	
128	7	1	46	0.092	
129	7	1	53	0.065	
129	7	1	24	0.092	
129	7	1	53	0.064	
129	7	1	25	0.085	
129	7	1	53	0.046	
130	7	1	47	0.101	
130	7	1	46	0.132	
130	7	1	47	0.112	
130	7	1	46	0.060	
130	7	1	47	0.069	
131	7	1	46	0.056	
131	7	1	47	0.061	
131	7	1	45	0.106	
131	7	1	45	0.108	
131	7	1	46	0.112	
132	7	0	39	0.004	
132	7	1	47	0.054	
132	7	0	39	0.001	
132	7	1	47	0.079	
132	7	1	48	0.107	
133	7	1	56	0.046	
133	7	1	34	0.094	
133	7	1	34	0.107	
133	7	1	48	0.074	
133	7	1	48	0.075	
134	7	1	46	0.117	
134	7	1	46	0.050	
134	7	1	46	0.117	
134	7	1	45	0.062	
134	7	1	45	0.049	
135	7	1	48	0.214	
135	7	1	50	0.064	
135	7	1	47	0.179	
135	7	1	48	0.212	
135	7	1	49	0.032	
136	7	0	34	0.015	
136	7	1	52	0.100	
136	7	1	52	0.046	
136	7	0	34	0.004	
136	7	1	59	0.107	
137	7	1	56	0.057	
137	7	1	57	0.054	
137	7	1	62	0.087	
137	7	1	55	0.070	
137	7	1	61	0.065	
138	7	1	55	0.036	
138	7	1	65	0.058	
138	7	1	66	0.050	
138	7	1	58	0.069	
138	7	1	61	0.045	
139	7	1	45	0.122	
139	7	1	46	0.082	
139	7	1	44	0.077	
139	7	1	47	0.109	
139	7	1	46	0.109	
140	7	1	51	0.085	
140	7	1	58	0.057	
140	7	1	57	0.086	
140	7	1	54	0.090	
140	7	1	56	0.067	
141	7	1	52	0.091	
141	7	1	46	0.105	
141	7	1	46	0.100	
141	7	1	51	0.131	
141	7	1	47	0.098	
142	7	1	46	0.054	
142	7	1	46	0.018	
142	7	1	46	0.076	
142	7	1	46	0.100	
142	7	1	46	0.108	
143	7	1	49	0.072	
143	7	1	49	0.050	
143	7	1	56	0.067	
143	7	1	49	0.008	
143	7	1	49	0.055	
144	7	1	47	0.113	
144	7	1	48	0.090	
144	7	1	49	0.064	
144	7	1	48	0.078	
144	7	1	47	0.084	
145	7	1	47	0.164	
145	7	1	47	0.113	
145	7	1	47	0.121	
145	7	1	47	0.122	
145	7	1	47	0.164	
146	7	1	48	0.117	
146	7	1	48	0.092	
146	7	1	48	0.118	
146	7	1	48	0.126	
146	7	1	48	0.127	
147	7	1	47	0.124	
147	7	1	47	0.142	
147	7	1	47	0.113	
147	7	1	47	0.124	
147	7	1	45	0.078	
148	7	1	49	0.103	
148	7	1	54	0.076	
148	7	1	48	0.103	
148	7	1	49	0.061	
148	7	1	48	0.054	
149	7	1	47	0.060	
149	7	1	47	0.077	
149	7	1	49	0.090	
149	7	1	48	0.110	
149	7	1	47	0.108	
150	7	1	31	0.064	
150	7	1	57	0.054	
150	7	1	63	0.099	
150	7	1	63	0.064	
150	7	0	47	0.014	
151	7	1	48	0.057	
151	7	1	47	0.033	
151	7	1	35	0.036	
151	7	1	35	0.011	
151	7	1	46	0.103	
152	7	1	49	0.134	
152	7	1	48	0.112	
152	7	1	48	0.118	
152	7	1	48	0.112	
152	7	1	49	0.134	
153	7	0	41	0.003	
153	7	1	39	0.011	
153	7	1	50	0.039	
153	7	1	37	0.055	
153	7	1	41	0.040	
154	7	1	52	0.032	
154	7	1	29	0.092	
154	7	0	26	0.021	
154	7	1	49	0.092	
154	7	1	51	0.047	
155	7	1	47	0.154	
155	7	1	47	0.082	
155	7	1	47	0.116	
155	7	1	49	0.100	
155	7	1	47	0.109	
156	7	1	46	0.187	
156	7	1	47	0.178	
156	7	1	47	0.173	
156	7	1	46	0.187	
156	7	1	47	0.182	
157	7	1	50	0.046	
157	7	1	58	0.074	
157	7	1	52	0.082	
157	7	1	50	0.043	
157	7	1	51	0.043	
158	7	1	34	0.063	
158	7	1	27	0.059	
158	7	1	26	0.055	
158	7	1	31	0.018	
158	7	0	35	0.000	
159	7	1	47	0.280	
159	7	1	47	0.281	
159	7	1	47	0.281	
159	7	1	47	0.308	
159	7	1	46	0.104	
160	7	1	48	0.083	
160	7	1	47	0.092	
160	7	1	47	0.111	
160	7	1	47	0.113	
160	7	1	47	0.088	
161	7	1	48	0.134	
161	7	1	49	0.176	
161	7	1	48	0.112	
161	7	1	48	0.134	
161	7	1	48	0.134	
162	7	1	56	0.069	
162	7	1	48	0.037	
162	7	1	56	0.075	
162	7	1	58	0.035	
162	7	1	53	0.081	
163	7	1	55	0.067	
163	7	1	56	0.067	
163	7	1	53	0.043	
163	7	1	58	0.056	
163	7	1	72	0.031	
164	7	1	45	0.101	
164	7	1	45	0.074	
164	7	1	45	0.101	
164	7	1	45	0.101	
164	7	1	45	0.101	
165	7	1	46	0.041	
165	7	1	46	0.114	
165	7	1	45	0.074	
165	7	1	45	0.083	
165	7	1	46	0.114	
166	7	1	47	0.102	
166	7	1	47	0.097	
166	7	1	47	0.096	
166	7	1	47	0.129	
166	7	1	47	0.075	
167	7	0	22	0.017	
167	7	0	22	0.024	
167	7	0	22	0.000	
167	7	1	22	0.058	
167	7	1	23	0.048	
168	7	1	49	0.074	
168	7	1	49	0.043	
168	7	1	49	0.042	
168	7	1	50	0.061	
168	7	1	52	0.054	
169	7	1	40	0.055	
169	7	1	28	0.042	
169	7	1	47	0.084	
169	7	1	41	0.094	
169	7	0	38	0.000	
170	7	1	47	0.071	
170	7	1	47	0.093	
170	7	1	48	0.085	
170	7	1	48	0.066	
170	7	1	47	0.100	
171	7	1	30	0.044	
171	7	1	50	0.017	
171	7	1	29	0.026	
171	7	0	24	0.021	
171	7	1	64	0.028	
172	7	1	47	0.044	
172	7	1	48	0.060	
172	7	1	47	0.075	
172	7	0	27	0.000	
172	7	1	47	0.074	
173	7	1	49	0.069	
173	7	1	49	0.095	
173	7	1	49	0.102	
173	7	1	51	0.099	
173	7	1	48	0.063	
174	7	1	46	0.096	
174	7	1	46	0.078	
174	7	1	47	0.053	
174	7	1	48	0.103	
174	7	1	46	0.126	
175	7	1	52	0.060	
175	7	1	59	0.074	
175	7	1	52	0.079	
175	7	1	81	0.034	
175	7	1	49	0.014	
176	7	1	58	0.057	
176	7	1	61	0.060	
176	7	1	61	0.125	
176	7	1	60	0.136	
176	7	1	58	0.059	
177	7	1	52	0.026	
177	7	1	52	0.036	
177	7	1	57	0.091	
177	7	0	25	0.010	
177	7	1	59	0.065	
178	7	1	49	0.057	
178	7	1	51	0.042	
178	7	1	49	0.071	
178	7	1	48	0.062	
178	7	1	48	0.060	
179	7	1	57	0.067	
179	7	1	52	0.030	
179	7	1	48	0.071	
179	7	1	55	0.079	
179	7	1	56	0.085	
180	7	1	51	0.016	
180	7	1	60	0.077	
180	7	1	57	0.031	
180	7	1	28	0.004	
180	7	1	26	0.043	
181	7	1	54	0.049	
181	7	1	59	0.091	
181	7	1	56	0.125	
181	7	1	39	0.076	
181	7	1	65	0.024	
182	7	1	34	0.045	
182	7	1	59	0.072	
182	7	1	50	0.029	
182	7	1	49	0.039	
182	7	1	36	0.031	
183	7	1	61	0.083	
183	7	1	58	0.104	
183	7	1	59	0.074	
183	7	1	60	0.116	
183	7	1	58	0.119	
184	7	1	58	0.103	
184	7	1	58	0.087	
184	7	1	57	0.083	
184	7	1	59	0.075	
184	7	1	59	0.086	
185	7	1	46	0.072	
185	7	1	48	0.119	
185	7	1	46	0.036	
185	7	1	47	0.123	
185	7	1	47	0.123	
186	7	1	50	0.015	
186	7	1	50	0.041	
186	7	1	30	0.047	
186	7	1	36	0.026	
186	7	1	50	0.023	
187	7	1	47	0.053	
187	7	1	45	0.031	
187	7	1	36	0.021	
187	7	1	36	0.062	
187	7	0	25	0.000	
188	7	1	51	0.045	
188	7	1	53	0.101	
188	7	1	54	0.077	
188	7	1	53	0.091	
188	7	1	53	0.107	
189	7	1	47	0.106	
189	7	1	47	0.041	
189	7	1	47	0.070	
189	7	1	49	0.095	
189	7	1	29	0.081	
190	7	1	56	0.035	
190	7	1	53	0.078	
190	7	1	54	0.060	
190	7	1	53	0.062	
190	7	1	54	0.091	
191	7	1	65	0.031	
191	7	1	28	0.118	
191	7	1	57	0.088	
191	7	1	59	0.040	
191	7	1	62	0.058	
192	7	1	24	0.095	
192	7	0	27	0.009	
192	7	0	27	0.007	
192	7	0	27	0.004	
192	7	1	21	0.001	
193	7	1	53	0.027	
193	7	1	48	0.068	
193	7	1	47	0.030	
193	7	1	48	0.050	
193	7	1	70	0.087	
194	7	1	49	0.031	
194	7	1	59	0.053	
194	7	1	48	0.034	
194	7	1	50	0.044	
194	7	1	48	0.063	
195	7	1	45	0.111	
195	7	1	45	0.057	
195	7	1	45	0.067	
195	7	1	45	0.111	
195	7	1	45	0.073	
196	7	1	47	0.071	
196	7	1	39	0.067	
196	7	1	46	0.053	
196	7	1	38	0.058	
196	7	1	47	0.079	
197	7	1	50	0.076	
197	7	1	51	0.056	
197	7	1	52	0.051	
197	7	1	52	0.101	
197	7	1	51	0.067	
198	7	1	46	0.061	
198	7	1	46	0.061	
198	7	1	46	0.046	
198	7	1	46	0.061	
198	7	1	46	0.061	
199	7	0	32	0.000	
199	7	0	30	0.000	
199	7	1	49	0.055	
199	7	1	49	0.087	
199	7	1	49	0.073	
200	7	1	46	0.071	
200	7	1	46	0.087	
200	7	1	46	0.074	
200	7	1	46	0.100	
200	7	1	46	0.060	
201	7	0	35	0.000	
201	7	1	50	0.101	
201	7	1	50	0.118	
201	7	1	49	0.050	
201	7	1	47	0.035	
202	7	1	46	0.108	
202	7	1	49	0.096	
202	7	1	45	0.110	
202	7	1	48	0.098	
202	7	1	48	0.082	
203	7	1	34	0.047	
203	7	1	31	0.062	
203	7	1	51	0.051	
203	7	1	33	0.031	
203	7	0	31	0.000	
204	7	1	53	0.074	
204	7	1	29	0.061	
204	7	1	51	0.030	
204	7	1	36	0.094	
204	7	1	51	0.030	
205	7	1	62	0.056	
205	7	1	68	0.047	
205	7	1	66	0.058	
205	7	1	59	0.071	
205	7	0	60	0.000	
206	7	1	47	0.052	
206	7	1	47	0.070	
206	7	1	47	0.070	
206	7	1	46	0.070	
206	7	1	46	0.061	
207	7	1	56	0.067	
207	7	1	48	0.029	
207	7	1	55	0.049	
207	7	1	31	0.036	
207	7	1	34	0.054	
208	7	1	47	0.048	
208	7	1	50	0.068	
208	7	1	48	0.088	
208	7	1	48	0.060	
208	7	1	49	0.074	
209	7	1	53	0.073	
209	7	1	53	0.104	
209	7	1	54	0.115	
209	7	1	51	0.099	
209	7	1	51	0.100	
210	7	1	49	0.046	
210	7	1	46	0.088	
210	7	1	47	0.072	
210	7	0	37	0.000	
210	7	1	49	0.088	
211	7	1	45	0.063	
211	7	1	48	0.083	
211	7	1	47	0.083	
211	7	1	46	0.065	
211	7	1	46	0.065	
212	7	1	47	0.134	
212	7	1	48	0.137	
212	7	1	47	0.122	
212	7	1	47	0.099	
212	7	1	47	0.150	
213	7	1	51	0.130	
213	7	1	53	0.064	
213	7	1	48	0.069	
213	7	1	52	0.061	
213	7	0	41	0.006	
214	7	1	33	0.048	
214	7	1	31	0.092	
214	7	0	57	0.006	
214	7	1	50	0.058	
214	7	1	31	0.091	
215	7	0	38	0.000	
215	7	1	55	0.068	
215	7	1	52	0.064	
215	7	1	56	0.095	
215	7	1	78	0.060	
216	7	1	49	0.068	
216	7	1	48	0.095	
216	7	1	49	0.083	
216	7	1	50	0.100	
216	7	1	49	0.060	
217	7	1	54	0.062	
217	7	1	53	0.084	
217	7	1	31	0.045	
217	7	1	52	0.075	
217	7	1	56	0.080	
218	7	1	48	0.038	
218	7	1	49	0.102	
218	7	1	47	0.064	
218	7	1	47	0.076	
218	7	1	49	0.062	
219	7	1	46	0.051	
219	7	1	48	0.040	
219	7	1	48	0.070	
219	7	1	49	0.031	
219	7	1	49	0.026	
220	7	1	34	0.034	
220	7	0	36	0.000	
220	7	0	34	0.000	
220	7	0	34	0.000	
220	7	1	34	0.035	
221	7	1	53	0.025	
221	7	0	41	0.000	
221	7	0	34	0.015	
221	7	1	34	0.067	
221	7	1	34	0.091	
222	7	1	24	0.073	
222	7	1	53	0.086	
222	7	1	24	0.108	
222	7	1	22	0.132	
222	7	1	52	0.099	
223	7	1	53	0.086	
223	7	1	50	0.022	
223	7	1	54	0.084	
223	7	1	49	0.014	
223	7	1	47	0.075	
224	7	1	48	0.092	
224	7	1	64	0.118	
224	7	1	49	0.073	
224	7	1	49	0.109	
224	7	1	53	0.092	
225	7	1	50	0.041	
225	7	1	49	0.038	
225	7	1	53	0.083	
225	7	1	48	0.064	
225	7	1	49	0.068	
226	7	1	46	0.111	
226	7	1	45	0.099	
226	7	1	46	0.105	
226	7	1	46	0.052	
226	7	1	46	0.116	
227	7	1	49	0.048	
227	7	0	26	0.004	
227	7	0	26	0.006	
227	7	1	50	0.047	
227	7	1	51	0.051	
228	7	1	64	0.063	
228	7	1	46	0.035	
228	7	1	45	0.033	
228	7	1	70	0.058	
228	7	1	71	0.060	
229	7	1	48	0.074	
229	7	1	48	0.085	
229	7	1	46	0.054	
229	7	1	46	0.057	
229	7	1	48	0.071	
230	7	1	50	0.056	
230	7	1	25	0.044	
230	7	1	51	0.073	
230	7	1	51	0.077	
230	7	1	44	0.023	
231	7	1	58	0.106	
231	7	1	51	0.077	
231	7	1	52	0.098	
231	7	1	52	0.085	
231	7	1	52	0.104	
232	7	1	47	0.074	
232	7	1	48	0.101	
232	7	1	48	0.102	
232	7	1	48	0.110	
232	7	1	47	0.075	
233	7	1	46	0.103	
233	7	1	46	0.095	
233	7	1	46	0.103	
233	7	1	46	0.103	
233	7	1	46	0.081	
234	7	1	49	0.109	
234	7	1	46	0.074	
234	7	1	47	0.108	
234	7	1	48	0.096	
234	7	1	47	0.095	
235	7	1	55	0.064	
235	7	1	29	0.120	
235	7	1	60	0.033	
235	7	1	53	0.073	
235	7	1	29	0.065	
236	7	1	48	0.124	
236	7	1	48	0.133	
236	7	1	49	0.196	
236	7	1	48	0.151	
236	7	1	48	0.146	
237	7	1	48	0.072	
237	7	1	48	0.060	
237	7	1	50	0.050	
237	7	1	49	0.019	
237	7	1	48	0.060	
238	7	1	58	0.097	
238	7	1	57	0.082	
238	7	1	36	0.099	
238	7	1	56	0.070	
238	7	1	58	0.093	
239	7	1	50	0.045	
239	7	1	24	0.058	
239	7	1	53	0.097	
239	7	1	56	0.089	
239	7	1	24	0.100	
240	7	1	51	0.126	
240	7	1	51	0.151	
240	7	1	51	0.077	
240	7	1	51	0.105	
240	7	1	50	0.096	
241	7	1	52	0.044	
241	7	1	54	0.070	
241	7	1	28	0.077	
241	7	1	54	0.024	
241	7	1	28	0.067	
242	7	1	56	0.067	
242	7	1	52	0.083	
242	7	1	49	0.073	
242	7	1	51	0.070	
242	7	1	52	0.040	
243	7	1	62	0.037	
243	7	0	33	0.012	
243	7	1	59	0.072	
243	7	1	33	0.030	
243	7	0	38	0.000	
244	7	1	48	0.071	
244	7	1	53	0.089	
244	7	1	47	0.029	
244	7	1	48	0.053	
244	7	1	50	0.031	
245	7	1	50	0.052	
245	7	1	49	0.061	
245	7	1	48	0.098	
245	7	1	49	0.023	
245	7	1	48	0.076	
246	7	1	51	0.043	
246	7	1	45	0.075	
246	7	1	49	0.057	
246	7	1	52	0.024	
246	7	1	51	0.083	
247	7	1	46	0.162	
247	7	1	48	0.178	
247	7	1	49	0.103	
247	7	1	48	0.091	
247	7	1	48	0.100	
248	7	1	55	0.067	
248	7	1	38	0.048	
248	7	1	53	0.039	
248	7	1	50	0.030	
248	7	1	52	0.025	
249	7	0	24	0.000	
249	7	1	57	0.017	
249	7	1	60	0.060	
249	7	1	65	0.083	
249	7	1	62	0.084	
250	7	1	51	0.072	
250	7	1	52	0.008	
250	7	0	31	0.007	
250	7	1	57	0.028	
250	7	1	51	0.072	
251	7	1	45	0.071	
251	7	1	44	0.090	
251	7	1	45	0.114	
251	7	1	46	0.124	
251	7	1	47	0.075	
252	7	1	46	0.073	
252	7	1	46	0.065	
252	7	1	46	0.065	
252	7	1	46	0.073	
252	7	1	46	0.079	
253	7	1	29	0.105	
253	7	1	51	0.059	
253	7	0	27	0.009	
253	7	1	51	0.089	
253	7	1	47	0.025	
254	7	1	60	0.075	
254	7	1	59	0.046	
254	7	1	63	0.030	
254	7	1	60	0.084	
254	7	1	64	0.035	
255	7	1	34	0.024	
255	7	1	72	0.067	
255	7	1	39	0.066	
255	7	1	27	0.042	
255	7	1	53	0.070	
256	7	1	46	0.035	
256	7	1	53	0.093	
256	7	1	47	0.053	
256	7	1	46	0.029	
256	7	1	46	0.038	
257	7	1	48	0.178	
257	7	1	49	0.161	
257	7	1	48	0.113	
257	7	1	48	0.181	
257	7	1	48	0.154	
258	7	1	46	0.058	
258	7	1	47	0.080	
258	7	1	47	0.065	
258	7	1	47	0.051	
258	7	1	45	0.070	
259	7	1	50	0.166	
259	7	1	59	0.139	
259	7	1	50	0.145	
259	7	1	49	0.119	
259	7	1	50	0.106	
260	7	1	59	0.044	
260	7	1	60	0.027	
260	7	1	64	0.028	
260	7	1	63	0.045	
260	7	1	63	0.090	
261	7	1	46	0.039	
261	7	1	48	0.095	
261	7	1	50	0.082	
261	7	1	49	0.038	
261	7	1	47	0.068	
262	7	1	27	0.065	
262	7	1	27	0.062	
262	7	1	28	0.043	
262	7	1	29	0.090	
262	7	1	29	0.065	
263	7	1	47	0.073	
263	7	1	48	0.038	
263	7	1	48	0.041	
263	7	1	48	0.038	
263	7	1	48	0.041	
264	7	1	48	0.090	
264	7	1	49	0.027	
264	7	1	48	0.107	
264	7	1	48	0.110	
264	7	1	50	0.031	
265	7	1	31	0.039	
265	7	1	59	0.007	
265	7	1	29	0.134	
265	7	1	59	0.085	
265	7	1	31	0.033	
266	7	0	36	0.000	
266	7	0	36	0.000	
266	7	1	35	0.116	
266	7	1	60	0.079	
266	7	1	39	0.053	
267	7	1	46	0.096	
267	7	1	50	0.081	
267	7	1	46	0.096	
267	7	1	49	0.073	
267	7	1	51	0.096	
268	7	1	55	0.046	
268	7	1	52	0.093	
268	7	1	52	0.042	
268	7	1	54	0.081	
268	7	1	54	0.018	
269	7	1	46	0.122	
269	7	1	46	0.122	
269	7	1	47	0.127	
269	7	1	47	0.124	
269	7	1	46	0.125	
270	7	1	48	0.122	
270	7	1	48	0.123	
270	7	1	48	0.122	
270	7	1	48	0.080	
270	7	1	48	0.102	
271	7	0	31	0.028	
271	7	1	60	0.025	
271	7	0	31	0.029	
271	7	0	32	0.002	
271	7	1	35	0.018	
272	7	0	41	0.000	
272	7	1	34	0.042	
272	7	1	29	0.022	
272	7	0	35	0.000	
272	7	1	29	0.087	
273	7	1	26	0.062	
273	7	1	29	0.077	
273	7	1	62	0.073	
273	7	0	33	0.000	
273	7	1	60	0.010	
274	7	1	45	0.066	
274	7	1	45	0.108	
274	7	1	45	0.067	
274	7	1	45	0.066	
274	7	1	45	0.117	
275	7	0	42	0.000	
275	7	0	43	0.023	
275	7	0	42	0.000	
275	7	1	43	0.096	
275	7	0	44	0.000	
276	7	1	55	0.034	
276	7	0	34	0.025	
276	7	1	34	0.046	
276	7	1	62	0.042	
276	7	1	55	0.071	
277	7	1	54	0.076	
277	7	0	41	0.000	
277	7	1	56	0.115	
277	7	1	53	0.023	
277	7	1	59	0.090	
278	7	1	49	0.034	
278	7	1	50	0.080	
278	7	1	52	0.046	
278	7	1	53	0.063	
278	7	1	50	0.059	
279	7	1	54	0.032	
279	7	1	60	0.044	
279	7	1	24	0.063	
279	7	1	60	0.071	
279	7	1	59	0.055	
280	7	1	53	0.057	
280	7	1	60	0.081	
280	7	1	61	0.093	
280	7	1	55	0.053	
280	7	1	56	0.100	
281	7	1	68	0.012	
281	7	1	36	0.060	
281	7	0	38	0.009	
281	7	1	61	0.044	
281	7	1	58	0.032	
282	7	1	67	0.072	
282	7	1	59	0.071	
282	7	1	62	0.079	
282	7	1	69	0.051	
282	7	1	65	0.085	
283	7	0	24	0.031	
283	7	1	25	0.061	
283	7	0	25	0.021	
283	7	0	25	0.013	
283	7	1	26	0.050	
284	7	1	46	0.090	
284	7	1	47	0.056	
284	7	1	48	0.090	
284	7	1	48	0.101	
284	7	0	34	0.006	
285	7	1	61	0.075	
285	7	1	59	0.043	
285	7	1	67	0.009	
285	7	0	30	0.000	
285	7	1	43	0.047	
286	7	1	50	0.075	
286	7	1	37	0.027	
286	7	1	37	0.084	
286	7	1	38	0.106	
286	7	1	55	0.081	
287	7	1	55	0.049	
287	7	1	63	0.048	
287	7	1	58	0.087	
287	7	1	54	0.046	
287	7	0	31	0.023	
288	7	1	30	0.088	
288	7	1	55	0.081	
288	7	1	31	0.081	
288	7	1	27	0.051	
288	7	1	57	0.042	
289	7	1	32	0.030	
289	7	1	58	0.060	
289	7	1	65	0.153	
289	7	1	56	0.056	
289	7	1	34	0.063	
290	7	1	74	0.069	
290	7	1	60	0.086	
290	7	1	73	0.094	
290	7	0	26	0.033	
290	7	0	48	0.015	
291	7	1	46	0.167	
291	7	1	48	0.144	
291	7	1	47	0.107	
291	7	1	47	0.135	
291	7	1	48	0.144	
292	7	1	49	0.116	
292	7	1	48	0.093	
292	7	0	46	0.000	
292	7	1	57	0.002	
292	7	1	62	0.035	
293	7	1	27	0.066	
293	7	0	26	0.020	
293	7	1	25	0.064	
293	7	1	26	0.049	
293	7	1	27	0.050	
294	7	1	32	0.032	
294	7	1	31	0.078	
294	7	1	34	0.043	
294	7	0	38	0.000	
294	7	1	31	0.035	
295	7	1	62	0.096	
295	7	1	68	0.035	
295	7	1	54	0.001	
295	7	1	57	0.016	
295	7	1	55	0.054	
296	7	1	47	0.036	
296	7	1	47	0.036	
296	7	1	46	0.097	
296	7	1	46	0.068	
296	7	1	47	0.036	
297	7	1	59	0.057	
297	7	1	64	0.054	
297	7	1	58	0.050	
297	7	1	60	0.069	
297	7	1	68	0.062	
298	7	1	29	0.098	
298	7	1	29	0.088	
298	7	1	43	0.039	
298	7	1	59	0.045	
298	7	1	61	0.087	
299	7	1	49	0.083	
299	7	1	48	0.059	
299	7	1	50	0.083	
299	7	1	48	0.083	
299	7	0	36	0.000	
0	8	1	62	0.081	
0	8	1	64	0.056	
0	8	1	62	0.155	
0	8	1	64	0.056	
0	8	1	73	0.113	
1	8	1	63	0.180	
1	8	1	63	0.134	
1	8	1	63	0.128	
1	8	1	63	0.147	
1	8	1	63	0.197	
2	8	1	59	0.075	
2	8	1	60	0.084	
2	8	1	59	0.085	
2	8	1	60	0.071	
2	8	1	59	0.075	
3	8	1	59	0.128	
3	8	1	59	0.094	
3	8	1	59	0.095	
3	8	1	59	0.057	
3	8	1	59	0.128	
4	8	0	39	0.012	
4	8	1	44	0.042	
4	8	1	76	0.057	
4	8	0	39	0.000	
4	8	1	41	0.034	
5	8	1	59	0.184	
5	8	1	59	0.181	
5	8	1	59	0.181	
5	8	1	59	0.177	
5	8	1	59	0.183	
6	8	1	62	0.121	
6	8	1	62	0.104	
6	8	1	77	0.082	
6	8	1	61	0.087	
6	8	1	61	0.079	
7	8	1	44	0.119	
7	8	1	61	0.054	
7	8	1	44	0.081	
7	8	1	66	0.063	
7	8	1	44	0.076	
8	8	1	62	0.146	
8	8	1	62	0.179	
8	8	1	62	0.075	
8	8	1	62	0.080	
8	8	1	62	0.154	
9	8	1	60	0.180	
9	8	1	60	0.184	
9	8	1	60	0.202	
9	8	1	61	0.200	
9	8	1	60	0.186	
10	8	1	60	0.072	
10	8	1	59	0.071	
10	8	1	59	0.073	
10	8	1	59	0.091	
10	8	1	59	0.100	
11	8	1	60	0.103	
11	8	1	60	0.103	
11	8	1	60	0.109	
11	8	1	60	0.103	
11	8	1	60	0.103	
12	8	1	60	0.053	
12	8	1	60	0.075	
12	8	1	60	0.069	
12	8	1	75	0.071	
12	8	1	60	0.055	
13	8	1	61	0.118	
13	8	1	61	0.106	
13	8	1	61	0.112	
13	8	1	61	0.118	
13	8	1	61	0.123	
14	8	1	60	0.057	
14	8	1	61	0.077	
14	8	1	60	0.075	
14	8	1	60	0.074	
14	8	1	60	0.077	
15	8	1	63	0.214	
15	8	1	63	0.207	
15	8	1	63	0.190	
15	8	1	62	0.219	
15	8	1	63	0.191	
16	8	1	64	0.118	
16	8	1	65	0.087	
16	8	1	39	0.116	
16	8	1	40	0.028	
16	8	1	39	0.111	
17	8	1	61	0.131	
17	8	1	61	0.185	
17	8	1	61	0.180	
17	8	1	61	0.180	
17	8	1	61	0.113	
18	8	1	60	0.173	
18	8	1	60	0.173	
18	8	1	60	0.173	
18	8	1	60	0.152	
18	8	1	60	0.186	
19	8	1	53	0.071	
19	8	1	53	0.057	
19	8	1	65	0.057	
19	8	1	64	0.060	
19	8	1	65	0.076	
20	8	1	60	0.181	
20	8	1	60	0.217	
20	8	1	60	0.217	
20	8	1	60	0.216	
20	8	1	60	0.181	
21	8	1	63	0.135	
21	8	1	63	0.125	
21	8	1	63	0.134	
21	8	1	63	0.117	
21	8	1	63	0.114	
22	8	1	60	0.058	
22	8	1	60	0.083	
22	8	1	60	0.079	
22	8	1	60	0.081	
22	8	1	60	0.092	
23	8	1	27	0.070	
23	8	1	27	0.070	
23	8	1	27	0.070	
23	8	1	26	0.070	
23	8	1	26	0.070	
24	8	1	64	0.085	
24	8	1	65	0.102	
24	8	1	64	0.096	
24	8	1	67	0.102	
24	8	1	66	0.098	
25	8	1	59	0.119	
25	8	1	59	0.119	
25	8	1	59	0.119	
25	8	1	59	0.119	
25	8	1	59	0.120	
26	8	1	60	0.110	
26	8	1	60	0.115	
26	8	1	60	0.115	
26	8	1	60	0.110	
26	8	1	60	0.108	
27	8	1	59	0.099	
27	8	1	59	0.099	
27	8	1	59	0.099	
27	8	1	59	0.104	
27	8	1	59	0.082	
28	8	1	60	0.133	
28	8	1	60	0.141	
28	8	1	59	0.127	
28	8	1	59	0.127	
28	8	1	60	0.131	
29	8	1	52	0.021	
29	8	1	44	0.040	
29	8	1	44	0.040	
29	8	1	45	0.040	
29	8	1	44	0.040	
30	8	1	63	0.091	
30	8	1	64	0.054	
30	8	1	64	0.092	
30	8	1	64	0.119	
30	8	1	64	0.028	
31	8	1	60	0.139	
31	8	1	60	0.123	
31	8	1	60	0.139	
31	8	1	60	0.116	
31	8	1	60	0.139	
32	8	1	59	0.075	
32	8	1	59	0.067	
32	8	1	59	0.067	
32	8	1	59	0.067	
32	8	1	59	0.067	
33	8	1	33	0.033	
33	8	1	33	0.052	
33	8	1	33	0.053	
33	8	1	33	0.056	
33	8	1	33	0.048	
34	8	1	60	0.145	
34	8	1	60	0.106	
34	8	1	60	0.145	
34	8	1	60	0.115	
34	8	1	60	0.096	
35	8	1	59	0.102	
35	8	1	59	0.103	
35	8	1	59	0.105	
35	8	1	59	0.104	
35	8	1	59	0.103	
36	8	1	59	0.187	
36	8	1	59	0.185	
36	8	1	59	0.187	
36	8	1	59	0.185	
36	8	1	59	0.185	
37	8	1	61	0.057	
37	8	1	61	0.011	
37	8	1	66	0.082	
37	8	1	61	0.054	
37	8	1	61	0.081	
38	8	1	63	0.049	
38	8	1	63	0.034	
38	8	1	71	0.087	
38	8	1	63	0.081	
38	8	1	62	0.106	
39	8	1	59	0.104	
39	8	1	59	0.099	
39	8	1	59	0.092	
39	8	1	59	0.092	
39	8	1	59	0.099	
40	8	1	59	0.340	
40	8	1	59	0.337	
40	8	1	59	0.340	
40	8	1	59	0.337	
40	8	1	59	0.340	
41	8	1	59	0.211	
41	8	1	59	0.215	
41	8	1	59	0.212	
41	8	1	59	0.215	
41	8	1	59	0.211	
42	8	1	59	0.639	
42	8	1	59	0.639	
42	8	1	59	0.639	
42	8	1	59	0.639	
42	8	1	59	0.639	
43	8	1	64	0.073	
43	8	1	40	0.067	
43	8	1	74	0.082	
43	8	1	74	0.083	
43	8	1	83	0.032	
44	8	1	61	0.121	
44	8	1	62	0.114	
44	8	1	62	0.107	
44	8	1	69	0.040	
44	8	1	71	0.115	
45	8	1	29	0.077	
45	8	1	29	0.083	
45	8	1	29	0.072	
45	8	1	29	0.075	
45	8	1	29	0.084	
46	8	1	69	0.103	
46	8	1	68	0.098	
46	8	1	41	0.011	
46	8	1	34	0.068	
46	8	1	71	0.121	
47	8	1	60	0.075	
47	8	1	37	0.025	
47	8	1	37	0.025	
47	8	1	60	0.075	
47	8	1	60	0.073	
48	8	1	66	0.109	
48	8	1	67	0.115	
48	8	1	66	0.105	
48	8	1	66	0.105	
48	8	1	66	0.102	
49	8	1	65	0.020	
49	8	1	73	0.069	
49	8	1	48	0.020	
49	8	1	75	0.080	
49	8	1	74	0.038	
50	8	1	73	0.184	
50	8	1	73	0.177	
50	8	1	72	0.203	
50	8	1	73	0.181	
50	8	1	77	0.137	
51	8	1	60	0.120	
51	8	1	60	0.147	
51	8	1	60	0.098	
51	8	1	60	0.163	
51	8	1	60	0.134	
52	8	1	61	0.136	
52	8	1	61	0.137	
52	8	1	61	0.136	
52	8	1	61	0.132	
52	8	1	62	0.113	
53	8	1	64	0.119	
53	8	1	64	0.123	
53	8	1	64	0.120	
53	8	1	64	0.130	
53	8	1	64	0.122	
54	8	1	59	0.149	
54	8	1	59	0.129	
54	8	1	59	0.129	
54	8	1	59	0.129	
54	8	1	59	0.149	
55	8	1	61	0.094	
55	8	1	61	0.096	
55	8	1	61	0.094	
55	8	1	61	0.096	
55	8	1	61	0.096	
56	8	1	63	0.093	
56	8	1	63	0.116	
56	8	1	63	0.090	
56	8	1	63	0.096	
56	8	1	63	0.092	
57	8	1	125	0.050	
57	8	1	65	0.102	
57	8	1	68	0.037	
57	8	1	182	0.074	
57	8	1	83	0.140	
58	8	1	34	0.059	
58	8	1	34	0.072	
58	8	1	37	0.074	
58	8	1	34	0.059	
58	8	1	67	0.055	
59	8	1	70	0.066	
59	8	1	60	0.066	
59	8	1	68	0.033	
59	8	1	51	0.002	
59	8	1	66	0.074	
60	8	1	59	0.066	
60	8	1	59	0.068	
60	8	1	59	0.069	
60	8	1	59	0.067	
60	8	1	60	0.058	
61	8	1	59	0.391	
61	8	1	59	0.388	
61	8	1	59	0.391	
61	8	1	59	0.388	
61	8	1	59	0.391	
62	8	1	64	0.037	
62	8	1	64	0.036	
62	8	1	64	0.036	
62	8	1	65	0.055	
62	8	1	65	0.055	
63	8	1	65	0.160	
63	8	1	64	0.108	
63	8	1	62	0.117	
63	8	1	62	0.142	
63	8	1	63	0.124	
64	8	1	62	0.104	
64	8	1	62	0.096	
64	8	1	62	0.107	
64	8	1	62	0.106	
64	8	1	62	0.101	
65	8	1	59	0.127	
65	8	1	59	0.118	
65	8	1	59	0.100	
65	8	1	59	0.133	
65	8	1	59	0.124	
66	8	1	62	0.119	
66	8	1	62	0.084	
66	8	1	62	0.119	
66	8	1	62	0.132	
66	8	1	62	0.084	
67	8	1	59	0.337	
67	8	1	59	0.340	
67	8	1	59	0.337	
67	8	1	59	0.340	
67	8	1	59	0.340	
68	8	1	63	0.060	
68	8	1	63	0.091	
68	8	1	62	0.100	
68	8	1	63	0.082	
68	8	1	63	0.106	
69	8	1	61	0.053	
69	8	1	60	0.073	
69	8	1	60	0.082	
69	8	1	61	0.074	
69	8	1	60	0.072	
70	8	1	63	0.156	
70	8	1	63	0.123	
70	8	1	63	0.163	
70	8	1	63	0.151	
70	8	1	63	0.138	
71	8	1	59	0.096	
71	8	1	59	0.096	
71	8	1	59	0.096	
71	8	1	59	0.096	
71	8	1	59	0.096	
72	8	1	59	0.215	
72	8	1	59	0.214	
72	8	1	59	0.211	
72	8	1	59	0.212	
72	8	1	59	0.215	
73	8	1	60	0.069	
73	8	1	60	0.069	
73	8	1	60	0.064	
73	8	1	60	0.061	
73	8	1	32	0.031	
74	8	1	60	0.089	
74	8	1	60	0.054	
74	8	1	60	0.098	
74	8	1	60	0.146	
74	8	1	60	0.073	
75	8	1	59	0.354	
75	8	1	59	0.350	
75	8	1	59	0.350	
75	8	1	59	0.350	
75	8	1	59	0.357	
76	8	1	61	0.128	
76	8	1	60	0.081	
76	8	1	61	0.050	
76	8	1	61	0.106	
76	8	1	60	0.058	
77	8	1	60	0.157	
77	8	1	60	0.157	
77	8	1	60	0.164	
77	8	1	60	0.134	
77	8	1	60	0.157	
78	8	1	62	0.076	
78	8	1	62	0.022	
78	8	0	32	0.000	
78	8	1	42	0.030	
78	8	1	31	0.119	
79	8	1	59	0.065	
79	8	1	59	0.061	
79	8	1	59	0.073	
79	8	1	59	0.060	
79	8	1	59	0.101	
80	8	1	65	0.070	
80	8	1	65	0.087	
80	8	1	65	0.090	
80	8	1	64	0.034	
80	8	1	32	0.123	
81	8	1	59	0.109	
81	8	1	59	0.116	
81	8	1	60	0.190	
81	8	1	60	0.158	
81	8	1	60	0.150	
82	8	1	60	0.082	
82	8	1	60	0.080	
82	8	1	60	0.083	
82	8	1	59	0.083	
82	8	1	60	0.079	
83	8	1	61	0.095	
83	8	1	61	0.092	
83	8	1	61	0.152	
83	8	1	61	0.095	
83	8	1	61	0.095	
84	8	1	59	0.059	
84	8	1	60	0.059	
84	8	1	59	0.065	
84	8	1	59	0.058	
84	8	1	59	0.058	
85	8	1	64	0.076	
85	8	1	31	0.103	
85	8	1	64	0.075	
85	8	1	65	0.071	
85	8	1	64	0.095	
86	8	1	64	0.029	
86	8	1	65	0.036	
86	8	1	67	0.131	
86	8	1	64	0.042	
86	8	1	64	0.013	
87	8	1	59	0.083	
87	8	1	60	0.095	
87	8	1	59	0.087	
87	8	1	60	0.089	
87	8	1	59	0.083	
88	8	1	59	0.090	
88	8	1	59	0.093	
88	8	1	59	0.090	
88	8	1	59	0.093	
88	8	1	59	0.070	
89	8	1	59	0.048	
89	8	1	59	0.068	
89	8	1	59	0.071	
89	8	1	59	0.081	
89	8	1	59	0.073	
90	8	1	60	0.092	
90	8	1	60	0.092	
90	8	1	60	0.093	
90	8	1	60	0.092	
90	8	1	60	0.092	
91	8	1	62	0.183	
91	8	1	62	0.178	
91	8	1	62	0.164	
91	8	1	62	0.170	
91	8	1	63	0.195	
92	8	1	60	0.087	
92	8	1	59	0.103	
92	8	1	59	0.089	
92	8	1	60	0.078	
92	8	1	59	0.095	
93	8	1	59	0.791	
93	8	1	59	0.791	
93	8	1	59	0.791	
93	8	1	59	0.791	
93	8	1	59	0.791	
94	8	1	59	0.391	
94	8	1	59	0.389	
94	8	1	59	0.386	
94	8	1	59	0.389	
94	8	1	59	0.386	
95	8	1	59	0.074	
95	8	1	60	0.080	
95	8	1	59	0.077	
95	8	1	59	0.094	
95	8	1	59	0.079	
96	8	1	66	0.053	
96	8	1	70	0.104	
96	8	1	67	0.065	
96	8	1	73	0.053	
96	8	1	73	0.114	
97	8	1	60	0.079	
97	8	1	59	0.051	
97	8	1	60	0.078	
97	8	1	60	0.063	
97	8	1	60	0.062	
98	8	1	26	0.075	
98	8	1	26	0.074	
98	8	1	26	0.074	
98	8	1	26	0.073	
98	8	1	26	0.070	
99	8	1	70	0.061	
99	8	1	86	0.107	
99	8	1	68	0.121	
99	8	1	69	0.129	
99	8	1	68	0.121	
100	8	1	61	0.079	
100	8	1	61	0.079	
100	8	1	61	0.082	
100	8	1	61	0.082	
100	8	1	61	0.087	
101	8	1	60	0.141	
101	8	1	60	0.139	
101	8	1	60	0.193	
101	8	1	60	0.240	
101	8	1	60	0.133	
102	8	1	71	0.144	
102	8	1	61	0.115	
102	8	1	61	0.147	
102	8	1	61	0.143	
102	8	1	61	0.134	
103	8	1	65	0.060	
103	8	1	72	0.070	
103	8	1	65	0.062	
103	8	1	66	0.092	
103	8	1	65	0.085	
104	8	1	61	0.104	
104	8	1	60	0.106	
104	8	1	63	0.045	
104	8	1	61	0.134	
104	8	1	61	0.126	
105	8	1	34	0.093	
105	8	1	62	0.057	
105	8	1	34	0.113	
105	8	1	34	0.099	
105	8	1	34	0.085	
106	8	1	62	0.112	
106	8	1	62	0.105	
106	8	1	62	0.105	
106	8	1	62	0.086	
106	8	1	62	0.112	
107	8	1	62	0.111	
107	8	1	62	0.052	
107	8	1	62	0.074	
107	8	1	62	0.071	
107	8	1	63	0.092	
108	8	1	60	0.173	
108	8	1	60	0.173	
108	8	1	60	0.173	
108	8	1	60	0.173	
108	8	1	60	0.186	
109	8	1	68	0.105	
109	8	1	61	0.102	
109	8	1	61	0.098	
109	8	1	61	0.078	
109	8	1	61	0.081	
110	8	1	63	0.156	
110	8	1	63	0.127	
110	8	1	63	0.145	
110	8	1	63	0.154	
110	8	1	63	0.202	
111	8	1	51	0.060	
111	8	0	56	0.000	
111	8	1	51	0.084	
111	8	1	76	0.004	
111	8	0	57	0.000	
112	8	1	36	0.040	
112	8	1	36	0.053	
112	8	1	36	0.064	
112	8	1	36	0.053	
112	8	1	36	0.049	
113	8	1	83	0.087	
113	8	0	46	0.018	
113	8	1	36	0.100	
113	8	1	62	0.060	
113	8	1	62	0.054	
114	8	1	77	0.053	
114	8	1	72	0.037	
114	8	1	77	0.058	
114	8	1	66	0.022	
114	8	0	36	0.000	
115	8	1	34	0.114	
115	8	1	60	0.088	
115	8	1	34	0.136	
115	8	1	60	0.099	
115	8	1	34	0.115	
116	8	1	61	0.120	
116	8	1	61	0.104	
116	8	1	61	0.099	
116	8	1	62	0.102	
116	8	1	62	0.107	
117	8	1	35	0.175	
117	8	1	90	0.030	
117	8	0	44	0.000	
117	8	1	85	0.047	
117	8	1	57	0.004	
118	8	1	69	0.036	
118	8	1	69	0.087	
118	8	1	69	0.070	
118	8	0	63	0.004	
118	8	1	68	0.064	
119	8	1	78	0.062	
119	8	1	44	0.066	
119	8	1	66	0.094	
119	8	1	79	0.064	
119	8	1	78	0.054	
120	8	1	65	0.056	
120	8	1	67	0.060	
120	8	1	66	0.072	
120	8	1	68	0.071	
120	8	1	66	0.078	
121	8	1	64	0.117	
121	8	1	64	0.100	
121	8	1	64	0.113	
121	8	1	63	0.127	
121	8	1	64	0.133	
122	8	1	61	0.109	
122	8	1	62	0.058	
122	8	1	62	0.107	
122	8	1	61	0.075	
122	8	1	70	0.056	
123	8	1	63	0.053	
123	8	1	84	0.046	
123	8	1	62	0.097	
123	8	1	62	0.020	
123	8	1	63	0.061	
124	8	1	67	0.116	
124	8	1	68	0.088	
124	8	1	68	0.142	
124	8	1	75	0.078	
124	8	1	73	0.135	
125	8	1	62	0.109	
125	8	1	63	0.094	
125	8	1	62	0.101	
125	8	1	63	0.103	
125	8	1	63	0.098	
126	8	1	62	0.102	
126	8	1	62	0.103	
126	8	1	62	0.103	
126	8	1	62	0.104	
126	8	1	62	0.104	
127	8	1	74	0.076	
127	8	1	34	0.081	
127	8	1	54	0.064	
127	8	1	71	0.075	
127	8	1	72	0.076	
128	8	1	59	0.099	
128	8	1	59	0.110	
128	8	1	59	0.112	
128	8	1	59	0.125	
128	8	1	59	0.109	
129	8	1	71	0.016	
129	8	1	71	0.037	
129	8	1	69	0.077	
129	8	1	30	0.091	
129	8	1	71	0.022	
130	8	1	59	0.102	
130	8	1	59	0.109	
130	8	1	60	0.059	
130	8	1	59	0.103	
130	8	1	59	0.113	
131	8	1	61	0.117	
131	8	1	61	0.111	
131	8	1	72	0.077	
131	8	1	62	0.122	
131	8	1	61	0.102	
132	8	1	63	0.086	
132	8	1	63	0.110	
132	8	1	63	0.111	
132	8	1	63	0.125	
132	8	1	63	0.073	
133	8	1	68	0.007	
133	8	1	71	0.067	
133	8	1	60	0.042	
133	8	1	60	0.036	
133	8	1	76	0.088	
134	8	1	60	0.083	
134	8	1	60	0.087	
134	8	1	60	0.070	
134	8	1	60	0.057	
134	8	1	60	0.056	
135	8	1	60	0.210	
135	8	1	61	0.245	
135	8	1	61	0.219	
135	8	1	61	0.153	
135	8	1	61	0.197	
136	8	1	63	0.123	
136	8	1	64	0.104	
136	8	1	61	0.027	
136	8	1	61	0.006	
136	8	0	60	0.001	
137	8	1	68	0.064	
137	8	1	69	0.112	
137	8	1	70	0.066	
137	8	1	75	0.055	
137	8	1	71	0.018	
138	8	1	104	0.042	
138	8	1	57	0.045	
138	8	1	57	0.039	
138	8	1	92	0.107	
138	8	1	87	0.055	
139	8	1	59	0.075	
139	8	1	59	0.073	
139	8	1	60	0.138	
139	8	1	60	0.118	
139	8	1	59	0.066	
140	8	1	63	0.037	
140	8	1	64	0.022	
140	8	1	64	0.048	
140	8	1	65	0.082	
140	8	1	74	0.094	
141	8	1	60	0.095	
141	8	1	60	0.095	
141	8	1	60	0.086	
141	8	1	60	0.095	
141	8	1	60	0.076	
142	8	1	60	0.104	
142	8	1	59	0.106	
142	8	1	59	0.106	
142	8	1	60	0.099	
142	8	1	59	0.095	
143	8	1	67	0.072	
143	8	1	67	0.125	
143	8	1	67	0.074	
143	8	1	74	0.107	
143	8	1	67	0.059	
144	8	1	62	0.070	
144	8	1	62	0.110	
144	8	1	62	0.063	
144	8	1	62	0.076	
144	8	1	62	0.109	
145	8	1	60	0.074	
145	8	1	60	0.086	
145	8	1	69	0.083	
145	8	1	59	0.097	
145	8	1	60	0.092	
146	8	1	61	0.132	
146	8	1	61	0.112	
146	8	1	61	0.110	
146	8	1	61	0.079	
146	8	1	61	0.115	
147	8	1	59	0.125	
147	8	1	59	0.130	
147	8	1	59	0.121	
147	8	1	59	0.130	
147	8	1	59	0.115	
148	8	1	60	0.068	
148	8	1	60	0.068	
148	8	1	60	0.064	
148	8	1	60	0.055	
148	8	1	60	0.068	
149	8	1	65	0.094	
149	8	1	65	0.091	
149	8	1	65	0.098	
149	8	1	65	0.085	
149	8	1	65	0.112	
150	8	1	63	0.054	
150	8	1	63	0.049	
150	8	1	63	0.034	
150	8	1	63	0.070	
150	8	1	63	0.079	
151	8	1	46	0.053	
151	8	1	42	0.048	
151	8	1	60	0.036	
151	8	1	60	0.039	
151	8	1	46	0.065	
152	8	1	61	0.107	
152	8	1	61	0.101	
152	8	1	61	0.148	
152	8	1	62	0.155	
152	8	1	62	0.168	
153	8	1	59	0.038	
153	8	1	46	0.048	
153	8	1	59	0.061	
153	8	1	48	0.024	
153	8	1	51	0.034	
154	8	1	33	0.122	
154	8	1	67	0.104	
154	8	1	67	0.097	
154	8	1	66	0.074	
154	8	1	66	0.085	
155	8	1	60	0.099	
155	8	1	60	0.107	
155	8	1	60	0.121	
155	8	1	60	0.105	
155	8	1	60	0.122	
156	8	1	60	0.105	
156	8	1	60	0.101	
156	8	1	60	0.098	
156	8	1	60	0.102	
156	8	1	60	0.103	
157	8	1	63	0.065	
157	8	1	31	0.114	
157	8	1	69	0.093	
157	8	1	76	0.041	
157	8	1	61	0.076	
158	8	1	72	0.047	
158	8	1	43	0.047	
158	8	1	72	0.053	
158	8	1	74	0.052	
158	8	1	42	0.066	
159	8	1	59	0.081	
159	8	1	59	0.077	
159	8	1	59	0.082	
159	8	1	59	0.094	
159	8	1	59	0.078	
160	8	1	60	0.075	
160	8	1	60	0.066	
160	8	1	60	0.055	
160	8	1	60	0.088	
160	8	1	60	0.083	
161	8	1	61	0.175	
161	8	1	60	0.144	
161	8	1	61	0.161	
161	8	1	60	0.165	
161	8	1	60	0.156	
162	8	1	70	0.069	
162	8	1	61	0.072	
162	8	1	61	0.043	
162	8	1	62	0.077	
162	8	1	68	0.081	
163	8	1	29	0.065	
163	8	1	29	0.082	
163	8	1	65	0.083	
163	8	1	29	0.068	
163	8	1	29	0.077	
164	8	1	60	0.075	
164	8	1	60	0.069	
164	8	1	60	0.075	
164	8	1	60	0.077	
164	8	1	60	0.075	
165	8	1	61	0.066	
165	8	1	61	0.066	
165	8	1	61	0.057	
165	8	1	61	0.056	
165	8	1	61	0.076	
166	8	1	60	0.095	
166	8	1	60	0.087	
166	8	1	60	0.060	
166	8	1	76	0.114	
166	8	1	60	0.092	
167	8	1	26	0.058	
167	8	1	26	0.068	
167	8	1	26	0.056	
167	8	1	26	0.070	
167	8	1	26	0.059	
168	8	1	68	0.105	
168	8	1	65	0.056	
168	8	1	65	0.077	
168	8	1	65	0.085	
168	8	1	65	0.072	
169	8	1	94	0.049	
169	8	1	82	0.076	
169	8	1	60	0.061	
169	8	1	44	0.039	
169	8	1	32	0.067	
170	8	1	59	0.071	
170	8	1	59	0.065	
170	8	1	59	0.084	
170	8	1	59	0.062	
170	8	1	59	0.105	
171	8	1	69	0.100	
171	8	1	55	0.011	
171	8	1	64	0.045	
171	8	1	67	0.012	
171	8	1	66	0.054	
172	8	1	59	0.062	
172	8	1	59	0.042	
172	8	1	59	0.042	
172	8	1	59	0.042	
172	8	1	59	0.042	
173	8	1	65	0.021	
173	8	1	65	0.004	
173	8	1	65	0.022	
173	8	1	65	0.078	
173	8	1	64	0.051	
174	8	1	61	0.080	
174	8	1	61	0.089	
174	8	1	61	0.088	
174	8	1	61	0.096	
174	8	1	61	0.092	
175	8	1	63	0.061	
175	8	1	63	0.068	
175	8	1	63	0.053	
175	8	1	63	0.061	
175	8	1	28	0.076	
176	8	1	71	0.153	
176	8	1	71	0.035	
176	8	1	86	0.041	
176	8	1	71	0.035	
176	8	1	81	0.085	
177	8	1	64	0.098	
177	8	1	62	0.037	
177	8	1	62	0.091	
177	8	1	44	0.050	
177	8	1	62	0.102	
178	8	1	61	0.084	
178	8	1	61	0.061	
178	8	1	61	0.101	
178	8	1	60	0.073	
178	8	1	60	0.076	
179	8	1	61	0.022	
179	8	1	61	0.040	
179	8	1	61	0.035	
179	8	1	64	0.069	
179	8	1	42	0.027	
180	8	1	72	0.033	
180	8	1	32	0.059	
180	8	1	64	0.073	
180	8	1	32	0.028	
180	8	1	32	0.043	
181	8	1	39	0.089	
181	8	1	80	0.092	
181	8	1	53	0.096	
181	8	1	66	0.128	
181	8	1	53	0.096	
182	8	1	98	0.041	
182	8	1	71	0.057	
182	8	1	71	0.057	
182	8	1	63	0.050	
182	8	1	82	0.094	
183	8	1	63	0.120	
183	8	1	63	0.110	
183	8	1	41	0.025	
183	8	1	62	0.048	
183	8	1	62	0.099	
184	8	1	66	0.128	
184	8	1	66	0.125	
184	8	1	66	0.102	
184	8	1	66	0.122	
184	8	1	66	0.097	
185	8	1	63	0.093	
185	8	1	63	0.090	
185	8	1	63	0.102	
185	8	1	63	0.093	
185	8	1	63	0.111	
186	8	1	39	0.082	
186	8	1	47	0.029	
186	8	1	45	0.061	
186	8	1	47	0.036	
186	8	1	47	0.013	
187	8	0	32	0.000	
187	8	1	31	0.096	
187	8	1	46	0.046	
187	8	1	60	0.073	
187	8	1	60	0.071	
188	8	1	65	0.109	
188	8	1	65	0.084	
188	8	1	65	0.099	
188	8	1	64	0.094	
188	8	1	65	0.107	
189	8	1	60	0.075	
189	8	1	66	0.090	
189	8	1	67	0.090	
189	8	1	59	0.093	
189	8	1	67	0.090	
190	8	1	65	0.063	
190	8	1	65	0.071	
190	8	1	63	0.020	
190	8	1	65	0.078	
190	8	1	64	0.052	
191	8	1	66	0.086	
191	8	1	30	0.404	
191	8	1	66	0.106	
191	8	1	66	0.100	
191	8	1	66	0.078	
192	8	1	90	0.022	
192	8	1	30	0.054	
192	8	1	30	0.054	
192	8	1	30	0.063	
192	8	1	30	0.054	
193	8	1	61	0.061	
193	8	1	77	0.046	
193	8	1	37	0.046	
193	8	1	60	0.049	
193	8	1	62	0.056	
194	8	1	72	0.065	
194	8	1	72	0.021	
194	8	1	68	0.087	
194	8	1	62	0.073	
194	8	1	39	0.097	
195	8	1	62	0.065	
195	8	1	62	0.099	
195	8	1	62	0.084	
195	8	1	62	0.093	
195	8	1	62	0.090	
196	8	1	60	0.093	
196	8	1	59	0.084	
196	8	1	60	0.081	
196	8	1	60	0.084	
196	8	1	60	0.079	
197	8	1	68	0.083	
197	8	1	68	0.090	
197	8	1	70	0.118	
197	8	1	69	0.075	
197	8	1	69	0.127	
198	8	1	61	0.102	
198	8	1	60	0.065	
198	8	1	60	0.077	
198	8	1	60	0.103	
198	8	1	60	0.041	
199	8	1	64	0.049	
199	8	1	64	0.063	
199	8	1	64	0.082	
199	8	1	71	0.074	
199	8	1	64	0.083	
200	8	1	60	0.078	
200	8	1	60	0.089	
200	8	1	60	0.092	
200	8	1	60	0.083	
200	8	1	60	0.089	
201	8	1	62	0.096	
201	8	1	62	0.079	
201	8	1	62	0.073	
201	8	1	72	0.094	
201	8	1	72	0.088	
202	8	1	60	0.095	
202	8	1	60	0.096	
202	8	1	60	0.079	
202	8	1	60	0.097	
202	8	1	60	0.095	
203	8	0	49	0.013	
203	8	1	61	0.044	
203	8	0	46	0.021	
203	8	0	50	0.003	
203	8	1	44	0.032	
204	8	1	46	0.065	
204	8	1	41	0.066	
204	8	1	63	0.037	
204	8	1	63	0.027	
204	8	1	45	0.053	
205	8	1	80	0.059	
205	8	1	48	0.055	
205	8	1	60	0.023	
205	8	1	65	0.030	
205	8	1	62	0.036	
206	8	1	71	0.065	
206	8	1	60	0.068	
206	8	1	67	0.059	
206	8	1	69	0.103	
206	8	1	60	0.098	
207	8	1	50	0.049	
207	8	1	71	0.054	
207	8	1	51	0.016	
207	8	1	77	0.069	
207	8	1	78	0.044	
208	8	1	61	0.052	
208	8	1	61	0.040	
208	8	1	61	0.063	
208	8	1	61	0.057	
208	8	1	61	0.040	
209	8	1	77	0.110	
209	8	1	66	0.161	
209	8	1	67	0.140	
209	8	1	66	0.156	
209	8	1	67	0.114	
210	8	1	61	0.050	
210	8	1	68	0.108	
210	8	1	61	0.065	
210	8	1	61	0.075	
210	8	1	61	0.072	
211	8	1	59	0.028	
211	8	1	60	0.063	
211	8	1	60	0.052	
211	8	1	60	0.061	
211	8	1	60	0.056	
212	8	1	59	0.048	
212	8	1	59	0.050	
212	8	1	59	0.048	
212	8	1	59	0.059	
212	8	1	59	0.061	
213	8	1	63	0.066	
213	8	1	63	0.086	
213	8	1	72	0.092	
213	8	1	63	0.084	
213	8	1	63	0.060	
214	8	1	66	0.045	
214	8	1	66	0.054	
214	8	1	66	0.064	
214	8	1	66	0.067	
214	8	1	66	0.062	
215	8	1	63	0.117	
215	8	1	63	0.075	
215	8	1	62	0.094	
215	8	1	63	0.110	
215	8	1	62	0.101	
216	8	1	64	0.100	
216	8	1	64	0.102	
216	8	1	64	0.101	
216	8	1	64	0.096	
216	8	1	64	0.107	
217	8	1	34	0.129	
217	8	1	65	0.064	
217	8	1	66	0.123	
217	8	1	65	0.111	
217	8	1	66	0.112	
218	8	1	59	0.036	
218	8	1	59	0.034	
218	8	1	59	0.051	
218	8	1	67	0.026	
218	8	1	59	0.040	
219	8	1	62	0.064	
219	8	1	62	0.046	
219	8	1	62	0.081	
219	8	1	62	0.080	
219	8	1	63	0.078	
220	8	1	40	0.052	
220	8	1	40	0.005	
220	8	1	43	0.054	
220	8	1	45	0.043	
220	8	1	39	0.047	
221	8	1	42	0.080	
221	8	1	42	0.058	
221	8	1	61	0.034	
221	8	1	43	0.067	
221	8	1	84	0.012	
222	8	1	31	0.114	
222	8	1	77	0.083	
222	8	1	62	0.048	
222	8	1	76	0.108	
222	8	1	30	0.112	
223	8	1	62	0.064	
223	8	1	62	0.090	
223	8	1	62	0.090	
223	8	1	62	0.065	
223	8	1	62	0.080	
224	8	1	65	0.081	
224	8	1	65	0.106	
224	8	1	65	0.089	
224	8	1	65	0.120	
224	8	1	65	0.093	
225	8	1	61	0.076	
225	8	1	61	0.030	
225	8	1	63	0.070	
225	8	1	64	0.092	
225	8	1	62	0.052	
226	8	1	73	0.123	
226	8	1	64	0.116	
226	8	1	61	0.131	
226	8	1	93	0.148	
226	8	1	61	0.126	
227	8	1	66	0.068	
227	8	1	67	0.039	
227	8	1	72	0.069	
227	8	1	66	0.068	
227	8	1	78	0.065	
228	8	1	80	0.042	
228	8	1	81	0.033	
228	8	1	82	0.033	
228	8	1	84	0.033	
228	8	1	92	0.032	
229	8	1	60	0.074	
229	8	1	60	0.043	
229	8	1	60	0.063	
229	8	1	60	0.056	
229	8	1	60	0.071	
230	8	1	62	0.078	
230	8	1	62	0.084	
230	8	1	62	0.076	
230	8	1	62	0.081	
230	8	1	62	0.072	
231	8	1	33	0.144	
231	8	1	66	0.077	
231	8	1	63	0.122	
231	8	1	64	0.141	
231	8	1	64	0.107	
232	8	1	63	0.110	
232	8	1	63	0.094	
232	8	1	63	0.097	
232	8	1	63	0.104	
232	8	1	63	0.101	
233	8	1	59	0.167	
233	8	1	60	0.161	
233	8	1	60	0.219	
233	8	1	59	0.167	
233	8	1	59	0.167	
234	8	1	85	0.099	
234	8	1	69	0.089	
234	8	1	60	0.078	
234	8	1	68	0.123	
234	8	1	61	0.091	
235	8	1	39	0.054	
235	8	1	40	0.069	
235	8	1	39	0.060	
235	8	1	36	0.061	
235	8	1	35	0.039	
236	8	1	82	0.156	
236	8	1	62	0.099	
236	8	1	62	0.097	
236	8	1	62	0.110	
236	8	1	62	0.129	
237	8	1	60	0.065	
237	8	1	60	0.064	
237	8	1	60	0.067	
237	8	1	60	0.070	
237	8	1	60	0.070	
238	8	1	46	0.104	
238	8	1	50	0.128	
238	8	1	45	0.146	
238	8	1	61	0.061	
238	8	1	66	0.105	
239	8	1	31	0.063	
239	8	1	29	0.081	
239	8	1	64	0.068	
239	8	1	63	0.057	
239	8	1	70	0.085	
240	8	1	69	0.162	
240	8	1	67	0.108	
240	8	1	67	0.161	
240	8	1	68	0.138	
240	8	1	67	0.169	
241	8	1	67	0.012	
241	8	1	66	0.092	
241	8	1	66	0.064	
241	8	1	66	0.083	
241	8	1	66	0.053	
242	8	1	62	0.087	
242	8	1	63	0.053	
242	8	1	62	0.075	
242	8	1	61	0.076	
242	8	1	62	0.083	
243	8	1	50	0.041	
243	8	1	69	0.029	
243	8	1	84	0.069	
243	8	1	67	0.077	
243	8	1	69	0.037	
244	8	1	65	0.049	
244	8	1	64	0.035	
244	8	1	65	0.034	
244	8	1	65	0.037	
244	8	1	65	0.030	
245	8	1	65	0.078	
245	8	1	65	0.076	
245	8	1	65	0.070	
245	8	1	65	0.076	
245	8	1	65	0.073	
246	8	1	73	0.076	
246	8	1	61	0.062	
246	8	1	66	0.045	
246	8	1	73	0.073	
246	8	1	62	0.042	
247	8	1	61	0.120	
247	8	1	60	0.136	
247	8	1	60	0.126	
247	8	1	61	0.152	
247	8	1	60	0.120	
248	8	1	38	0.013	
248	8	1	44	0.081	
248	8	1	38	0.024	
248	8	1	61	0.025	
248	8	1	46	0.025	
249	8	1	34	0.094	
249	8	1	63	0.071	
249	8	1	33	0.070	
249	8	1	62	0.059	
249	8	1	64	0.072	
250	8	1	77	0.024	
250	8	1	35	0.023	
250	8	1	60	0.055	
250	8	1	59	0.026	
250	8	1	38	0.025	
251	8	1	59	0.132	
251	8	1	59	0.085	
251	8	1	59	0.126	
251	8	1	59	0.098	
251	8	1	59	0.085	
252	8	1	59	0.105	
252	8	1	59	0.105	
252	8	1	59	0.105	
252	8	1	59	0.099	
252	8	1	59	0.105	
253	8	1	29	0.101	
253	8	1	39	0.038	
253	8	1	60	0.033	
253	8	0	36	0.000	
253	8	1	60	0.044	
254	8	1	71	0.056	
254	8	1	71	0.071	
254	8	1	73	0.043	
254	8	1	72	0.061	
254	8	1	72	0.048	
255	8	1	70	0.059	
255	8	1	33	0.066	
255	8	1	42	0.047	
255	8	1	65	0.024	
255	8	1	45	0.054	
256	8	1	61	0.109	
256	8	1	60	0.102	
256	8	1	60	0.113	
256	8	1	61	0.105	
256	8	1	60	0.084	
257	8	1	61	0.096	
257	8	1	61	0.095	
257	8	1	61	0.095	
257	8	1	61	0.139	
257	8	1	61	0.095	
258	8	1	60	0.017	
258	8	1	59	0.070	
258	8	1	59	0.059	
258	8	1	60	0.025	
258	8	1	59	0.087	
259	8	1	63	0.136	
259	8	1	63	0.132	
259	8	1	72	0.031	
259	8	1	62	0.125	
259	8	1	63	0.127	
260	8	1	99	0.102	
260	8	1	108	0.042	
260	8	1	44	0.150	
260	8	1	84	0.050	
260	8	1	82	0.004	
261	8	1	61	0.075	
261	8	1	61	0.083	
261	8	1	61	0.083	
261	8	1	61	0.068	
261	8	1	61	0.075	
262	8	1	35	0.116	
262	8	1	35	0.124	
262	8	1	69	0.094	
262	8	1	58	0.025	
262	8	1	48	0.018	
263	8	1	60	0.064	
263	8	1	60	0.067	
263	8	1	60	0.067	
263	8	1	60	0.067	
263	8	1	60	0.056	
264	8	1	63	0.129	
264	8	1	63	0.110	
264	8	1	63	0.124	
264	8	1	63	0.135	
264	8	1	63	0.116	
265	8	1	80	0.101	
265	8	1	35	0.105	
265	8	1	69	0.071	
265	8	1	67	0.036	
265	8	1	70	0.041	
266	8	1	63	0.037	
266	8	1	71	0.051	
266	8	0	41	0.008	
266	8	0	40	0.004	
266	8	1	69	0.016	
267	8	1	62	0.102	
267	8	1	62	0.099	
267	8	1	62	0.094	
267	8	1	62	0.091	
267	8	1	63	0.069	
268	8	1	62	0.067	
268	8	1	62	0.054	
268	8	1	62	0.058	
268	8	1	62	0.063	
268	8	1	63	0.079	
269	8	1	61	0.114	
269	8	1	62	0.124	
269	8	1	62	0.125	
269	8	1	62	0.121	
269	8	1	62	0.113	
270	8	1	61	0.117	
270	8	1	61	0.146	
270	8	1	61	0.110	
270	8	1	61	0.105	
270	8	1	61	0.100	
271	8	0	39	0.000	
271	8	0	39	0.000	
271	8	1	50	0.050	
271	8	0	39	0.000	
271	8	0	39	0.000	
272	8	0	49	0.000	
272	8	1	34	0.098	
272	8	0	51	0.000	
272	8	1	34	0.094	
272	8	1	34	0.124	
273	8	1	34	0.113	
273	8	1	35	0.072	
273	8	1	34	0.086	
273	8	1	34	0.086	
273	8	1	34	0.109	
274	8	1	60	0.107	
274	8	1	60	0.098	
274	8	1	60	0.098	
274	8	1	60	0.090	
274	8	1	60	0.099	
275	8	1	65	0.032	
275	8	1	64	0.006	
275	8	0	54	0.000	
275	8	1	59	0.018	
275	8	1	79	0.025	
276	8	1	38	0.012	
276	8	1	37	0.010	
276	8	1	59	0.022	
276	8	1	37	0.028	
276	8	1	73	0.054	
277	8	1	62	0.036	
277	8	1	64	0.069	
277	8	0	51	0.004	
277	8	1	63	0.082	
277	8	1	64	0.025	
278	8	1	65	0.089	
278	8	1	64	0.097	
278	8	1	64	0.106	
278	8	1	64	0.107	
278	8	1	65	0.085	
279	8	0	46	0.000	
279	8	1	62	0.047	
279	8	1	80	0.024	
279	8	1	64	0.028	
279	8	0	54	0.000	
280	8	1	91	0.034	
280	8	1	64	0.074	
280	8	1	72	0.122	
280	8	1	85	0.102	
280	8	1	85	0.063	
281	8	1	36	0.130	
281	8	1	84	0.021	
281	8	1	97	0.037	
281	8	1	56	0.039	
281	8	1	79	0.042	
282	8	0	50	0.013	
282	8	1	69	0.044	
282	8	1	45	0.060	
282	8	1	45	0.051	
282	8	1	45	0.051	
283	8	1	32	0.043	
283	8	1	32	0.044	
283	8	1	32	0.057	
283	8	1	32	0.042	
283	8	0	32	0.033	
284	8	1	72	0.118	
284	8	1	65	0.066	
284	8	1	72	0.083	
284	8	1	65	0.052	
284	8	1	65	0.066	
285	8	1	75	0.045	
285	8	1	89	0.041	
285	8	1	67	0.061	
285	8	1	50	0.042	
285	8	1	65	0.035	
286	8	1	64	0.102	
286	8	1	70	0.040	
286	8	1	65	0.105	
286	8	1	64	0.099	
286	8	1	66	0.103	
287	8	1	70	0.049	
287	8	1	69	0.051	
287	8	1	68	0.047	
287	8	1	69	0.048	
287	8	1	69	0.027	
288	8	1	40	0.061	
288	8	1	37	0.102	
288	8	1	39	0.080	
288	8	1	40	0.085	
288	8	1	68	0.096	
289	8	1	66	0.139	
289	8	1	66	0.110	
289	8	1	66	0.158	
289	8	1	39	0.130	
289	8	1	64	0.125	
290	8	1	70	0.108	
290	8	1	71	0.104	
290	8	1	63	0.104	
290	8	1	64	0.095	
290	8	1	37	0.057	
291	8	1	61	0.115	
291	8	1	61	0.111	
291	8	1	61	0.182	
291	8	1	61	0.123	
291	8	1	61	0.101	
292	8	1	70	0.037	
292	8	1	80	0.118	
292	8	1	70	0.043	
292	8	1	70	0.017	
292	8	1	84	0.112	
293	8	1	33	0.042	
293	8	1	33	0.038	
293	8	1	33	0.037	
293	8	0	32	0.018	
293	8	1	33	0.033	
294	8	1	50	0.081	
294	8	1	41	0.077	
294	8	1	41	0.076	
294	8	1	92	0.003	
294	8	1	69	0.019	
295	8	1	70	0.016	
295	8	1	69	0.044	
295	8	1	68	0.033	
295	8	1	69	0.033	
295	8	1	69	0.055	
296	8	1	62	0.080	
296	8	1	62	0.104	
296	8	1	63	0.123	
296	8	1	62	0.102	
296	8	1	62	0.080	
297	8	1	63	0.045	
297	8	1	63	0.020	
297	8	0	34	0.000	
297	8	1	73	0.063	
297	8	0	36	0.014	
298	8	1	65	0.097	
298	8	1	60	0.046	
298	8	1	36	0.088	
298	8	1	77	0.068	
298	8	1	53	0.081	
299	8	1	66	0.072	
299	8	1	67	0.105	
299	8	1	65	0.070	
299	8	1	66	0.075	
299	8	1	66	0.068	
0	9	1	71	0.081	
0	9	1	70	0.100	
0	9	1	76	0.067	
0	9	1	76	0.085	
0	9	1	71	0.081	
1	9	1	71	0.114	
1	9	1	71	0.139	
1	9	1	71	0.138	
1	9	1	71	0.118	
1	9	1	71	0.111	
2	9	1	68	0.062	
2	9	1	126	0.019	
2	9	1	114	0.036	
2	9	1	68	0.054	
2	9	1	68	0.045	
3	9	1	68	0.105	
3	9	1	68	0.075	
3	9	1	68	0.089	
3	9	1	68	0.106	
3	9	1	68	0.074	
4	9	1	44	0.064	
4	9	1	71	0.057	
4	9	1	43	0.041	
4	9	1	78	0.053	
4	9	1	72	0.059	
5	9	1	68	0.169	
5	9	1	68	0.177	
5	9	1	68	0.170	
5	9	1	68	0.170	
5	9	1	68	0.170	
6	9	1	70	0.052	
6	9	1	70	0.062	
6	9	1	71	0.095	
6	9	1	54	0.053	
6	9	1	69	0.052	
7	9	1	55	0.032	
7	9	1	49	0.109	
7	9	1	70	0.114	
7	9	1	70	0.117	
7	9	1	49	0.115	
8	9	1	71	0.153	
8	9	1	71	0.161	
8	9	1	71	0.178	
8	9	1	71	0.170	
8	9	1	71	0.178	
9	9	1	69	0.168	
9	9	1	69	0.177	
9	9	1	69	0.179	
9	9	1	69	0.194	
9	9	1	69	0.179	
10	9	1	68	0.064	
10	9	1	68	0.056	
10	9	1	68	0.067	
10	9	1	68	0.047	
10	9	1	68	0.051	
11	9	1	68	0.098	
11	9	1	68	0.098	
11	9	1	68	0.101	
11	9	1	68	0.101	
11	9	1	68	0.098	
12	9	1	76	0.057	
12	9	1	77	0.061	
12	9	1	53	0.028	
12	9	1	54	0.065	
12	9	1	53	0.024	
13	9	1	69	0.133	
13	9	1	69	0.128	
13	9	1	69	0.131	
13	9	1	69	0.137	
13	9	1	69	0.125	
14	9	1	68	0.054	
14	9	1	69	0.065	
14	9	1	68	0.073	
14	9	1	70	0.079	
14	9	1	69	0.069	
15	9	1	71	0.198	
15	9	1	71	0.198	
15	9	1	71	0.201	
15	9	1	71	0.189	
15	9	1	70	0.188	
16	9	1	73	0.087	
16	9	1	72	0.084	
16	9	1	73	0.119	
16	9	1	73	0.085	
16	9	1	73	0.062	
17	9	1	69	0.090	
17	9	1	69	0.074	
17	9	1	69	0.082	
17	9	1	69	0.086	
17	9	1	69	0.090	
18	9	1	68	0.116	
18	9	1	68	0.117	
18	9	1	68	0.102	
18	9	1	68	0.119	
18	9	1	68	0.102	
19	9	1	73	0.003	
19	9	1	74	0.084	
19	9	1	59	0.072	
19	9	1	73	0.003	
19	9	1	73	0.004	
20	9	1	68	0.159	
20	9	1	68	0.169	
20	9	1	68	0.166	
20	9	1	68	0.169	
20	9	1	68	0.167	
21	9	1	72	0.127	
21	9	1	71	0.133	
21	9	1	72	0.142	
21	9	1	72	0.137	
21	9	1	72	0.134	
22	9	1	68	0.072	
22	9	1	68	0.072	
22	9	1	68	0.083	
22	9	1	77	0.102	
22	9	1	68	0.080	
23	9	1	28	0.063	
23	9	1	28	0.064	
23	9	1	28	0.064	
23	9	1	28	0.063	
23	9	1	29	0.065	
24	9	1	72	0.091	
24	9	1	75	0.079	
24	9	1	75	0.092	
24	9	1	73	0.106	
24	9	1	73	0.095	
25	9	1	68	0.105	
25	9	1	68	0.105	
25	9	1	68	0.124	
25	9	1	68	0.105	
25	9	1	68	0.105	
26	9	1	69	0.137	
26	9	1	69	0.131	
26	9	1	69	0.141	
26	9	1	69	0.142	
26	9	1	69	0.135	
27	9	1	68	0.058	
27	9	1	68	0.036	
27	9	1	68	0.035	
27	9	1	68	0.058	
27	9	1	68	0.107	
28	9	1	68	0.134	
28	9	1	68	0.134	
28	9	1	68	0.140	
28	9	1	68	0.131	
28	9	1	68	0.146	
29	9	1	36	0.030	
29	9	1	44	0.030	
29	9	1	43	0.030	
29	9	1	43	0.030	
29	9	1	36	0.030	
30	9	1	72	0.088	
30	9	1	72	0.081	
30	9	1	73	0.109	
30	9	1	73	0.099	
30	9	1	72	0.097	
31	9	1	69	0.125	
31	9	1	68	0.117	
31	9	1	69	0.128	
31	9	1	68	0.113	
31	9	1	69	0.124	
32	9	1	68	0.060	
32	9	1	68	0.058	
32	9	1	68	0.058	
32	9	1	68	0.062	
32	9	1	68	0.058	
33	9	1	36	0.068	
33	9	1	36	0.039	
33	9	1	36	0.036	
33	9	1	36	0.059	
33	9	0	35	0.000	
34	9	1	69	0.097	
34	9	1	69	0.097	
34	9	1	69	0.097	
34	9	1	69	0.097	
34	9	1	69	0.097	
35	9	1	68	0.086	
35	9	1	68	0.086	
35	9	1	68	0.076	
35	9	1	68	0.086	
35	9	1	68	0.078	
36	9	1	68	0.163	
36	9	1	68	0.163	
36	9	1	68	0.163	
36	9	1	68	0.162	
36	9	1	68	0.162	
37	9	0	45	0.000	
37	9	1	88	0.107	
37	9	1	69	0.068	
37	9	0	32	0.023	
37	9	1	70	0.054	
38	9	1	71	0.076	
38	9	1	71	0.096	
38	9	1	71	0.075	
38	9	1	72	0.052	
38	9	1	72	0.074	
39	9	1	68	0.087	
39	9	1	68	0.079	
39	9	1	68	0.082	
39	9	1	68	0.081	
39	9	1	68	0.072	
40	9	1	68	0.338	
40	9	1	68	0.338	
40	9	1	68	0.337	
40	9	1	68	0.337	
40	9	1	68	0.337	
41	9	1	68	0.219	
41	9	1	68	0.218	
41	9	1	68	0.220	
41	9	1	68	0.219	
41	9	1	68	0.220	
42	9	1	68	0.638	
42	9	1	68	0.638	
42	9	1	68	0.638	
42	9	1	68	0.638	
42	9	1	68	0.638	
43	9	1	44	0.095	
43	9	1	44	0.102	
43	9	1	84	0.037	
43	9	1	44	0.107	
43	9	1	78	0.040	
44	9	1	70	0.104	
44	9	1	69	0.084	
44	9	1	69	0.093	
44	9	1	82	0.092	
44	9	1	69	0.031	
45	9	1	69	0.088	
45	9	1	30	0.073	
45	9	1	69	0.088	
45	9	1	69	0.068	
45	9	1	69	0.076	
46	9	1	76	0.088	
46	9	1	76	0.103	
46	9	1	75	0.073	
46	9	1	75	0.055	
46	9	1	75	0.083	
47	9	1	69	0.075	
47	9	1	69	0.075	
47	9	1	69	0.073	
47	9	1	69	0.072	
47	9	1	69	0.076	
48	9	1	74	0.090	
48	9	1	74	0.086	
48	9	1	75	0.102	
48	9	1	74	0.089	
48	9	1	75	0.095	
49	9	1	43	0.033	
49	9	1	74	0.034	
49	9	0	41	0.003	
49	9	1	74	0.110	
49	9	1	75	0.109	
50	9	1	76	0.108	
50	9	1	76	0.114	
50	9	1	77	0.145	
50	9	1	70	0.138	
50	9	1	77	0.142	
51	9	1	68	0.146	
51	9	1	68	0.141	
51	9	1	68	0.148	
51	9	1	68	0.127	
51	9	1	68	0.134	
52	9	1	69	0.107	
52	9	1	69	0.134	
52	9	1	70	0.136	
52	9	1	70	0.146	
52	9	1	69	0.128	
53	9	1	73	0.123	
53	9	1	73	0.123	
53	9	1	73	0.127	
53	9	1	73	0.123	
53	9	1	73	0.124	
54	9	1	68	0.338	
54	9	1	68	0.078	
54	9	1	68	0.119	
54	9	1	68	0.336	
54	9	1	68	0.105	
55	9	1	69	0.086	
55	9	1	69	0.094	
55	9	1	69	0.069	
55	9	1	69	0.086	
55	9	1	69	0.094	
56	9	1	71	0.103	
56	9	1	71	0.094	
56	9	1	71	0.114	
56	9	1	71	0.102	
56	9	1	71	0.102	
57	9	1	82	0.084	
57	9	1	76	0.113	
57	9	1	83	0.129	
57	9	1	76	0.128	
57	9	1	80	0.060	
58	9	1	76	0.012	
58	9	1	39	0.051	
58	9	1	36	0.054	
58	9	1	36	0.052	
58	9	1	76	0.051	
59	9	1	70	0.055	
59	9	1	73	0.069	
59	9	1	70	0.066	
59	9	1	70	0.054	
59	9	1	69	0.061	
60	9	1	68	0.054	
60	9	1	68	0.063	
60	9	1	68	0.070	
60	9	1	68	0.075	
60	9	1	68	0.064	
61	9	1	68	0.388	
61	9	1	68	0.387	
61	9	1	68	0.387	
61	9	1	68	0.387	
61	9	1	68	0.387	
62	9	1	73	0.046	
62	9	1	82	0.028	
62	9	1	73	0.037	
62	9	1	76	0.074	
62	9	1	77	0.053	
63	9	1	70	0.116	
63	9	1	72	0.126	
63	9	1	69	0.101	
63	9	1	69	0.115	
63	9	1	70	0.120	
64	9	1	52	0.039	
64	9	1	52	0.039	
64	9	1	71	0.059	
64	9	1	52	0.043	
64	9	1	79	0.076	
65	9	1	68	0.064	
65	9	1	68	0.064	
65	9	1	68	0.057	
65	9	1	68	0.064	
65	9	1	68	0.052	
66	9	1	70	0.109	
66	9	1	70	0.108	
66	9	1	77	0.151	
66	9	1	71	0.110	
66	9	1	78	0.168	
67	9	1	68	0.344	
67	9	1	68	0.344	
67	9	1	68	0.344	
67	9	1	68	0.344	
67	9	1	68	0.344	
68	9	1	71	0.071	
68	9	1	70	0.144	
68	9	1	70	0.095	
68	9	1	70	0.103	
68	9	1	70	0.113	
69	9	1	69	0.031	
69	9	1	69	0.034	
69	9	1	69	0.061	
69	9	1	69	0.082	
69	9	1	69	0.058	
70	9	1	72	0.134	
70	9	1	71	0.132	
70	9	1	71	0.109	
70	9	1	71	0.116	
70	9	1	72	0.125	
71	9	1	68	0.077	
71	9	1	68	0.077	
71	9	1	68	0.077	
71	9	1	68	0.077	
71	9	1	68	0.077	
72	9	1	68	0.212	
72	9	1	68	0.213	
72	9	1	68	0.211	
72	9	1	68	0.213	
72	9	1	68	0.213	
73	9	1	68	0.068	
73	9	1	68	0.056	
73	9	1	68	0.057	
73	9	1	68	0.069	
73	9	1	68	0.057	
74	9	1	68	0.055	
74	9	1	69	0.075	
74	9	1	68	0.101	
74	9	1	68	0.059	
74	9	1	68	0.063	
75	9	1	68	0.339	
75	9	1	68	0.339	
75	9	1	68	0.339	
75	9	1	68	0.339	
75	9	1	68	0.339	
76	9	1	70	0.163	
76	9	1	70	0.149	
76	9	1	70	0.122	
76	9	1	70	0.126	
76	9	1	70	0.137	
77	9	1	68	0.161	
77	9	1	68	0.161	
77	9	1	68	0.153	
77	9	1	68	0.156	
77	9	1	68	0.153	
78	9	1	70	0.050	
78	9	1	70	0.058	
78	9	1	71	0.070	
78	9	1	77	0.097	
78	9	1	70	0.064	
79	9	1	68	0.039	
79	9	1	68	0.086	
79	9	1	68	0.074	
79	9	1	68	0.040	
79	9	1	68	0.053	
80	9	1	34	0.094	
80	9	1	81	0.057	
80	9	1	81	0.072	
80	9	1	75	0.006	
80	9	1	34	0.092	
81	9	1	68	0.082	
81	9	1	68	0.081	
81	9	1	68	0.081	
81	9	1	68	0.081	
81	9	1	68	0.073	
82	9	1	68	0.075	
82	9	1	68	0.052	
82	9	1	68	0.080	
82	9	1	68	0.081	
82	9	1	68	0.084	
83	9	1	69	0.072	
83	9	1	69	0.072	
83	9	1	69	0.072	
83	9	1	69	0.072	
83	9	1	69	0.072	
84	9	1	68	0.046	
84	9	1	68	0.047	
84	9	1	68	0.047	
84	9	1	68	0.046	
84	9	1	68	0.046	
85	9	1	72	0.081	
85	9	1	31	0.135	
85	9	1	72	0.080	
85	9	1	72	0.084	
85	9	1	31	0.110	
86	9	1	73	0.114	
86	9	1	72	0.094	
86	9	1	73	0.132	
86	9	1	73	0.052	
86	9	1	72	0.053	
87	9	1	68	0.076	
87	9	1	68	0.067	
87	9	1	68	0.074	
87	9	1	68	0.072	
87	9	1	68	0.065	
88	9	1	68	0.081	
88	9	1	68	0.087	
88	9	1	68	0.084	
88	9	1	68	0.086	
88	9	1	68	0.086	
89	9	1	68	0.068	
89	9	1	68	0.022	
89	9	1	75	0.095	
89	9	1	68	0.075	
89	9	1	68	0.006	
90	9	1	68	0.089	
90	9	1	68	0.078	
90	9	1	68	0.081	
90	9	1	68	0.084	
90	9	1	68	0.078	
91	9	1	71	0.143	
91	9	1	71	0.157	
91	9	1	71	0.131	
91	9	1	71	0.133	
91	9	1	71	0.131	
92	9	1	68	0.068	
92	9	1	68	0.065	
92	9	1	68	0.069	
92	9	1	68	0.069	
92	9	1	68	0.074	
93	9	1	68	0.796	
93	9	1	68	0.796	
93	9	1	68	0.796	
93	9	1	68	0.796	
93	9	1	68	0.796	
94	9	1	68	0.393	
94	9	1	68	0.393	
94	9	1	68	0.393	
94	9	1	68	0.393	
94	9	1	68	0.398	
95	9	1	68	0.089	
95	9	1	68	0.103	
95	9	1	68	0.113	
95	9	1	68	0.095	
95	9	1	68	0.063	
96	9	1	82	0.115	
96	9	1	84	0.098	
96	9	1	83	0.078	
96	9	1	79	0.068	
96	9	1	74	0.046	
97	9	1	68	0.087	
97	9	1	68	0.082	
97	9	1	68	0.087	
97	9	1	68	0.088	
97	9	1	68	0.085	
98	9	1	31	0.065	
98	9	1	29	0.053	
98	9	1	31	0.071	
98	9	1	31	0.068	
98	9	1	31	0.083	
99	9	1	76	0.143	
99	9	1	80	0.122	
99	9	1	76	0.135	
99	9	1	90	0.053	
99	9	1	76	0.047	
100	9	1	69	0.110	
100	9	1	69	0.117	
100	9	1	70	0.147	
100	9	1	78	0.171	
100	9	1	69	0.117	
101	9	1	68	0.138	
101	9	1	68	0.152	
101	9	1	68	0.148	
101	9	1	68	0.144	
101	9	1	69	0.115	
102	9	1	70	0.159	
102	9	1	70	0.148	
102	9	1	70	0.142	
102	9	1	70	0.142	
102	9	1	70	0.143	
103	9	1	74	0.079	
103	9	1	74	0.090	
103	9	1	74	0.042	
103	9	1	74	0.074	
103	9	1	77	0.116	
104	9	1	78	0.120	
104	9	1	80	0.100	
104	9	1	69	0.129	
104	9	1	69	0.088	
104	9	1	77	0.083	
105	9	1	39	0.047	
105	9	1	39	0.058	
105	9	1	39	0.046	
105	9	1	71	0.041	
105	9	1	39	0.046	
106	9	1	71	0.112	
106	9	1	71	0.112	
106	9	1	71	0.112	
106	9	1	71	0.089	
106	9	1	71	0.112	
107	9	1	70	0.048	
107	9	1	71	0.107	
107	9	1	71	0.079	
107	9	1	29	0.106	
107	9	1	29	0.106	
108	9	1	68	0.120	
108	9	1	68	0.116	
108	9	1	68	0.098	
108	9	1	68	0.117	
108	9	1	68	0.121	
109	9	1	69	0.084	
109	9	1	69	0.123	
109	9	1	69	0.100	
109	9	1	69	0.104	
109	9	1	69	0.091	
110	9	1	71	0.125	
110	9	1	70	0.113	
110	9	1	71	0.091	
110	9	1	70	0.101	
110	9	1	70	0.094	
111	9	0	62	0.000	
111	9	1	55	0.062	
111	9	1	59	0.103	
111	9	1	59	0.089	
111	9	1	91	0.063	
112	9	1	69	0.040	
112	9	1	39	0.073	
112	9	1	69	0.040	
112	9	1	39	0.070	
112	9	1	44	0.059	
113	9	1	61	0.022	
113	9	1	73	0.078	
113	9	1	46	0.019	
113	9	1	40	0.091	
113	9	1	38	0.108	
114	9	1	70	0.058	
114	9	1	70	0.075	
114	9	1	71	0.085	
114	9	1	70	0.092	
114	9	1	70	0.031	
115	9	1	69	0.133	
115	9	1	69	0.108	
115	9	1	69	0.126	
115	9	1	69	0.118	
115	9	1	69	0.124	
116	9	1	71	0.100	
116	9	1	71	0.107	
116	9	1	71	0.099	
116	9	1	71	0.130	
116	9	1	71	0.093	
117	9	1	86	0.039	
117	9	1	47	0.032	
117	9	1	47	0.039	
117	9	1	39	0.106	
117	9	1	39	0.109	
118	9	1	76	0.093	
118	9	1	75	0.055	
118	9	1	75	0.099	
118	9	1	75	0.059	
118	9	1	76	0.084	
119	9	1	72	0.103	
119	9	1	72	0.089	
119	9	1	73	0.087	
119	9	1	75	0.089	
119	9	1	72	0.084	
120	9	1	74	0.056	
120	9	1	37	0.033	
120	9	1	74	0.088	
120	9	1	74	0.073	
120	9	1	74	0.038	
121	9	1	72	0.085	
121	9	1	72	0.115	
121	9	1	72	0.089	
121	9	1	72	0.097	
121	9	1	72	0.108	
122	9	1	69	0.091	
122	9	1	70	0.111	
122	9	1	76	0.057	
122	9	1	70	0.124	
122	9	1	70	0.121	
123	9	1	71	0.059	
123	9	1	71	0.058	
123	9	1	71	0.063	
123	9	1	71	0.055	
123	9	1	71	0.070	
124	9	1	75	0.083	
124	9	1	76	0.115	
124	9	1	75	0.096	
124	9	1	79	0.140	
124	9	1	75	0.130	
125	9	1	70	0.096	
125	9	1	70	0.101	
125	9	1	70	0.068	
125	9	1	70	0.093	
125	9	1	70	0.087	
126	9	1	71	0.090	
126	9	1	71	0.086	
126	9	1	71	0.092	
126	9	1	71	0.085	
126	9	1	71	0.088	
127	9	1	73	0.067	
127	9	1	72	0.079	
127	9	1	72	0.067	
127	9	1	74	0.067	
127	9	1	41	0.067	
128	9	1	75	0.122	
128	9	1	68	0.090	
128	9	1	68	0.090	
128	9	1	68	0.090	
128	9	1	68	0.090	
129	9	1	78	0.059	
129	9	1	72	0.060	
129	9	1	73	0.077	
129	9	1	31	0.071	
129	9	1	72	0.029	
130	9	1	68	0.081	
130	9	1	68	0.079	
130	9	1	68	0.081	
130	9	1	68	0.082	
130	9	1	68	0.078	
131	9	1	70	0.083	
131	9	1	70	0.128	
131	9	1	70	0.067	
131	9	1	70	0.098	
131	9	1	70	0.133	
132	9	1	71	0.065	
132	9	1	71	0.096	
132	9	1	71	0.073	
132	9	1	78	0.096	
132	9	1	71	0.085	
133	9	1	69	0.057	
133	9	1	78	0.083	
133	9	1	77	0.072	
133	9	1	77	0.078	
133	9	1	79	0.112	
134	9	1	69	0.068	
134	9	1	69	0.085	
134	9	1	69	0.092	
134	9	1	69	0.079	
134	9	1	69	0.107	
135	9	1	69	0.137	
135	9	1	69	0.145	
135	9	1	69	0.151	
135	9	1	69	0.158	
135	9	1	69	0.144	
136	9	1	69	0.020	
136	9	1	53	0.001	
136	9	1	53	0.010	
136	9	1	69	0.024	
136	9	1	69	0.022	
137	9	1	77	0.054	
137	9	1	54	0.044	
137	9	1	77	0.045	
137	9	1	76	0.059	
137	9	1	76	0.051	
138	9	1	81	0.089	
138	9	1	86	0.085	
138	9	1	81	0.085	
138	9	1	93	0.072	
138	9	1	93	0.079	
139	9	1	68	0.100	
139	9	1	68	0.120	
139	9	1	68	0.091	
139	9	1	68	0.096	
139	9	1	68	0.120	
140	9	1	72	0.100	
140	9	1	72	0.111	
140	9	1	72	0.115	
140	9	1	72	0.095	
140	9	1	72	0.067	
141	9	1	68	0.070	
141	9	1	68	0.070	
141	9	1	68	0.070	
141	9	1	68	0.070	
141	9	1	68	0.070	
142	9	1	68	0.123	
142	9	1	68	0.068	
142	9	1	68	0.094	
142	9	1	68	0.094	
142	9	1	68	0.097	
143	9	1	76	0.131	
143	9	1	76	0.174	
143	9	1	75	0.103	
143	9	1	75	0.106	
143	9	1	88	0.089	
144	9	1	71	0.114	
144	9	1	71	0.107	
144	9	1	76	0.105	
144	9	1	71	0.105	
144	9	1	70	0.105	
145	9	1	68	0.038	
145	9	1	68	0.086	
145	9	1	68	0.103	
145	9	1	68	0.038	
145	9	1	68	0.080	
146	9	1	70	0.092	
146	9	1	70	0.136	
146	9	1	70	0.086	
146	9	1	70	0.092	
146	9	1	71	0.180	
147	9	1	68	0.089	
147	9	1	68	0.114	
147	9	1	68	0.129	
147	9	1	68	0.103	
147	9	1	68	0.114	
148	9	1	69	0.088	
148	9	1	75	0.080	
148	9	1	74	0.061	
148	9	1	69	0.052	
148	9	1	69	0.057	
149	9	1	73	0.094	
149	9	1	73	0.072	
149	9	1	73	0.082	
149	9	1	73	0.089	
149	9	1	74	0.096	
150	9	1	77	0.122	
150	9	1	69	0.046	
150	9	1	73	0.074	
150	9	1	77	0.071	
150	9	1	72	0.107	
151	9	1	54	0.053	
151	9	1	46	0.068	
151	9	1	76	0.061	
151	9	1	54	0.068	
151	9	1	54	0.071	
152	9	1	70	0.117	
152	9	1	70	0.093	
152	9	1	70	0.096	
152	9	1	70	0.097	
152	9	1	70	0.094	
153	9	1	54	0.046	
153	9	1	50	0.037	
153	9	1	50	0.060	
153	9	1	50	0.037	
153	9	1	53	0.077	
154	9	1	74	0.119	
154	9	1	75	0.061	
154	9	1	75	0.107	
154	9	1	74	0.099	
154	9	1	75	0.106	
155	9	1	69	0.086	
155	9	1	68	0.118	
155	9	1	69	0.086	
155	9	1	68	0.123	
155	9	1	68	0.116	
156	9	1	69	0.127	
156	9	1	69	0.121	
156	9	1	68	0.121	
156	9	1	69	0.133	
156	9	1	68	0.127	
157	9	1	69	0.026	
157	9	1	70	0.095	
157	9	1	33	0.009	
157	9	1	76	0.047	
157	9	1	77	0.016	
158	9	1	47	0.051	
158	9	1	57	0.056	
158	9	1	90	0.046	
158	9	0	52	0.000	
158	9	1	97	0.046	
159	9	1	68	0.066	
159	9	1	68	0.067	
159	9	1	68	0.071	
159	9	1	68	0.065	
159	9	1	68	0.071	
160	9	1	68	0.095	
160	9	1	68	0.105	
160	9	1	68	0.101	
160	9	1	68	0.091	
160	9	1	68	0.100	
161	9	1	68	0.147	
161	9	1	68	0.139	
161	9	1	68	0.150	
161	9	1	68	0.177	
161	9	1	68	0.147	
162	9	1	69	0.100	
162	9	1	70	0.097	
162	9	1	79	0.089	
162	9	1	69	0.079	
162	9	1	70	0.100	
163	9	1	34	0.041	
163	9	1	88	0.070	
163	9	1	36	0.019	
163	9	1	74	0.064	
163	9	1	88	0.070	
164	9	1	68	0.097	
164	9	1	68	0.095	
164	9	1	68	0.078	
164	9	1	68	0.099	
164	9	1	68	0.096	
165	9	1	69	0.089	
165	9	1	70	0.074	
165	9	1	69	0.075	
165	9	1	69	0.046	
165	9	1	69	0.055	
166	9	1	68	0.102	
166	9	1	68	0.139	
166	9	1	68	0.104	
166	9	1	68	0.081	
166	9	1	68	0.087	
167	9	1	27	0.025	
167	9	0	27	0.024	
167	9	0	27	0.022	
167	9	1	27	0.033	
167	9	0	27	0.020	
168	9	1	75	0.058	
168	9	1	73	0.046	
168	9	1	73	0.062	
168	9	1	73	0.073	
168	9	1	77	0.030	
169	9	1	50	0.001	
169	9	1	50	0.003	
169	9	1	44	0.019	
169	9	1	96	0.030	
169	9	1	70	0.080	
170	9	1	68	0.054	
170	9	1	68	0.041	
170	9	1	68	0.076	
170	9	1	68	0.088	
170	9	1	68	0.062	
171	9	1	75	0.084	
171	9	1	48	0.060	
171	9	1	83	0.118	
171	9	1	40	0.072	
171	9	1	81	0.049	
172	9	1	68	0.053	
172	9	1	68	0.076	
172	9	1	68	0.050	
172	9	1	123	0.089	
172	9	1	68	0.072	
173	9	1	73	0.067	
173	9	1	73	0.064	
173	9	1	73	0.064	
173	9	1	73	0.060	
173	9	1	73	0.058	
174	9	1	69	0.109	
174	9	1	70	0.122	
174	9	1	69	0.098	
174	9	1	69	0.074	
174	9	1	69	0.090	
175	9	1	71	0.072	
175	9	1	72	0.072	
175	9	1	71	0.054	
175	9	1	71	0.062	
175	9	1	31	0.087	
176	9	1	78	0.058	
176	9	1	90	0.073	
176	9	1	78	0.022	
176	9	1	78	0.051	
176	9	1	78	0.033	
177	9	1	76	0.049	
177	9	1	72	0.045	
177	9	1	71	0.080	
177	9	1	76	0.086	
177	9	1	70	0.044	
178	9	1	69	0.095	
178	9	1	69	0.078	
178	9	1	69	0.078	
178	9	1	69	0.078	
178	9	1	69	0.080	
179	9	1	69	0.039	
179	9	1	69	0.014	
179	9	1	69	0.051	
179	9	1	69	0.061	
179	9	1	69	0.056	
180	9	1	42	0.042	
180	9	1	79	0.049	
180	9	1	33	0.120	
180	9	1	35	0.084	
180	9	1	57	0.034	
181	9	1	75	0.113	
181	9	1	76	0.075	
181	9	1	73	0.106	
181	9	1	72	0.109	
181	9	1	79	0.085	
182	9	1	72	0.065	
182	9	1	87	0.063	
182	9	1	71	0.012	
182	9	1	83	0.068	
182	9	1	82	0.073	
183	9	1	70	0.037	
183	9	1	71	0.049	
183	9	1	42	0.063	
183	9	1	49	0.043	
183	9	1	69	0.030	
184	9	1	74	0.129	
184	9	1	74	0.115	
184	9	1	74	0.105	
184	9	1	74	0.124	
184	9	1	74	0.122	
185	9	1	79	0.146	
185	9	1	71	0.082	
185	9	1	71	0.113	
185	9	1	71	0.111	
185	9	1	71	0.123	
186	9	1	70	0.082	
186	9	1	70	0.083	
186	9	1	70	0.037	
186	9	1	43	0.025	
186	9	1	43	0.016	
187	9	1	68	0.011	
187	9	1	68	0.034	
187	9	1	68	0.002	
187	9	0	35	0.000	
187	9	1	37	0.044	
188	9	1	73	0.101	
188	9	1	73	0.063	
188	9	1	73	0.091	
188	9	1	73	0.105	
188	9	1	73	0.104	
189	9	1	69	0.078	
189	9	1	49	0.091	
189	9	1	68	0.064	
189	9	1	68	0.084	
189	9	1	69	0.058	
190	9	1	72	0.036	
190	9	1	74	0.034	
190	9	1	73	0.039	
190	9	1	73	0.056	
190	9	1	72	0.078	
191	9	1	76	0.074	
191	9	1	44	0.030	
191	9	1	44	0.068	
191	9	1	75	0.082	
191	9	1	80	0.097	
192	9	0	37	0.003	
192	9	0	37	0.003	
192	9	1	31	0.033	
192	9	1	31	0.045	
192	9	0	37	0.003	
193	9	1	69	0.041	
193	9	1	69	0.048	
193	9	1	76	0.077	
193	9	1	69	0.054	
193	9	1	86	0.050	
194	9	1	71	0.080	
194	9	1	71	0.063	
194	9	1	71	0.053	
194	9	1	71	0.079	
194	9	1	71	0.055	
195	9	1	75	0.054	
195	9	1	71	0.052	
195	9	1	71	0.105	
195	9	1	71	0.107	
195	9	1	71	0.107	
196	9	1	68	0.061	
196	9	1	68	0.064	
196	9	1	68	0.061	
196	9	1	68	0.075	
196	9	1	68	0.064	
197	9	1	76	0.077	
197	9	1	78	0.109	
197	9	1	76	0.076	
197	9	1	76	0.074	
197	9	1	76	0.081	
198	9	1	69	0.064	
198	9	1	69	0.069	
198	9	1	69	0.067	
198	9	1	69	0.107	
198	9	1	68	0.062	
199	9	1	73	0.086	
199	9	1	73	0.061	
199	9	1	73	0.103	
199	9	1	72	0.075	
199	9	1	73	0.094	
200	9	1	68	0.061	
200	9	1	68	0.079	
200	9	1	68	0.094	
200	9	1	68	0.083	
200	9	1	68	0.083	
201	9	1	71	0.102	
201	9	1	71	0.078	
201	9	1	71	0.089	
201	9	1	71	0.086	
201	9	1	71	0.101	
202	9	1	68	0.086	
202	9	1	68	0.085	
202	9	1	68	0.090	
202	9	1	68	0.098	
202	9	1	68	0.090	
203	9	1	48	0.046	
203	9	1	50	0.033	
203	9	1	70	0.049	
203	9	1	49	0.056	
203	9	1	53	0.042	
204	9	1	47	0.036	
204	9	1	32	0.086	
204	9	1	33	0.051	
204	9	1	48	0.050	
204	9	1	32	0.083	
205	9	1	54	0.059	
205	9	1	67	0.041	
205	9	1	53	0.011	
205	9	0	42	0.022	
205	9	1	74	0.052	
206	9	1	69	0.108	
206	9	1	69	0.080	
206	9	1	77	0.057	
206	9	1	69	0.106	
206	9	1	69	0.076	
207	9	1	76	0.075	
207	9	1	45	0.067	
207	9	1	45	0.065	
207	9	1	45	0.073	
207	9	1	78	0.069	
208	9	1	69	0.061	
208	9	1	69	0.047	
208	9	1	69	0.048	
208	9	1	74	0.071	
208	9	1	69	0.050	
209	9	1	74	0.133	
209	9	1	75	0.149	
209	9	1	74	0.133	
209	9	1	75	0.157	
209	9	1	75	0.154	
210	9	1	70	0.087	
210	9	1	69	0.105	
210	9	1	69	0.077	
210	9	1	69	0.087	
210	9	1	69	0.086	
211	9	1	92	0.057	
211	9	1	53	0.029	
211	9	1	53	0.059	
211	9	1	76	0.058	
211	9	1	68	0.062	
212	9	1	68	0.037	
212	9	1	68	0.039	
212	9	1	68	0.039	
212	9	1	68	0.052	
212	9	1	68	0.052	
213	9	1	70	0.090	
213	9	1	108	0.113	
213	9	1	123	0.050	
213	9	1	66	0.181	
213	9	1	71	0.095	
214	9	1	75	0.043	
214	9	1	47	0.046	
214	9	1	75	0.058	
214	9	1	75	0.064	
214	9	1	75	0.065	
215	9	1	72	0.113	
215	9	1	71	0.077	
215	9	1	72	0.095	
215	9	1	82	0.060	
215	9	1	72	0.124	
216	9	1	72	0.118	
216	9	1	72	0.093	
216	9	1	72	0.078	
216	9	1	72	0.131	
216	9	1	72	0.091	
217	9	1	74	0.063	
217	9	1	73	0.125	
217	9	1	78	0.107	
217	9	1	73	0.112	
217	9	1	74	0.066	
218	9	1	68	0.030	
218	9	1	68	0.042	
218	9	1	71	0.056	
218	9	1	68	0.060	
218	9	1	68	0.042	
219	9	1	71	0.063	
219	9	1	71	0.074	
219	9	1	71	0.082	
219	9	1	71	0.070	
219	9	1	71	0.082	
220	9	1	44	0.034	
220	9	1	44	0.036	
220	9	1	88	0.011	
220	9	1	51	0.030	
220	9	1	44	0.035	
221	9	1	47	0.061	
221	9	1	75	0.020	
221	9	1	51	0.058	
221	9	1	47	0.066	
221	9	1	47	0.066	
222	9	1	31	0.104	
222	9	1	31	0.092	
222	9	1	31	0.086	
222	9	1	31	0.110	
222	9	1	31	0.105	
223	9	1	71	0.114	
223	9	1	70	0.093	
223	9	1	70	0.066	
223	9	1	71	0.077	
223	9	1	75	0.093	
224	9	1	74	0.113	
224	9	1	74	0.124	
224	9	1	74	0.122	
224	9	1	74	0.116	
224	9	1	73	0.079	
225	9	1	69	0.079	
225	9	1	69	0.085	
225	9	1	69	0.082	
225	9	1	69	0.056	
225	9	1	69	0.016	
226	9	1	69	0.070	
226	9	1	69	0.085	
226	9	1	69	0.077	
226	9	1	69	0.084	
226	9	1	69	0.091	
227	9	1	75	0.075	
227	9	1	74	0.069	
227	9	1	80	0.087	
227	9	1	75	0.059	
227	9	1	74	0.060	
228	9	1	101	0.046	
228	9	1	95	0.032	
228	9	1	96	0.044	
228	9	1	59	0.033	
228	9	1	60	0.037	
229	9	1	69	0.058	
229	9	1	69	0.043	
229	9	1	77	0.054	
229	9	1	69	0.064	
229	9	1	69	0.078	
230	9	1	70	0.027	
230	9	0	32	0.002	
230	9	1	71	0.057	
230	9	1	70	0.035	
230	9	1	33	0.020	
231	9	1	71	0.148	
231	9	1	70	0.149	
231	9	1	71	0.151	
231	9	1	70	0.134	
231	9	1	70	0.143	
232	9	1	71	0.095	
232	9	1	71	0.094	
232	9	1	71	0.088	
232	9	1	71	0.090	
232	9	1	71	0.098	
233	9	1	68	0.142	
233	9	1	68	0.109	
233	9	1	68	0.149	
233	9	1	68	0.131	
233	9	1	68	0.138	
234	9	1	69	0.055	
234	9	1	69	0.122	
234	9	1	88	0.061	
234	9	1	71	0.073	
234	9	1	71	0.108	
235	9	1	72	0.080	
235	9	1	39	0.097	
235	9	1	72	0.108	
235	9	1	36	0.093	
235	9	1	71	0.060	
236	9	1	71	0.125	
236	9	1	71	0.125	
236	9	1	71	0.131	
236	9	1	71	0.125	
236	9	1	70	0.094	
237	9	1	68	0.084	
237	9	1	69	0.065	
237	9	1	69	0.070	
237	9	1	69	0.080	
237	9	1	69	0.076	
238	9	1	53	0.069	
238	9	1	85	0.089	
238	9	1	91	0.067	
238	9	1	53	0.074	
238	9	1	53	0.069	
239	9	1	78	0.040	
239	9	1	72	0.050	
239	9	1	72	0.078	
239	9	1	72	0.064	
239	9	1	80	0.050	
240	9	1	75	0.167	
240	9	1	76	0.165	
240	9	1	75	0.177	
240	9	1	75	0.160	
240	9	1	77	0.083	
241	9	1	77	0.085	
241	9	1	74	0.083	
241	9	1	78	0.101	
241	9	1	80	0.108	
241	9	1	74	0.041	
242	9	1	70	0.067	
242	9	1	70	0.043	
242	9	1	70	0.053	
242	9	1	71	0.075	
242	9	1	70	0.058	
243	9	1	75	0.049	
243	9	1	76	0.067	
243	9	1	76	0.076	
243	9	1	74	0.080	
243	9	1	104	0.037	
244	9	1	73	0.037	
244	9	1	73	0.038	
244	9	0	43	0.014	
244	9	1	73	0.034	
244	9	1	73	0.021	
245	9	1	73	0.057	
245	9	1	73	0.090	
245	9	1	73	0.061	
245	9	1	73	0.093	
245	9	1	73	0.066	
246	9	1	77	0.057	
246	9	1	70	0.063	
246	9	1	70	0.037	
246	9	1	70	0.060	
246	9	1	79	0.058	
247	9	1	69	0.077	
247	9	1	69	0.074	
247	9	1	69	0.081	
247	9	1	69	0.081	
247	9	1	68	0.090	
248	9	1	70	0.038	
248	9	1	69	0.028	
248	9	1	74	0.027	
248	9	1	42	0.028	
248	9	1	69	0.036	
249	9	1	69	0.060	
249	9	1	70	0.057	
249	9	1	71	0.098	
249	9	1	70	0.038	
249	9	1	70	0.088	
250	9	1	39	0.079	
250	9	1	69	0.045	
250	9	1	69	0.028	
250	9	0	30	0.005	
250	9	1	74	0.043	
251	9	1	68	0.089	
251	9	1	68	0.096	
251	9	1	68	0.096	
251	9	1	68	0.091	
251	9	1	68	0.056	
252	9	1	68	0.068	
252	9	1	68	0.070	
252	9	1	68	0.070	
252	9	1	68	0.068	
252	9	1	68	0.068	
253	9	1	74	0.069	
253	9	1	69	0.055	
253	9	1	28	0.205	
253	9	1	69	0.042	
253	9	1	74	0.061	
254	9	1	87	0.088	
254	9	1	79	0.063	
254	9	1	78	0.047	
254	9	1	78	0.040	
254	9	1	79	0.091	
255	9	1	82	0.029	
255	9	1	34	0.042	
255	9	1	33	0.047	
255	9	1	40	0.042	
255	9	1	43	0.028	
256	9	1	69	0.099	
256	9	1	69	0.097	
256	9	1	69	0.055	
256	9	1	69	0.086	
256	9	1	69	0.086	
257	9	1	69	0.081	
257	9	1	69	0.081	
257	9	1	69	0.075	
257	9	1	69	0.076	
257	9	1	69	0.093	
258	9	1	68	0.011	
258	9	1	68	0.039	
258	9	1	68	0.061	
258	9	0	44	0.018	
258	9	1	68	0.053	
259	9	1	71	0.104	
259	9	1	72	0.149	
259	9	1	74	0.183	
259	9	1	73	0.154	
259	9	1	72	0.131	
260	9	1	100	0.036	
260	9	1	84	0.110	
260	9	1	98	0.082	
260	9	1	88	0.089	
260	9	1	91	0.068	
261	9	1	69	0.070	
261	9	1	69	0.094	
261	9	1	69	0.063	
261	9	1	69	0.059	
261	9	1	69	0.103	
262	9	1	78	0.063	
262	9	0	51	0.001	
262	9	1	78	0.073	
262	9	1	52	0.044	
262	9	1	78	0.063	
263	9	1	68	0.079	
263	9	1	68	0.094	
263	9	1	68	0.087	
263	9	1	68	0.096	
263	9	1	68	0.093	
264	9	1	72	0.076	
264	9	1	72	0.082	
264	9	1	72	0.093	
264	9	1	72	0.078	
264	9	1	72	0.082	
265	9	1	85	0.036	
265	9	1	91	0.103	
265	9	1	105	0.071	
265	9	1	77	0.045	
265	9	1	45	0.094	
266	9	1	71	0.052	
266	9	1	38	0.136	
266	9	1	71	0.049	
266	9	1	71	0.020	
266	9	1	71	0.019	
267	9	1	71	0.073	
267	9	1	71	0.071	
267	9	1	71	0.063	
267	9	1	57	0.055	
267	9	1	71	0.050	
268	9	1	70	0.087	
268	9	1	70	0.091	
268	9	1	70	0.101	
268	9	1	70	0.047	
268	9	1	69	0.054	
269	9	1	70	0.116	
269	9	1	70	0.118	
269	9	1	70	0.106	
269	9	1	70	0.105	
269	9	1	70	0.110	
270	9	1	70	0.157	
270	9	1	70	0.134	
270	9	1	70	0.084	
270	9	1	70	0.107	
270	9	1	70	0.176	
271	9	1	75	0.047	
271	9	1	81	0.026	
271	9	0	45	0.000	
271	9	1	53	0.037	
271	9	1	42	0.039	
272	9	1	62	0.031	
272	9	1	63	0.042	
272	9	0	57	0.000	
272	9	1	64	0.034	
272	9	1	90	0.007	
273	9	1	79	0.061	
273	9	1	35	0.062	
273	9	1	36	0.116	
273	9	1	36	0.120	
273	9	1	35	0.121	
274	9	1	68	0.106	
274	9	1	68	0.098	
274	9	1	68	0.098	
274	9	1	68	0.096	
274	9	1	68	0.109	
275	9	1	89	0.032	
275	9	1	74	0.023	
275	9	1	72	0.049	
275	9	1	58	0.050	
275	9	1	64	0.036	
276	9	1	90	0.049	
276	9	1	61	0.046	
276	9	1	61	0.061	
276	9	1	41	0.065	
276	9	1	55	0.038	
277	9	1	71	0.087	
277	9	1	72	0.072	
277	9	1	71	0.046	
277	9	1	70	0.052	
277	9	1	71	0.066	
278	9	1	73	0.074	
278	9	1	74	0.118	
278	9	1	74	0.087	
278	9	1	74	0.111	
278	9	1	74	0.084	
279	9	1	80	0.007	
279	9	1	88	0.035	
279	9	0	58	0.000	
279	9	0	66	0.000	
279	9	1	83	0.043	
280	9	1	73	0.092	
280	9	1	73	0.087	
280	9	1	109	0.099	
280	9	1	93	0.095	
280	9	1	77	0.084	
281	9	1	57	0.010	
281	9	1	48	0.006	
281	9	1	96	0.051	
281	9	0	48	0.000	
281	9	1	57	0.011	
282	9	1	48	0.097	
282	9	1	77	0.050	
282	9	0	57	0.020	
282	9	1	77	0.045	
282	9	1	78	0.027	
283	9	1	35	0.054	
283	9	1	45	0.002	
283	9	1	36	0.033	
283	9	1	35	0.045	
283	9	1	44	0.031	
284	9	1	74	0.104	
284	9	1	74	0.096	
284	9	1	74	0.102	
284	9	1	74	0.108	
284	9	1	74	0.112	
285	9	1	77	0.066	
285	9	1	77	0.071	
285	9	1	101	0.083	
285	9	1	75	0.037	
285	9	1	91	0.071	
286	9	1	73	0.077	
286	9	1	72	0.085	
286	9	1	74	0.096	
286	9	1	72	0.089	
286	9	1	74	0.066	
287	9	1	80	0.059	
287	9	1	76	0.060	
287	9	1	77	0.070	
287	9	1	82	0.074	
287	9	1	81	0.054	
288	9	1	44	0.053	
288	9	1	40	0.112	
288	9	1	89	0.062	
288	9	1	78	0.073	
288	9	1	79	0.076	
289	9	1	73	0.094	
289	9	1	73	0.094	
289	9	1	73	0.096	
289	9	1	73	0.097	
289	9	1	73	0.097	
290	9	1	37	0.046	
290	9	1	36	0.040	
290	9	1	75	0.070	
290	9	1	37	0.045	
290	9	1	37	0.046	
291	9	1	69	0.096	
291	9	1	69	0.139	
291	9	1	70	0.168	
291	9	1	69	0.104	
291	9	1	69	0.121	
292	9	1	62	0.025	
292	9	1	79	0.020	
292	9	1	62	0.008	
292	9	1	79	0.047	
292	9	1	62	0.011	
293	9	1	36	0.044	
293	9	1	36	0.055	
293	9	1	36	0.055	
293	9	1	36	0.055	
293	9	1	36	0.055	
294	9	1	44	0.110	
294	9	1	83	0.022	
294	9	1	44	0.119	
294	9	1	42	0.114	
294	9	1	44	0.107	
295	9	1	79	0.062	
295	9	1	90	0.056	
295	9	1	79	0.081	
295	9	1	83	0.086	
295	9	1	77	0.063	
296	9	1	71	0.106	
296	9	1	71	0.103	
296	9	1	71	0.103	
296	9	1	71	0.102	
296	9	1	71	0.100	
297	9	1	82	0.071	
297	9	0	43	0.012	
297	9	1	84	0.074	
297	9	1	72	0.021	
297	9	1	82	0.043	
298	9	1	73	0.067	
298	9	1	73	0.060	
298	9	1	73	0.053	
298	9	1	73	0.068	
298	9	1	72	0.035	
299	9	1	74	0.099	
299	9	1	74	0.102	
299	9	1	74	0.094	
299	9	1	74	0.071	
299	9	1	75	0.095	
