Below are the simulation results for the test trials
WORLD	TASK	SUCCESS	STEPS	LOWEST_CLEARANCE
0	6	1	144	0.090	
0	6	1	166	0.075	
0	6	1	142	0.071	
0	6	1	148	0.082	
0	6	1	164	0.078	
1	6	1	139	0.072	
1	6	1	125	0.086	
1	6	1	123	0.123	
1	6	1	118	0.094	
1	6	1	250	0.092	
2	6	1	41	0.108	
2	6	1	107	0.065	
2	6	1	174	0.069	
2	6	1	101	0.067	
2	6	1	159	0.071	
3	6	1	114	0.099	
3	6	1	250	0.260	
3	6	1	98	0.257	
3	6	1	90	0.265	
3	6	1	114	0.118	
4	6	1	202	0.054	
4	6	1	161	0.051	
4	6	1	187	0.039	
4	6	1	250	0.057	
4	6	1	182	0.035	
5	6	1	77	0.230	
5	6	1	79	0.288	
5	6	1	84	0.347	
5	6	1	75	0.246	
5	6	1	81	0.326	
6	6	1	137	0.028	
6	6	1	134	0.066	
6	6	1	145	0.063	
6	6	1	134	0.076	
6	6	1	250	0.003	
7	6	1	158	0.044	
7	6	1	121	0.084	
7	6	1	124	0.075	
7	6	1	250	0.054	
7	6	1	134	0.056	
8	6	1	92	0.158	
8	6	1	103	0.140	
8	6	1	98	0.124	
8	6	1	100	0.119	
8	6	1	95	0.127	
9	6	1	90	0.133	
9	6	1	83	0.193	
9	6	1	83	0.259	
9	6	1	90	0.142	
9	6	1	85	0.195	
10	6	1	125	0.086	
10	6	1	114	0.105	
10	6	1	120	0.083	
10	6	1	118	0.105	
10	6	1	126	0.081	
11	6	1	96	0.195	
11	6	1	96	0.195	
11	6	1	99	0.221	
11	6	1	87	0.257	
11	6	1	100	0.221	
12	6	1	165	0.055	
12	6	1	250	0.064	
12	6	1	250	0.067	
12	6	1	250	0.064	
12	6	1	158	0.087	
13	6	1	95	0.118	
13	6	1	90	0.108	
13	6	1	102	0.076	
13	6	1	104	0.088	
13	6	1	91	0.108	
14	6	1	250	0.086	
14	6	1	114	0.144	
14	6	1	126	0.079	
14	6	1	103	0.134	
14	6	1	141	0.071	
15	6	1	101	0.106	
15	6	1	99	0.212	
15	6	1	102	0.109	
15	6	1	93	0.219	
15	6	1	94	0.241	
16	6	1	101	0.126	
16	6	1	101	0.142	
16	6	1	126	0.106	
16	6	1	250	0.086	
16	6	1	104	0.139	
17	6	1	124	0.124	
17	6	1	101	0.188	
17	6	1	111	0.183	
17	6	1	122	0.154	
17	6	1	113	0.143	
18	6	1	76	0.249	
18	6	1	89	0.179	
18	6	1	77	0.298	
18	6	1	77	0.298	
18	6	1	77	0.298	
19	6	1	138	0.096	
19	6	1	156	0.059	
19	6	1	250	0.127	
19	6	1	250	0.086	
19	6	1	145	0.088	
20	6	1	81	0.339	
20	6	1	79	0.270	
20	6	1	81	0.306	
20	6	1	79	0.294	
20	6	1	82	0.312	
21	6	1	105	0.128	
21	6	1	94	0.124	
21	6	1	93	0.140	
21	6	1	177	0.187	
21	6	1	92	0.176	
22	6	1	115	0.063	
22	6	1	124	0.054	
22	6	1	250	0.071	
22	6	1	121	0.061	
22	6	1	127	0.048	
23	6	1	54	0.094	
23	6	1	100	0.093	
23	6	1	142	0.104	
23	6	1	145	0.079	
23	6	1	52	0.099	
24	6	1	166	0.080	
24	6	1	168	0.054	
24	6	1	176	0.061	
24	6	1	103	0.057	
24	6	1	250	0.051	
25	6	1	90	0.191	
25	6	1	77	0.237	
25	6	1	81	0.226	
25	6	1	88	0.245	
25	6	1	85	0.194	
26	6	1	106	0.118	
26	6	1	126	0.082	
26	6	1	107	0.107	
26	6	1	115	0.102	
26	6	1	105	0.107	
27	6	1	78	0.156	
27	6	1	97	0.201	
27	6	1	80	0.164	
27	6	1	93	0.160	
27	6	1	100	0.127	
28	6	1	97	0.094	
28	6	1	93	0.206	
28	6	1	89	0.228	
28	6	1	96	0.198	
28	6	1	96	0.132	
29	6	1	69	0.077	
29	6	1	89	0.053	
29	6	1	82	0.052	
29	6	1	101	0.064	
29	6	1	89	0.067	
30	6	1	121	0.095	
30	6	1	150	0.079	
30	6	1	148	0.083	
30	6	1	130	0.064	
30	6	1	125	0.078	
31	6	1	97	0.149	
31	6	1	105	0.118	
31	6	1	106	0.212	
31	6	1	108	0.267	
31	6	1	250	0.109	
32	6	1	86	0.130	
32	6	1	88	0.109	
32	6	1	90	0.121	
32	6	1	250	0.145	
32	6	1	90	0.091	
33	6	1	71	0.077	
33	6	1	60	0.039	
33	6	0	99	0.020	
33	6	1	70	0.073	
33	6	1	63	0.078	
34	6	1	93	0.093	
34	6	1	83	0.119	
34	6	1	83	0.118	
34	6	1	89	0.099	
34	6	1	83	0.118	
35	6	1	108	0.090	
35	6	1	112	0.082	
35	6	1	111	0.111	
35	6	1	250	0.109	
35	6	1	108	0.115	
36	6	1	83	0.250	
36	6	1	84	0.224	
36	6	1	87	0.203	
36	6	1	82	0.230	
36	6	1	92	0.204	
37	6	1	122	0.059	
37	6	1	131	0.102	
37	6	1	124	0.077	
37	6	1	167	0.045	
37	6	1	129	0.049	
38	6	1	149	0.064	
38	6	1	163	0.052	
38	6	1	250	0.089	
38	6	1	250	0.320	
38	6	1	250	0.134	
39	6	1	113	0.095	
39	6	1	96	0.131	
39	6	1	92	0.081	
39	6	1	99	0.090	
39	6	1	104	0.101	
40	6	1	75	0.337	
40	6	1	75	0.347	
40	6	1	75	0.339	
40	6	1	75	0.343	
40	6	1	75	0.351	
41	6	1	75	0.221	
41	6	1	76	0.309	
41	6	1	77	0.299	
41	6	1	76	0.281	
41	6	1	75	0.273	
42	6	1	76	0.634	
42	6	1	75	0.639	
42	6	1	75	0.641	
42	6	1	75	0.639	
42	6	1	75	0.641	
43	6	1	250	0.124	
43	6	1	175	0.071	
43	6	1	136	0.077	
43	6	1	250	0.082	
43	6	1	250	0.072	
44	6	1	130	0.120	
44	6	1	124	0.068	
44	6	1	144	0.067	
44	6	1	143	0.058	
44	6	1	130	0.075	
45	6	1	112	0.104	
45	6	1	54	0.112	
45	6	1	60	0.099	
45	6	1	55	0.080	
45	6	1	62	0.090	
46	6	1	137	0.108	
46	6	1	114	0.052	
46	6	1	137	0.054	
46	6	1	133	0.060	
46	6	1	124	0.101	
47	6	1	113	0.046	
47	6	1	192	0.058	
47	6	1	134	0.046	
47	6	1	147	0.053	
47	6	0	99	0.004	
48	6	1	250	0.110	
48	6	1	93	0.093	
48	6	1	91	0.107	
48	6	1	93	0.128	
48	6	1	94	0.162	
49	6	1	224	0.070	
49	6	1	166	0.071	
49	6	1	164	0.070	
49	6	1	158	0.070	
49	6	1	150	0.075	
50	6	1	96	0.201	
50	6	1	92	0.196	
50	6	1	91	0.190	
50	6	1	98	0.165	
50	6	1	99	0.153	
51	6	1	86	0.215	
51	6	1	102	0.181	
51	6	1	89	0.251	
51	6	1	103	0.154	
51	6	1	106	0.212	
52	6	1	104	0.181	
52	6	1	102	0.184	
52	6	1	109	0.242	
52	6	1	250	0.122	
52	6	1	250	0.176	
53	6	1	96	0.149	
53	6	1	96	0.108	
53	6	1	95	0.134	
53	6	1	82	0.147	
53	6	1	107	0.148	
54	6	1	95	0.227	
54	6	1	108	0.243	
54	6	1	83	0.207	
54	6	1	94	0.198	
54	6	1	96	0.183	
55	6	1	250	0.095	
55	6	1	120	0.108	
55	6	1	116	0.053	
55	6	1	116	0.092	
55	6	1	250	0.088	
56	6	1	122	0.112	
56	6	1	97	0.171	
56	6	1	110	0.148	
56	6	1	120	0.170	
56	6	1	102	0.185	
57	6	1	132	0.094	
57	6	1	134	0.097	
57	6	1	250	0.012	
57	6	1	132	0.080	
57	6	1	250	0.136	
58	6	1	189	0.048	
58	6	1	176	0.062	
58	6	1	60	0.053	
58	6	1	181	0.052	
58	6	1	250	0.064	
59	6	1	197	0.050	
59	6	1	152	0.038	
59	6	1	140	0.048	
59	6	1	215	0.041	
59	6	1	250	0.050	
60	6	0	73	0.002	
60	6	1	107	0.053	
60	6	1	113	0.077	
60	6	1	250	0.056	
60	6	1	250	0.066	
61	6	1	75	0.395	
61	6	1	75	0.395	
61	6	1	75	0.396	
61	6	1	75	0.396	
61	6	1	75	0.397	
62	6	1	220	0.041	
62	6	1	163	0.061	
62	6	1	185	0.047	
62	6	1	190	0.063	
62	6	1	201	0.043	
63	6	1	250	0.140	
63	6	1	98	0.126	
63	6	1	250	0.129	
63	6	1	250	0.173	
63	6	1	250	0.173	
64	6	1	109	0.102	
64	6	1	95	0.165	
64	6	1	118	0.102	
64	6	1	126	0.109	
64	6	1	94	0.112	
65	6	1	94	0.139	
65	6	1	91	0.193	
65	6	1	93	0.252	
65	6	1	87	0.298	
65	6	1	87	0.295	
66	6	1	96	0.147	
66	6	1	95	0.132	
66	6	1	101	0.132	
66	6	1	101	0.167	
66	6	1	118	0.113	
67	6	1	75	0.348	
67	6	1	75	0.343	
67	6	1	75	0.351	
67	6	1	75	0.343	
67	6	1	75	0.347	
68	6	1	250	0.215	
68	6	1	92	0.235	
68	6	1	88	0.200	
68	6	1	85	0.207	
68	6	1	84	0.253	
69	6	1	127	0.061	
69	6	1	193	0.028	
69	6	1	117	0.131	
69	6	1	116	0.057	
69	6	1	245	0.068	
70	6	1	86	0.159	
70	6	1	96	0.125	
70	6	1	92	0.180	
70	6	1	90	0.142	
70	6	1	93	0.160	
71	6	1	94	0.116	
71	6	1	92	0.159	
71	6	1	88	0.130	
71	6	1	93	0.118	
71	6	1	98	0.134	
72	6	1	81	0.231	
72	6	1	76	0.255	
72	6	1	80	0.244	
72	6	1	80	0.250	
72	6	1	78	0.251	
73	6	1	116	0.099	
73	6	1	113	0.106	
73	6	1	97	0.118	
73	6	1	107	0.105	
73	6	1	114	0.105	
74	6	1	117	0.108	
74	6	1	114	0.157	
74	6	1	123	0.109	
74	6	1	111	0.141	
74	6	1	87	0.163	
75	6	1	75	0.344	
75	6	1	76	0.341	
75	6	1	76	0.348	
75	6	1	75	0.346	
75	6	1	75	0.344	
76	6	1	129	0.043	
76	6	1	112	0.107	
76	6	1	115	0.105	
76	6	1	95	0.155	
76	6	1	84	0.149	
77	6	1	98	0.161	
77	6	1	98	0.184	
77	6	1	96	0.186	
77	6	1	94	0.171	
77	6	1	102	0.191	
78	6	1	250	0.091	
78	6	1	143	0.095	
78	6	1	250	0.058	
78	6	1	250	0.088	
78	6	1	250	0.071	
79	6	1	98	0.120	
79	6	1	97	0.101	
79	6	1	96	0.093	
79	6	1	250	0.126	
79	6	1	104	0.118	
80	6	1	65	0.075	
80	6	1	145	0.092	
80	6	1	169	0.127	
80	6	1	134	0.095	
80	6	1	175	0.059	
81	6	1	134	0.106	
81	6	1	117	0.094	
81	6	1	110	0.149	
81	6	1	128	0.125	
81	6	1	134	0.114	
82	6	1	142	0.040	
82	6	1	111	0.055	
82	6	1	250	0.043	
82	6	1	113	0.077	
82	6	1	143	0.049	
83	6	1	99	0.073	
83	6	1	100	0.099	
83	6	1	97	0.092	
83	6	1	108	0.087	
83	6	1	124	0.073	
84	6	1	102	0.069	
84	6	1	100	0.108	
84	6	1	101	0.095	
84	6	1	104	0.065	
84	6	1	106	0.055	
85	6	1	250	0.117	
85	6	1	139	0.122	
85	6	1	121	0.128	
85	6	1	144	0.091	
85	6	1	139	0.109	
86	6	1	168	0.047	
86	6	1	154	0.049	
86	6	1	184	0.048	
86	6	1	250	0.062	
86	6	1	165	0.059	
87	6	1	88	0.124	
87	6	1	89	0.087	
87	6	1	88	0.183	
87	6	1	98	0.097	
87	6	1	90	0.150	
88	6	1	83	0.176	
88	6	1	83	0.251	
88	6	1	94	0.119	
88	6	1	250	0.144	
88	6	1	96	0.193	
89	6	1	117	0.063	
89	6	1	123	0.076	
89	6	1	101	0.101	
89	6	1	150	0.070	
89	6	1	102	0.121	
90	6	1	93	0.147	
90	6	1	85	0.342	
90	6	1	88	0.222	
90	6	1	90	0.205	
90	6	1	93	0.120	
91	6	1	102	0.121	
91	6	1	119	0.100	
91	6	1	98	0.154	
91	6	1	106	0.124	
91	6	1	101	0.124	
92	6	1	250	0.172	
92	6	1	104	0.150	
92	6	1	114	0.148	
92	6	1	250	0.131	
92	6	1	123	0.132	
93	6	1	75	0.795	
93	6	1	75	0.795	
93	6	1	76	0.795	
93	6	1	75	0.795	
93	6	1	75	0.795	
94	6	1	75	0.393	
94	6	1	75	0.394	
94	6	1	75	0.392	
94	6	1	75	0.394	
94	6	1	75	0.394	
95	6	1	123	0.119	
95	6	1	100	0.180	
95	6	1	95	0.131	
95	6	1	89	0.123	
95	6	1	106	0.178	
96	6	1	250	0.070	
96	6	1	146	0.058	
96	6	1	137	0.074	
96	6	1	144	0.081	
96	6	1	250	0.046	
97	6	1	108	0.047	
97	6	1	119	0.055	
97	6	1	127	0.079	
97	6	1	250	0.050	
97	6	1	114	0.080	
98	6	1	113	0.121	
98	6	1	119	0.100	
98	6	1	131	0.091	
98	6	1	124	0.113	
98	6	1	115	0.121	
99	6	1	131	0.086	
99	6	1	120	0.108	
99	6	1	112	0.092	
99	6	1	114	0.074	
99	6	0	51	0.023	
100	6	1	102	0.075	
100	6	1	125	0.124	
100	6	1	83	0.171	
100	6	1	90	0.104	
100	6	1	85	0.221	
101	6	1	250	0.222	
101	6	1	112	0.176	
101	6	1	76	0.315	
101	6	1	95	0.286	
101	6	1	81	0.298	
102	6	1	250	0.035	
102	6	1	92	0.128	
102	6	1	93	0.121	
102	6	1	103	0.120	
102	6	1	88	0.152	
103	6	1	134	0.086	
103	6	1	250	0.111	
103	6	1	137	0.097	
103	6	1	134	0.094	
103	6	1	250	0.053	
104	6	1	131	0.088	
104	6	1	250	0.062	
104	6	1	132	0.105	
104	6	1	250	0.115	
104	6	1	170	0.093	
105	6	1	138	0.068	
105	6	1	137	0.059	
105	6	1	182	0.060	
105	6	1	133	0.066	
105	6	1	125	0.062	
106	6	1	101	0.158	
106	6	1	118	0.130	
106	6	1	250	0.102	
106	6	1	250	0.099	
106	6	1	125	0.124	
107	6	1	134	0.085	
107	6	1	102	0.154	
107	6	1	123	0.086	
107	6	1	108	0.109	
107	6	1	151	0.096	
108	6	1	77	0.298	
108	6	1	88	0.177	
108	6	1	77	0.298	
108	6	1	87	0.177	
108	6	1	77	0.298	
109	6	1	110	0.125	
109	6	1	114	0.121	
109	6	1	130	0.088	
109	6	1	132	0.115	
109	6	1	109	0.101	
110	6	1	123	0.074	
110	6	1	103	0.134	
110	6	0	49	0.023	
110	6	1	109	0.098	
110	6	1	250	0.060	
111	6	1	250	0.040	
111	6	1	203	0.075	
111	6	1	222	0.072	
111	6	1	197	0.107	
111	6	1	191	0.094	
112	6	1	184	0.072	
112	6	0	72	0.019	
112	6	1	247	0.058	
112	6	1	173	0.053	
112	6	1	158	0.073	
113	6	1	160	0.068	
113	6	1	250	0.079	
113	6	1	140	0.036	
113	6	1	250	0.052	
113	6	1	149	0.084	
114	6	1	130	0.069	
114	6	1	250	0.094	
114	6	1	153	0.069	
114	6	1	147	0.051	
114	6	1	214	0.066	
115	6	1	55	0.107	
115	6	1	114	0.092	
115	6	1	136	0.090	
115	6	1	129	0.077	
115	6	1	119	0.093	
116	6	1	101	0.094	
116	6	1	250	0.325	
116	6	1	104	0.193	
116	6	1	109	0.088	
116	6	1	105	0.087	
117	6	1	196	0.080	
117	6	1	143	0.088	
117	6	1	250	0.065	
117	6	1	250	0.065	
117	6	1	162	0.053	
118	6	1	250	0.102	
118	6	1	166	0.065	
118	6	1	135	0.063	
118	6	1	250	0.069	
118	6	1	250	0.089	
119	6	1	202	0.031	
119	6	1	250	0.072	
119	6	0	81	0.000	
119	6	1	160	0.056	
119	6	1	235	0.074	
120	6	1	153	0.105	
120	6	1	143	0.102	
120	6	1	137	0.131	
120	6	1	136	0.111	
120	6	1	139	0.087	
121	6	1	124	0.066	
121	6	1	250	0.102	
121	6	1	250	0.067	
121	6	1	250	0.070	
121	6	1	132	0.089	
122	6	1	103	0.143	
122	6	1	97	0.127	
122	6	1	115	0.148	
122	6	1	108	0.133	
122	6	1	108	0.113	
123	6	1	250	0.070	
123	6	1	161	0.063	
123	6	1	175	0.050	
123	6	1	172	0.095	
123	6	1	250	0.062	
124	6	1	132	0.143	
124	6	1	131	0.144	
124	6	1	250	0.077	
124	6	1	250	0.122	
124	6	1	139	0.123	
125	6	1	191	0.097	
125	6	1	158	0.054	
125	6	1	141	0.051	
125	6	1	148	0.057	
125	6	1	142	0.047	
126	6	1	153	0.096	
126	6	1	250	0.070	
126	6	1	115	0.079	
126	6	1	150	0.087	
126	6	1	129	0.089	
127	6	1	170	0.097	
127	6	1	212	0.061	
127	6	1	240	0.078	
127	6	1	135	0.056	
127	6	1	153	0.057	
128	6	1	89	0.133	
128	6	1	250	0.134	
128	6	1	91	0.172	
128	6	1	88	0.157	
128	6	1	90	0.168	
129	6	1	126	0.123	
129	6	1	116	0.123	
129	6	1	136	0.079	
129	6	1	130	0.066	
129	6	1	132	0.069	
130	6	1	118	0.089	
130	6	1	89	0.192	
130	6	1	115	0.111	
130	6	1	112	0.115	
130	6	1	101	0.132	
131	6	1	124	0.058	
131	6	1	137	0.056	
131	6	1	132	0.077	
131	6	1	122	0.087	
131	6	1	136	0.064	
132	6	1	127	0.138	
132	6	1	106	0.162	
132	6	1	120	0.102	
132	6	1	102	0.084	
132	6	1	96	0.149	
133	6	1	157	0.067	
133	6	1	124	0.062	
133	6	1	250	0.068	
133	6	1	143	0.073	
133	6	1	130	0.072	
134	6	1	140	0.089	
134	6	1	250	0.080	
134	6	1	250	0.068	
134	6	1	149	0.087	
134	6	1	250	0.076	
135	6	1	94	0.220	
135	6	1	95	0.159	
135	6	1	88	0.238	
135	6	1	94	0.235	
135	6	1	250	0.180	
136	6	1	152	0.058	
136	6	1	250	0.041	
136	6	1	250	0.056	
136	6	1	250	0.031	
136	6	1	186	0.094	
137	6	1	161	0.055	
137	6	1	148	0.067	
137	6	1	178	0.068	
137	6	1	250	0.082	
137	6	1	250	0.044	
138	6	1	250	0.064	
138	6	1	160	0.065	
138	6	1	250	0.063	
138	6	1	250	0.063	
138	6	1	161	0.060	
139	6	1	108	0.131	
139	6	1	122	0.107	
139	6	1	98	0.084	
139	6	1	103	0.081	
139	6	1	93	0.155	
140	6	1	250	0.129	
140	6	1	130	0.119	
140	6	1	161	0.092	
140	6	1	139	0.112	
140	6	1	250	0.128	
141	6	1	112	0.128	
141	6	1	133	0.087	
141	6	1	116	0.145	
141	6	1	124	0.080	
141	6	1	116	0.100	
142	6	1	103	0.103	
142	6	1	84	0.128	
142	6	1	105	0.126	
142	6	1	91	0.114	
142	6	1	89	0.085	
143	6	1	137	0.078	
143	6	1	136	0.086	
143	6	1	137	0.084	
143	6	1	250	0.084	
143	6	1	122	0.115	
144	6	1	250	0.202	
144	6	1	114	0.110	
144	6	1	116	0.115	
144	6	1	124	0.094	
144	6	1	120	0.087	
145	6	1	121	0.123	
145	6	1	108	0.053	
145	6	1	123	0.085	
145	6	1	112	0.179	
145	6	1	134	0.061	
146	6	1	95	0.227	
146	6	1	85	0.249	
146	6	1	92	0.178	
146	6	1	94	0.237	
146	6	1	88	0.168	
147	6	1	120	0.128	
147	6	1	98	0.131	
147	6	1	101	0.109	
147	6	1	100	0.113	
147	6	1	97	0.138	
148	6	1	117	0.076	
148	6	1	71	0.114	
148	6	1	115	0.090	
148	6	1	130	0.066	
148	6	1	230	0.051	
149	6	1	110	0.129	
149	6	1	111	0.098	
149	6	1	103	0.140	
149	6	1	111	0.102	
149	6	1	100	0.131	
150	6	1	166	0.059	
150	6	1	139	0.082	
150	6	1	128	0.075	
150	6	1	46	0.028	
150	6	1	140	0.076	
151	6	1	177	0.069	
151	6	1	139	0.047	
151	6	1	127	0.075	
151	6	1	90	0.095	
151	6	1	132	0.042	
152	6	1	111	0.101	
152	6	1	102	0.084	
152	6	1	250	0.070	
152	6	1	95	0.091	
152	6	1	124	0.098	
153	6	1	128	0.056	
153	6	1	127	0.058	
153	6	1	250	0.064	
153	6	1	133	0.054	
153	6	1	125	0.051	
154	6	1	250	0.081	
154	6	1	150	0.077	
154	6	1	250	0.084	
154	6	1	140	0.058	
154	6	1	212	0.081	
155	6	1	107	0.106	
155	6	1	117	0.138	
155	6	1	133	0.095	
155	6	1	240	0.090	
155	6	1	121	0.110	
156	6	1	105	0.133	
156	6	1	114	0.120	
156	6	1	126	0.182	
156	6	1	97	0.192	
156	6	1	110	0.211	
157	6	1	220	0.053	
157	6	1	120	0.068	
157	6	1	152	0.029	
157	6	1	155	0.067	
157	6	1	170	0.074	
158	6	1	173	0.054	
158	6	1	177	0.059	
158	6	1	101	0.065	
158	6	1	165	0.052	
158	6	1	250	0.054	
159	6	1	119	0.109	
159	6	1	111	0.253	
159	6	1	86	0.207	
159	6	1	88	0.185	
159	6	1	94	0.191	
160	6	1	126	0.067	
160	6	1	250	0.063	
160	6	1	119	0.078	
160	6	1	119	0.069	
160	6	1	133	0.061	
161	6	1	104	0.109	
161	6	1	91	0.162	
161	6	1	87	0.158	
161	6	1	91	0.275	
161	6	1	87	0.252	
162	6	1	166	0.070	
162	6	1	154	0.068	
162	6	1	168	0.075	
162	6	1	169	0.073	
162	6	1	250	0.076	
163	6	1	250	0.061	
163	6	1	159	0.080	
163	6	1	250	0.110	
163	6	1	250	0.076	
163	6	1	158	0.099	
164	6	1	138	0.105	
164	6	1	132	0.095	
164	6	1	250	0.111	
164	6	1	47	0.131	
164	6	1	139	0.095	
165	6	1	149	0.060	
165	6	1	144	0.060	
165	6	1	146	0.062	
165	6	1	162	0.070	
165	6	1	144	0.075	
166	6	1	250	0.065	
166	6	1	119	0.087	
166	6	1	114	0.125	
166	6	1	143	0.123	
166	6	1	250	0.078	
167	6	1	65	0.067	
167	6	1	57	0.070	
167	6	1	110	0.069	
167	6	1	58	0.061	
167	6	1	60	0.049	
168	6	1	250	0.065	
168	6	1	152	0.074	
168	6	1	163	0.046	
168	6	1	156	0.057	
168	6	1	61	0.084	
169	6	1	156	0.057	
169	6	1	250	0.094	
169	6	1	250	0.038	
169	6	1	162	0.056	
169	6	1	214	0.043	
170	6	1	250	0.063	
170	6	1	101	0.080	
170	6	1	111	0.083	
170	6	1	146	0.070	
170	6	1	111	0.075	
171	6	1	153	0.093	
171	6	1	137	0.066	
171	6	1	167	0.072	
171	6	1	250	0.089	
171	6	1	250	0.093	
172	6	1	127	0.061	
172	6	1	140	0.084	
172	6	1	146	0.083	
172	6	1	129	0.080	
172	6	1	127	0.082	
173	6	1	250	0.181	
173	6	1	147	0.093	
173	6	1	192	0.035	
173	6	1	145	0.070	
173	6	1	138	0.092	
174	6	1	120	0.114	
174	6	1	142	0.101	
174	6	1	250	0.107	
174	6	1	120	0.125	
174	6	1	101	0.175	
175	6	1	157	0.052	
175	6	1	250	0.070	
175	6	1	167	0.068	
175	6	1	158	0.071	
175	6	1	147	0.066	
176	6	1	128	0.065	
176	6	1	126	0.128	
176	6	1	250	0.192	
176	6	1	144	0.063	
176	6	1	250	0.056	
177	6	1	170	0.066	
177	6	1	147	0.078	
177	6	1	133	0.075	
177	6	1	153	0.040	
177	6	1	129	0.096	
178	6	1	250	0.071	
178	6	1	142	0.092	
178	6	1	168	0.048	
178	6	1	130	0.067	
178	6	1	141	0.059	
179	6	1	120	0.051	
179	6	1	158	0.062	
179	6	1	250	0.092	
179	6	1	165	0.064	
179	6	1	250	0.078	
180	6	1	250	0.056	
180	6	1	164	0.068	
180	6	1	250	0.053	
180	6	1	158	0.071	
180	6	1	250	0.042	
181	6	1	250	0.149	
181	6	1	158	0.080	
181	6	1	173	0.072	
181	6	1	79	0.078	
181	6	1	250	0.132	
182	6	1	148	0.053	
182	6	1	153	0.065	
182	6	1	167	0.076	
182	6	1	199	0.047	
182	6	1	151	0.055	
183	6	1	127	0.070	
183	6	1	143	0.087	
183	6	1	163	0.075	
183	6	1	140	0.058	
183	6	1	141	0.098	
184	6	1	135	0.082	
184	6	1	143	0.088	
184	6	1	137	0.084	
184	6	1	115	0.070	
184	6	1	122	0.093	
185	6	1	128	0.095	
185	6	1	250	0.077	
185	6	1	137	0.075	
185	6	1	132	0.078	
185	6	1	250	0.106	
186	6	1	139	0.059	
186	6	1	159	0.054	
186	6	1	250	0.055	
186	6	1	250	0.065	
186	6	1	177	0.042	
187	6	1	250	0.044	
187	6	1	186	0.048	
187	6	0	82	0.000	
187	6	1	177	0.042	
187	6	1	250	0.073	
188	6	1	126	0.114	
188	6	1	138	0.090	
188	6	1	128	0.105	
188	6	1	161	0.111	
188	6	1	250	0.148	
189	6	1	250	0.062	
189	6	1	113	0.074	
189	6	1	127	0.072	
189	6	1	112	0.080	
189	6	1	155	0.069	
190	6	1	149	0.061	
190	6	1	170	0.051	
190	6	1	173	0.044	
190	6	1	250	0.061	
190	6	1	158	0.051	
191	6	1	250	0.095	
191	6	1	174	0.060	
191	6	1	154	0.074	
191	6	1	159	0.075	
191	6	1	250	0.063	
192	6	1	60	0.108	
192	6	1	130	0.081	
192	6	1	196	0.045	
192	6	1	168	0.075	
192	6	1	230	0.053	
193	6	1	250	0.107	
193	6	1	250	0.063	
193	6	1	158	0.080	
193	6	1	154	0.075	
193	6	1	148	0.051	
194	6	1	153	0.079	
194	6	1	250	0.070	
194	6	1	177	0.061	
194	6	1	203	0.070	
194	6	1	250	0.075	
195	6	1	130	0.069	
195	6	1	123	0.093	
195	6	1	107	0.070	
195	6	1	114	0.064	
195	6	1	161	0.080	
196	6	1	250	0.084	
196	6	1	148	0.070	
196	6	1	158	0.105	
196	6	1	118	0.059	
196	6	1	139	0.063	
197	6	1	126	0.090	
197	6	1	137	0.096	
197	6	1	122	0.097	
197	6	1	129	0.078	
197	6	1	126	0.076	
198	6	1	124	0.081	
198	6	1	126	0.066	
198	6	1	165	0.054	
198	6	1	250	0.089	
198	6	1	148	0.065	
199	6	1	152	0.054	
199	6	1	250	0.086	
199	6	1	250	0.047	
199	6	1	122	0.071	
199	6	0	110	0.024	
200	6	1	121	0.079	
200	6	1	134	0.079	
200	6	1	250	0.116	
200	6	1	250	0.104	
200	6	1	125	0.124	
201	6	1	121	0.073	
201	6	1	130	0.098	
201	6	1	103	0.103	
201	6	1	143	0.073	
201	6	1	250	0.079	
202	6	1	115	0.105	
202	6	1	113	0.117	
202	6	1	115	0.112	
202	6	1	119	0.111	
202	6	1	118	0.099	
203	6	0	107	0.024	
203	6	1	250	0.062	
203	6	1	215	0.052	
203	6	0	106	0.005	
203	6	1	250	0.052	
204	6	1	250	0.082	
204	6	1	157	0.048	
204	6	1	250	0.079	
204	6	1	140	0.055	
204	6	1	188	0.060	
205	6	1	179	0.073	
205	6	1	171	0.067	
205	6	1	250	0.095	
205	6	1	140	0.093	
205	6	1	250	0.086	
206	6	1	250	0.073	
206	6	1	50	0.113	
206	6	1	135	0.094	
206	6	1	151	0.073	
206	6	1	112	0.070	
207	6	1	240	0.080	
207	6	1	138	0.074	
207	6	1	95	0.081	
207	6	1	156	0.071	
207	6	1	147	0.054	
208	6	1	144	0.070	
208	6	1	250	0.243	
208	6	1	148	0.055	
208	6	1	215	0.065	
208	6	1	250	0.043	
209	6	1	250	0.101	
209	6	1	102	0.117	
209	6	1	104	0.115	
209	6	1	110	0.093	
209	6	1	93	0.141	
210	6	1	135	0.100	
210	6	1	166	0.066	
210	6	1	140	0.047	
210	6	1	250	0.054	
210	6	1	250	0.062	
211	6	1	250	0.051	
211	6	1	250	0.058	
211	6	1	250	0.042	
211	6	1	164	0.050	
211	6	1	135	0.055	
212	6	1	116	0.088	
212	6	1	94	0.126	
212	6	1	92	0.122	
212	6	1	88	0.124	
212	6	1	90	0.095	
213	6	1	155	0.066	
213	6	1	250	0.192	
213	6	1	142	0.077	
213	6	1	136	0.099	
213	6	1	135	0.090	
214	6	1	250	0.060	
214	6	1	160	0.063	
214	6	1	250	0.058	
214	6	1	171	0.078	
214	6	1	142	0.057	
215	6	1	132	0.079	
215	6	1	171	0.069	
215	6	1	161	0.075	
215	6	1	250	0.066	
215	6	1	143	0.079	
216	6	1	119	0.064	
216	6	1	130	0.046	
216	6	1	119	0.082	
216	6	1	124	0.069	
216	6	1	130	0.064	
217	6	1	147	0.068	
217	6	1	250	0.082	
217	6	1	147	0.071	
217	6	1	139	0.072	
217	6	1	142	0.080	
218	6	1	250	0.041	
218	6	1	250	0.052	
218	6	1	130	0.047	
218	6	1	231	0.041	
218	6	1	114	0.047	
219	6	1	250	0.071	
219	6	1	132	0.083	
219	6	1	145	0.072	
219	6	1	139	0.092	
219	6	1	119	0.079	
220	6	1	72	0.088	
220	6	1	72	0.073	
220	6	1	93	0.066	
220	6	1	75	0.087	
220	6	1	98	0.075	
221	6	1	151	0.050	
221	6	1	150	0.050	
221	6	1	250	0.047	
221	6	1	126	0.055	
221	6	1	250	0.074	
222	6	1	58	0.093	
222	6	1	93	0.085	
222	6	1	52	0.089	
222	6	1	58	0.073	
222	6	1	144	0.058	
223	6	1	128	0.100	
223	6	1	250	0.122	
223	6	1	135	0.085	
223	6	1	250	0.096	
223	6	1	180	0.091	
224	6	1	127	0.089	
224	6	1	110	0.110	
224	6	1	129	0.101	
224	6	1	129	0.056	
224	6	1	75	0.125	
225	6	1	210	0.105	
225	6	1	250	0.072	
225	6	1	184	0.068	
225	6	0	92	0.017	
225	6	1	143	0.090	
226	6	1	99	0.135	
226	6	1	96	0.123	
226	6	1	94	0.113	
226	6	1	90	0.111	
226	6	1	103	0.110	
227	6	1	250	0.049	
227	6	1	49	0.122	
227	6	1	250	0.047	
227	6	1	211	0.056	
227	6	1	250	0.145	
228	6	1	250	0.047	
228	6	1	250	0.092	
228	6	1	156	0.060	
228	6	1	99	0.062	
228	6	1	250	0.058	
229	6	1	250	0.100	
229	6	1	250	0.100	
229	6	1	150	0.057	
229	6	0	68	0.032	
229	6	1	145	0.041	
230	6	1	176	0.064	
230	6	1	250	0.049	
230	6	1	244	0.064	
230	6	0	53	0.018	
230	6	1	138	0.083	
231	6	1	132	0.082	
231	6	1	133	0.098	
231	6	1	130	0.114	
231	6	1	117	0.099	
231	6	1	250	0.094	
232	6	1	250	0.104	
232	6	1	140	0.083	
232	6	1	157	0.073	
232	6	1	141	0.078	
232	6	1	250	0.125	
233	6	1	86	0.301	
233	6	1	90	0.352	
233	6	1	93	0.252	
233	6	1	90	0.262	
233	6	1	82	0.347	
234	6	1	120	0.106	
234	6	1	139	0.090	
234	6	1	50	0.147	
234	6	1	118	0.118	
234	6	1	124	0.125	
235	6	1	170	0.073	
235	6	1	166	0.068	
235	6	1	250	0.163	
235	6	1	156	0.100	
235	6	1	250	0.079	
236	6	1	95	0.186	
236	6	1	88	0.155	
236	6	1	91	0.142	
236	6	1	105	0.124	
236	6	1	90	0.141	
237	6	1	120	0.066	
237	6	1	140	0.070	
237	6	1	121	0.072	
237	6	1	162	0.064	
237	6	1	125	0.068	
238	6	1	250	0.046	
238	6	1	161	0.047	
238	6	1	250	0.054	
238	6	1	164	0.080	
238	6	1	165	0.040	
239	6	1	183	0.080	
239	6	1	209	0.057	
239	6	1	250	0.133	
239	6	1	139	0.100	
239	6	1	154	0.096	
240	6	1	99	0.136	
240	6	1	116	0.121	
240	6	1	104	0.107	
240	6	1	102	0.108	
240	6	1	103	0.149	
241	6	1	75	0.093	
241	6	1	122	0.079	
241	6	1	250	0.071	
241	6	1	60	0.100	
241	6	1	250	0.069	
242	6	1	250	0.072	
242	6	1	134	0.100	
242	6	1	148	0.067	
242	6	1	133	0.077	
242	6	1	146	0.090	
243	6	1	158	0.064	
243	6	1	250	0.058	
243	6	1	147	0.060	
243	6	1	250	0.064	
243	6	1	250	0.060	
244	6	1	143	0.074	
244	6	1	189	0.060	
244	6	1	170	0.060	
244	6	0	122	0.000	
244	6	1	154	0.056	
245	6	1	177	0.061	
245	6	1	250	0.077	
245	6	0	132	0.010	
245	6	1	190	0.026	
245	6	1	250	0.090	
246	6	1	175	0.064	
246	6	1	166	0.073	
246	6	1	250	0.070	
246	6	1	140	0.061	
246	6	1	250	0.047	
247	6	1	93	0.203	
247	6	1	93	0.195	
247	6	1	90	0.171	
247	6	1	97	0.109	
247	6	1	88	0.164	
248	6	1	159	0.091	
248	6	1	148	0.065	
248	6	1	250	0.067	
248	6	1	214	0.096	
248	6	1	121	0.091	
249	6	1	250	0.037	
249	6	1	240	0.057	
249	6	1	169	0.074	
249	6	1	162	0.036	
249	6	0	60	0.000	
250	6	1	250	0.040	
250	6	1	199	0.040	
250	6	1	180	0.034	
250	6	1	183	0.048	
250	6	1	250	0.048	
251	6	1	250	0.218	
251	6	1	250	0.221	
251	6	1	108	0.082	
251	6	1	101	0.110	
251	6	1	100	0.091	
252	6	1	99	0.097	
252	6	1	96	0.091	
252	6	1	101	0.092	
252	6	1	91	0.096	
252	6	1	250	0.100	
253	6	1	250	0.072	
253	6	1	155	0.087	
253	6	1	155	0.090	
253	6	1	250	0.067	
253	6	1	217	0.058	
254	6	1	250	0.070	
254	6	1	131	0.104	
254	6	1	132	0.135	
254	6	1	139	0.065	
254	6	0	83	0.009	
255	6	1	184	0.048	
255	6	1	250	0.082	
255	6	1	183	0.047	
255	6	1	162	0.063	
255	6	1	250	0.116	
256	6	1	250	0.039	
256	6	1	161	0.077	
256	6	0	85	0.015	
256	6	1	250	0.059	
256	6	1	133	0.057	
257	6	1	92	0.192	
257	6	1	89	0.146	
257	6	1	91	0.159	
257	6	1	90	0.222	
257	6	1	99	0.222	
258	6	1	250	0.040	
258	6	1	159	0.058	
258	6	1	156	0.058	
258	6	1	184	0.067	
258	6	1	145	0.059	
259	6	1	114	0.112	
259	6	1	95	0.189	
259	6	1	98	0.140	
259	6	1	100	0.157	
259	6	1	250	0.143	
260	6	1	250	0.121	
260	6	1	250	0.051	
260	6	1	176	0.059	
260	6	1	165	0.083	
260	6	1	164	0.074	
261	6	1	58	0.091	
261	6	1	250	0.109	
261	6	1	129	0.080	
261	6	1	121	0.084	
261	6	1	138	0.088	
262	6	1	202	0.080	
262	6	1	182	0.076	
262	6	1	179	0.068	
262	6	0	63	0.024	
262	6	1	250	0.096	
263	6	1	131	0.110	
263	6	1	149	0.087	
263	6	1	114	0.108	
263	6	1	131	0.065	
263	6	1	250	0.116	
264	6	1	250	0.065	
264	6	1	250	0.065	
264	6	1	147	0.078	
264	6	1	143	0.076	
264	6	1	146	0.061	
265	6	1	250	0.104	
265	6	1	250	0.079	
265	6	1	182	0.088	
265	6	1	209	0.077	
265	6	1	184	0.057	
266	6	1	149	0.071	
266	6	1	145	0.102	
266	6	1	220	0.069	
266	6	1	250	0.074	
266	6	1	250	0.055	
267	6	1	232	0.049	
267	6	1	131	0.074	
267	6	1	160	0.070	
267	6	1	145	0.072	
267	6	1	250	0.053	
268	6	1	250	0.049	
268	6	1	169	0.050	
268	6	1	250	0.044	
268	6	1	250	0.043	
268	6	1	250	0.058	
269	6	1	117	0.103	
269	6	1	250	0.105	
269	6	1	129	0.102	
269	6	1	140	0.077	
269	6	1	250	0.140	
270	6	1	108	0.094	
270	6	1	97	0.098	
270	6	1	88	0.150	
270	6	1	107	0.062	
270	6	1	93	0.138	
271	6	1	55	0.108	
271	6	1	236	0.058	
271	6	1	80	0.037	
271	6	1	135	0.069	
271	6	1	160	0.068	
272	6	1	147	0.055	
272	6	1	217	0.063	
272	6	1	250	0.027	
272	6	1	250	0.069	
272	6	1	250	0.063	
273	6	1	176	0.078	
273	6	1	250	0.075	
273	6	1	250	0.110	
273	6	1	167	0.079	
273	6	1	204	0.042	
274	6	1	146	0.113	
274	6	1	115	0.126	
274	6	1	250	0.137	
274	6	1	101	0.134	
274	6	1	250	0.142	
275	6	1	201	0.047	
275	6	1	210	0.044	
275	6	1	163	0.047	
275	6	1	250	0.075	
275	6	1	143	0.056	
276	6	1	157	0.054	
276	6	1	144	0.091	
276	6	1	158	0.058	
276	6	1	154	0.098	
276	6	1	250	0.060	
277	6	1	180	0.061	
277	6	1	250	0.077	
277	6	0	130	0.000	
277	6	1	135	0.085	
277	6	1	250	0.199	
278	6	0	86	0.013	
278	6	1	180	0.075	
278	6	1	165	0.067	
278	6	1	141	0.070	
278	6	1	180	0.061	
279	6	1	209	0.053	
279	6	1	218	0.047	
279	6	1	195	0.042	
279	6	1	208	0.052	
279	6	1	185	0.051	
280	6	1	140	0.080	
280	6	1	145	0.060	
280	6	1	134	0.085	
280	6	1	153	0.061	
280	6	1	150	0.089	
281	6	1	250	0.081	
281	6	1	181	0.079	
281	6	1	180	0.050	
281	6	1	146	0.046	
281	6	1	160	0.064	
282	6	1	250	0.077	
282	6	1	250	0.036	
282	6	1	250	0.073	
282	6	1	250	0.001	
282	6	1	249	0.031	
283	6	1	69	0.065	
283	6	1	134	0.066	
283	6	1	69	0.063	
283	6	1	70	0.045	
283	6	1	231	0.008	
284	6	1	137	0.081	
284	6	1	142	0.085	
284	6	1	154	0.070	
284	6	1	150	0.071	
284	6	1	250	0.069	
285	6	1	250	0.063	
285	6	1	250	0.065	
285	6	0	230	0.003	
285	6	1	235	0.030	
285	6	1	250	0.036	
286	6	1	173	0.063	
286	6	1	250	0.079	
286	6	1	162	0.099	
286	6	1	143	0.069	
286	6	1	167	0.069	
287	6	1	147	0.051	
287	6	1	170	0.049	
287	6	1	195	0.049	
287	6	1	192	0.059	
287	6	1	236	0.050	
288	6	1	148	0.064	
288	6	1	250	0.075	
288	6	1	177	0.079	
288	6	1	168	0.089	
288	6	1	250	0.051	
289	6	1	250	0.063	
289	6	1	125	0.120	
289	6	1	164	0.075	
289	6	1	142	0.063	
289	6	1	120	0.137	
290	6	1	157	0.076	
290	6	1	166	0.060	
290	6	1	180	0.049	
290	6	1	196	0.064	
290	6	1	250	0.057	
291	6	1	89	0.271	
291	6	1	100	0.103	
291	6	1	97	0.128	
291	6	1	88	0.157	
291	6	1	112	0.156	
292	6	1	110	0.088	
292	6	1	192	0.053	
292	6	1	250	0.091	
292	6	1	178	0.058	
292	6	1	170	0.066	
293	6	1	250	0.041	
293	6	1	173	0.052	
293	6	1	250	0.047	
293	6	1	170	0.048	
293	6	1	163	0.057	
294	6	1	179	0.075	
294	6	1	250	0.065	
294	6	1	165	0.073	
294	6	1	160	0.081	
294	6	1	191	0.069	
295	6	1	250	0.109	
295	6	1	173	0.069	
295	6	1	145	0.069	
295	6	1	250	0.135	
295	6	1	159	0.087	
296	6	1	120	0.148	
296	6	1	114	0.142	
296	6	1	115	0.123	
296	6	1	130	0.111	
296	6	1	135	0.125	
297	6	1	227	0.045	
297	6	1	178	0.056	
297	6	1	210	0.041	
297	6	1	193	0.032	
297	6	1	211	0.052	
298	6	1	250	0.053	
298	6	1	250	0.045	
298	6	1	250	0.054	
298	6	1	250	0.049	
298	6	1	145	0.066	
299	6	1	150	0.053	
299	6	1	214	0.050	
299	6	1	250	0.067	
299	6	1	161	0.073	
299	6	1	244	0.052	
0	7	1	75	0.084	
0	7	1	64	0.114	
0	7	1	75	0.076	
0	7	1	65	0.114	
0	7	1	72	0.205	
1	7	1	62	0.071	
1	7	1	62	0.159	
1	7	1	72	0.189	
1	7	1	61	0.192	
1	7	1	59	0.040	
2	7	1	62	0.138	
2	7	1	66	0.090	
2	7	1	63	0.057	
2	7	1	62	0.122	
2	7	1	30	0.131	
3	7	1	46	0.295	
3	7	1	46	0.258	
3	7	1	50	0.271	
3	7	1	50	0.212	
3	7	1	50	0.259	
4	7	0	40	0.000	
4	7	1	94	0.125	
4	7	1	44	0.063	
4	7	1	86	0.083	
4	7	1	81	0.107	
5	7	1	45	0.336	
5	7	1	45	0.342	
5	7	1	45	0.216	
5	7	1	45	0.408	
5	7	1	45	0.405	
6	7	1	68	0.113	
6	7	1	250	0.053	
6	7	1	64	0.150	
6	7	1	87	0.097	
6	7	1	68	0.113	
7	7	1	57	0.094	
7	7	1	57	0.114	
7	7	1	55	0.128	
7	7	1	58	0.053	
7	7	1	58	0.138	
8	7	1	50	0.178	
8	7	1	49	0.121	
8	7	1	52	0.178	
8	7	1	51	0.128	
8	7	1	51	0.162	
9	7	1	46	0.283	
9	7	1	47	0.284	
9	7	1	44	0.330	
9	7	1	46	0.279	
9	7	1	44	0.320	
10	7	1	51	0.243	
10	7	1	58	0.230	
10	7	1	55	0.253	
10	7	1	57	0.249	
10	7	1	51	0.259	
11	7	1	48	0.426	
11	7	1	48	0.375	
11	7	1	49	0.408	
11	7	1	48	0.375	
11	7	1	49	0.408	
12	7	1	60	0.075	
12	7	1	76	0.142	
12	7	1	92	0.099	
12	7	1	87	0.144	
12	7	1	78	0.124	
13	7	1	57	0.139	
13	7	1	52	0.127	
13	7	1	56	0.097	
13	7	1	56	0.075	
13	7	1	63	0.123	
14	7	1	61	0.265	
14	7	1	62	0.128	
14	7	1	55	0.223	
14	7	1	53	0.278	
14	7	1	71	0.162	
15	7	1	53	0.308	
15	7	1	53	0.352	
15	7	1	59	0.261	
15	7	1	54	0.327	
15	7	1	50	0.352	
16	7	1	65	0.127	
16	7	1	64	0.161	
16	7	1	60	0.195	
16	7	1	65	0.109	
16	7	1	66	0.122	
17	7	1	63	0.290	
17	7	1	60	0.263	
17	7	1	49	0.423	
17	7	1	52	0.377	
17	7	1	52	0.353	
18	7	1	47	0.407	
18	7	1	45	0.362	
18	7	1	45	0.360	
18	7	1	46	0.403	
18	7	1	46	0.411	
19	7	1	70	0.160	
19	7	1	66	0.157	
19	7	1	87	0.127	
19	7	1	72	0.203	
19	7	1	74	0.180	
20	7	1	49	0.210	
20	7	1	54	0.306	
20	7	1	49	0.203	
20	7	1	54	0.305	
20	7	1	49	0.314	
21	7	1	48	0.348	
21	7	1	45	0.374	
21	7	1	49	0.381	
21	7	1	45	0.320	
21	7	1	46	0.357	
22	7	1	58	0.155	
22	7	1	63	0.201	
22	7	1	54	0.196	
22	7	1	64	0.096	
22	7	1	60	0.145	
23	7	1	72	0.192	
23	7	1	68	0.179	
23	7	1	75	0.094	
23	7	1	64	0.158	
23	7	1	65	0.202	
24	7	1	68	0.076	
24	7	1	72	0.099	
24	7	1	70	0.093	
24	7	1	62	0.137	
24	7	1	62	0.203	
25	7	1	48	0.344	
25	7	1	49	0.405	
25	7	1	48	0.373	
25	7	1	48	0.350	
25	7	1	48	0.380	
26	7	1	54	0.270	
26	7	1	59	0.197	
26	7	1	52	0.222	
26	7	1	68	0.098	
26	7	1	57	0.146	
27	7	1	51	0.194	
27	7	1	49	0.192	
27	7	1	48	0.074	
27	7	1	48	0.144	
27	7	1	49	0.187	
28	7	1	45	0.396	
28	7	1	48	0.313	
28	7	1	45	0.366	
28	7	1	47	0.402	
28	7	1	47	0.402	
29	7	1	49	0.048	
29	7	0	42	0.000	
29	7	1	48	0.054	
29	7	1	152	0.063	
29	7	1	40	0.103	
30	7	1	76	0.098	
30	7	1	79	0.077	
30	7	1	84	0.084	
30	7	1	87	0.109	
30	7	1	74	0.105	
31	7	1	47	0.289	
31	7	1	54	0.303	
31	7	1	51	0.365	
31	7	1	60	0.232	
31	7	1	59	0.244	
32	7	1	57	0.137	
32	7	1	59	0.136	
32	7	1	46	0.327	
32	7	1	52	0.223	
32	7	1	59	0.136	
33	7	0	36	0.000	
33	7	1	41	0.045	
33	7	1	37	0.036	
33	7	1	51	0.062	
33	7	1	250	0.113	
34	7	1	50	0.209	
34	7	1	50	0.263	
34	7	1	48	0.347	
34	7	1	46	0.261	
34	7	1	48	0.375	
35	7	1	58	0.087	
35	7	1	54	0.059	
35	7	1	63	0.080	
35	7	1	59	0.093	
35	7	1	60	0.075	
36	7	1	44	0.118	
36	7	1	45	0.204	
36	7	1	45	0.206	
36	7	1	45	0.212	
36	7	1	45	0.277	
37	7	1	215	0.096	
37	7	1	73	0.110	
37	7	1	72	0.123	
37	7	1	78	0.096	
37	7	1	66	0.105	
38	7	1	76	0.031	
38	7	1	72	0.083	
38	7	1	63	0.133	
38	7	1	71	0.120	
38	7	1	73	0.130	
39	7	1	56	0.146	
39	7	1	59	0.074	
39	7	1	56	0.144	
39	7	1	54	0.206	
39	7	1	53	0.185	
40	7	1	44	0.350	
40	7	1	44	0.369	
40	7	1	44	0.354	
40	7	1	44	0.369	
40	7	1	44	0.421	
41	7	1	44	0.375	
41	7	1	44	0.380	
41	7	1	44	0.376	
41	7	1	44	0.310	
41	7	1	44	0.365	
42	7	1	44	0.635	
42	7	1	44	0.631	
42	7	1	44	0.630	
42	7	1	44	0.630	
42	7	1	44	0.631	
43	7	0	66	0.027	
43	7	1	55	0.100	
43	7	1	71	0.174	
43	7	1	73	0.092	
43	7	1	77	0.124	
44	7	1	70	0.094	
44	7	1	59	0.029	
44	7	1	63	0.052	
44	7	1	82	0.121	
44	7	1	80	0.144	
45	7	1	67	0.097	
45	7	1	69	0.120	
45	7	1	59	0.117	
45	7	1	65	0.107	
45	7	1	59	0.121	
46	7	1	73	0.101	
46	7	1	69	0.080	
46	7	1	84	0.090	
46	7	1	85	0.101	
46	7	1	65	0.114	
47	7	1	73	0.067	
47	7	1	51	0.047	
47	7	1	105	0.085	
47	7	1	74	0.056	
47	7	1	40	0.022	
48	7	1	48	0.134	
48	7	1	51	0.165	
48	7	1	53	0.157	
48	7	1	48	0.047	
48	7	1	49	0.076	
49	7	1	76	0.106	
49	7	1	84	0.106	
49	7	1	64	0.168	
49	7	1	78	0.115	
49	7	1	73	0.157	
50	7	1	47	0.389	
50	7	1	47	0.389	
50	7	1	47	0.389	
50	7	1	47	0.389	
50	7	1	47	0.389	
51	7	1	50	0.354	
51	7	1	51	0.271	
51	7	1	49	0.295	
51	7	1	49	0.301	
51	7	1	50	0.264	
52	7	1	48	0.385	
52	7	1	59	0.213	
52	7	1	50	0.365	
52	7	1	52	0.349	
52	7	1	53	0.358	
53	7	1	61	0.109	
53	7	1	55	0.132	
53	7	1	59	0.130	
53	7	1	58	0.182	
53	7	1	56	0.092	
54	7	1	47	0.291	
54	7	1	50	0.333	
54	7	1	49	0.335	
54	7	1	47	0.330	
54	7	1	49	0.278	
55	7	1	57	0.061	
55	7	1	63	0.080	
55	7	1	62	0.046	
55	7	1	63	0.059	
55	7	1	63	0.059	
56	7	1	53	0.333	
56	7	1	47	0.354	
56	7	1	49	0.294	
56	7	1	47	0.364	
56	7	1	47	0.323	
57	7	1	82	0.131	
57	7	1	77	0.111	
57	7	1	71	0.125	
57	7	1	82	0.093	
57	7	1	107	0.074	
58	7	1	87	0.157	
58	7	1	95	0.102	
58	7	1	80	0.087	
58	7	1	84	0.091	
58	7	1	98	0.060	
59	7	1	81	0.080	
59	7	1	81	0.087	
59	7	1	77	0.078	
59	7	1	81	0.109	
59	7	1	117	0.063	
60	7	1	64	0.058	
60	7	1	68	0.089	
60	7	1	69	0.095	
60	7	1	65	0.109	
60	7	1	64	0.076	
61	7	1	44	0.394	
61	7	1	44	0.406	
61	7	1	44	0.420	
61	7	1	44	0.396	
61	7	1	44	0.394	
62	7	1	92	0.074	
62	7	1	250	0.068	
62	7	1	96	0.100	
62	7	1	101	0.098	
62	7	1	79	0.021	
63	7	1	56	0.057	
63	7	1	238	0.073	
63	7	1	76	0.149	
63	7	1	60	0.184	
63	7	1	54	0.094	
64	7	1	54	0.147	
64	7	1	49	0.120	
64	7	1	50	0.128	
64	7	1	50	0.190	
64	7	1	48	0.122	
65	7	1	53	0.249	
65	7	1	51	0.348	
65	7	1	51	0.348	
65	7	1	52	0.387	
65	7	1	51	0.348	
66	7	1	54	0.150	
66	7	1	54	0.162	
66	7	1	50	0.183	
66	7	1	46	0.120	
66	7	1	55	0.092	
67	7	1	44	0.353	
67	7	1	44	0.346	
67	7	1	44	0.360	
67	7	1	44	0.357	
67	7	1	44	0.346	
68	7	1	61	0.232	
68	7	1	61	0.163	
68	7	1	51	0.264	
68	7	1	60	0.168	
68	7	1	54	0.239	
69	7	1	64	0.059	
69	7	1	95	0.045	
69	7	1	82	0.061	
69	7	1	70	0.082	
69	7	1	63	0.072	
70	7	1	55	0.263	
70	7	1	56	0.160	
70	7	1	56	0.253	
70	7	1	58	0.153	
70	7	1	53	0.266	
71	7	1	54	0.189	
71	7	1	51	0.135	
71	7	1	51	0.135	
71	7	1	54	0.257	
71	7	1	54	0.185	
72	7	1	44	0.283	
72	7	1	44	0.282	
72	7	1	44	0.246	
72	7	1	44	0.231	
72	7	1	45	0.166	
73	7	1	62	0.183	
73	7	1	60	0.154	
73	7	1	58	0.215	
73	7	1	56	0.177	
73	7	1	69	0.144	
74	7	1	62	0.134	
74	7	1	59	0.186	
74	7	1	56	0.209	
74	7	1	62	0.189	
74	7	1	63	0.198	
75	7	1	44	0.338	
75	7	1	44	0.331	
75	7	1	44	0.331	
75	7	1	44	0.334	
75	7	1	44	0.354	
76	7	1	58	0.151	
76	7	1	59	0.177	
76	7	1	58	0.135	
76	7	1	64	0.150	
76	7	1	56	0.115	
77	7	1	45	0.412	
77	7	1	45	0.397	
77	7	1	47	0.371	
77	7	1	46	0.390	
77	7	1	47	0.370	
78	7	1	66	0.097	
78	7	1	88	0.098	
78	7	1	90	0.109	
78	7	1	63	0.143	
78	7	1	84	0.105	
79	7	1	56	0.215	
79	7	1	51	0.211	
79	7	1	45	0.290	
79	7	1	46	0.304	
79	7	1	56	0.278	
80	7	1	66	0.080	
80	7	1	74	0.147	
80	7	1	70	0.208	
80	7	1	70	0.132	
80	7	1	73	0.186	
81	7	1	46	0.109	
81	7	1	50	0.012	
81	7	1	46	0.109	
81	7	1	57	0.122	
81	7	1	67	0.154	
82	7	1	77	0.051	
82	7	1	68	0.062	
82	7	1	64	0.084	
82	7	1	69	0.065	
82	7	1	69	0.073	
83	7	1	48	0.266	
83	7	1	51	0.286	
83	7	1	52	0.272	
83	7	1	49	0.247	
83	7	1	47	0.274	
84	7	1	58	0.109	
84	7	1	49	0.221	
84	7	1	55	0.191	
84	7	1	50	0.199	
84	7	1	51	0.244	
85	7	1	66	0.115	
85	7	1	55	0.112	
85	7	1	64	0.176	
85	7	1	34	0.092	
85	7	1	67	0.118	
86	7	1	82	0.081	
86	7	1	71	0.135	
86	7	1	73	0.114	
86	7	1	72	0.106	
86	7	1	66	0.125	
87	7	1	49	0.215	
87	7	1	47	0.271	
87	7	1	48	0.295	
87	7	1	47	0.239	
87	7	1	53	0.223	
88	7	1	54	0.295	
88	7	1	53	0.312	
88	7	1	53	0.312	
88	7	1	56	0.247	
88	7	1	53	0.312	
89	7	1	63	0.115	
89	7	1	59	0.142	
89	7	1	66	0.106	
89	7	1	63	0.128	
89	7	1	58	0.104	
90	7	1	52	0.215	
90	7	1	52	0.219	
90	7	1	51	0.221	
90	7	1	52	0.219	
90	7	1	55	0.119	
91	7	1	47	0.261	
91	7	1	52	0.300	
91	7	1	54	0.252	
91	7	1	57	0.261	
91	7	1	56	0.253	
92	7	1	60	0.114	
92	7	1	67	0.027	
92	7	1	50	0.096	
92	7	1	61	0.114	
92	7	1	54	0.103	
93	7	1	44	0.808	
93	7	1	44	0.808	
93	7	1	44	0.805	
93	7	1	44	0.808	
93	7	1	44	0.808	
94	7	1	44	0.419	
94	7	1	44	0.419	
94	7	1	44	0.407	
94	7	1	44	0.415	
94	7	1	44	0.419	
95	7	1	54	0.141	
95	7	1	48	0.083	
95	7	1	48	0.151	
95	7	1	60	0.071	
95	7	1	48	0.092	
96	7	1	67	0.120	
96	7	1	72	0.115	
96	7	1	70	0.098	
96	7	1	69	0.127	
96	7	1	64	0.226	
97	7	1	77	0.101	
97	7	1	64	0.119	
97	7	1	57	0.134	
97	7	1	59	0.127	
97	7	1	58	0.133	
98	7	1	72	0.122	
98	7	1	62	0.197	
98	7	1	66	0.160	
98	7	1	66	0.166	
98	7	1	68	0.159	
99	7	1	144	0.103	
99	7	1	86	0.091	
99	7	1	25	0.186	
99	7	1	74	0.096	
99	7	1	63	0.048	
100	7	1	49	0.174	
100	7	1	51	0.223	
100	7	1	49	0.206	
100	7	1	62	0.181	
100	7	1	53	0.218	
101	7	1	48	0.391	
101	7	1	45	0.370	
101	7	1	47	0.368	
101	7	1	47	0.352	
101	7	1	49	0.377	
102	7	1	73	0.100	
102	7	1	54	0.129	
102	7	1	64	0.050	
102	7	1	51	0.085	
102	7	1	50	0.094	
103	7	1	76	0.091	
103	7	1	78	0.071	
103	7	1	82	0.077	
103	7	1	32	0.000	
103	7	1	65	0.137	
104	7	1	77	0.088	
104	7	1	69	0.113	
104	7	1	74	0.073	
104	7	1	73	0.080	
104	7	1	77	0.092	
105	7	1	80	0.166	
105	7	1	93	0.059	
105	7	1	82	0.091	
105	7	1	83	0.065	
105	7	1	71	0.120	
106	7	1	67	0.119	
106	7	1	66	0.119	
106	7	1	72	0.102	
106	7	1	66	0.119	
106	7	1	67	0.108	
107	7	1	72	0.192	
107	7	1	67	0.089	
107	7	1	68	0.201	
107	7	1	60	0.200	
107	7	1	71	0.199	
108	7	1	46	0.431	
108	7	1	46	0.431	
108	7	1	45	0.360	
108	7	1	47	0.400	
108	7	1	45	0.360	
109	7	1	54	0.172	
109	7	1	53	0.211	
109	7	1	52	0.223	
109	7	1	55	0.245	
109	7	1	73	0.236	
110	7	1	68	0.117	
110	7	1	65	0.117	
110	7	1	62	0.099	
110	7	1	66	0.094	
110	7	1	58	0.193	
111	7	1	250	0.067	
111	7	1	111	0.106	
111	7	1	110	0.059	
111	7	1	125	0.138	
111	7	1	102	0.112	
112	7	1	42	0.043	
112	7	0	45	0.001	
112	7	1	250	0.040	
112	7	1	75	0.032	
112	7	0	40	0.001	
113	7	1	84	0.069	
113	7	1	85	0.051	
113	7	1	250	0.073	
113	7	1	74	0.085	
113	7	1	86	0.102	
114	7	1	59	0.017	
114	7	1	82	0.060	
114	7	1	89	0.065	
114	7	1	80	0.067	
114	7	1	63	0.115	
115	7	1	34	0.101	
115	7	1	65	0.134	
115	7	1	74	0.109	
115	7	1	51	0.117	
115	7	1	35	0.106	
116	7	1	57	0.259	
116	7	1	47	0.339	
116	7	1	51	0.331	
116	7	1	50	0.368	
116	7	1	57	0.353	
117	7	0	30	0.000	
117	7	1	83	0.067	
117	7	1	82	0.061	
117	7	1	77	0.045	
117	7	1	79	0.144	
118	7	1	76	0.076	
118	7	1	87	0.120	
118	7	1	74	0.067	
118	7	1	86	0.095	
118	7	1	79	0.099	
119	7	1	78	0.095	
119	7	0	55	0.027	
119	7	0	43	0.025	
119	7	1	81	0.054	
119	7	1	77	0.075	
120	7	1	87	0.125	
120	7	1	76	0.114	
120	7	1	67	0.136	
120	7	1	83	0.110	
120	7	1	80	0.120	
121	7	1	73	0.110	
121	7	1	75	0.091	
121	7	1	55	0.077	
121	7	1	242	0.064	
121	7	1	79	0.089	
122	7	1	57	0.177	
122	7	1	76	0.100	
122	7	1	52	0.184	
122	7	1	61	0.202	
122	7	1	66	0.179	
123	7	1	93	0.106	
123	7	1	81	0.157	
123	7	1	102	0.099	
123	7	1	89	0.109	
123	7	1	80	0.098	
124	7	1	82	0.123	
124	7	1	76	0.133	
124	7	1	88	0.119	
124	7	1	73	0.142	
124	7	1	72	0.139	
125	7	1	80	0.060	
125	7	1	75	0.086	
125	7	1	67	0.112	
125	7	1	65	0.163	
125	7	1	62	0.120	
126	7	1	71	0.104	
126	7	1	83	0.083	
126	7	1	77	0.073	
126	7	1	69	0.059	
126	7	1	66	0.105	
127	7	1	68	0.143	
127	7	1	66	0.121	
127	7	1	93	0.112	
127	7	1	64	0.089	
127	7	1	78	0.121	
128	7	1	46	0.267	
128	7	1	46	0.211	
128	7	1	46	0.224	
128	7	1	46	0.300	
128	7	1	46	0.255	
129	7	1	76	0.062	
129	7	1	73	0.140	
129	7	1	73	0.119	
129	7	1	63	0.104	
129	7	1	76	0.119	
130	7	1	59	0.211	
130	7	1	56	0.205	
130	7	1	55	0.166	
130	7	1	58	0.163	
130	7	1	62	0.216	
131	7	1	69	0.208	
131	7	1	74	0.100	
131	7	1	65	0.195	
131	7	1	73	0.189	
131	7	1	78	0.061	
132	7	1	56	0.157	
132	7	1	77	0.069	
132	7	1	55	0.137	
132	7	1	61	0.163	
132	7	1	51	0.144	
133	7	1	72	0.125	
133	7	1	77	0.130	
133	7	1	79	0.106	
133	7	1	72	0.048	
133	7	1	66	0.136	
134	7	1	250	0.070	
134	7	1	76	0.148	
134	7	1	89	0.112	
134	7	1	85	0.074	
134	7	1	75	0.147	
135	7	1	48	0.354	
135	7	1	49	0.222	
135	7	1	46	0.340	
135	7	1	49	0.339	
135	7	1	46	0.348	
136	7	1	96	0.083	
136	7	1	79	0.035	
136	7	1	80	0.066	
136	7	1	79	0.116	
136	7	1	82	0.045	
137	7	1	79	0.107	
137	7	1	87	0.043	
137	7	1	87	0.071	
137	7	1	92	0.036	
137	7	1	130	0.086	
138	7	1	80	0.096	
138	7	1	94	0.077	
138	7	1	90	0.141	
138	7	1	84	0.075	
138	7	1	78	0.150	
139	7	1	53	0.118	
139	7	1	51	0.096	
139	7	1	53	0.156	
139	7	1	54	0.175	
139	7	1	48	0.095	
140	7	1	80	0.119	
140	7	1	101	0.084	
140	7	1	78	0.087	
140	7	1	89	0.096	
140	7	1	71	0.123	
141	7	1	69	0.078	
141	7	1	77	0.141	
141	7	1	65	0.158	
141	7	1	73	0.063	
141	7	1	73	0.076	
142	7	1	56	0.101	
142	7	1	51	0.106	
142	7	1	53	0.092	
142	7	1	56	0.096	
142	7	1	46	0.104	
143	7	1	71	0.183	
143	7	1	60	0.191	
143	7	1	61	0.170	
143	7	1	58	0.125	
143	7	1	67	0.086	
144	7	1	55	0.074	
144	7	1	65	0.099	
144	7	1	64	0.128	
144	7	1	69	0.099	
144	7	1	63	0.096	
145	7	1	59	0.251	
145	7	1	55	0.231	
145	7	1	72	0.071	
145	7	1	62	0.230	
145	7	1	64	0.257	
146	7	1	50	0.323	
146	7	1	51	0.326	
146	7	1	52	0.243	
146	7	1	55	0.171	
146	7	1	46	0.331	
147	7	1	55	0.068	
147	7	1	53	0.065	
147	7	1	51	0.092	
147	7	1	65	0.055	
147	7	1	57	0.133	
148	7	1	76	0.091	
148	7	1	176	0.055	
148	7	1	74	0.080	
148	7	1	58	0.089	
148	7	1	68	0.068	
149	7	1	51	0.125	
149	7	1	51	0.153	
149	7	1	61	0.098	
149	7	1	50	0.176	
149	7	1	49	0.191	
150	7	1	72	0.057	
150	7	1	72	0.072	
150	7	1	181	0.085	
150	7	1	73	0.134	
150	7	1	75	0.093	
151	7	1	67	0.090	
151	7	1	69	0.068	
151	7	1	73	0.070	
151	7	1	58	0.121	
151	7	1	72	0.065	
152	7	1	51	0.224	
152	7	1	51	0.168	
152	7	1	51	0.246	
152	7	1	50	0.225	
152	7	1	50	0.233	
153	7	1	80	0.079	
153	7	1	47	0.054	
153	7	1	72	0.052	
153	7	1	71	0.062	
153	7	1	60	0.103	
154	7	1	70	0.131	
154	7	1	77	0.094	
154	7	1	75	0.079	
154	7	1	63	0.177	
154	7	1	72	0.126	
155	7	1	83	0.104	
155	7	1	55	0.082	
155	7	1	60	0.155	
155	7	1	56	0.155	
155	7	1	65	0.153	
156	7	1	58	0.405	
156	7	1	59	0.343	
156	7	1	63	0.349	
156	7	1	60	0.307	
156	7	1	60	0.396	
157	7	1	61	0.048	
157	7	1	80	0.058	
157	7	1	45	0.075	
157	7	1	75	0.059	
157	7	1	74	0.096	
158	7	1	85	0.037	
158	7	1	75	0.076	
158	7	1	88	0.085	
158	7	1	94	0.053	
158	7	0	62	0.000	
159	7	1	48	0.295	
159	7	1	48	0.360	
159	7	1	48	0.295	
159	7	1	49	0.277	
159	7	1	48	0.373	
160	7	1	68	0.053	
160	7	1	69	0.083	
160	7	1	63	0.094	
160	7	1	60	0.072	
160	7	1	64	0.035	
161	7	1	46	0.221	
161	7	1	49	0.204	
161	7	1	51	0.282	
161	7	1	47	0.255	
161	7	1	52	0.308	
162	7	0	33	0.000	
162	7	1	72	0.090	
162	7	1	81	0.100	
162	7	1	59	0.112	
162	7	1	77	0.119	
163	7	0	57	0.003	
163	7	1	101	0.088	
163	7	0	63	0.009	
163	7	1	68	0.078	
163	7	1	87	0.060	
164	7	1	65	0.139	
164	7	1	73	0.124	
164	7	1	69	0.152	
164	7	1	76	0.083	
164	7	1	75	0.113	
165	7	1	79	0.068	
165	7	1	60	0.088	
165	7	1	75	0.070	
165	7	1	98	0.076	
165	7	1	78	0.069	
166	7	1	60	0.123	
166	7	1	63	0.113	
166	7	1	66	0.092	
166	7	1	65	0.048	
166	7	1	61	0.040	
167	7	1	41	0.053	
167	7	1	32	0.035	
167	7	1	43	0.069	
167	7	1	42	0.065	
167	7	1	49	0.046	
168	7	1	58	0.144	
168	7	1	74	0.083	
168	7	1	75	0.201	
168	7	1	87	0.096	
168	7	1	78	0.129	
169	7	1	64	0.042	
169	7	1	76	0.059	
169	7	1	140	0.044	
169	7	0	60	0.000	
169	7	1	109	0.060	
170	7	1	59	0.109	
170	7	1	78	0.098	
170	7	1	65	0.088	
170	7	1	65	0.162	
170	7	1	69	0.113	
171	7	1	107	0.078	
171	7	1	78	0.125	
171	7	1	79	0.043	
171	7	1	86	0.127	
171	7	1	83	0.121	
172	7	1	79	0.078	
172	7	1	68	0.085	
172	7	1	66	0.085	
172	7	1	83	0.073	
172	7	1	69	0.073	
173	7	1	64	0.045	
173	7	1	76	0.108	
173	7	1	82	0.101	
173	7	1	71	0.106	
173	7	1	68	0.095	
174	7	1	63	0.089	
174	7	1	69	0.149	
174	7	1	57	0.142	
174	7	1	61	0.195	
174	7	1	63	0.153	
175	7	1	35	0.097	
175	7	1	87	0.098	
175	7	1	54	0.072	
175	7	1	95	0.047	
175	7	1	104	0.080	
176	7	1	74	0.149	
176	7	1	78	0.077	
176	7	1	84	0.065	
176	7	1	83	0.155	
176	7	1	76	0.112	
177	7	1	81	0.094	
177	7	1	81	0.107	
177	7	1	93	0.104	
177	7	1	77	0.116	
177	7	1	88	0.089	
178	7	1	59	0.153	
178	7	1	72	0.126	
178	7	1	80	0.099	
178	7	1	61	0.084	
178	7	1	61	0.159	
179	7	1	90	0.097	
179	7	1	71	0.080	
179	7	1	81	0.079	
179	7	1	80	0.132	
179	7	1	74	0.068	
180	7	1	96	0.076	
180	7	1	69	0.077	
180	7	1	40	0.065	
180	7	0	54	0.000	
180	7	0	36	0.000	
181	7	1	84	0.101	
181	7	1	45	0.090	
181	7	1	89	0.037	
181	7	1	120	0.072	
181	7	1	86	0.076	
182	7	1	68	0.039	
182	7	1	41	0.115	
182	7	1	85	0.079	
182	7	1	82	0.045	
182	7	1	70	0.066	
183	7	1	98	0.066	
183	7	1	83	0.049	
183	7	1	65	0.123	
183	7	1	88	0.076	
183	7	1	97	0.064	
184	7	1	72	0.128	
184	7	1	92	0.075	
184	7	1	79	0.108	
184	7	1	84	0.083	
184	7	1	76	0.119	
185	7	1	53	0.137	
185	7	1	66	0.058	
185	7	1	62	0.154	
185	7	1	53	0.151	
185	7	1	54	0.157	
186	7	0	68	0.021	
186	7	1	82	0.051	
186	7	1	65	0.083	
186	7	1	85	0.073	
186	7	1	82	0.115	
187	7	1	71	0.138	
187	7	1	66	0.142	
187	7	1	69	0.137	
187	7	1	69	0.115	
187	7	1	84	0.087	
188	7	1	65	0.095	
188	7	1	63	0.093	
188	7	1	72	0.098	
188	7	1	67	0.089	
188	7	1	74	0.104	
189	7	1	69	0.073	
189	7	1	69	0.082	
189	7	1	70	0.089	
189	7	1	65	0.100	
189	7	1	75	0.065	
190	7	1	70	0.075	
190	7	1	76	0.068	
190	7	1	74	0.083	
190	7	1	77	0.112	
190	7	1	208	0.071	
191	7	1	44	0.066	
191	7	0	40	0.012	
191	7	1	61	0.063	
191	7	1	87	0.065	
191	7	0	53	0.024	
192	7	1	80	0.106	
192	7	1	69	0.115	
192	7	1	28	0.140	
192	7	0	101	0.020	
192	7	1	62	0.139	
193	7	1	63	0.085	
193	7	1	80	0.114	
193	7	1	83	0.085	
193	7	1	75	0.029	
193	7	0	52	0.022	
194	7	1	81	0.093	
194	7	1	87	0.047	
194	7	1	71	0.113	
194	7	1	74	0.106	
194	7	1	80	0.111	
195	7	1	60	0.079	
195	7	1	58	0.030	
195	7	1	46	0.035	
195	7	1	62	0.101	
195	7	1	62	0.003	
196	7	1	69	0.083	
196	7	1	59	0.088	
196	7	1	70	0.099	
196	7	1	64	0.090	
196	7	1	61	0.068	
197	7	1	64	0.159	
197	7	1	70	0.137	
197	7	1	74	0.097	
197	7	1	71	0.088	
197	7	1	67	0.089	
198	7	1	58	0.117	
198	7	1	58	0.117	
198	7	1	70	0.122	
198	7	1	88	0.052	
198	7	1	69	0.106	
199	7	1	75	0.077	
199	7	1	69	0.103	
199	7	1	70	0.046	
199	7	0	45	0.000	
199	7	1	81	0.089	
200	7	1	67	0.093	
200	7	1	61	0.142	
200	7	1	55	0.146	
200	7	1	68	0.121	
200	7	1	70	0.121	
201	7	1	50	0.068	
201	7	1	53	0.107	
201	7	1	63	0.094	
201	7	1	40	0.104	
201	7	1	64	0.077	
202	7	1	67	0.149	
202	7	1	67	0.125	
202	7	1	54	0.158	
202	7	1	59	0.099	
202	7	1	65	0.189	
203	7	0	48	0.000	
203	7	1	63	0.069	
203	7	1	62	0.084	
203	7	1	48	0.069	
203	7	1	74	0.068	
204	7	1	85	0.064	
204	7	1	250	0.071	
204	7	1	75	0.098	
204	7	1	79	0.058	
204	7	1	54	0.071	
205	7	1	97	0.069	
205	7	1	79	0.092	
205	7	1	84	0.081	
205	7	1	79	0.060	
205	7	1	93	0.093	
206	7	1	68	0.100	
206	7	1	63	0.102	
206	7	1	69	0.072	
206	7	1	81	0.084	
206	7	1	70	0.071	
207	7	1	90	0.076	
207	7	1	82	0.038	
207	7	1	101	0.088	
207	7	1	80	0.073	
207	7	1	81	0.064	
208	7	1	87	0.084	
208	7	1	80	0.087	
208	7	0	56	0.000	
208	7	0	64	0.000	
208	7	1	66	0.091	
209	7	1	57	0.145	
209	7	1	60	0.171	
209	7	1	58	0.162	
209	7	1	54	0.132	
209	7	1	53	0.109	
210	7	0	45	0.000	
210	7	1	83	0.067	
210	7	1	79	0.069	
210	7	1	75	0.087	
210	7	1	79	0.068	
211	7	1	73	0.051	
211	7	1	47	0.178	
211	7	1	81	0.089	
211	7	1	78	0.111	
211	7	1	74	0.057	
212	7	1	54	0.063	
212	7	1	59	0.141	
212	7	1	62	0.062	
212	7	1	59	0.122	
212	7	1	60	0.123	
213	7	1	82	0.112	
213	7	1	71	0.074	
213	7	1	117	0.086	
213	7	1	113	0.068	
213	7	1	78	0.105	
214	7	1	94	0.042	
214	7	1	87	0.063	
214	7	1	73	0.092	
214	7	1	72	0.089	
214	7	1	80	0.082	
215	7	1	67	0.102	
215	7	1	76	0.080	
215	7	1	79	0.005	
215	7	1	70	0.107	
215	7	1	64	0.131	
216	7	1	70	0.132	
216	7	1	70	0.154	
216	7	1	68	0.192	
216	7	1	94	0.053	
216	7	1	74	0.106	
217	7	1	71	0.102	
217	7	1	74	0.081	
217	7	1	69	0.102	
217	7	1	92	0.081	
217	7	1	151	0.049	
218	7	1	61	0.099	
218	7	1	63	0.100	
218	7	1	79	0.069	
218	7	1	68	0.130	
218	7	1	64	0.123	
219	7	1	83	0.083	
219	7	1	76	0.106	
219	7	1	73	0.081	
219	7	1	75	0.138	
219	7	1	84	0.067	
220	7	1	70	0.063	
220	7	1	50	0.054	
220	7	1	35	0.063	
220	7	1	52	0.066	
220	7	0	42	0.000	
221	7	1	79	0.012	
221	7	1	73	0.038	
221	7	1	83	0.054	
221	7	1	90	0.061	
221	7	1	80	0.071	
222	7	1	77	0.126	
222	7	1	72	0.108	
222	7	1	84	0.117	
222	7	1	76	0.084	
222	7	1	64	0.028	
223	7	1	80	0.113	
223	7	0	48	0.000	
223	7	1	68	0.068	
223	7	1	85	0.077	
223	7	1	81	0.107	
224	7	1	88	0.061	
224	7	1	67	0.049	
224	7	1	70	0.088	
224	7	0	33	0.005	
224	7	1	68	0.063	
225	7	1	64	0.091	
225	7	1	66	0.060	
225	7	1	70	0.056	
225	7	1	76	0.071	
225	7	1	37	0.088	
226	7	1	53	0.088	
226	7	1	52	0.080	
226	7	1	57	0.043	
226	7	1	53	0.093	
226	7	1	60	0.081	
227	7	1	93	0.045	
227	7	1	93	0.055	
227	7	0	162	0.003	
227	7	1	87	0.103	
227	7	1	109	0.120	
228	7	1	61	0.015	
228	7	1	60	0.021	
228	7	1	96	0.083	
228	7	1	62	0.030	
228	7	1	75	0.062	
229	7	1	60	0.101	
229	7	1	250	0.068	
229	7	1	77	0.091	
229	7	1	80	0.059	
229	7	1	71	0.083	
230	7	1	226	0.072	
230	7	1	70	0.102	
230	7	1	45	0.041	
230	7	1	75	0.090	
230	7	1	79	0.060	
231	7	1	80	0.104	
231	7	1	67	0.202	
231	7	1	40	0.141	
231	7	1	75	0.085	
231	7	1	69	0.087	
232	7	1	69	0.084	
232	7	1	93	0.104	
232	7	1	90	0.064	
232	7	1	70	0.102	
232	7	1	64	0.054	
233	7	1	53	0.337	
233	7	1	50	0.370	
233	7	1	49	0.340	
233	7	1	48	0.325	
233	7	1	48	0.328	
234	7	1	70	0.109	
234	7	1	68	0.094	
234	7	1	71	0.100	
234	7	1	71	0.125	
234	7	1	62	0.079	
235	7	1	117	0.070	
235	7	1	74	0.108	
235	7	1	65	0.090	
235	7	0	46	0.023	
235	7	1	250	0.077	
236	7	1	52	0.176	
236	7	1	56	0.168	
236	7	1	54	0.166	
236	7	1	50	0.154	
236	7	1	58	0.136	
237	7	1	76	0.064	
237	7	1	78	0.074	
237	7	1	91	0.073	
237	7	1	77	0.075	
237	7	1	226	0.075	
238	7	1	77	0.090	
238	7	1	72	0.096	
238	7	1	110	0.048	
238	7	1	132	0.036	
238	7	1	91	0.101	
239	7	1	69	0.228	
239	7	1	63	0.278	
239	7	1	68	0.217	
239	7	1	82	0.062	
239	7	1	61	0.252	
240	7	1	59	0.152	
240	7	1	60	0.127	
240	7	1	65	0.188	
240	7	1	72	0.184	
240	7	1	63	0.174	
241	7	1	92	0.076	
241	7	1	92	0.060	
241	7	1	90	0.077	
241	7	1	49	0.049	
241	7	1	38	0.052	
242	7	1	87	0.093	
242	7	1	84	0.091	
242	7	1	74	0.099	
242	7	1	70	0.090	
242	7	1	74	0.086	
243	7	1	110	0.054	
243	7	1	95	0.057	
243	7	1	88	0.050	
243	7	1	93	0.057	
243	7	1	100	0.060	
244	7	1	74	0.050	
244	7	1	84	0.051	
244	7	1	85	0.038	
244	7	1	76	0.054	
244	7	1	74	0.057	
245	7	1	93	0.085	
245	7	1	86	0.086	
245	7	1	76	0.102	
245	7	1	85	0.065	
245	7	1	76	0.084	
246	7	1	88	0.059	
246	7	0	154	0.011	
246	7	1	85	0.093	
246	7	1	81	0.081	
246	7	0	57	0.000	
247	7	1	52	0.173	
247	7	1	59	0.163	
247	7	1	51	0.163	
247	7	1	51	0.132	
247	7	1	50	0.195	
248	7	1	72	0.119	
248	7	1	59	0.069	
248	7	1	69	0.119	
248	7	1	69	0.094	
248	7	1	63	0.099	
249	7	0	35	0.000	
249	7	1	75	0.067	
249	7	1	69	0.067	
249	7	1	179	0.093	
249	7	1	121	0.080	
250	7	1	88	0.038	
250	7	1	95	0.007	
250	7	1	83	0.080	
250	7	1	91	0.010	
250	7	0	76	0.006	
251	7	1	56	0.001	
251	7	1	60	0.122	
251	7	1	52	0.094	
251	7	1	51	0.086	
251	7	0	50	0.000	
252	7	1	57	0.098	
252	7	1	64	0.082	
252	7	1	59	0.098	
252	7	1	64	0.074	
252	7	1	59	0.095	
253	7	1	68	0.044	
253	7	1	92	0.067	
253	7	1	81	0.082	
253	7	1	78	0.078	
253	7	1	74	0.074	
254	7	1	68	0.066	
254	7	1	69	0.129	
254	7	1	77	0.075	
254	7	1	65	0.068	
254	7	1	67	0.073	
255	7	1	86	0.094	
255	7	1	62	0.060	
255	7	1	91	0.061	
255	7	0	63	0.021	
255	7	1	87	0.084	
256	7	1	86	0.079	
256	7	1	85	0.082	
256	7	1	80	0.077	
256	7	1	85	0.060	
256	7	1	94	0.080	
257	7	1	65	0.179	
257	7	1	57	0.176	
257	7	1	64	0.214	
257	7	1	54	0.237	
257	7	1	64	0.123	
258	7	1	103	0.058	
258	7	1	90	0.071	
258	7	1	88	0.062	
258	7	1	45	0.098	
258	7	1	152	0.029	
259	7	1	61	0.114	
259	7	1	59	0.122	
259	7	1	56	0.137	
259	7	1	54	0.136	
259	7	1	56	0.201	
260	7	1	109	0.062	
260	7	1	100	0.106	
260	7	1	91	0.101	
260	7	1	95	0.093	
260	7	1	100	0.103	
261	7	1	76	0.083	
261	7	1	67	0.050	
261	7	1	72	0.058	
261	7	1	63	0.102	
261	7	1	64	0.105	
262	7	0	38	0.000	
262	7	1	52	0.088	
262	7	1	83	0.031	
262	7	1	38	0.137	
262	7	1	71	0.086	
263	7	1	70	0.091	
263	7	1	75	0.131	
263	7	0	29	0.000	
263	7	1	76	0.095	
263	7	1	72	0.082	
264	7	1	77	0.119	
264	7	1	73	0.088	
264	7	1	75	0.068	
264	7	1	66	0.094	
264	7	1	60	0.081	
265	7	1	43	0.095	
265	7	1	105	0.061	
265	7	0	81	0.000	
265	7	1	155	0.064	
265	7	1	114	0.040	
266	7	1	132	0.052	
266	7	1	81	0.078	
266	7	0	61	0.020	
266	7	1	97	0.035	
266	7	1	80	0.125	
267	7	1	78	0.097	
267	7	1	72	0.108	
267	7	1	87	0.091	
267	7	1	148	0.079	
267	7	1	33	0.190	
268	7	1	99	0.073	
268	7	1	78	0.066	
268	7	1	103	0.049	
268	7	1	95	0.043	
268	7	1	83	0.054	
269	7	1	72	0.048	
269	7	0	33	0.000	
269	7	1	69	0.102	
269	7	1	70	0.085	
269	7	1	62	0.061	
270	7	1	48	0.180	
270	7	1	53	0.157	
270	7	1	47	0.109	
270	7	1	50	0.156	
270	7	1	48	0.094	
271	7	1	89	0.074	
271	7	1	93	0.083	
271	7	1	88	0.064	
271	7	1	86	0.070	
271	7	1	83	0.078	
272	7	1	45	0.081	
272	7	1	77	0.044	
272	7	1	107	0.048	
272	7	1	104	0.064	
272	7	1	61	0.017	
273	7	1	100	0.051	
273	7	1	107	0.056	
273	7	1	88	0.109	
273	7	1	107	0.099	
273	7	1	35	0.107	
274	7	1	49	0.231	
274	7	1	52	0.173	
274	7	1	47	0.104	
274	7	1	47	0.104	
274	7	1	51	0.112	
275	7	1	141	0.041	
275	7	1	158	0.010	
275	7	1	92	0.054	
275	7	1	78	0.046	
275	7	1	92	0.062	
276	7	1	94	0.054	
276	7	1	102	0.035	
276	7	1	91	0.041	
276	7	1	48	0.041	
276	7	1	94	0.089	
277	7	1	77	0.066	
277	7	1	71	0.040	
277	7	1	65	0.122	
277	7	1	72	0.131	
277	7	1	75	0.139	
278	7	1	78	0.077	
278	7	1	75	0.115	
278	7	1	70	0.043	
278	7	1	81	0.104	
278	7	1	71	0.106	
279	7	1	89	0.078	
279	7	1	104	0.073	
279	7	0	61	0.032	
279	7	1	100	0.045	
279	7	1	93	0.043	
280	7	1	79	0.070	
280	7	1	250	0.089	
280	7	1	94	0.092	
280	7	1	74	0.116	
280	7	1	67	0.039	
281	7	1	72	0.031	
281	7	1	112	0.056	
281	7	1	108	0.068	
281	7	1	35	0.043	
281	7	1	30	0.130	
282	7	0	53	0.000	
282	7	1	106	0.047	
282	7	1	85	0.104	
282	7	1	94	0.054	
282	7	1	99	0.054	
283	7	1	50	0.063	
283	7	1	48	0.065	
283	7	1	39	0.034	
283	7	1	44	0.044	
283	7	1	38	0.075	
284	7	1	56	0.088	
284	7	1	62	0.108	
284	7	1	66	0.072	
284	7	1	67	0.115	
284	7	1	60	0.057	
285	7	1	93	0.089	
285	7	0	48	0.000	
285	7	1	87	0.073	
285	7	1	96	0.073	
285	7	1	250	0.032	
286	7	1	86	0.087	
286	7	1	73	0.060	
286	7	1	75	0.022	
286	7	1	73	0.057	
286	7	0	66	0.000	
287	7	1	118	0.077	
287	7	1	90	0.082	
287	7	1	146	0.016	
287	7	1	168	0.000	
287	7	1	122	0.060	
288	7	1	43	0.062	
288	7	1	82	0.039	
288	7	1	85	0.062	
288	7	1	83	0.070	
288	7	1	89	0.048	
289	7	1	75	0.174	
289	7	1	67	0.071	
289	7	1	70	0.090	
289	7	1	87	0.092	
289	7	1	71	0.092	
290	7	1	109	0.077	
290	7	1	49	0.076	
290	7	1	92	0.035	
290	7	1	104	0.056	
290	7	1	101	0.078	
291	7	1	48	0.249	
291	7	1	51	0.267	
291	7	1	49	0.215	
291	7	1	50	0.253	
291	7	1	50	0.261	
292	7	1	89	0.063	
292	7	0	28	0.025	
292	7	1	39	0.094	
292	7	1	90	0.066	
292	7	1	90	0.093	
293	7	1	65	0.042	
293	7	1	81	0.103	
293	7	1	245	0.048	
293	7	1	79	0.079	
293	7	1	222	0.054	
294	7	1	88	0.073	
294	7	1	89	0.080	
294	7	1	103	0.095	
294	7	1	42	0.204	
294	7	1	80	0.086	
295	7	1	74	0.095	
295	7	1	77	0.041	
295	7	1	69	0.080	
295	7	1	72	0.035	
295	7	0	47	0.000	
296	7	1	78	0.174	
296	7	1	61	0.109	
296	7	1	68	0.159	
296	7	1	81	0.140	
296	7	1	71	0.144	
297	7	1	95	0.027	
297	7	1	92	0.045	
297	7	1	80	0.049	
297	7	1	88	0.036	
297	7	1	86	0.052	
298	7	1	107	0.007	
298	7	1	84	0.068	
298	7	1	83	0.080	
298	7	1	81	0.103	
298	7	1	85	0.092	
299	7	0	60	0.000	
299	7	1	250	0.052	
299	7	1	75	0.017	
299	7	1	95	0.048	
299	7	1	75	0.054	
0	8	1	89	0.135	
0	8	1	83	0.150	
0	8	1	90	0.135	
0	8	1	83	0.100	
0	8	1	102	0.137	
1	8	1	82	0.187	
1	8	1	83	0.151	
1	8	1	83	0.155	
1	8	1	88	0.165	
1	8	1	77	0.196	
2	8	1	76	0.128	
2	8	1	38	0.115	
2	8	1	82	0.107	
2	8	1	74	0.117	
2	8	1	82	0.114	
3	8	1	73	0.190	
3	8	1	73	0.190	
3	8	1	74	0.193	
3	8	1	69	0.179	
3	8	1	74	0.193	
4	8	1	130	0.073	
4	8	1	111	0.086	
4	8	1	130	0.112	
4	8	1	110	0.097	
4	8	1	121	0.120	
5	8	1	59	0.196	
5	8	1	59	0.344	
5	8	1	59	0.344	
5	8	1	59	0.344	
5	8	1	60	0.280	
6	8	1	95	0.143	
6	8	1	80	0.147	
6	8	1	91	0.117	
6	8	1	95	0.105	
6	8	1	112	0.098	
7	8	1	100	0.117	
7	8	1	85	0.144	
7	8	1	84	0.134	
7	8	1	81	0.126	
7	8	1	84	0.140	
8	8	1	70	0.175	
8	8	1	72	0.164	
8	8	1	71	0.172	
8	8	1	69	0.176	
8	8	1	77	0.081	
9	8	1	61	0.230	
9	8	1	61	0.284	
9	8	1	61	0.313	
9	8	1	60	0.302	
9	8	1	61	0.282	
10	8	1	71	0.236	
10	8	1	64	0.239	
10	8	1	68	0.149	
10	8	1	63	0.202	
10	8	1	64	0.218	
11	8	1	60	0.360	
11	8	1	60	0.340	
11	8	1	60	0.360	
11	8	1	60	0.360	
11	8	1	60	0.340	
12	8	1	97	0.167	
12	8	1	106	0.155	
12	8	1	96	0.156	
12	8	1	103	0.140	
12	8	1	104	0.154	
13	8	1	73	0.125	
13	8	1	73	0.100	
13	8	1	76	0.123	
13	8	1	76	0.096	
13	8	1	85	0.126	
14	8	1	67	0.281	
14	8	1	68	0.274	
14	8	1	68	0.281	
14	8	1	69	0.248	
14	8	1	67	0.272	
15	8	1	66	0.256	
15	8	1	73	0.212	
15	8	1	65	0.283	
15	8	1	75	0.227	
15	8	1	70	0.220	
16	8	1	99	0.108	
16	8	1	84	0.190	
16	8	1	89	0.186	
16	8	1	75	0.196	
16	8	1	75	0.140	
17	8	1	67	0.314	
17	8	1	66	0.376	
17	8	1	66	0.378	
17	8	1	66	0.315	
17	8	1	66	0.378	
18	8	1	60	0.358	
18	8	1	62	0.401	
18	8	1	62	0.401	
18	8	1	60	0.358	
18	8	1	62	0.401	
19	8	1	116	0.090	
19	8	1	90	0.089	
19	8	1	103	0.140	
19	8	1	94	0.142	
19	8	1	98	0.094	
20	8	1	62	0.364	
20	8	1	63	0.348	
20	8	1	60	0.355	
20	8	1	60	0.347	
20	8	1	61	0.361	
21	8	1	67	0.297	
21	8	1	75	0.309	
21	8	1	69	0.277	
21	8	1	67	0.282	
21	8	1	70	0.273	
22	8	1	91	0.131	
22	8	1	86	0.175	
22	8	1	89	0.180	
22	8	1	89	0.160	
22	8	1	77	0.136	
23	8	1	77	0.133	
23	8	1	78	0.128	
23	8	1	78	0.198	
23	8	1	95	0.075	
23	8	1	91	0.063	
24	8	1	106	0.105	
24	8	1	94	0.064	
24	8	1	99	0.109	
24	8	1	90	0.135	
24	8	1	109	0.145	
25	8	1	59	0.320	
25	8	1	59	0.320	
25	8	1	59	0.320	
25	8	1	59	0.320	
25	8	1	59	0.320	
26	8	1	91	0.153	
26	8	1	72	0.150	
26	8	1	80	0.143	
26	8	1	80	0.161	
26	8	1	83	0.164	
27	8	1	69	0.181	
27	8	1	69	0.182	
27	8	1	60	0.153	
27	8	1	69	0.182	
27	8	1	69	0.182	
28	8	1	68	0.345	
28	8	1	62	0.374	
28	8	1	68	0.350	
28	8	1	66	0.346	
28	8	1	68	0.361	
29	8	1	68	0.077	
29	8	1	75	0.072	
29	8	1	92	0.130	
29	8	1	65	0.076	
29	8	1	74	0.056	
30	8	1	91	0.167	
30	8	1	90	0.127	
30	8	1	91	0.135	
30	8	1	87	0.166	
30	8	1	88	0.131	
31	8	1	66	0.328	
31	8	1	63	0.314	
31	8	1	80	0.297	
31	8	1	73	0.315	
31	8	1	73	0.285	
32	8	1	64	0.284	
32	8	1	61	0.298	
32	8	1	64	0.282	
32	8	1	64	0.282	
32	8	1	64	0.282	
33	8	1	75	0.057	
33	8	1	58	0.063	
33	8	1	54	0.076	
33	8	1	63	0.075	
33	8	1	65	0.072	
34	8	1	63	0.279	
34	8	1	63	0.279	
34	8	1	62	0.189	
34	8	1	63	0.279	
34	8	1	62	0.250	
35	8	1	72	0.055	
35	8	1	75	0.102	
35	8	1	69	0.113	
35	8	1	71	0.099	
35	8	1	86	0.072	
36	8	1	64	0.247	
36	8	1	64	0.247	
36	8	1	62	0.240	
36	8	1	61	0.215	
36	8	1	60	0.309	
37	8	1	93	0.148	
37	8	1	106	0.155	
37	8	1	104	0.136	
37	8	1	250	0.283	
37	8	1	97	0.121	
38	8	1	94	0.139	
38	8	1	92	0.106	
38	8	1	100	0.103	
38	8	1	97	0.120	
38	8	1	92	0.100	
39	8	1	67	0.204	
39	8	1	78	0.115	
39	8	1	65	0.213	
39	8	1	67	0.197	
39	8	1	72	0.139	
40	8	1	59	0.337	
40	8	1	59	0.340	
40	8	1	59	0.340	
40	8	1	59	0.340	
40	8	1	59	0.340	
41	8	1	59	0.300	
41	8	1	59	0.300	
41	8	1	59	0.386	
41	8	1	59	0.300	
41	8	1	59	0.357	
42	8	1	59	0.639	
42	8	1	59	0.639	
42	8	1	59	0.641	
42	8	1	59	0.639	
42	8	1	59	0.639	
43	8	1	104	0.128	
43	8	1	104	0.115	
43	8	1	99	0.155	
43	8	1	103	0.118	
43	8	1	89	0.136	
44	8	1	81	0.121	
44	8	1	79	0.139	
44	8	1	84	0.101	
44	8	1	91	0.119	
44	8	1	87	0.130	
45	8	1	91	0.129	
45	8	1	79	0.117	
45	8	1	84	0.112	
45	8	1	80	0.136	
45	8	1	76	0.131	
46	8	1	88	0.100	
46	8	1	94	0.096	
46	8	1	90	0.093	
46	8	1	87	0.083	
46	8	1	92	0.087	
47	8	1	85	0.081	
47	8	1	99	0.049	
47	8	1	91	0.078	
47	8	1	96	0.053	
47	8	1	81	0.089	
48	8	1	77	0.189	
48	8	1	74	0.166	
48	8	1	84	0.139	
48	8	1	75	0.173	
48	8	1	74	0.158	
49	8	1	108	0.102	
49	8	1	95	0.146	
49	8	1	97	0.120	
49	8	1	98	0.107	
49	8	1	111	0.111	
50	8	1	62	0.368	
50	8	1	65	0.314	
50	8	1	62	0.368	
50	8	1	62	0.368	
50	8	1	65	0.314	
51	8	1	65	0.290	
51	8	1	65	0.255	
51	8	1	70	0.333	
51	8	1	62	0.339	
51	8	1	63	0.312	
52	8	1	65	0.335	
52	8	1	72	0.297	
52	8	1	66	0.289	
52	8	1	73	0.290	
52	8	1	67	0.328	
53	8	1	87	0.124	
53	8	1	72	0.102	
53	8	1	82	0.081	
53	8	1	85	0.149	
53	8	1	80	0.110	
54	8	1	59	0.350	
54	8	1	59	0.321	
54	8	1	59	0.321	
54	8	1	59	0.324	
54	8	1	60	0.328	
55	8	1	83	0.098	
55	8	1	84	0.085	
55	8	1	92	0.074	
55	8	1	85	0.100	
55	8	1	86	0.097	
56	8	1	71	0.264	
56	8	1	72	0.279	
56	8	1	71	0.269	
56	8	1	68	0.303	
56	8	1	69	0.323	
57	8	1	100	0.127	
57	8	1	109	0.124	
57	8	1	99	0.114	
57	8	1	88	0.125	
57	8	1	99	0.109	
58	8	1	123	0.118	
58	8	1	119	0.107	
58	8	1	110	0.119	
58	8	1	127	0.127	
58	8	1	141	0.124	
59	8	1	92	0.091	
59	8	1	96	0.097	
59	8	1	92	0.101	
59	8	1	113	0.089	
59	8	1	128	0.080	
60	8	1	87	0.102	
60	8	1	82	0.091	
60	8	1	87	0.096	
60	8	1	85	0.105	
60	8	1	80	0.108	
61	8	1	59	0.388	
61	8	1	59	0.388	
61	8	1	59	0.391	
61	8	1	59	0.391	
61	8	1	59	0.388	
62	8	1	129	0.067	
62	8	1	127	0.077	
62	8	1	129	0.062	
62	8	1	123	0.078	
62	8	1	123	0.072	
63	8	1	76	0.095	
63	8	1	83	0.127	
63	8	1	76	0.089	
63	8	1	76	0.131	
63	8	1	91	0.097	
64	8	1	68	0.159	
64	8	1	72	0.191	
64	8	1	69	0.194	
64	8	1	76	0.148	
64	8	1	75	0.167	
65	8	1	68	0.347	
65	8	1	63	0.290	
65	8	1	61	0.321	
65	8	1	62	0.325	
65	8	1	63	0.298	
66	8	1	96	0.076	
66	8	1	87	0.093	
66	8	1	103	0.050	
66	8	1	72	0.147	
66	8	1	86	0.082	
67	8	1	59	0.340	
67	8	1	59	0.337	
67	8	1	59	0.340	
67	8	1	59	0.337	
67	8	1	59	0.337	
68	8	1	71	0.249	
68	8	1	71	0.290	
68	8	1	70	0.201	
68	8	1	75	0.127	
68	8	1	71	0.194	
69	8	1	86	0.111	
69	8	1	51	0.081	
69	8	1	91	0.101	
69	8	1	97	0.097	
69	8	1	102	0.092	
70	8	1	77	0.218	
70	8	1	76	0.213	
70	8	1	66	0.223	
70	8	1	67	0.231	
70	8	1	65	0.237	
71	8	1	63	0.262	
71	8	1	63	0.262	
71	8	1	62	0.248	
71	8	1	62	0.248	
71	8	1	63	0.262	
72	8	1	60	0.234	
72	8	1	60	0.292	
72	8	1	60	0.240	
72	8	1	60	0.240	
72	8	1	60	0.240	
73	8	1	71	0.155	
73	8	1	69	0.180	
73	8	1	89	0.122	
73	8	1	88	0.169	
73	8	1	82	0.165	
74	8	1	70	0.199	
74	8	1	67	0.176	
74	8	1	80	0.122	
74	8	1	71	0.184	
74	8	1	67	0.201	
75	8	1	59	0.356	
75	8	1	59	0.357	
75	8	1	59	0.357	
75	8	1	59	0.356	
75	8	1	59	0.350	
76	8	1	81	0.158	
76	8	1	80	0.073	
76	8	1	76	0.080	
76	8	1	73	0.178	
76	8	1	73	0.194	
77	8	1	68	0.304	
77	8	1	63	0.307	
77	8	1	60	0.321	
77	8	1	63	0.307	
77	8	1	61	0.373	
78	8	1	86	0.161	
78	8	1	98	0.158	
78	8	1	83	0.140	
78	8	1	126	0.089	
78	8	1	96	0.103	
79	8	1	69	0.266	
79	8	1	77	0.162	
79	8	1	63	0.269	
79	8	1	64	0.199	
79	8	1	69	0.266	
80	8	1	83	0.192	
80	8	1	109	0.147	
80	8	1	95	0.156	
80	8	1	83	0.139	
80	8	1	97	0.167	
81	8	1	73	0.088	
81	8	1	74	0.137	
81	8	1	100	0.056	
81	8	1	84	0.072	
81	8	1	81	0.135	
82	8	1	83	0.075	
82	8	1	86	0.104	
82	8	1	38	0.144	
82	8	1	83	0.063	
82	8	1	38	0.144	
83	8	1	65	0.195	
83	8	1	66	0.239	
83	8	1	71	0.269	
83	8	1	71	0.269	
83	8	1	71	0.269	
84	8	1	63	0.204	
84	8	1	66	0.121	
84	8	1	78	0.056	
84	8	1	63	0.216	
84	8	1	84	0.096	
85	8	1	85	0.099	
85	8	1	99	0.097	
85	8	1	80	0.153	
85	8	1	77	0.187	
85	8	1	82	0.158	
86	8	1	103	0.134	
86	8	1	96	0.054	
86	8	1	110	0.106	
86	8	1	93	0.081	
86	8	1	103	0.141	
87	8	1	61	0.248	
87	8	1	61	0.310	
87	8	1	60	0.295	
87	8	1	60	0.296	
87	8	1	62	0.384	
88	8	1	67	0.257	
88	8	1	61	0.307	
88	8	1	63	0.323	
88	8	1	62	0.350	
88	8	1	67	0.258	
89	8	1	74	0.120	
89	8	1	76	0.119	
89	8	1	84	0.116	
89	8	1	90	0.095	
89	8	1	66	0.100	
90	8	1	71	0.282	
90	8	1	70	0.291	
90	8	1	71	0.283	
90	8	1	71	0.283	
90	8	1	71	0.282	
91	8	1	63	0.300	
91	8	1	63	0.299	
91	8	1	63	0.300	
91	8	1	64	0.227	
91	8	1	63	0.247	
92	8	1	72	0.104	
92	8	1	81	0.076	
92	8	1	81	0.112	
92	8	1	69	0.073	
92	8	1	79	0.076	
93	8	1	59	0.791	
93	8	1	59	0.791	
93	8	1	59	0.791	
93	8	1	59	0.791	
93	8	1	59	0.791	
94	8	1	59	0.389	
94	8	1	59	0.389	
94	8	1	59	0.386	
94	8	1	59	0.389	
94	8	1	59	0.389	
95	8	1	73	0.149	
95	8	1	67	0.137	
95	8	1	75	0.127	
95	8	1	81	0.116	
95	8	1	83	0.064	
96	8	1	98	0.159	
96	8	1	86	0.102	
96	8	1	90	0.183	
96	8	1	91	0.114	
96	8	1	94	0.186	
97	8	1	73	0.127	
97	8	1	70	0.111	
97	8	1	82	0.147	
97	8	1	84	0.157	
97	8	1	85	0.151	
98	8	1	109	0.107	
98	8	1	94	0.093	
98	8	1	89	0.154	
98	8	1	102	0.109	
98	8	1	94	0.148	
99	8	1	101	0.116	
99	8	1	106	0.113	
99	8	1	89	0.142	
99	8	1	99	0.086	
99	8	1	112	0.060	
100	8	1	69	0.225	
100	8	1	69	0.225	
100	8	1	69	0.219	
100	8	1	68	0.234	
100	8	1	69	0.219	
101	8	1	61	0.346	
101	8	1	69	0.346	
101	8	1	62	0.373	
101	8	1	62	0.374	
101	8	1	62	0.328	
102	8	1	72	0.098	
102	8	1	69	0.142	
102	8	1	85	0.108	
102	8	1	71	0.100	
102	8	1	94	0.083	
103	8	1	98	0.078	
103	8	1	94	0.119	
103	8	1	113	0.135	
103	8	1	98	0.183	
103	8	1	109	0.111	
104	8	1	65	0.103	
104	8	1	97	0.104	
104	8	1	86	0.112	
104	8	1	110	0.057	
104	8	1	93	0.119	
105	8	1	108	0.088	
105	8	1	86	0.096	
105	8	1	98	0.131	
105	8	1	93	0.108	
105	8	1	106	0.132	
106	8	1	90	0.131	
106	8	1	97	0.142	
106	8	1	85	0.189	
106	8	1	72	0.151	
106	8	1	82	0.167	
107	8	1	80	0.263	
107	8	1	87	0.194	
107	8	1	71	0.256	
107	8	1	90	0.180	
107	8	1	78	0.254	
108	8	1	62	0.401	
108	8	1	62	0.401	
108	8	1	61	0.340	
108	8	1	62	0.401	
108	8	1	62	0.401	
109	8	1	81	0.211	
109	8	1	88	0.187	
109	8	1	73	0.254	
109	8	1	87	0.191	
109	8	1	83	0.261	
110	8	1	83	0.095	
110	8	1	74	0.114	
110	8	1	86	0.150	
110	8	1	80	0.174	
110	8	1	71	0.181	
111	8	1	133	0.069	
111	8	1	140	0.061	
111	8	1	142	0.067	
111	8	1	127	0.122	
111	8	1	141	0.090	
112	8	1	72	0.083	
112	8	1	77	0.073	
112	8	1	129	0.056	
112	8	1	250	0.077	
112	8	1	70	0.063	
113	8	1	113	0.075	
113	8	1	122	0.087	
113	8	1	124	0.072	
113	8	1	111	0.105	
113	8	1	111	0.110	
114	8	1	89	0.070	
114	8	1	96	0.095	
114	8	1	103	0.103	
114	8	1	112	0.082	
114	8	1	106	0.072	
115	8	1	71	0.105	
115	8	1	99	0.098	
115	8	1	92	0.072	
115	8	1	59	0.082	
115	8	1	77	0.137	
116	8	1	72	0.284	
116	8	1	68	0.252	
116	8	1	69	0.292	
116	8	1	79	0.241	
116	8	1	70	0.283	
117	8	1	142	0.105	
117	8	1	115	0.082	
117	8	1	107	0.097	
117	8	1	99	0.072	
117	8	1	121	0.111	
118	8	1	115	0.134	
118	8	1	115	0.103	
118	8	1	120	0.101	
118	8	1	112	0.143	
118	8	1	110	0.077	
119	8	1	108	0.129	
119	8	1	117	0.092	
119	8	1	98	0.110	
119	8	1	94	0.109	
119	8	1	113	0.101	
120	8	1	101	0.079	
120	8	1	92	0.160	
120	8	1	102	0.135	
120	8	1	103	0.114	
120	8	1	100	0.134	
121	8	1	92	0.132	
121	8	1	90	0.103	
121	8	1	97	0.126	
121	8	1	86	0.139	
121	8	1	102	0.123	
122	8	1	72	0.204	
122	8	1	74	0.160	
122	8	1	72	0.137	
122	8	1	72	0.232	
122	8	1	69	0.111	
123	8	1	174	0.086	
123	8	1	117	0.154	
123	8	1	117	0.169	
123	8	1	106	0.129	
123	8	1	105	0.154	
124	8	1	95	0.160	
124	8	1	98	0.167	
124	8	1	90	0.113	
124	8	1	103	0.174	
124	8	1	91	0.143	
125	8	1	86	0.155	
125	8	1	80	0.166	
125	8	1	100	0.062	
125	8	1	90	0.151	
125	8	1	88	0.138	
126	8	1	92	0.121	
126	8	1	89	0.101	
126	8	1	88	0.106	
126	8	1	90	0.118	
126	8	1	97	0.087	
127	8	1	80	0.097	
127	8	1	87	0.098	
127	8	1	96	0.071	
127	8	1	90	0.110	
127	8	1	88	0.088	
128	8	1	60	0.274	
128	8	1	67	0.242	
128	8	1	70	0.234	
128	8	1	67	0.230	
128	8	1	61	0.218	
129	8	1	104	0.143	
129	8	1	98	0.189	
129	8	1	94	0.136	
129	8	1	85	0.107	
129	8	1	93	0.158	
130	8	1	78	0.175	
130	8	1	68	0.146	
130	8	1	77	0.150	
130	8	1	68	0.128	
130	8	1	79	0.148	
131	8	1	100	0.181	
131	8	1	95	0.161	
131	8	1	99	0.160	
131	8	1	99	0.179	
131	8	1	104	0.155	
132	8	1	115	0.054	
132	8	1	75	0.132	
132	8	1	86	0.113	
132	8	1	79	0.068	
132	8	1	81	0.136	
133	8	1	97	0.086	
133	8	1	92	0.084	
133	8	1	98	0.080	
133	8	1	88	0.141	
133	8	1	97	0.121	
134	8	1	112	0.123	
134	8	1	108	0.161	
134	8	1	87	0.128	
134	8	1	105	0.123	
134	8	1	92	0.187	
135	8	1	62	0.309	
135	8	1	72	0.225	
135	8	1	68	0.279	
135	8	1	67	0.284	
135	8	1	63	0.300	
136	8	1	112	0.109	
136	8	1	119	0.109	
136	8	1	122	0.086	
136	8	1	106	0.115	
136	8	1	115	0.049	
137	8	1	99	0.080	
137	8	1	133	0.057	
137	8	1	142	0.085	
137	8	1	113	0.083	
137	8	1	130	0.079	
138	8	1	159	0.080	
138	8	1	120	0.083	
138	8	1	160	0.067	
138	8	1	129	0.086	
138	8	1	138	0.098	
139	8	1	68	0.166	
139	8	1	63	0.148	
139	8	1	69	0.147	
139	8	1	93	0.100	
139	8	1	68	0.101	
140	8	1	97	0.098	
140	8	1	100	0.084	
140	8	1	90	0.122	
140	8	1	90	0.099	
140	8	1	92	0.110	
141	8	1	74	0.132	
141	8	1	80	0.100	
141	8	1	76	0.093	
141	8	1	73	0.100	
141	8	1	77	0.120	
142	8	1	72	0.071	
142	8	1	74	0.104	
142	8	1	116	0.034	
142	8	1	250	0.020	
142	8	1	76	0.125	
143	8	1	85	0.155	
143	8	1	81	0.165	
143	8	1	80	0.150	
143	8	1	79	0.177	
143	8	1	81	0.176	
144	8	1	81	0.101	
144	8	1	81	0.113	
144	8	1	80	0.109	
144	8	1	79	0.118	
144	8	1	78	0.127	
145	8	1	64	0.272	
145	8	1	75	0.209	
145	8	1	64	0.282	
145	8	1	76	0.262	
145	8	1	75	0.232	
146	8	1	62	0.324	
146	8	1	62	0.260	
146	8	1	62	0.260	
146	8	1	62	0.260	
146	8	1	63	0.257	
147	8	1	73	0.093	
147	8	1	72	0.140	
147	8	1	74	0.119	
147	8	1	79	0.052	
147	8	1	73	0.097	
148	8	1	81	0.057	
148	8	1	84	0.098	
148	8	1	80	0.100	
148	8	1	92	0.090	
148	8	1	86	0.084	
149	8	1	96	0.059	
149	8	1	91	0.066	
149	8	1	83	0.091	
149	8	1	73	0.201	
149	8	1	85	0.085	
150	8	1	87	0.113	
150	8	1	98	0.113	
150	8	1	97	0.106	
150	8	1	97	0.108	
150	8	1	91	0.095	
151	8	1	86	0.105	
151	8	1	93	0.085	
151	8	1	91	0.071	
151	8	1	98	0.091	
151	8	1	90	0.075	
152	8	1	68	0.183	
152	8	1	75	0.145	
152	8	1	64	0.199	
152	8	1	76	0.103	
152	8	1	72	0.115	
153	8	1	90	0.067	
153	8	1	93	0.074	
153	8	1	88	0.071	
153	8	1	99	0.087	
153	8	1	98	0.077	
154	8	1	94	0.132	
154	8	1	93	0.123	
154	8	1	86	0.084	
154	8	1	109	0.097	
154	8	1	80	0.157	
155	8	1	74	0.163	
155	8	1	85	0.134	
155	8	1	80	0.171	
155	8	1	85	0.134	
155	8	1	76	0.172	
156	8	1	67	0.236	
156	8	1	66	0.234	
156	8	1	67	0.249	
156	8	1	65	0.225	
156	8	1	66	0.234	
157	8	1	114	0.100	
157	8	1	96	0.095	
157	8	1	95	0.105	
157	8	1	92	0.096	
157	8	1	94	0.075	
158	8	1	102	0.087	
158	8	1	99	0.059	
158	8	1	124	0.052	
158	8	1	104	0.099	
158	8	1	250	0.040	
159	8	1	60	0.352	
159	8	1	60	0.339	
159	8	1	60	0.339	
159	8	1	60	0.348	
159	8	1	60	0.348	
160	8	1	88	0.106	
160	8	1	84	0.114	
160	8	1	88	0.107	
160	8	1	80	0.088	
160	8	1	77	0.083	
161	8	1	63	0.254	
161	8	1	63	0.230	
161	8	1	73	0.210	
161	8	1	61	0.240	
161	8	1	71	0.246	
162	8	1	108	0.115	
162	8	1	97	0.148	
162	8	1	100	0.124	
162	8	1	118	0.080	
162	8	1	99	0.100	
163	8	1	108	0.083	
163	8	1	99	0.110	
163	8	1	98	0.102	
163	8	1	94	0.091	
163	8	1	98	0.114	
164	8	1	92	0.118	
164	8	1	72	0.186	
164	8	1	85	0.150	
164	8	1	81	0.135	
164	8	1	93	0.102	
165	8	1	95	0.084	
165	8	1	95	0.090	
165	8	1	86	0.096	
165	8	1	94	0.071	
165	8	1	118	0.056	
166	8	1	84	0.067	
166	8	1	77	0.125	
166	8	1	83	0.111	
166	8	1	80	0.068	
166	8	1	84	0.102	
167	8	1	50	0.073	
167	8	1	50	0.084	
167	8	1	48	0.078	
167	8	1	65	0.047	
167	8	1	48	0.076	
168	8	1	111	0.124	
168	8	1	105	0.157	
168	8	1	101	0.138	
168	8	1	117	0.146	
168	8	1	100	0.101	
169	8	1	135	0.075	
169	8	1	99	0.103	
169	8	1	139	0.095	
169	8	1	132	0.066	
169	8	0	62	0.003	
170	8	1	88	0.128	
170	8	1	81	0.105	
170	8	1	88	0.138	
170	8	1	81	0.122	
170	8	1	89	0.093	
171	8	1	111	0.095	
171	8	1	80	0.048	
171	8	1	112	0.085	
171	8	1	120	0.086	
171	8	1	107	0.089	
172	8	1	85	0.093	
172	8	1	112	0.075	
172	8	1	87	0.082	
172	8	1	83	0.105	
172	8	1	87	0.083	
173	8	1	103	0.125	
173	8	1	101	0.072	
173	8	1	109	0.148	
173	8	1	110	0.124	
173	8	1	105	0.101	
174	8	1	91	0.158	
174	8	1	77	0.150	
174	8	1	79	0.157	
174	8	1	74	0.141	
174	8	1	89	0.120	
175	8	1	102	0.105	
175	8	1	250	0.080	
175	8	1	51	0.116	
175	8	1	103	0.098	
175	8	1	50	0.110	
176	8	1	109	0.119	
176	8	1	110	0.090	
176	8	1	106	0.080	
176	8	1	89	0.068	
176	8	1	115	0.104	
177	8	1	137	0.076	
177	8	1	137	0.158	
177	8	1	113	0.139	
177	8	1	112	0.120	
177	8	1	133	0.162	
178	8	1	86	0.131	
178	8	1	78	0.148	
178	8	1	84	0.117	
178	8	1	83	0.134	
178	8	1	80	0.118	
179	8	1	93	0.086	
179	8	1	121	0.116	
179	8	1	102	0.111	
179	8	1	103	0.122	
179	8	1	95	0.119	
180	8	1	126	0.080	
180	8	1	124	0.081	
180	8	1	111	0.072	
180	8	1	101	0.095	
180	8	1	41	0.079	
181	8	1	50	0.087	
181	8	1	96	0.108	
181	8	1	107	0.084	
181	8	1	110	0.050	
181	8	1	108	0.072	
182	8	1	107	0.096	
182	8	1	116	0.079	
182	8	1	109	0.081	
182	8	1	99	0.100	
182	8	1	105	0.101	
183	8	1	97	0.126	
183	8	1	81	0.130	
183	8	1	108	0.129	
183	8	1	106	0.151	
183	8	1	102	0.154	
184	8	1	111	0.120	
184	8	1	112	0.128	
184	8	1	104	0.181	
184	8	1	91	0.158	
184	8	1	104	0.135	
185	8	1	90	0.102	
185	8	1	91	0.128	
185	8	1	78	0.141	
185	8	1	97	0.153	
185	8	1	88	0.133	
186	8	1	120	0.141	
186	8	1	95	0.115	
186	8	1	106	0.100	
186	8	1	108	0.110	
186	8	1	121	0.081	
187	8	1	97	0.105	
187	8	1	88	0.126	
187	8	1	97	0.107	
187	8	1	98	0.083	
187	8	1	107	0.120	
188	8	1	106	0.107	
188	8	1	91	0.091	
188	8	1	88	0.077	
188	8	1	88	0.108	
188	8	1	89	0.095	
189	8	1	99	0.089	
189	8	1	38	0.125	
189	8	1	41	0.072	
189	8	1	109	0.067	
189	8	1	82	0.086	
190	8	1	106	0.117	
190	8	1	102	0.109	
190	8	1	107	0.137	
190	8	1	107	0.133	
190	8	1	97	0.109	
191	8	1	122	0.092	
191	8	1	65	0.092	
191	8	1	124	0.055	
191	8	1	142	0.092	
191	8	1	126	0.074	
192	8	1	109	0.067	
192	8	1	106	0.089	
192	8	1	112	0.094	
192	8	1	132	0.027	
192	8	1	119	0.073	
193	8	1	95	0.109	
193	8	1	106	0.074	
193	8	1	114	0.108	
193	8	1	95	0.119	
193	8	1	99	0.110	
194	8	1	117	0.073	
194	8	1	114	0.105	
194	8	1	100	0.115	
194	8	1	102	0.103	
194	8	1	117	0.075	
195	8	1	88	0.095	
195	8	1	84	0.086	
195	8	1	88	0.078	
195	8	1	95	0.076	
195	8	1	87	0.064	
196	8	1	133	0.053	
196	8	1	79	0.094	
196	8	1	86	0.074	
196	8	1	102	0.053	
196	8	1	75	0.073	
197	8	1	99	0.059	
197	8	1	94	0.154	
197	8	1	97	0.123	
197	8	1	90	0.149	
197	8	1	100	0.133	
198	8	1	88	0.135	
198	8	1	89	0.128	
198	8	1	76	0.117	
198	8	1	87	0.102	
198	8	1	83	0.124	
199	8	1	117	0.074	
199	8	1	50	0.127	
199	8	1	115	0.066	
199	8	1	107	0.082	
199	8	1	45	0.127	
200	8	1	76	0.126	
200	8	1	90	0.098	
200	8	1	82	0.129	
200	8	1	79	0.180	
200	8	1	72	0.107	
201	8	1	80	0.100	
201	8	1	80	0.104	
201	8	1	82	0.101	
201	8	1	84	0.097	
201	8	1	82	0.098	
202	8	1	80	0.146	
202	8	1	87	0.159	
202	8	1	89	0.172	
202	8	1	81	0.110	
202	8	1	82	0.189	
203	8	1	60	0.110	
203	8	1	87	0.104	
203	8	1	88	0.115	
203	8	1	79	0.100	
203	8	1	91	0.110	
204	8	1	101	0.065	
204	8	1	127	0.127	
204	8	1	104	0.124	
204	8	1	105	0.121	
204	8	1	103	0.108	
205	8	1	117	0.089	
205	8	1	128	0.080	
205	8	1	115	0.089	
205	8	1	121	0.112	
205	8	1	122	0.074	
206	8	1	82	0.102	
206	8	1	94	0.084	
206	8	1	87	0.098	
206	8	1	92	0.075	
206	8	1	47	0.053	
207	8	1	108	0.086	
207	8	1	131	0.038	
207	8	1	109	0.107	
207	8	1	99	0.101	
207	8	1	106	0.095	
208	8	1	91	0.064	
208	8	1	85	0.064	
208	8	1	84	0.047	
208	8	1	100	0.066	
208	8	1	105	0.112	
209	8	1	88	0.121	
209	8	1	86	0.094	
209	8	1	77	0.147	
209	8	1	82	0.162	
209	8	1	76	0.143	
210	8	1	89	0.131	
210	8	1	97	0.143	
210	8	1	95	0.103	
210	8	1	103	0.149	
210	8	1	97	0.101	
211	8	1	65	0.043	
211	8	1	85	0.125	
211	8	1	93	0.108	
211	8	1	99	0.080	
211	8	1	85	0.136	
212	8	1	72	0.140	
212	8	1	78	0.098	
212	8	1	78	0.098	
212	8	1	72	0.140	
212	8	1	78	0.098	
213	8	1	107	0.079	
213	8	1	107	0.077	
213	8	1	100	0.094	
213	8	1	158	0.094	
213	8	1	107	0.075	
214	8	1	99	0.080	
214	8	1	112	0.091	
214	8	1	109	0.092	
214	8	1	119	0.088	
214	8	1	119	0.071	
215	8	1	94	0.151	
215	8	1	84	0.147	
215	8	1	94	0.073	
215	8	1	97	0.144	
215	8	1	94	0.127	
216	8	1	104	0.089	
216	8	1	133	0.068	
216	8	1	98	0.097	
216	8	1	95	0.092	
216	8	1	88	0.099	
217	8	1	108	0.100	
217	8	1	108	0.085	
217	8	1	40	0.118	
217	8	1	91	0.124	
217	8	1	99	0.098	
218	8	1	103	0.099	
218	8	1	80	0.075	
218	8	1	79	0.126	
218	8	1	81	0.094	
218	8	1	85	0.069	
219	8	1	112	0.100	
219	8	1	75	0.093	
219	8	1	105	0.157	
219	8	1	110	0.098	
219	8	1	107	0.095	
220	8	1	60	0.061	
220	8	1	63	0.044	
220	8	1	67	0.098	
220	8	1	65	0.081	
220	8	1	61	0.067	
221	8	1	142	0.058	
221	8	1	113	0.052	
221	8	1	116	0.041	
221	8	1	106	0.066	
221	8	1	95	0.059	
222	8	1	89	0.082	
222	8	1	82	0.139	
222	8	1	90	0.068	
222	8	1	82	0.095	
222	8	1	95	0.129	
223	8	1	104	0.075	
223	8	1	84	0.064	
223	8	1	107	0.115	
223	8	1	98	0.099	
223	8	1	108	0.119	
224	8	1	92	0.068	
224	8	1	86	0.104	
224	8	1	86	0.059	
224	8	1	92	0.100	
224	8	1	96	0.066	
225	8	1	91	0.085	
225	8	1	106	0.055	
225	8	1	102	0.076	
225	8	1	101	0.084	
225	8	1	101	0.063	
226	8	1	82	0.059	
226	8	1	78	0.081	
226	8	1	95	0.070	
226	8	1	77	0.125	
226	8	1	82	0.139	
227	8	1	136	0.074	
227	8	1	111	0.137	
227	8	1	142	0.060	
227	8	1	109	0.096	
227	8	1	130	0.066	
228	8	1	139	0.076	
228	8	1	90	0.078	
228	8	1	145	0.074	
228	8	1	69	0.060	
228	8	1	88	0.106	
229	8	1	88	0.096	
229	8	1	94	0.086	
229	8	1	87	0.082	
229	8	1	94	0.098	
229	8	1	95	0.093	
230	8	1	103	0.066	
230	8	1	110	0.066	
230	8	1	114	0.051	
230	8	1	250	0.066	
230	8	1	166	0.065	
231	8	1	85	0.081	
231	8	1	88	0.146	
231	8	1	84	0.126	
231	8	1	88	0.130	
231	8	1	78	0.143	
232	8	1	88	0.140	
232	8	1	98	0.081	
232	8	1	85	0.087	
232	8	1	89	0.130	
232	8	1	89	0.100	
233	8	1	60	0.353	
233	8	1	60	0.334	
233	8	1	60	0.334	
233	8	1	63	0.347	
233	8	1	63	0.347	
234	8	1	90	0.120	
234	8	1	69	0.112	
234	8	1	84	0.119	
234	8	1	98	0.112	
234	8	1	98	0.109	
235	8	1	105	0.121	
235	8	1	100	0.076	
235	8	1	114	0.107	
235	8	1	105	0.103	
235	8	1	99	0.105	
236	8	1	82	0.155	
236	8	1	65	0.173	
236	8	1	76	0.100	
236	8	1	82	0.153	
236	8	1	77	0.180	
237	8	1	105	0.063	
237	8	1	97	0.069	
237	8	1	95	0.066	
237	8	1	111	0.065	
237	8	1	102	0.064	
238	8	1	110	0.075	
238	8	1	110	0.089	
238	8	1	94	0.096	
238	8	1	103	0.114	
238	8	1	99	0.108	
239	8	1	74	0.259	
239	8	1	79	0.199	
239	8	1	74	0.206	
239	8	1	71	0.170	
239	8	1	69	0.191	
240	8	1	73	0.194	
240	8	1	87	0.171	
240	8	1	83	0.164	
240	8	1	98	0.136	
240	8	1	92	0.187	
241	8	1	98	0.074	
241	8	1	70	0.077	
241	8	1	101	0.112	
241	8	1	56	0.078	
241	8	1	106	0.077	
242	8	1	97	0.062	
242	8	1	100	0.085	
242	8	1	103	0.071	
242	8	1	102	0.097	
242	8	1	97	0.087	
243	8	1	120	0.067	
243	8	1	113	0.066	
243	8	1	122	0.070	
243	8	1	142	0.069	
243	8	1	136	0.067	
244	8	1	52	0.105	
244	8	1	102	0.049	
244	8	1	97	0.068	
244	8	1	109	0.052	
244	8	1	96	0.068	
245	8	1	115	0.089	
245	8	1	111	0.093	
245	8	1	126	0.084	
245	8	1	110	0.057	
245	8	1	110	0.080	
246	8	1	133	0.001	
246	8	1	86	0.070	
246	8	1	108	0.066	
246	8	1	120	0.072	
246	8	1	126	0.081	
247	8	1	70	0.236	
247	8	1	70	0.229	
247	8	1	74	0.236	
247	8	1	91	0.079	
247	8	1	71	0.237	
248	8	1	112	0.111	
248	8	1	88	0.112	
248	8	1	92	0.081	
248	8	1	99	0.097	
248	8	1	90	0.107	
249	8	1	108	0.088	
249	8	1	110	0.113	
249	8	1	95	0.107	
249	8	1	101	0.070	
249	8	1	45	0.085	
250	8	1	156	0.046	
250	8	0	26	0.013	
250	8	1	75	0.072	
250	8	1	250	0.042	
250	8	1	166	0.072	
251	8	1	94	0.063	
251	8	1	83	0.069	
251	8	1	83	0.132	
251	8	1	92	0.060	
251	8	1	77	0.098	
252	8	1	72	0.100	
252	8	1	70	0.106	
252	8	1	72	0.100	
252	8	1	72	0.100	
252	8	1	72	0.100	
253	8	1	115	0.085	
253	8	1	70	0.084	
253	8	1	109	0.098	
253	8	1	111	0.085	
253	8	1	106	0.085	
254	8	1	100	0.093	
254	8	1	113	0.109	
254	8	1	101	0.156	
254	8	1	115	0.074	
254	8	1	93	0.145	
255	8	1	250	0.068	
255	8	1	116	0.085	
255	8	1	68	0.096	
255	8	1	65	0.122	
255	8	1	96	0.098	
256	8	1	109	0.075	
256	8	1	99	0.076	
256	8	1	250	0.040	
256	8	1	113	0.070	
256	8	1	87	0.065	
257	8	1	73	0.261	
257	8	1	93	0.055	
257	8	1	72	0.256	
257	8	1	69	0.260	
257	8	1	71	0.221	
258	8	1	104	0.058	
258	8	1	115	0.052	
258	8	1	122	0.056	
258	8	1	114	0.069	
258	8	1	111	0.071	
259	8	1	79	0.088	
259	8	1	72	0.146	
259	8	1	78	0.082	
259	8	1	72	0.117	
259	8	1	78	0.140	
260	8	1	118	0.098	
260	8	1	126	0.101	
260	8	1	136	0.102	
260	8	1	141	0.090	
260	8	1	163	0.096	
261	8	1	81	0.071	
261	8	1	92	0.094	
261	8	1	89	0.105	
261	8	1	98	0.056	
261	8	1	81	0.116	
262	8	1	146	0.051	
262	8	1	113	0.089	
262	8	1	121	0.103	
262	8	1	125	0.088	
262	8	1	126	0.099	
263	8	1	119	0.043	
263	8	1	99	0.046	
263	8	1	49	0.065	
263	8	1	35	0.096	
263	8	1	75	0.137	
264	8	1	113	0.087	
264	8	1	88	0.101	
264	8	1	110	0.063	
264	8	1	113	0.047	
264	8	1	125	0.063	
265	8	1	126	0.075	
265	8	1	126	0.092	
265	8	1	118	0.102	
265	8	1	120	0.114	
265	8	1	117	0.086	
266	8	1	101	0.103	
266	8	1	131	0.107	
266	8	1	123	0.094	
266	8	1	111	0.095	
266	8	1	107	0.099	
267	8	1	110	0.104	
267	8	1	95	0.085	
267	8	1	112	0.078	
267	8	0	74	0.021	
267	8	1	121	0.073	
268	8	1	250	0.062	
268	8	1	101	0.029	
268	8	1	96	0.032	
268	8	1	127	0.087	
268	8	1	123	0.056	
269	8	1	95	0.052	
269	8	1	86	0.112	
269	8	1	90	0.101	
269	8	1	84	0.084	
269	8	1	88	0.105	
270	8	1	70	0.158	
270	8	1	71	0.100	
270	8	1	72	0.135	
270	8	1	67	0.134	
270	8	1	68	0.178	
271	8	1	72	0.053	
271	8	1	79	0.067	
271	8	1	105	0.071	
271	8	1	110	0.069	
271	8	1	113	0.092	
272	8	1	173	0.064	
272	8	1	134	0.059	
272	8	1	63	0.050	
272	8	1	150	0.057	
272	8	1	117	0.048	
273	8	1	131	0.113	
273	8	1	136	0.043	
273	8	1	121	0.100	
273	8	1	122	0.107	
273	8	1	140	0.079	
274	8	1	77	0.190	
274	8	1	64	0.197	
274	8	1	67	0.201	
274	8	1	67	0.201	
274	8	1	81	0.211	
275	8	1	197	0.064	
275	8	1	139	0.062	
275	8	1	100	0.110	
275	8	1	138	0.067	
275	8	1	119	0.063	
276	8	1	74	0.073	
276	8	1	134	0.076	
276	8	1	68	0.049	
276	8	1	126	0.094	
276	8	1	117	0.076	
277	8	1	86	0.080	
277	8	1	90	0.134	
277	8	1	95	0.071	
277	8	1	96	0.075	
277	8	1	101	0.069	
278	8	1	152	0.071	
278	8	1	108	0.081	
278	8	1	98	0.112	
278	8	1	109	0.116	
278	8	1	104	0.082	
279	8	1	95	0.094	
279	8	1	124	0.065	
279	8	1	129	0.073	
279	8	1	139	0.073	
279	8	1	126	0.081	
280	8	1	128	0.072	
280	8	1	95	0.081	
280	8	1	114	0.046	
280	8	1	124	0.096	
280	8	1	97	0.106	
281	8	1	141	0.076	
281	8	1	138	0.086	
281	8	1	127	0.099	
281	8	1	120	0.085	
281	8	1	157	0.085	
282	8	1	250	0.027	
282	8	1	138	0.090	
282	8	1	167	0.091	
282	8	1	250	0.059	
282	8	1	133	0.081	
283	8	1	63	0.071	
283	8	1	58	0.036	
283	8	1	57	0.036	
283	8	1	56	0.072	
283	8	1	60	0.041	
284	8	1	91	0.093	
284	8	1	99	0.131	
284	8	1	97	0.105	
284	8	1	106	0.080	
284	8	1	99	0.106	
285	8	1	123	0.082	
285	8	1	124	0.090	
285	8	1	126	0.093	
285	8	1	122	0.085	
285	8	1	124	0.094	
286	8	1	118	0.091	
286	8	1	113	0.073	
286	8	1	101	0.091	
286	8	1	109	0.090	
286	8	1	119	0.082	
287	8	1	118	0.108	
287	8	1	124	0.087	
287	8	1	141	0.077	
287	8	1	123	0.103	
287	8	1	106	0.061	
288	8	1	116	0.050	
288	8	1	114	0.101	
288	8	1	126	0.066	
288	8	1	52	0.089	
288	8	1	96	0.100	
289	8	1	105	0.088	
289	8	1	110	0.090	
289	8	1	102	0.107	
289	8	1	115	0.093	
289	8	1	102	0.103	
290	8	1	137	0.117	
290	8	1	138	0.097	
290	8	1	143	0.109	
290	8	1	119	0.075	
290	8	1	153	0.108	
291	8	1	67	0.247	
291	8	1	63	0.254	
291	8	1	74	0.276	
291	8	1	63	0.272	
291	8	1	64	0.219	
292	8	1	98	0.084	
292	8	1	124	0.119	
292	8	1	129	0.110	
292	8	1	107	0.090	
292	8	1	129	0.096	
293	8	1	101	0.073	
293	8	1	104	0.076	
293	8	1	119	0.080	
293	8	1	130	0.074	
293	8	1	134	0.059	
294	8	1	111	0.078	
294	8	1	131	0.090	
294	8	1	116	0.093	
294	8	1	102	0.096	
294	8	1	115	0.094	
295	8	1	125	0.063	
295	8	1	119	0.062	
295	8	1	99	0.100	
295	8	1	108	0.080	
295	8	1	114	0.082	
296	8	1	99	0.154	
296	8	1	87	0.169	
296	8	1	88	0.179	
296	8	1	95	0.168	
296	8	1	90	0.147	
297	8	1	116	0.053	
297	8	1	147	0.053	
297	8	1	119	0.044	
297	8	1	113	0.050	
297	8	1	65	0.050	
298	8	1	57	0.092	
298	8	1	112	0.063	
298	8	1	129	0.105	
298	8	1	120	0.079	
298	8	1	100	0.122	
299	8	1	210	0.075	
299	8	1	104	0.071	
299	8	1	117	0.072	
299	8	1	122	0.060	
299	8	1	111	0.084	
0	9	1	82	0.141	
0	9	1	91	0.143	
0	9	1	92	0.122	
0	9	1	92	0.089	
0	9	1	91	0.114	
1	9	1	83	0.223	
1	9	1	85	0.210	
1	9	1	96	0.214	
1	9	1	87	0.188	
1	9	1	80	0.186	
2	9	1	83	0.118	
2	9	1	83	0.111	
2	9	1	40	0.111	
2	9	1	83	0.124	
2	9	1	90	0.076	
3	9	1	70	0.240	
3	9	1	80	0.198	
3	9	1	76	0.183	
3	9	1	76	0.243	
3	9	1	76	0.183	
4	9	1	65	0.128	
4	9	1	121	0.116	
4	9	1	138	0.095	
4	9	1	125	0.112	
4	9	1	128	0.111	
5	9	1	69	0.357	
5	9	1	68	0.359	
5	9	1	68	0.369	
5	9	1	68	0.369	
5	9	1	68	0.369	
6	9	1	87	0.156	
6	9	1	105	0.142	
6	9	1	102	0.140	
6	9	1	100	0.115	
6	9	1	95	0.162	
7	9	1	84	0.111	
7	9	1	85	0.134	
7	9	1	86	0.144	
7	9	1	86	0.111	
7	9	1	80	0.132	
8	9	1	93	0.085	
8	9	1	80	0.148	
8	9	1	78	0.127	
8	9	1	75	0.132	
8	9	1	75	0.167	
9	9	1	69	0.328	
9	9	1	69	0.283	
9	9	1	69	0.290	
9	9	1	69	0.218	
9	9	1	69	0.205	
10	9	1	82	0.165	
10	9	1	75	0.141	
10	9	1	71	0.207	
10	9	1	79	0.198	
10	9	1	72	0.220	
11	9	1	74	0.341	
11	9	1	70	0.330	
11	9	1	74	0.341	
11	9	1	70	0.330	
11	9	1	70	0.330	
12	9	1	95	0.145	
12	9	1	109	0.132	
12	9	1	101	0.153	
12	9	1	92	0.163	
12	9	1	94	0.148	
13	9	1	76	0.144	
13	9	1	97	0.113	
13	9	1	94	0.073	
13	9	1	77	0.107	
13	9	1	90	0.147	
14	9	1	76	0.266	
14	9	1	75	0.266	
14	9	1	76	0.278	
14	9	1	76	0.273	
14	9	1	79	0.266	
15	9	1	74	0.274	
15	9	1	73	0.276	
15	9	1	85	0.284	
15	9	1	81	0.289	
15	9	1	71	0.278	
16	9	1	85	0.181	
16	9	1	89	0.212	
16	9	1	82	0.191	
16	9	1	87	0.163	
16	9	1	89	0.230	
17	9	1	76	0.299	
17	9	1	76	0.310	
17	9	1	76	0.285	
17	9	1	80	0.295	
17	9	1	76	0.285	
18	9	1	71	0.320	
18	9	1	71	0.277	
18	9	1	75	0.311	
18	9	1	71	0.275	
18	9	1	71	0.300	
19	9	1	113	0.127	
19	9	1	98	0.112	
19	9	1	119	0.093	
19	9	1	101	0.133	
19	9	1	98	0.089	
20	9	1	70	0.328	
20	9	1	70	0.328	
20	9	1	70	0.328	
20	9	1	70	0.328	
20	9	1	70	0.328	
21	9	1	75	0.272	
21	9	1	78	0.274	
21	9	1	73	0.330	
21	9	1	73	0.267	
21	9	1	74	0.276	
22	9	1	92	0.160	
22	9	1	82	0.148	
22	9	1	84	0.141	
22	9	1	81	0.174	
22	9	1	84	0.122	
23	9	1	91	0.129	
23	9	1	91	0.132	
23	9	1	80	0.125	
23	9	1	88	0.106	
23	9	1	81	0.202	
24	9	1	93	0.131	
24	9	1	82	0.202	
24	9	1	108	0.094	
24	9	1	96	0.170	
24	9	1	111	0.106	
25	9	1	70	0.288	
25	9	1	70	0.271	
25	9	1	70	0.288	
25	9	1	70	0.280	
25	9	1	70	0.288	
26	9	1	80	0.165	
26	9	1	75	0.210	
26	9	1	76	0.203	
26	9	1	74	0.210	
26	9	1	73	0.210	
27	9	1	73	0.193	
27	9	1	73	0.196	
27	9	1	73	0.199	
27	9	1	72	0.186	
27	9	1	73	0.215	
28	9	1	75	0.296	
28	9	1	71	0.265	
28	9	1	70	0.298	
28	9	1	71	0.265	
28	9	1	71	0.265	
29	9	1	66	0.066	
29	9	1	79	0.058	
29	9	1	82	0.057	
29	9	1	124	0.102	
29	9	1	66	0.060	
30	9	1	102	0.160	
30	9	1	108	0.174	
30	9	1	89	0.188	
30	9	1	96	0.176	
30	9	1	109	0.137	
31	9	1	74	0.302	
31	9	1	75	0.242	
31	9	1	71	0.288	
31	9	1	77	0.263	
31	9	1	76	0.258	
32	9	1	70	0.265	
32	9	1	69	0.288	
32	9	1	68	0.275	
32	9	1	69	0.288	
32	9	1	69	0.288	
33	9	1	65	0.056	
33	9	1	64	0.080	
33	9	1	62	0.060	
33	9	1	76	0.078	
33	9	1	62	0.079	
34	9	1	73	0.284	
34	9	1	78	0.292	
34	9	1	72	0.290	
34	9	1	74	0.279	
34	9	1	74	0.279	
35	9	1	82	0.095	
35	9	1	81	0.104	
35	9	1	96	0.053	
35	9	1	83	0.106	
35	9	1	89	0.106	
36	9	1	69	0.338	
36	9	1	69	0.310	
36	9	1	70	0.208	
36	9	1	69	0.331	
36	9	1	71	0.270	
37	9	1	102	0.097	
37	9	1	102	0.146	
37	9	1	96	0.099	
37	9	1	102	0.110	
37	9	1	86	0.139	
38	9	1	102	0.098	
38	9	1	94	0.108	
38	9	1	99	0.106	
38	9	1	111	0.090	
38	9	1	104	0.142	
39	9	1	77	0.173	
39	9	1	73	0.176	
39	9	1	70	0.166	
39	9	1	75	0.186	
39	9	1	75	0.161	
40	9	1	68	0.338	
40	9	1	68	0.337	
40	9	1	68	0.337	
40	9	1	68	0.338	
40	9	1	68	0.338	
41	9	1	68	0.325	
41	9	1	68	0.288	
41	9	1	68	0.339	
41	9	1	68	0.364	
41	9	1	68	0.349	
42	9	1	68	0.638	
42	9	1	68	0.638	
42	9	1	68	0.638	
42	9	1	68	0.638	
42	9	1	68	0.638	
43	9	1	115	0.133	
43	9	1	99	0.118	
43	9	1	116	0.136	
43	9	1	106	0.146	
43	9	1	113	0.111	
44	9	1	82	0.126	
44	9	1	114	0.058	
44	9	1	250	0.037	
44	9	1	115	0.048	
44	9	1	37	0.088	
45	9	1	92	0.102	
45	9	1	89	0.074	
45	9	1	88	0.104	
45	9	1	85	0.118	
45	9	1	84	0.110	
46	9	1	107	0.088	
46	9	1	86	0.116	
46	9	1	86	0.120	
46	9	1	92	0.119	
46	9	1	91	0.093	
47	9	1	98	0.059	
47	9	1	88	0.087	
47	9	1	104	0.062	
47	9	1	104	0.064	
47	9	1	96	0.051	
48	9	1	88	0.179	
48	9	1	92	0.167	
48	9	1	93	0.185	
48	9	1	91	0.172	
48	9	1	90	0.167	
49	9	1	115	0.138	
49	9	1	97	0.194	
49	9	1	91	0.153	
49	9	1	96	0.170	
49	9	1	124	0.155	
50	9	1	71	0.343	
50	9	1	71	0.399	
50	9	1	71	0.343	
50	9	1	71	0.343	
50	9	1	71	0.343	
51	9	1	70	0.294	
51	9	1	71	0.331	
51	9	1	72	0.294	
51	9	1	71	0.323	
51	9	1	73	0.268	
52	9	1	74	0.290	
52	9	1	74	0.214	
52	9	1	74	0.298	
52	9	1	74	0.318	
52	9	1	74	0.269	
53	9	1	81	0.126	
53	9	1	79	0.142	
53	9	1	79	0.155	
53	9	1	80	0.114	
53	9	1	80	0.107	
54	9	1	69	0.399	
54	9	1	70	0.349	
54	9	1	69	0.319	
54	9	1	69	0.383	
54	9	1	70	0.319	
55	9	1	107	0.055	
55	9	1	93	0.079	
55	9	1	87	0.103	
55	9	1	94	0.059	
55	9	1	102	0.055	
56	9	1	76	0.217	
56	9	1	76	0.278	
56	9	1	76	0.307	
56	9	1	77	0.297	
56	9	1	84	0.273	
57	9	1	104	0.123	
57	9	1	100	0.112	
57	9	1	96	0.137	
57	9	1	103	0.103	
57	9	1	29	0.560	
58	9	1	135	0.106	
58	9	1	112	0.126	
58	9	1	127	0.136	
58	9	1	136	0.129	
58	9	1	128	0.140	
59	9	1	110	0.102	
59	9	1	108	0.059	
59	9	1	97	0.086	
59	9	1	112	0.071	
59	9	1	100	0.079	
60	9	1	92	0.108	
60	9	1	97	0.092	
60	9	1	97	0.094	
60	9	1	85	0.110	
60	9	1	92	0.105	
61	9	1	68	0.387	
61	9	1	68	0.388	
61	9	1	68	0.387	
61	9	1	68	0.387	
61	9	1	68	0.387	
62	9	1	124	0.068	
62	9	1	138	0.070	
62	9	1	123	0.064	
62	9	1	121	0.079	
62	9	1	123	0.063	
63	9	1	91	0.121	
63	9	1	35	0.120	
63	9	1	81	0.108	
63	9	1	86	0.103	
63	9	1	87	0.095	
64	9	1	76	0.165	
64	9	1	76	0.187	
64	9	1	75	0.140	
64	9	1	78	0.189	
64	9	1	82	0.167	
65	9	1	70	0.234	
65	9	1	68	0.274	
65	9	1	68	0.282	
65	9	1	68	0.234	
65	9	1	68	0.233	
66	9	1	91	0.109	
66	9	1	91	0.128	
66	9	1	91	0.143	
66	9	1	84	0.106	
66	9	1	250	0.051	
67	9	1	68	0.343	
67	9	1	68	0.344	
67	9	1	68	0.344	
67	9	1	68	0.344	
67	9	1	68	0.344	
68	9	1	76	0.232	
68	9	1	75	0.179	
68	9	1	76	0.239	
68	9	1	73	0.242	
68	9	1	75	0.188	
69	9	1	100	0.128	
69	9	1	116	0.092	
69	9	1	110	0.114	
69	9	1	88	0.103	
69	9	1	124	0.118	
70	9	1	73	0.202	
70	9	1	73	0.215	
70	9	1	74	0.203	
70	9	1	72	0.260	
70	9	1	80	0.242	
71	9	1	73	0.246	
71	9	1	74	0.259	
71	9	1	71	0.233	
71	9	1	72	0.259	
71	9	1	73	0.246	
72	9	1	68	0.242	
72	9	1	69	0.227	
72	9	1	68	0.264	
72	9	1	68	0.254	
72	9	1	69	0.259	
73	9	1	75	0.240	
73	9	1	80	0.105	
73	9	1	76	0.209	
73	9	1	73	0.184	
73	9	1	79	0.181	
74	9	1	88	0.198	
74	9	1	72	0.165	
74	9	1	83	0.085	
74	9	1	78	0.201	
74	9	1	73	0.129	
75	9	1	68	0.339	
75	9	1	68	0.339	
75	9	1	68	0.339	
75	9	1	68	0.339	
75	9	1	68	0.339	
76	9	1	106	0.095	
76	9	1	79	0.086	
76	9	1	84	0.171	
76	9	1	86	0.081	
76	9	1	82	0.050	
77	9	1	70	0.322	
77	9	1	69	0.260	
77	9	1	69	0.289	
77	9	1	76	0.313	
77	9	1	76	0.313	
78	9	1	101	0.116	
78	9	1	82	0.154	
78	9	1	103	0.167	
78	9	1	99	0.144	
78	9	1	93	0.114	
79	9	1	78	0.198	
79	9	1	76	0.226	
79	9	1	76	0.228	
79	9	1	71	0.148	
79	9	1	71	0.250	
80	9	1	86	0.145	
80	9	1	99	0.159	
80	9	1	88	0.197	
80	9	1	95	0.193	
80	9	1	94	0.169	
81	9	1	77	0.142	
81	9	1	76	0.157	
81	9	1	75	0.182	
81	9	1	78	0.081	
81	9	1	96	0.136	
82	9	1	90	0.057	
82	9	1	93	0.062	
82	9	1	93	0.055	
82	9	1	93	0.076	
82	9	1	98	0.052	
83	9	1	74	0.223	
83	9	1	71	0.236	
83	9	1	74	0.223	
83	9	1	71	0.237	
83	9	1	75	0.212	
84	9	1	82	0.108	
84	9	1	71	0.234	
84	9	1	71	0.288	
84	9	1	70	0.221	
84	9	1	70	0.238	
85	9	1	86	0.167	
85	9	1	110	0.119	
85	9	1	105	0.136	
85	9	1	92	0.166	
85	9	1	86	0.147	
86	9	1	114	0.124	
86	9	1	104	0.082	
86	9	1	116	0.129	
86	9	1	100	0.160	
86	9	1	107	0.101	
87	9	1	69	0.281	
87	9	1	69	0.257	
87	9	1	69	0.302	
87	9	1	70	0.285	
87	9	1	69	0.339	
88	9	1	69	0.243	
88	9	1	71	0.241	
88	9	1	71	0.270	
88	9	1	69	0.324	
88	9	1	69	0.307	
89	9	1	83	0.129	
89	9	1	86	0.111	
89	9	1	83	0.100	
89	9	1	116	0.051	
89	9	1	81	0.127	
90	9	1	71	0.328	
90	9	1	69	0.266	
90	9	1	71	0.328	
90	9	1	71	0.328	
90	9	1	69	0.266	
91	9	1	78	0.247	
91	9	1	72	0.310	
91	9	1	72	0.295	
91	9	1	72	0.294	
91	9	1	72	0.279	
92	9	1	98	0.058	
92	9	1	78	0.110	
92	9	1	88	0.067	
92	9	1	94	0.079	
92	9	1	80	0.083	
93	9	1	68	0.796	
93	9	1	68	0.796	
93	9	1	68	0.796	
93	9	1	68	0.796	
93	9	1	68	0.800	
94	9	1	68	0.393	
94	9	1	68	0.393	
94	9	1	68	0.393	
94	9	1	68	0.393	
94	9	1	68	0.393	
95	9	1	87	0.090	
95	9	1	86	0.096	
95	9	1	81	0.135	
95	9	1	89	0.090	
95	9	1	86	0.044	
96	9	1	92	0.106	
96	9	1	96	0.109	
96	9	1	90	0.090	
96	9	1	98	0.161	
96	9	1	83	0.192	
97	9	1	90	0.132	
97	9	1	93	0.154	
97	9	1	79	0.154	
97	9	1	80	0.137	
97	9	1	80	0.157	
98	9	1	92	0.107	
98	9	1	100	0.129	
98	9	1	95	0.104	
98	9	1	88	0.135	
98	9	1	103	0.164	
99	9	1	90	0.150	
99	9	1	113	0.062	
99	9	1	104	0.087	
99	9	1	89	0.148	
99	9	1	102	0.075	
100	9	1	85	0.227	
100	9	1	81	0.214	
100	9	1	80	0.106	
100	9	1	76	0.154	
100	9	1	91	0.248	
101	9	1	90	0.282	
101	9	1	85	0.274	
101	9	1	72	0.301	
101	9	1	70	0.338	
101	9	1	80	0.369	
102	9	1	87	0.090	
102	9	1	250	0.067	
102	9	1	91	0.107	
102	9	1	94	0.103	
102	9	1	79	0.118	
103	9	1	96	0.115	
103	9	1	98	0.115	
103	9	1	107	0.129	
103	9	1	103	0.121	
103	9	1	99	0.148	
104	9	1	106	0.087	
104	9	1	109	0.110	
104	9	1	96	0.116	
104	9	1	108	0.092	
104	9	1	101	0.069	
105	9	1	92	0.156	
105	9	1	105	0.112	
105	9	1	97	0.095	
105	9	1	97	0.127	
105	9	1	94	0.118	
106	9	1	84	0.153	
106	9	1	81	0.158	
106	9	1	79	0.158	
106	9	1	81	0.158	
106	9	1	81	0.158	
107	9	1	87	0.222	
107	9	1	88	0.173	
107	9	1	81	0.222	
107	9	1	78	0.221	
107	9	1	92	0.181	
108	9	1	70	0.293	
108	9	1	70	0.241	
108	9	1	71	0.252	
108	9	1	75	0.269	
108	9	1	70	0.312	
109	9	1	83	0.186	
109	9	1	87	0.253	
109	9	1	80	0.179	
109	9	1	90	0.237	
109	9	1	74	0.206	
110	9	1	78	0.151	
110	9	1	86	0.171	
110	9	1	81	0.135	
110	9	1	81	0.173	
110	9	1	85	0.204	
111	9	1	117	0.116	
111	9	1	138	0.103	
111	9	1	132	0.102	
111	9	1	219	0.057	
111	9	1	143	0.092	
112	9	1	131	0.066	
112	9	1	81	0.090	
112	9	1	125	0.067	
112	9	1	73	0.082	
112	9	1	135	0.066	
113	9	1	130	0.109	
113	9	1	124	0.079	
113	9	1	125	0.087	
113	9	1	123	0.094	
113	9	1	121	0.116	
114	9	1	101	0.077	
114	9	1	113	0.060	
114	9	1	112	0.112	
114	9	1	119	0.074	
114	9	1	122	0.070	
115	9	1	78	0.102	
115	9	1	94	0.083	
115	9	1	89	0.110	
115	9	1	119	0.067	
115	9	1	81	0.103	
116	9	1	80	0.283	
116	9	1	82	0.240	
116	9	1	77	0.252	
116	9	1	77	0.214	
116	9	1	77	0.215	
117	9	1	139	0.108	
117	9	1	129	0.091	
117	9	1	114	0.111	
117	9	1	120	0.110	
117	9	1	124	0.082	
118	9	1	112	0.101	
118	9	1	108	0.119	
118	9	1	111	0.106	
118	9	1	124	0.076	
118	9	1	122	0.109	
119	9	1	112	0.113	
119	9	1	114	0.102	
119	9	1	116	0.127	
119	9	1	112	0.102	
119	9	1	130	0.099	
120	9	1	112	0.101	
120	9	1	103	0.127	
120	9	1	103	0.098	
120	9	1	102	0.125	
120	9	1	108	0.103	
121	9	1	103	0.153	
121	9	1	109	0.120	
121	9	1	102	0.107	
121	9	1	106	0.125	
121	9	1	114	0.139	
122	9	1	81	0.223	
122	9	1	75	0.216	
122	9	1	75	0.212	
122	9	1	80	0.156	
122	9	1	80	0.166	
123	9	1	135	0.127	
123	9	1	116	0.144	
123	9	1	132	0.070	
123	9	1	113	0.090	
123	9	1	155	0.081	
124	9	1	95	0.145	
124	9	1	113	0.093	
124	9	1	106	0.139	
124	9	1	90	0.169	
124	9	1	107	0.134	
125	9	1	95	0.176	
125	9	1	105	0.080	
125	9	1	88	0.137	
125	9	1	99	0.158	
125	9	1	100	0.171	
126	9	1	60	0.126	
126	9	1	89	0.101	
126	9	1	92	0.104	
126	9	1	93	0.078	
126	9	1	96	0.122	
127	9	1	101	0.099	
127	9	1	99	0.093	
127	9	1	115	0.125	
127	9	1	91	0.107	
127	9	1	117	0.067	
128	9	1	68	0.240	
128	9	1	73	0.135	
128	9	1	68	0.213	
128	9	1	70	0.177	
128	9	1	71	0.103	
129	9	1	96	0.137	
129	9	1	87	0.106	
129	9	1	102	0.124	
129	9	1	92	0.120	
129	9	1	93	0.128	
130	9	1	71	0.228	
130	9	1	72	0.190	
130	9	1	73	0.164	
130	9	1	71	0.191	
130	9	1	86	0.192	
131	9	1	96	0.113	
131	9	1	92	0.160	
131	9	1	89	0.136	
131	9	1	97	0.151	
131	9	1	87	0.097	
132	9	1	90	0.050	
132	9	1	91	0.112	
132	9	1	81	0.137	
132	9	1	82	0.150	
132	9	1	89	0.108	
133	9	1	94	0.118	
133	9	1	114	0.075	
133	9	1	96	0.137	
133	9	1	105	0.055	
133	9	1	98	0.070	
134	9	1	104	0.170	
134	9	1	98	0.145	
134	9	1	113	0.121	
134	9	1	100	0.129	
134	9	1	113	0.089	
135	9	1	69	0.248	
135	9	1	71	0.295	
135	9	1	70	0.309	
135	9	1	71	0.314	
135	9	1	70	0.300	
136	9	1	124	0.091	
136	9	1	126	0.110	
136	9	1	120	0.123	
136	9	1	124	0.103	
136	9	1	135	0.097	
137	9	1	103	0.081	
137	9	1	143	0.062	
137	9	1	128	0.097	
137	9	1	126	0.087	
137	9	1	132	0.072	
138	9	1	126	0.094	
138	9	1	148	0.083	
138	9	1	124	0.067	
138	9	1	163	0.045	
138	9	1	85	0.108	
139	9	1	89	0.108	
139	9	1	78	0.152	
139	9	1	80	0.175	
139	9	1	79	0.176	
139	9	1	87	0.083	
140	9	1	93	0.088	
140	9	1	108	0.063	
140	9	1	104	0.120	
140	9	1	88	0.118	
140	9	1	96	0.102	
141	9	1	79	0.140	
141	9	1	79	0.140	
141	9	1	88	0.146	
141	9	1	85	0.112	
141	9	1	112	0.087	
142	9	1	78	0.117	
142	9	1	78	0.121	
142	9	1	74	0.117	
142	9	1	96	0.076	
142	9	1	75	0.117	
143	9	1	98	0.160	
143	9	1	104	0.161	
143	9	1	94	0.148	
143	9	1	250	0.046	
143	9	1	89	0.179	
144	9	1	95	0.111	
144	9	1	89	0.108	
144	9	1	90	0.126	
144	9	1	83	0.075	
144	9	1	90	0.103	
145	9	1	73	0.224	
145	9	1	73	0.273	
145	9	1	85	0.205	
145	9	1	81	0.154	
145	9	1	76	0.203	
146	9	1	72	0.260	
146	9	1	73	0.348	
146	9	1	72	0.258	
146	9	1	72	0.260	
146	9	1	73	0.268	
147	9	1	79	0.129	
147	9	1	86	0.124	
147	9	1	88	0.103	
147	9	1	80	0.094	
147	9	1	80	0.140	
148	9	1	102	0.068	
148	9	1	108	0.081	
148	9	1	87	0.096	
148	9	1	104	0.096	
148	9	1	97	0.094	
149	9	1	102	0.063	
149	9	1	91	0.091	
149	9	1	108	0.076	
149	9	1	81	0.187	
149	9	1	95	0.067	
150	9	1	98	0.119	
150	9	1	99	0.074	
150	9	1	106	0.092	
150	9	1	250	0.073	
150	9	1	115	0.075	
151	9	1	95	0.074	
151	9	1	95	0.083	
151	9	1	93	0.100	
151	9	1	97	0.065	
151	9	1	99	0.078	
152	9	1	77	0.144	
152	9	1	85	0.095	
152	9	1	78	0.154	
152	9	1	75	0.156	
152	9	1	76	0.136	
153	9	1	85	0.084	
153	9	1	97	0.088	
153	9	1	88	0.073	
153	9	1	75	0.072	
153	9	1	92	0.066	
154	9	1	93	0.125	
154	9	1	86	0.163	
154	9	1	99	0.157	
154	9	1	92	0.115	
154	9	1	97	0.122	
155	9	1	92	0.062	
155	9	1	99	0.146	
155	9	1	92	0.159	
155	9	1	80	0.143	
155	9	1	84	0.114	
156	9	1	77	0.253	
156	9	1	72	0.212	
156	9	1	76	0.253	
156	9	1	72	0.211	
156	9	1	76	0.253	
157	9	1	120	0.082	
157	9	1	105	0.096	
157	9	1	108	0.090	
157	9	1	104	0.090	
157	9	1	106	0.078	
158	9	1	112	0.077	
158	9	1	106	0.093	
158	9	1	85	0.128	
158	9	1	119	0.077	
158	9	1	105	0.092	
159	9	1	72	0.330	
159	9	1	72	0.319	
159	9	1	76	0.260	
159	9	1	71	0.330	
159	9	1	71	0.337	
160	9	1	101	0.096	
160	9	1	84	0.107	
160	9	1	89	0.099	
160	9	1	89	0.109	
160	9	1	89	0.078	
161	9	1	70	0.239	
161	9	1	69	0.300	
161	9	1	70	0.239	
161	9	1	70	0.239	
161	9	1	70	0.239	
162	9	1	147	0.122	
162	9	1	100	0.122	
162	9	1	98	0.122	
162	9	1	100	0.168	
162	9	1	111	0.138	
163	9	1	95	0.102	
163	9	1	111	0.086	
163	9	1	119	0.068	
163	9	1	131	0.101	
163	9	1	114	0.116	
164	9	1	93	0.151	
164	9	1	101	0.100	
164	9	1	95	0.148	
164	9	1	87	0.117	
164	9	1	77	0.126	
165	9	1	96	0.091	
165	9	1	97	0.098	
165	9	1	98	0.096	
165	9	1	99	0.052	
165	9	1	96	0.089	
166	9	1	83	0.125	
166	9	1	102	0.066	
166	9	1	250	0.086	
166	9	1	83	0.126	
166	9	1	87	0.103	
167	9	1	63	0.060	
167	9	1	50	0.076	
167	9	1	63	0.045	
167	9	1	50	0.081	
167	9	1	55	0.070	
168	9	1	105	0.134	
168	9	1	97	0.121	
168	9	1	93	0.146	
168	9	1	97	0.138	
168	9	1	108	0.152	
169	9	1	69	0.109	
169	9	1	129	0.057	
169	9	1	106	0.098	
169	9	1	54	0.046	
169	9	1	156	0.046	
170	9	1	91	0.120	
170	9	1	99	0.087	
170	9	1	88	0.116	
170	9	1	93	0.117	
170	9	1	88	0.113	
171	9	1	124	0.085	
171	9	1	109	0.095	
171	9	1	106	0.076	
171	9	1	123	0.091	
171	9	1	117	0.080	
172	9	1	105	0.091	
172	9	1	88	0.101	
172	9	1	100	0.105	
172	9	1	100	0.059	
172	9	1	115	0.074	
173	9	1	109	0.138	
173	9	1	95	0.101	
173	9	1	111	0.129	
173	9	1	105	0.107	
173	9	1	109	0.122	
174	9	1	78	0.136	
174	9	1	82	0.129	
174	9	1	80	0.115	
174	9	1	83	0.124	
174	9	1	91	0.098	
175	9	1	117	0.104	
175	9	1	132	0.095	
175	9	1	122	0.099	
175	9	1	122	0.106	
175	9	1	113	0.081	
176	9	1	106	0.074	
176	9	1	115	0.140	
176	9	1	94	0.147	
176	9	1	95	0.111	
176	9	1	120	0.128	
177	9	1	141	0.136	
177	9	1	138	0.155	
177	9	1	120	0.075	
177	9	1	126	0.075	
177	9	1	30	0.152	
178	9	1	97	0.122	
178	9	1	86	0.166	
178	9	1	103	0.095	
178	9	1	94	0.107	
178	9	1	94	0.114	
179	9	1	111	0.109	
179	9	1	100	0.111	
179	9	1	119	0.099	
179	9	1	101	0.099	
179	9	1	111	0.102	
180	9	1	125	0.089	
180	9	1	46	0.088	
180	9	1	133	0.078	
180	9	1	110	0.068	
180	9	1	127	0.062	
181	9	1	110	0.089	
181	9	1	98	0.119	
181	9	1	98	0.073	
181	9	1	107	0.107	
181	9	1	106	0.092	
182	9	1	111	0.077	
182	9	1	110	0.100	
182	9	1	131	0.091	
182	9	1	101	0.085	
182	9	1	105	0.068	
183	9	1	95	0.118	
183	9	1	112	0.140	
183	9	1	101	0.136	
183	9	1	113	0.128	
183	9	1	99	0.149	
184	9	1	104	0.125	
184	9	1	98	0.116	
184	9	1	111	0.152	
184	9	1	117	0.073	
184	9	1	85	0.187	
185	9	1	94	0.151	
185	9	1	96	0.132	
185	9	1	85	0.121	
185	9	1	91	0.129	
185	9	1	85	0.145	
186	9	1	109	0.101	
186	9	1	108	0.101	
186	9	1	108	0.100	
186	9	1	97	0.122	
186	9	1	117	0.091	
187	9	1	120	0.091	
187	9	1	45	0.099	
187	9	1	117	0.116	
187	9	1	106	0.125	
187	9	1	105	0.106	
188	9	1	92	0.099	
188	9	1	98	0.079	
188	9	1	88	0.109	
188	9	1	95	0.114	
188	9	1	94	0.092	
189	9	1	90	0.094	
189	9	1	101	0.076	
189	9	1	90	0.081	
189	9	1	94	0.061	
189	9	1	87	0.100	
190	9	1	116	0.127	
190	9	1	119	0.131	
190	9	1	120	0.122	
190	9	1	101	0.137	
190	9	1	100	0.074	
191	9	1	154	0.051	
191	9	1	116	0.046	
191	9	1	178	0.067	
191	9	1	114	0.096	
191	9	1	128	0.063	
192	9	1	109	0.084	
192	9	1	124	0.063	
192	9	1	115	0.095	
192	9	1	132	0.091	
192	9	1	108	0.077	
193	9	1	112	0.093	
193	9	1	99	0.080	
193	9	1	106	0.084	
193	9	1	106	0.088	
193	9	1	109	0.103	
194	9	1	152	0.092	
194	9	1	126	0.091	
194	9	1	114	0.117	
194	9	1	129	0.082	
194	9	1	118	0.081	
195	9	1	83	0.047	
195	9	1	89	0.109	
195	9	1	50	0.107	
195	9	1	104	0.061	
195	9	1	92	0.103	
196	9	1	87	0.114	
196	9	1	86	0.088	
196	9	1	81	0.081	
196	9	1	100	0.066	
196	9	1	93	0.078	
197	9	1	94	0.131	
197	9	1	102	0.058	
197	9	1	98	0.095	
197	9	1	107	0.080	
197	9	1	99	0.106	
198	9	1	107	0.089	
198	9	1	97	0.105	
198	9	1	88	0.128	
198	9	1	88	0.106	
198	9	1	95	0.072	
199	9	1	117	0.091	
199	9	1	110	0.081	
199	9	1	116	0.081	
199	9	1	126	0.058	
199	9	1	119	0.067	
200	9	1	88	0.123	
200	9	1	86	0.118	
200	9	1	91	0.102	
200	9	1	85	0.160	
200	9	1	98	0.076	
201	9	1	84	0.108	
201	9	1	84	0.103	
201	9	1	83	0.102	
201	9	1	81	0.103	
201	9	1	91	0.080	
202	9	1	80	0.149	
202	9	1	83	0.124	
202	9	1	79	0.178	
202	9	1	84	0.107	
202	9	1	82	0.127	
203	9	1	109	0.110	
203	9	1	72	0.091	
203	9	1	93	0.086	
203	9	1	101	0.098	
203	9	1	93	0.103	
204	9	1	102	0.045	
204	9	1	119	0.056	
204	9	1	102	0.068	
204	9	1	123	0.103	
204	9	1	107	0.113	
205	9	1	131	0.084	
205	9	1	125	0.090	
205	9	1	117	0.086	
205	9	1	135	0.085	
205	9	1	149	0.072	
206	9	1	100	0.061	
206	9	1	39	0.058	
206	9	1	90	0.087	
206	9	1	102	0.100	
206	9	1	116	0.062	
207	9	1	117	0.108	
207	9	1	111	0.103	
207	9	1	105	0.094	
207	9	1	112	0.088	
207	9	1	112	0.117	
208	9	1	105	0.116	
208	9	1	250	0.061	
208	9	1	102	0.094	
208	9	1	142	0.058	
208	9	1	113	0.054	
209	9	1	79	0.145	
209	9	1	87	0.145	
209	9	1	88	0.165	
209	9	1	91	0.153	
209	9	1	83	0.141	
210	9	1	106	0.099	
210	9	1	114	0.081	
210	9	1	97	0.132	
210	9	1	100	0.076	
210	9	1	117	0.053	
211	9	1	113	0.093	
211	9	1	92	0.112	
211	9	1	89	0.110	
211	9	1	98	0.103	
211	9	1	115	0.071	
212	9	1	79	0.126	
212	9	1	73	0.137	
212	9	1	79	0.126	
212	9	1	79	0.126	
212	9	1	79	0.126	
213	9	1	103	0.076	
213	9	1	118	0.090	
213	9	1	104	0.096	
213	9	1	119	0.102	
213	9	1	134	0.064	
214	9	1	117	0.094	
214	9	1	121	0.086	
214	9	1	133	0.077	
214	9	1	104	0.088	
214	9	1	127	0.079	
215	9	1	90	0.103	
215	9	1	93	0.082	
215	9	1	108	0.111	
215	9	1	105	0.119	
215	9	1	91	0.119	
216	9	1	87	0.148	
216	9	1	86	0.157	
216	9	1	93	0.115	
216	9	1	94	0.110	
216	9	1	88	0.126	
217	9	1	99	0.118	
217	9	1	96	0.105	
217	9	1	104	0.110	
217	9	1	108	0.101	
217	9	1	108	0.096	
218	9	1	93	0.095	
218	9	1	90	0.075	
218	9	1	88	0.096	
218	9	1	95	0.085	
218	9	1	99	0.092	
219	9	1	133	0.077	
219	9	1	113	0.062	
219	9	1	110	0.101	
219	9	1	98	0.086	
219	9	1	95	0.121	
220	9	1	65	0.066	
220	9	1	65	0.081	
220	9	1	70	0.087	
220	9	1	68	0.069	
220	9	1	65	0.060	
221	9	1	106	0.053	
221	9	1	105	0.050	
221	9	1	103	0.054	
221	9	1	100	0.071	
221	9	1	115	0.050	
222	9	1	95	0.120	
222	9	1	84	0.115	
222	9	1	91	0.104	
222	9	1	98	0.115	
222	9	1	89	0.133	
223	9	1	121	0.093	
223	9	1	105	0.120	
223	9	1	106	0.106	
223	9	1	117	0.083	
223	9	1	98	0.108	
224	9	1	94	0.101	
224	9	1	114	0.100	
224	9	1	89	0.082	
224	9	1	122	0.050	
224	9	1	92	0.097	
225	9	1	98	0.098	
225	9	1	98	0.077	
225	9	1	92	0.099	
225	9	1	104	0.105	
225	9	1	114	0.088	
226	9	1	79	0.083	
226	9	1	85	0.058	
226	9	1	83	0.069	
226	9	1	85	0.054	
226	9	1	80	0.103	
227	9	1	105	0.064	
227	9	1	110	0.065	
227	9	1	114	0.099	
227	9	1	120	0.100	
227	9	1	112	0.132	
228	9	1	140	0.082	
228	9	1	101	0.100	
228	9	1	75	0.083	
228	9	1	142	0.114	
228	9	1	85	0.094	
229	9	1	93	0.101	
229	9	1	91	0.056	
229	9	1	96	0.102	
229	9	1	95	0.099	
229	9	1	106	0.092	
230	9	1	120	0.090	
230	9	1	109	0.080	
230	9	1	119	0.072	
230	9	1	94	0.066	
230	9	1	94	0.093	
231	9	1	89	0.117	
231	9	1	88	0.132	
231	9	1	96	0.112	
231	9	1	97	0.129	
231	9	1	40	0.142	
232	9	1	85	0.102	
232	9	1	98	0.131	
232	9	1	89	0.136	
232	9	1	88	0.110	
232	9	1	88	0.125	
233	9	1	69	0.233	
233	9	1	69	0.221	
233	9	1	69	0.226	
233	9	1	70	0.244	
233	9	1	72	0.234	
234	9	1	94	0.080	
234	9	1	100	0.093	
234	9	1	99	0.126	
234	9	1	91	0.075	
234	9	1	91	0.104	
235	9	1	108	0.069	
235	9	1	114	0.053	
235	9	1	111	0.097	
235	9	1	101	0.091	
235	9	1	113	0.118	
236	9	1	77	0.182	
236	9	1	90	0.161	
236	9	1	91	0.194	
236	9	1	84	0.192	
236	9	1	85	0.165	
237	9	1	96	0.072	
237	9	1	98	0.063	
237	9	1	113	0.072	
237	9	1	103	0.058	
237	9	1	105	0.068	
238	9	1	102	0.064	
238	9	1	112	0.075	
238	9	1	105	0.076	
238	9	1	99	0.096	
238	9	1	116	0.084	
239	9	1	95	0.183	
239	9	1	105	0.211	
239	9	1	103	0.245	
239	9	1	102	0.176	
239	9	1	83	0.237	
240	9	1	86	0.130	
240	9	1	87	0.196	
240	9	1	83	0.149	
240	9	1	84	0.166	
240	9	1	88	0.180	
241	9	1	99	0.100	
241	9	1	97	0.094	
241	9	1	97	0.098	
241	9	1	94	0.106	
241	9	1	108	0.065	
242	9	1	107	0.108	
242	9	1	107	0.107	
242	9	1	106	0.112	
242	9	1	105	0.107	
242	9	1	120	0.104	
243	9	1	120	0.069	
243	9	1	130	0.072	
243	9	1	130	0.064	
243	9	1	145	0.068	
243	9	1	136	0.065	
244	9	1	115	0.070	
244	9	1	106	0.071	
244	9	1	125	0.066	
244	9	1	109	0.067	
244	9	1	114	0.052	
245	9	1	111	0.093	
245	9	1	106	0.092	
245	9	1	94	0.101	
245	9	1	106	0.058	
245	9	1	105	0.087	
246	9	1	115	0.071	
246	9	1	120	0.072	
246	9	1	137	0.044	
246	9	1	150	0.067	
246	9	1	142	0.065	
247	9	1	75	0.157	
247	9	1	78	0.091	
247	9	1	75	0.221	
247	9	1	85	0.082	
247	9	1	90	0.084	
248	9	1	103	0.091	
248	9	1	101	0.114	
248	9	1	102	0.103	
248	9	1	105	0.109	
248	9	1	107	0.113	
249	9	1	112	0.115	
249	9	1	60	0.125	
249	9	1	45	0.101	
249	9	1	111	0.129	
249	9	1	103	0.112	
250	9	1	147	0.081	
250	9	1	144	0.087	
250	9	1	127	0.049	
250	9	1	250	0.053	
250	9	1	127	0.085	
251	9	1	99	0.065	
251	9	1	85	0.073	
251	9	1	84	0.133	
251	9	1	85	0.104	
251	9	1	83	0.138	
252	9	1	83	0.103	
252	9	1	86	0.087	
252	9	1	86	0.087	
252	9	1	86	0.087	
252	9	1	86	0.087	
253	9	1	25	0.451	
253	9	1	128	0.068	
253	9	1	108	0.076	
253	9	1	113	0.078	
253	9	1	114	0.080	
254	9	1	96	0.150	
254	9	1	96	0.147	
254	9	1	107	0.131	
254	9	1	103	0.109	
254	9	1	96	0.123	
255	9	1	142	0.083	
255	9	1	115	0.072	
255	9	1	127	0.086	
255	9	1	112	0.067	
255	9	1	84	0.090	
256	9	1	107	0.061	
256	9	1	103	0.093	
256	9	1	107	0.084	
256	9	1	115	0.091	
256	9	1	109	0.074	
257	9	1	71	0.247	
257	9	1	74	0.241	
257	9	1	74	0.233	
257	9	1	78	0.183	
257	9	1	72	0.227	
258	9	1	112	0.066	
258	9	1	132	0.061	
258	9	1	128	0.048	
258	9	1	127	0.062	
258	9	1	80	0.077	
259	9	1	80	0.137	
259	9	1	93	0.140	
259	9	1	80	0.091	
259	9	1	85	0.201	
259	9	1	75	0.161	
260	9	1	126	0.089	
260	9	1	122	0.083	
260	9	1	162	0.103	
260	9	1	139	0.088	
260	9	1	128	0.082	
261	9	1	89	0.088	
261	9	1	103	0.095	
261	9	1	89	0.119	
261	9	1	98	0.107	
261	9	1	104	0.103	
262	9	1	118	0.121	
262	9	1	129	0.077	
262	9	1	135	0.108	
262	9	1	132	0.074	
262	9	1	124	0.094	
263	9	1	90	0.089	
263	9	1	99	0.065	
263	9	1	97	0.094	
263	9	1	89	0.100	
263	9	1	90	0.057	
264	9	1	111	0.112	
264	9	1	107	0.045	
264	9	1	138	0.042	
264	9	1	173	0.039	
264	9	1	250	0.042	
265	9	1	51	0.115	
265	9	1	145	0.077	
265	9	1	126	0.080	
265	9	1	45	0.139	
265	9	1	147	0.067	
266	9	1	115	0.112	
266	9	1	125	0.098	
266	9	1	148	0.073	
266	9	1	130	0.083	
266	9	1	114	0.125	
267	9	1	124	0.053	
267	9	1	112	0.077	
267	9	1	111	0.097	
267	9	1	123	0.075	
267	9	1	105	0.065	
268	9	1	250	0.061	
268	9	1	113	0.080	
268	9	1	250	0.062	
268	9	1	104	0.075	
268	9	1	120	0.087	
269	9	1	90	0.076	
269	9	1	94	0.050	
269	9	1	98	0.103	
269	9	1	103	0.073	
269	9	1	93	0.082	
270	9	1	77	0.168	
270	9	1	80	0.093	
270	9	1	74	0.170	
270	9	1	76	0.151	
270	9	1	75	0.188	
271	9	1	147	0.058	
271	9	1	136	0.064	
271	9	1	116	0.052	
271	9	1	117	0.067	
271	9	1	105	0.082	
272	9	1	173	0.062	
272	9	1	55	0.069	
272	9	1	175	0.062	
272	9	1	60	0.093	
272	9	1	170	0.063	
273	9	1	126	0.122	
273	9	1	146	0.088	
273	9	1	134	0.099	
273	9	1	128	0.130	
273	9	1	126	0.120	
274	9	1	82	0.098	
274	9	1	65	0.101	
274	9	1	81	0.173	
274	9	1	83	0.223	
274	9	1	77	0.203	
275	9	1	144	0.064	
275	9	1	141	0.064	
275	9	1	80	0.099	
275	9	1	122	0.056	
275	9	1	117	0.051	
276	9	1	69	0.036	
276	9	1	124	0.066	
276	9	1	127	0.098	
276	9	1	136	0.093	
276	9	1	104	0.081	
277	9	1	90	0.110	
277	9	1	91	0.101	
277	9	1	250	0.033	
277	9	1	102	0.114	
277	9	1	130	0.105	
278	9	1	99	0.120	
278	9	1	99	0.072	
278	9	1	106	0.099	
278	9	1	119	0.081	
278	9	1	113	0.079	
279	9	1	202	0.072	
279	9	1	149	0.067	
279	9	1	133	0.070	
279	9	1	154	0.074	
279	9	1	129	0.049	
280	9	1	107	0.083	
280	9	1	114	0.083	
280	9	1	104	0.110	
280	9	1	139	0.040	
280	9	1	111	0.100	
281	9	1	150	0.066	
281	9	1	142	0.075	
281	9	1	137	0.079	
281	9	1	139	0.068	
281	9	1	151	0.064	
282	9	1	171	0.110	
282	9	1	165	0.094	
282	9	1	169	0.110	
282	9	1	179	0.091	
282	9	1	132	0.113	
283	9	1	72	0.045	
283	9	1	58	0.080	
283	9	1	55	0.070	
283	9	1	58	0.072	
283	9	1	60	0.045	
284	9	1	103	0.098	
284	9	1	104	0.117	
284	9	1	99	0.123	
284	9	1	97	0.128	
284	9	1	120	0.054	
285	9	1	137	0.094	
285	9	1	119	0.098	
285	9	1	139	0.101	
285	9	1	145	0.077	
285	9	1	135	0.066	
286	9	1	107	0.087	
286	9	1	101	0.095	
286	9	1	109	0.087	
286	9	1	109	0.097	
286	9	1	116	0.099	
287	9	1	125	0.099	
287	9	1	130	0.101	
287	9	1	122	0.105	
287	9	1	124	0.086	
287	9	1	137	0.091	
288	9	1	122	0.050	
288	9	1	129	0.046	
288	9	1	156	0.035	
288	9	1	128	0.063	
288	9	1	117	0.071	
289	9	1	117	0.100	
289	9	1	102	0.096	
289	9	1	110	0.095	
289	9	1	130	0.102	
289	9	1	116	0.075	
290	9	1	131	0.097	
290	9	1	131	0.077	
290	9	1	119	0.096	
290	9	1	127	0.075	
290	9	1	118	0.083	
291	9	1	71	0.282	
291	9	1	72	0.258	
291	9	1	74	0.247	
291	9	1	73	0.268	
291	9	1	82	0.276	
292	9	1	110	0.103	
292	9	1	100	0.096	
292	9	1	45	0.129	
292	9	1	118	0.112	
292	9	1	118	0.104	
293	9	1	112	0.092	
293	9	1	113	0.089	
293	9	1	134	0.068	
293	9	1	106	0.091	
293	9	1	121	0.081	
294	9	1	114	0.097	
294	9	1	111	0.097	
294	9	1	138	0.101	
294	9	1	118	0.094	
294	9	1	125	0.096	
295	9	1	129	0.080	
295	9	1	125	0.070	
295	9	1	111	0.101	
295	9	1	133	0.065	
295	9	1	122	0.081	
296	9	1	90	0.135	
296	9	1	90	0.170	
296	9	1	102	0.171	
296	9	1	98	0.128	
296	9	1	97	0.141	
297	9	1	142	0.051	
297	9	1	135	0.046	
297	9	1	150	0.056	
297	9	1	148	0.062	
297	9	1	90	0.048	
298	9	1	142	0.051	
298	9	1	121	0.130	
298	9	1	117	0.086	
298	9	1	125	0.074	
298	9	1	126	0.104	
299	9	1	124	0.068	
299	9	1	108	0.052	
299	9	1	135	0.078	
299	9	1	115	0.072	
299	9	1	117	0.083	
